cliente,mes,cantidad
1,2024-07,462
1,2025-01,2268
1,2025-02,660
1,2025-03,2688
1,2025-05,324
1,2025-06,1572
1,2025-08,1140
1,2025-11,666
3,2024-09,3
3,2024-11,3
3,2024-12,3
4,2025-12,3
7,2024-12,3
7,2026-11,9
8,2024-06,9
9,2026-02,-6
10,2024-12,3
10,2026-11,9
12,2024-04,18
12,2024-06,24
12,2024-12,30
12,2025-04,36
12,2025-10,24
14,2024-08,27
14,2024-09,24
14,2024-10,-27
14,2024-11,54
15,2026-06,-30
15,2026-12,1104
16,2024-03,12
16,2024-05,6
16,2024-07,6
16,2024-11,6
16,2024-12,9
19,2025-12,3
20,2025-12,3
21,2024-01,234
21,2024-02,264
21,2024-03,138
21,2024-04,-6
21,2024-07,210
21,2024-08,30
21,2024-10,66
21,2024-11,72
21,2025-01,384
21,2025-03,0
21,2025-05,-1
21,2025-06,750
21,2025-07,186
21,2025-12,180
21,2026-02,132
21,2026-06,366
22,2024-12,3
22,2025-12,260
23,2024-06,6
23,2024-11,3
23,2025-04,6
23,2025-12,3
23,2026-05,6
23,2026-08,6
24,2024-12,9
25,2024-01,12
25,2024-03,12
25,2024-04,0
25,2024-05,18
25,2024-06,6
25,2024-08,6
25,2024-11,3
25,2024-12,3
25,2025-05,3
25,2025-08,6
25,2025-11,12
25,2025-12,27
25,2026-08,12
26,2025-04,24
26,2025-12,30
26,2026-10,53
27,2024-12,24
29,2024-01,24
29,2024-04,30
29,2024-06,18
29,2024-07,18
29,2024-10,12
29,2025-02,30
29,2025-09,12
29,2025-10,42
30,2024-02,24
30,2024-05,6
30,2024-11,6
30,2024-12,6
30,2025-02,12
30,2025-04,6
30,2025-06,6
30,2025-07,6
30,2025-11,0
30,2025-12,3
30,2026-10,6
31,2024-03,6
31,2024-05,12
31,2024-07,6
31,2024-10,6
31,2025-04,6
31,2025-09,6
31,2025-10,6
32,2024-11,3
32,2024-12,18
32,2025-01,24
32,2025-07,6
32,2025-10,6
32,2026-11,9
33,2024-09,24
33,2024-11,3
33,2024-12,9
33,2025-10,6
33,2026-11,9
35,2024-08,27
35,2024-09,24
35,2024-11,54
35,2024-12,3
35,2025-12,260
35,2026-11,291
36,2024-12,3
37,2024-03,96
37,2024-05,12
37,2024-06,6
37,2024-07,24
37,2024-11,18
37,2025-03,6
37,2025-04,12
37,2025-11,12
37,2025-12,24
37,2026-12,23
38,2024-12,9
39,2024-06,9
40,2024-09,3
40,2024-11,3
40,2024-12,3
40,2025-12,3
40,2026-11,9
41,2024-05,18
41,2025-01,-3
41,2025-02,12
44,2025-12,3
45,2024-08,27
45,2024-09,24
45,2024-11,54
45,2025-12,198
45,2026-11,291
46,2024-03,40
46,2024-04,12
46,2024-12,12
46,2025-08,12
46,2025-10,18
46,2025-12,4
46,2026-04,6
46,2026-11,6
47,2024-01,6
47,2024-08,6
47,2024-10,6
47,2024-11,6
47,2024-12,12
47,2025-02,6
47,2025-10,6
47,2025-12,6
49,2024-12,3
50,2024-06,9
51,2024-03,15
51,2024-05,6
51,2024-06,6
51,2024-07,12
51,2024-09,7
51,2024-10,6
51,2024-11,2
51,2025-02,1
51,2025-05,6
51,2025-06,5
51,2025-08,30
51,2025-09,3
51,2025-10,12
51,2025-12,3
51,2026-08,6
52,2024-03,51
52,2024-09,78
52,2024-10,6
52,2024-12,9
52,2025-12,132
53,2024-02,6
53,2024-06,9
53,2025-12,3
54,2024-10,114
54,2024-12,-24
54,2025-12,3
55,2024-12,24
56,2025-09,6
56,2025-12,3
57,2024-02,6
57,2024-04,3
57,2024-06,6
57,2024-09,3
57,2025-01,12
57,2025-02,12
57,2025-03,6
57,2025-04,9
57,2025-05,6
57,2025-06,6
57,2025-07,6
57,2025-08,12
57,2025-09,3
57,2025-11,12
57,2026-03,6
57,2026-06,6
59,2024-07,30
59,2024-08,207
59,2024-09,48
59,2024-11,54
60,2024-04,9
60,2024-05,9
60,2024-09,27
60,2024-10,6
60,2024-12,3
60,2025-01,12
60,2025-03,18
60,2025-04,18
60,2026-05,20
60,2026-08,18
60,2026-09,18
61,2024-12,12
62,2024-08,24
62,2024-09,24
62,2024-11,54
62,2025-12,198
62,2026-11,291
63,2024-05,6
63,2024-08,6
63,2024-10,3
63,2024-12,6
63,2025-09,12
64,2024-12,9
66,2024-06,9
67,2025-12,3
68,2024-06,9
69,2024-08,12
69,2025-12,3
71,2024-02,6
71,2025-07,12
72,2024-09,15
72,2025-04,37
73,2024-03,33
73,2024-08,-6
75,2024-02,9
75,2024-06,9
75,2025-07,6
75,2025-09,15
77,2024-06,9
77,2024-12,3
78,2024-06,9
78,2024-12,3
80,2025-12,3
82,2025-01,-6
83,2025-12,3
84,2024-12,9
86,2024-12,3
86,2026-11,9
87,2024-10,6
87,2025-05,12
87,2025-06,6
87,2025-07,6
87,2025-08,-6
87,2025-12,9
88,2025-12,3
89,2024-01,-3
89,2024-02,43
89,2024-03,37
89,2024-04,30
89,2024-05,19
89,2024-06,6
89,2024-07,7
89,2024-08,7
89,2024-09,18
89,2024-11,85
89,2024-12,18
89,2025-01,36
89,2025-02,13
89,2025-03,147
89,2025-04,6
89,2025-05,66
89,2025-06,108
89,2025-07,66
89,2025-08,12
89,2025-09,12
89,2025-10,45
89,2025-11,18
89,2025-12,54
89,2026-01,42
89,2026-04,22
89,2026-07,54
89,2026-11,69
90,2025-12,3
91,2024-01,6
91,2024-03,30
91,2024-04,180
91,2024-05,12
91,2024-08,27
91,2025-01,-6
91,2025-04,12
91,2025-06,24
91,2025-07,12
91,2025-10,12
91,2025-11,6
91,2025-12,12
91,2026-05,18
91,2026-09,12
92,2024-09,3
92,2024-11,21
92,2025-12,3
94,2025-01,-6
95,2024-12,18
95,2025-01,6
96,2025-01,-6
97,2024-12,3
97,2026-11,9
98,2024-01,18
98,2024-02,12
98,2024-08,36
98,2025-01,18
98,2025-03,18
98,2025-07,24
98,2025-08,18
98,2025-09,12
98,2025-12,39
99,2024-06,3
99,2025-12,183
99,2026-11,291
100,2024-02,42
100,2024-03,27
100,2024-04,37
100,2024-05,33
100,2024-08,27
100,2024-10,36
100,2024-12,12
100,2025-01,36
100,2025-02,18
100,2025-03,3
100,2025-04,6
100,2025-05,30
100,2025-06,6
100,2025-07,24
100,2025-08,6
100,2025-09,15
100,2025-11,1272
100,2025-12,266
100,2026-03,33
100,2026-07,24
100,2026-08,-6
102,2025-12,3
103,2024-06,24
104,2024-12,9
105,2024-08,27
105,2024-10,-27
105,2024-11,258
106,2025-12,6
107,2024-09,3
107,2024-12,3
107,2025-05,6
107,2026-06,12
107,2026-09,6
108,2024-12,3
109,2024-12,3
110,2024-03,240
110,2024-12,96
110,2025-03,90
110,2025-06,120
113,2025-12,3
114,2024-03,48
114,2024-05,66
114,2024-08,27
114,2024-09,24
114,2024-10,24
114,2024-11,234
114,2025-04,6
114,2025-12,260
114,2026-11,291
115,2024-07,57
115,2024-08,207
115,2024-09,48
115,2024-11,54
115,2025-02,24
117,2025-01,-6
120,2024-08,27
120,2024-09,24
120,2024-11,234
120,2025-12,260
122,2024-08,27
122,2024-09,24
122,2024-10,-27
122,2024-11,234
122,2024-12,3
123,2024-01,30
123,2024-05,36
123,2024-08,27
123,2024-09,30
123,2024-11,234
123,2024-12,6
123,2025-06,15
123,2025-08,15
123,2025-10,21
123,2025-11,18
123,2025-12,260
123,2026-06,21
124,2025-12,3
126,2024-12,12
126,2025-05,6
126,2025-08,6
126,2026-05,6
126,2026-09,18
126,2026-11,-6
127,2025-12,3
128,2024-12,12
129,2024-12,3
131,2024-12,3
131,2026-11,9
132,2024-04,6
132,2024-05,6
132,2024-06,6
132,2024-12,9
132,2025-07,6
132,2026-11,6
134,2024-12,12
135,2024-05,12
135,2024-06,30
135,2024-07,9
135,2024-12,12
135,2025-01,24
135,2025-06,18
135,2025-09,18
135,2025-12,12
138,2024-12,9
139,2024-02,12
139,2024-06,18
139,2024-07,-3
139,2024-08,18
139,2024-12,3
139,2025-03,24
139,2025-04,6
139,2025-06,12
139,2025-12,36
139,2026-11,39
140,2024-12,3
140,2026-11,9
142,2024-11,12
142,2024-12,18
142,2025-01,-3
143,2025-12,3
146,2024-12,12
147,2024-04,3
148,2024-12,3
149,2024-12,9
151,2025-01,-6
152,2025-01,-6
153,2024-05,18
154,2024-12,3
154,2025-02,12
154,2025-06,-1
155,2024-12,3
155,2026-11,9
156,2024-05,6
156,2024-07,3
156,2024-09,3
156,2025-04,30
156,2025-06,12
156,2025-09,12
156,2025-10,3
156,2026-05,6
157,2025-12,3
158,2025-02,18
158,2025-12,18
158,2026-02,12
158,2026-06,12
159,2025-12,3
161,2024-02,21
161,2024-03,18
161,2024-05,24
161,2024-06,1
161,2024-07,3
161,2024-08,54
161,2024-10,7
161,2024-11,234
161,2024-12,48
161,2025-01,60
161,2025-02,36
161,2025-04,42
161,2025-05,15
161,2025-07,36
161,2025-08,19
161,2025-09,6
161,2025-12,284
161,2026-06,18
161,2026-07,24
161,2026-10,19
163,2025-01,-6
164,2024-10,15
164,2024-11,3
164,2024-12,9
164,2025-09,12
165,2025-01,-6
166,2024-08,30
166,2024-09,15
166,2024-11,3
166,2024-12,9
166,2025-03,21
166,2025-10,6
166,2026-09,18
167,2024-12,3
168,2024-02,6
168,2024-05,12
168,2024-10,6
168,2024-11,6
168,2025-01,6
168,2025-02,6
168,2026-03,12
169,2024-04,12
169,2024-09,18
169,2024-11,3
169,2024-12,15
169,2025-03,6
169,2025-10,3
172,2024-03,330
172,2024-06,24
172,2024-07,186
172,2024-09,326
172,2024-12,24
172,2025-02,18
172,2025-04,96
172,2025-06,441
172,2025-07,30
172,2025-09,246
172,2025-11,1944
172,2025-12,147
173,2024-05,33
173,2024-10,36
173,2024-12,12
173,2025-01,12
173,2025-03,15
173,2025-05,12
173,2025-07,12
173,2025-09,24
173,2025-12,18
173,2026-02,12
173,2026-10,18
174,2024-04,18
174,2024-12,9
174,2025-02,42
175,2025-12,3
176,2024-02,138
176,2024-03,48
176,2024-06,54
176,2024-08,18
176,2024-11,174
176,2024-12,90
176,2025-02,57
176,2025-04,-3
176,2025-08,12
176,2025-12,260
176,2026-11,291
178,2024-07,1
178,2025-02,0
178,2025-04,1
178,2025-06,2
178,2025-11,1
178,2026-03,1
178,2026-06,1
178,2026-10,2
179,2024-12,3
180,2024-02,30
180,2024-03,102
180,2024-08,27
180,2024-09,24
180,2024-11,234
180,2025-01,108
180,2025-02,120
180,2025-05,66
180,2025-08,72
180,2025-11,90
180,2025-12,260
180,2026-07,36
180,2026-11,291
181,2024-02,264
181,2024-04,186
181,2024-05,30
181,2024-06,-6
181,2024-10,30
181,2024-11,234
181,2025-05,18
181,2025-10,54
181,2025-12,206
181,2026-07,3
181,2026-11,291
183,2024-12,12
184,2024-02,6
184,2024-05,6
184,2025-01,3
184,2025-08,6
184,2025-12,6
184,2026-06,3
184,2026-07,3
185,2024-09,24
185,2024-11,234
185,2025-12,260
185,2026-11,291
187,2024-12,12
188,2024-02,6
188,2024-05,18
188,2024-07,3
188,2024-10,18
188,2024-11,6
188,2025-05,6
188,2025-08,9
188,2025-12,263
188,2026-03,18
188,2026-07,12
190,2024-01,66
190,2024-03,42
190,2024-07,31
190,2024-11,126
190,2025-03,108
190,2025-05,108
190,2025-07,90
190,2025-08,24
190,2025-09,84
190,2025-12,132
190,2026-01,96
190,2026-04,6
190,2026-07,48
190,2026-11,90
191,2024-09,3
191,2024-11,3
195,2024-02,12
195,2024-04,12
195,2024-09,3
195,2024-11,18
195,2025-06,12
196,2024-10,15
196,2024-12,9
197,2024-04,828
197,2024-05,390
197,2024-08,-30
197,2024-09,24
197,2024-11,180
197,2025-12,260
197,2026-11,291
198,2024-12,6
198,2025-12,3
199,2024-02,12
199,2025-01,-6
203,2025-12,3
204,2024-02,6
204,2024-03,12
204,2024-08,27
204,2024-09,24
204,2024-11,234
205,2024-02,6
205,2024-03,6
206,2024-03,30
206,2024-05,24
206,2024-06,30
206,2025-02,21
206,2025-03,12
206,2025-07,12
206,2025-08,24
206,2025-09,26
206,2025-12,260
206,2026-11,291
207,2024-05,12
207,2025-12,260
207,2026-11,291
208,2024-03,6
208,2024-04,6
208,2024-06,21
208,2024-07,6
208,2024-08,6
208,2024-10,12
208,2024-11,-3
208,2025-03,18
208,2025-05,30
208,2025-07,12
208,2025-09,30
208,2025-10,30
208,2025-12,15
208,2026-04,72
208,2026-07,24
208,2026-11,30
209,2024-09,3
209,2024-10,-6
209,2024-11,3
209,2025-12,3
210,2024-12,3
210,2025-12,260
213,2024-05,12
213,2024-07,-12
213,2024-12,12
214,2025-12,3
215,2024-02,12
215,2024-03,12
215,2024-04,3
215,2025-01,18
215,2025-12,260
218,2025-07,6
218,2025-08,6
218,2025-12,9
219,2024-02,30
219,2024-05,42
219,2024-07,54
219,2025-01,12
219,2025-03,12
219,2025-11,30
219,2025-12,24
220,2024-12,9
221,2025-12,3
222,2025-12,263
222,2026-11,291
223,2024-02,25
223,2024-07,12
223,2024-12,9
225,2024-12,9
226,2024-10,24
226,2024-12,21
226,2025-10,24
226,2025-11,114
226,2026-10,30
227,2024-03,6
227,2024-04,6
227,2024-05,60
227,2024-06,12
227,2024-07,12
227,2024-12,0
227,2025-08,6
227,2025-10,24
227,2025-12,60
227,2026-04,18
227,2026-11,12
229,2024-12,12
234,2024-01,36
234,2024-03,42
234,2024-04,66
234,2024-05,72
234,2024-10,-66
234,2025-03,360
234,2025-04,180
234,2025-05,720
234,2025-11,180
234,2025-12,372
234,2026-02,-180
234,2026-06,36
234,2026-10,180
235,2024-02,117
235,2024-03,282
235,2024-05,264
236,2024-12,3
236,2026-11,9
237,2024-04,60
237,2024-05,36
239,2024-03,6
239,2024-04,18
239,2024-06,6
239,2024-11,6
239,2025-02,24
239,2025-05,12
239,2025-08,30
239,2025-12,6
239,2026-04,6
240,2024-11,6
240,2025-08,12
242,2024-11,12
242,2025-01,-3
243,2024-11,3
243,2024-12,12
243,2026-11,9
244,2024-02,38
245,2024-12,3
245,2026-11,9
246,2024-12,3
246,2025-06,6
246,2025-08,-6
246,2026-11,9
249,2025-12,3
252,2026-01,6
253,2025-02,12
254,2025-01,-3
256,2024-02,81
256,2024-09,18
256,2025-03,30
256,2025-07,6
256,2025-09,18
256,2025-10,12
258,2024-06,9
259,2025-07,12
260,2024-08,27
260,2024-09,24
260,2024-11,54
260,2025-12,260
260,2026-11,291
261,2024-12,12
261,2025-01,-3
262,2024-12,3
263,2024-12,1
263,2025-06,1
264,2024-11,12
266,2024-06,69
266,2024-11,90
266,2024-12,84
268,2024-11,12
269,2025-01,9
269,2025-02,12
269,2025-04,18
269,2025-10,18
269,2026-11,42
271,2024-03,6
272,2024-03,6
272,2025-01,-6
273,2024-02,876
273,2024-03,90
273,2024-04,0
273,2024-05,132
273,2024-07,12
273,2024-10,240
273,2024-11,30
273,2025-02,2046
273,2025-04,3090
273,2025-05,3966
273,2025-08,4692
273,2025-10,3312
273,2025-12,2352
273,2026-02,1296
273,2026-03,930
273,2026-10,1956
273,2026-12,480
274,2024-12,9
275,2024-11,12
275,2024-12,27
276,2024-10,-78
276,2025-04,42
276,2025-07,60
276,2025-09,24
277,2024-09,3
277,2024-11,3
277,2025-12,3
277,2026-01,18
277,2026-07,-1
277,2026-12,45
278,2024-02,200
278,2024-04,378
278,2024-05,102
278,2024-06,66
278,2024-07,573
278,2024-08,444
278,2024-11,-66
278,2025-02,721
278,2025-05,78
278,2025-06,1288
278,2025-07,-48
278,2025-08,480
278,2025-10,6
278,2025-11,468
278,2025-12,66
278,2026-03,384
278,2026-06,396
278,2026-07,300
278,2026-10,169
279,2024-11,12
279,2024-12,27
281,2024-03,12
281,2024-11,12
281,2025-02,6
281,2025-08,12
281,2025-10,6
282,2024-02,6
282,2024-03,-2
282,2024-08,33
282,2024-09,24
282,2024-10,39
282,2024-12,18
282,2025-01,30
282,2025-02,21
282,2025-04,12
282,2025-05,12
282,2025-06,3
282,2025-07,6
282,2025-08,18
282,2025-11,9
282,2025-12,269
282,2026-03,12
283,2025-01,-6
284,2024-11,12
284,2024-12,18
284,2025-01,-3
289,2024-08,27
289,2024-09,24
289,2024-11,54
289,2025-12,260
289,2026-11,291
291,2024-12,3
291,2025-12,3
293,2024-09,3
293,2024-11,3
293,2024-12,3
293,2025-12,3
293,2026-09,6
293,2026-10,6
293,2026-11,9
295,2025-12,3
296,2025-12,3
297,2024-03,6
297,2024-04,18
297,2024-05,12
297,2024-06,12
297,2024-07,24
297,2024-08,12
297,2024-10,12
297,2024-12,36
297,2025-02,6
297,2025-04,24
297,2025-05,12
297,2025-06,18
297,2025-07,12
297,2025-08,12
297,2025-10,18
297,2025-11,6
297,2025-12,6
297,2026-02,-1
297,2026-05,12
297,2026-08,12
297,2026-09,6
297,2026-12,12
298,2024-01,30
298,2024-05,30
298,2024-06,54
299,2024-04,6
299,2024-07,12
299,2024-09,3
299,2024-11,3
299,2025-12,3
299,2026-02,12
300,2024-09,24
300,2024-12,9
300,2025-01,6
300,2025-08,18
300,2025-11,24
300,2026-09,30
301,2024-01,54
301,2024-02,42
301,2024-04,30
301,2024-06,78
301,2024-07,54
301,2024-09,60
301,2024-10,48
301,2024-11,42
301,2025-02,48
301,2025-03,42
301,2025-05,60
301,2025-07,48
301,2025-08,48
301,2025-10,36
301,2025-12,60
302,2024-12,9
302,2025-01,114
302,2025-03,84
302,2025-04,-24
302,2025-07,60
302,2025-09,36
302,2025-10,204
302,2026-02,156
302,2026-05,90
302,2026-06,-18
302,2026-09,306
302,2026-12,96
303,2024-12,9
304,2024-02,114
304,2024-03,18
304,2024-05,253
304,2024-06,78
304,2024-08,30
304,2024-10,132
304,2024-12,117
304,2025-01,231
304,2025-02,126
304,2025-03,135
304,2025-04,198
304,2025-05,126
304,2025-06,141
304,2025-07,313
304,2025-08,228
304,2025-09,126
304,2025-11,93
304,2025-12,293
304,2026-03,258
304,2026-06,78
304,2026-10,96
305,2024-12,3
305,2026-11,9
306,2025-12,3
307,2024-09,3
307,2024-11,3
309,2024-11,54
309,2025-01,5
309,2025-02,76
309,2025-03,25
309,2025-04,90
309,2025-06,468
309,2025-07,18
309,2025-09,114
309,2025-11,2094
309,2025-12,15
309,2026-01,45
309,2026-05,96
309,2026-08,21
309,2026-09,44
309,2026-12,1001
310,2024-04,2208
310,2024-12,15
313,2024-10,15
313,2024-11,3
313,2024-12,9
315,2024-11,12
315,2024-12,18
315,2025-01,-3
317,2024-10,15
317,2024-11,3
317,2024-12,9
318,2025-01,-6
319,2024-09,15
320,2024-01,678
320,2024-04,405
320,2024-05,6
320,2024-07,-60
320,2024-09,180
320,2025-01,708
320,2025-05,189
320,2025-12,60
320,2026-02,120
320,2026-04,-6
320,2026-12,800
321,2025-01,-6
322,2024-09,3
322,2024-11,3
323,2024-10,6
323,2025-01,12
323,2025-11,6
323,2025-12,14
323,2026-11,1
324,2025-01,-6
325,2025-01,-6
326,2024-09,15
328,2024-12,9
329,2024-03,9
329,2024-04,6
329,2024-05,186
329,2024-06,30
329,2024-08,6
329,2024-09,50
329,2024-10,6
329,2024-11,420
329,2025-02,12
329,2025-03,144
329,2025-04,14
329,2025-05,96
329,2025-06,183
329,2025-07,66
329,2025-11,1266
329,2025-12,530
329,2026-07,34
329,2026-08,21
329,2026-11,30
330,2024-08,300
330,2026-03,72
331,2024-12,12
332,2024-12,12
334,2024-02,6
334,2024-03,12
334,2024-04,15
334,2024-06,3
334,2024-07,12
334,2024-08,27
334,2024-09,9
334,2024-11,15
334,2024-12,12
334,2025-02,24
334,2025-03,39
334,2025-04,0
334,2025-05,-6
334,2025-06,3
334,2025-08,18
334,2025-09,3
334,2025-10,3
334,2025-12,266
334,2026-07,3
334,2026-08,9
334,2026-11,6
335,2024-08,27
335,2024-09,24
335,2024-10,6
335,2024-11,58
336,2024-07,18
336,2024-12,9
336,2025-07,24
337,2025-12,3
340,2024-01,-24
340,2024-12,24
340,2025-03,78
340,2025-04,360
340,2025-06,96
340,2025-08,-12
340,2025-12,30
341,2024-09,15
342,2024-12,12
343,2024-12,12
344,2024-04,6
344,2024-11,3
344,2024-12,3
344,2026-11,9
345,2024-09,15
346,2024-10,15
347,2025-01,-3
348,2024-12,12
350,2025-02,18
352,2024-07,6
352,2025-10,6
353,2024-12,9
355,2024-12,12
356,2024-08,27
356,2024-09,24
356,2024-11,54
356,2025-12,260
358,2024-02,36
358,2024-04,18
358,2024-06,60
358,2024-10,15
358,2025-04,12
358,2025-05,48
358,2026-04,36
359,2024-12,12
360,2024-12,12
362,2024-12,3
364,2024-12,12
365,2024-02,18
365,2025-01,18
365,2025-03,30
365,2025-05,18
365,2025-12,3
367,2024-12,12
369,2024-12,12
370,2024-01,186
370,2024-03,6
370,2024-04,6
370,2024-05,1
370,2024-06,102
370,2024-07,9
370,2024-08,12
370,2024-09,212
370,2024-11,6
370,2024-12,300
370,2025-01,-3
370,2025-02,6
370,2025-03,42
370,2025-04,33
370,2025-05,39
370,2025-06,66
370,2025-07,18
370,2025-08,6
370,2025-09,83
370,2025-10,57
370,2025-11,1380
370,2025-12,428
370,2026-02,54
370,2026-06,171
370,2026-09,50
370,2026-10,7
371,2024-12,12
372,2024-09,15
372,2026-06,30
373,2024-08,27
373,2024-09,24
373,2024-11,54
373,2024-12,3
373,2025-12,260
373,2026-02,12
373,2026-06,54
374,2024-12,3
375,2024-12,12
376,2024-02,6
376,2024-03,12
376,2024-05,0
376,2024-07,6
376,2024-09,15
376,2024-10,24
376,2024-12,12
376,2025-06,6
376,2025-07,24
378,2024-04,1476
378,2024-06,705
378,2025-01,840
378,2025-04,2700
378,2025-06,647
378,2025-07,390
378,2025-12,932
378,2026-11,291
379,2024-07,9
379,2024-11,0
380,2024-12,3
383,2024-03,12
383,2024-05,13
383,2024-07,3
383,2025-02,6
383,2025-06,12
383,2025-09,9
383,2026-05,12
383,2026-09,6
383,2026-12,6
384,2024-06,9
385,2024-09,15
386,2024-12,12
387,2024-12,3
387,2025-10,24
388,2024-01,84
388,2024-02,24
388,2024-04,240
388,2024-05,270
388,2024-06,-541
388,2024-10,84
388,2024-12,28
388,2025-01,6
388,2025-04,558
388,2025-08,12
388,2025-09,117
389,2024-03,24
389,2025-02,18
389,2026-06,12
390,2025-02,57
390,2025-03,6
390,2025-04,30
390,2025-06,360
390,2025-09,120
390,2026-05,30
390,2026-08,123
390,2026-12,30
391,2024-02,2
391,2025-04,2
393,2024-02,6
393,2025-10,6
393,2025-12,3
394,2024-12,3
396,2024-03,6
396,2024-04,12
396,2024-05,6
396,2024-06,6
396,2024-07,6
396,2024-08,6
396,2024-10,6
396,2025-03,6
396,2025-06,12
396,2025-10,6
397,2024-12,12
397,2025-01,-3
398,2024-02,6
398,2025-12,3
398,2026-02,6
399,2024-12,12
399,2025-01,-3
400,2024-03,12
400,2025-02,12
400,2025-03,12
400,2025-05,24
400,2025-07,6
400,2025-10,30
400,2025-11,12
400,2025-12,30
400,2026-05,30
400,2026-08,18
401,2024-12,12
403,2025-11,1530
403,2026-12,3000
404,2024-09,3
404,2024-11,3
404,2025-12,3
406,2025-02,9
406,2025-11,12
406,2026-03,12
408,2024-11,12
409,2024-11,12
409,2024-12,27
409,2025-07,12
411,2024-12,3
411,2025-12,3
412,2024-09,15
414,2024-12,12
415,2024-12,3
416,2024-11,12
416,2024-12,27
418,2024-12,3
420,2024-09,3
420,2024-11,3
420,2025-12,3
420,2026-11,9
421,2024-12,3
422,2024-11,12
422,2024-12,27
423,2024-12,3
425,2024-09,15
427,2025-12,3
427,2026-05,6
428,2024-12,3
429,2024-12,36
430,2024-12,12
430,2025-02,18
431,2024-01,72
431,2024-02,6
431,2024-03,-18
431,2024-04,18
431,2024-07,18
431,2024-09,6
431,2024-10,12
431,2025-03,48
431,2025-12,-6
432,2025-01,-6
433,2024-12,12
434,2024-12,3
437,2024-04,18
437,2024-05,54
437,2024-07,72
437,2024-09,12
437,2025-01,108
437,2025-05,24
437,2025-06,144
437,2025-08,42
437,2025-10,24
437,2025-11,9
437,2026-11,9
437,2026-12,42
438,2024-12,12
439,2024-01,6
439,2024-08,27
439,2024-10,-27
439,2024-11,54
439,2024-12,3
439,2025-07,6
439,2025-12,260
439,2026-06,12
440,2025-04,24
440,2025-08,24
440,2026-11,6
442,2024-12,12
443,2024-12,36
444,2024-12,36
445,2024-12,12
446,2024-02,48
446,2024-03,18
446,2024-04,48
446,2024-05,24
446,2024-06,18
446,2024-07,24
446,2024-08,36
446,2024-09,138
446,2024-10,18
446,2024-11,36
446,2024-12,6
446,2025-01,12
446,2025-03,78
446,2025-04,24
446,2025-05,48
446,2025-06,72
446,2025-08,24
446,2025-10,-24
446,2025-11,18
446,2026-02,66
446,2026-06,24
446,2026-09,6
449,2025-09,6
450,2025-12,3
451,2024-12,12
452,2024-09,15
453,2026-11,9
455,2024-04,18
455,2024-05,12
455,2024-06,18
455,2024-07,12
455,2024-08,18
455,2024-09,48
455,2024-10,12
455,2025-01,18
455,2025-02,33
455,2025-03,6
455,2025-04,45
455,2025-05,6
455,2025-07,2
455,2025-08,6
455,2025-10,36
455,2025-11,12
455,2025-12,3
455,2026-02,65
456,2024-10,6
456,2025-04,12
456,2025-07,18
456,2025-10,12
456,2026-02,12
457,2024-12,3
458,2024-12,9
458,2026-11,9
459,2024-08,27
459,2024-09,24
459,2024-11,54
461,2024-09,15
462,2024-01,6
462,2024-02,6
462,2024-03,21
462,2024-04,6
462,2024-05,6
462,2024-07,9
462,2024-08,6
462,2024-09,6
462,2024-10,6
462,2024-12,-6
466,2024-02,6
466,2024-05,3
466,2024-06,6
466,2024-11,6
466,2024-12,6
466,2025-02,6
466,2025-03,3
466,2025-05,9
466,2025-06,3
466,2025-09,15
466,2025-11,9
466,2026-06,18
467,2024-12,12
468,2024-03,18
468,2024-04,18
468,2024-06,12
468,2024-08,3
468,2024-10,12
468,2025-02,13
468,2025-04,6
468,2025-05,4
468,2025-06,16
468,2025-07,6
468,2025-09,12
468,2025-10,19
468,2025-12,222
468,2026-01,18
468,2026-07,6
468,2026-08,6
468,2026-11,291
469,2025-01,-6
472,2024-04,18
472,2024-05,6
472,2024-07,12
472,2025-10,6
472,2025-12,3
473,2024-11,12
473,2024-12,21
476,2024-02,96
476,2024-04,108
476,2024-10,162
476,2026-02,360
477,2024-11,12
477,2024-12,18
477,2025-01,-3
478,2024-05,6
478,2024-10,6
478,2025-05,12
478,2025-11,6
478,2026-03,6
478,2026-04,-6
481,2024-10,15
482,2024-12,12
482,2025-01,-3
483,2024-12,12
483,2025-01,-3
484,2024-12,3
485,2024-09,18
485,2024-11,3
485,2024-12,9
487,2025-12,3
489,2024-09,15
490,2024-11,12
490,2024-12,18
490,2025-01,-3
494,2024-12,12
495,2024-04,180
495,2024-08,27
495,2024-09,24
495,2024-11,54
495,2024-12,3
496,2024-12,12
496,2025-01,-3
497,2025-12,3
499,2024-12,12
499,2025-01,-3
500,2025-12,3
501,2024-09,3
501,2024-11,3
501,2025-04,9
501,2025-05,12
501,2025-12,3
503,2026-11,9
507,2024-12,27
508,2024-12,3
509,2024-12,3
509,2025-02,18
509,2025-04,33
509,2025-05,-6
509,2025-08,36
509,2025-11,18
509,2025-12,3
509,2026-03,18
510,2024-12,3
511,2024-08,27
511,2024-10,-27
512,2025-04,60
512,2025-09,84
512,2025-10,414
512,2025-11,78
512,2025-12,3
512,2026-08,96
512,2026-10,96
512,2026-12,60
513,2025-01,-6
514,2024-09,15
515,2024-03,12
515,2024-04,13
515,2024-09,3
515,2024-11,3
515,2025-12,3
516,2024-08,27
516,2024-10,-27
516,2025-02,-3
516,2025-09,18
516,2025-10,12
517,2024-11,65
517,2024-12,24
517,2025-06,30
517,2025-07,30
517,2025-12,27
517,2026-04,1
518,2025-12,3
519,2024-03,39
519,2024-05,30
519,2024-08,27
519,2024-10,-6
519,2024-11,150
519,2025-01,223
519,2025-02,57
519,2025-04,13
519,2025-06,360
519,2025-07,88
519,2025-09,36
519,2025-10,72
519,2025-11,72
519,2025-12,18
519,2026-03,48
519,2026-06,53
519,2026-07,29
519,2026-10,60
520,2024-02,12
520,2024-03,13
520,2024-05,9
520,2024-06,-6
520,2024-07,-6
520,2024-11,6
520,2024-12,6
520,2025-04,21
520,2025-07,6
520,2025-09,60
520,2025-12,3
520,2026-10,1
520,2026-11,5
521,2025-12,3
523,2025-01,18
523,2025-04,-6
523,2025-09,12
523,2025-12,6
524,2025-04,30
525,2024-01,-12
525,2024-03,6
525,2024-04,0
525,2024-05,18
525,2024-06,12
525,2024-07,0
525,2024-10,6
525,2024-12,6
525,2025-06,6
525,2025-08,9
525,2025-09,24
525,2025-10,6
525,2025-12,3
526,2024-06,9
527,2025-12,3
530,2024-01,6
530,2024-04,6
530,2024-06,18
530,2024-09,18
530,2024-12,18
530,2025-01,18
530,2025-06,9
530,2025-09,9
530,2025-12,12
531,2025-12,3
532,2024-05,6
532,2024-07,6
532,2024-08,6
532,2024-12,25
532,2025-04,6
532,2025-06,6
532,2025-08,6
532,2025-09,18
532,2025-10,12
532,2025-11,12
532,2025-12,3
533,2024-12,3
533,2026-11,9
536,2024-12,3
536,2025-12,3
538,2025-02,24
538,2025-03,84
538,2025-04,36
538,2025-05,25
538,2025-06,348
538,2025-07,24
538,2025-08,17
538,2025-09,30
538,2025-10,18
538,2025-11,720
538,2025-12,119
538,2026-04,45
538,2026-07,66
538,2026-08,51
538,2026-11,48
538,2026-12,800
539,2025-12,3
540,2025-12,3
542,2024-11,12
543,2024-12,3
543,2025-12,3
544,2025-03,12
544,2026-11,9
545,2024-11,12
547,2024-12,12
549,2024-04,180
549,2024-08,27
549,2024-09,24
549,2024-11,234
551,2024-12,3
551,2025-12,3
553,2024-12,3
553,2025-12,3
554,2025-12,3
555,2024-12,12
558,2024-02,-3
558,2024-07,24
558,2024-12,3
558,2025-12,3
560,2024-09,3
560,2024-11,3
562,2024-09,3
562,2024-11,3
562,2025-12,3
563,2024-02,30
563,2024-03,42
563,2024-04,36
563,2024-05,36
563,2024-06,24
563,2024-07,48
563,2024-08,12
563,2024-11,54
563,2024-12,6
563,2025-02,42
563,2025-03,8
563,2025-04,24
563,2025-06,6
563,2025-07,18
563,2025-08,48
563,2025-09,21
563,2025-10,30
563,2025-12,48
563,2026-01,30
563,2026-04,24
563,2026-07,9
563,2026-11,18
564,2024-12,3
564,2025-12,3
565,2024-09,15
566,2024-01,12
566,2024-03,36
566,2024-04,30
566,2024-08,-1
566,2024-09,30
566,2024-11,3
566,2024-12,78
566,2025-02,60
566,2025-07,60
566,2025-08,36
567,2024-12,12
568,2024-04,180
568,2024-08,27
569,2024-06,3
569,2024-12,-3
570,2024-06,15
571,2024-02,6
571,2024-04,12
571,2024-06,12
571,2024-09,12
571,2025-12,3
572,2024-12,3
575,2024-02,-30
575,2024-03,48
575,2024-04,240
575,2024-05,212
575,2024-06,147
575,2024-10,486
575,2025-03,120
575,2025-06,78
575,2025-07,84
575,2025-10,24
575,2026-07,36
576,2024-01,-3
576,2024-04,6
576,2024-11,6
576,2024-12,9
576,2025-01,9
576,2025-02,6
576,2025-04,12
579,2024-09,15
580,2024-01,30
580,2024-03,24
580,2024-10,48
580,2024-12,66
580,2025-01,102
580,2025-02,24
581,2024-02,6
581,2024-04,12
581,2024-05,6
581,2024-11,3
581,2024-12,42
581,2025-01,9
581,2025-05,6
581,2025-06,3
581,2025-07,18
581,2025-09,21
581,2025-10,17
581,2025-11,18
581,2026-06,12
581,2026-11,9
582,2024-07,-6
582,2024-12,24
583,2024-12,27
583,2025-03,12
583,2025-04,6
583,2025-05,18
583,2025-06,6
583,2025-07,12
583,2025-08,6
583,2025-09,12
583,2025-10,23
583,2025-11,12
583,2025-12,5
583,2026-02,6
584,2024-04,180
584,2024-05,186
584,2024-08,207
584,2024-10,132
584,2024-11,54
584,2025-05,30
584,2025-08,102
584,2025-11,144
584,2025-12,42
584,2026-08,60
585,2025-12,3
586,2024-04,6
586,2025-12,3
587,2024-11,12
588,2024-09,57
588,2025-02,45
588,2025-04,30
588,2025-07,6
588,2025-09,6
588,2025-10,6
588,2026-03,12
588,2026-10,15
589,2024-04,18
589,2025-11,12
589,2025-12,3
593,2024-12,3
593,2025-10,18
593,2025-12,3
594,2024-11,12
594,2024-12,18
595,2024-12,3
595,2025-12,3
596,2024-12,30
596,2025-01,-4
596,2025-04,72
596,2025-06,336
596,2025-10,48
596,2025-11,27
596,2025-12,24
596,2026-01,18
596,2026-05,96
596,2026-08,54
596,2026-09,21
596,2026-12,73
597,2024-12,3
597,2025-12,3
598,2024-12,3
599,2024-01,264
599,2024-02,-12
599,2024-03,144
599,2024-09,84
599,2024-11,-12
599,2025-01,120
599,2025-02,120
599,2025-06,720
599,2025-08,72
599,2025-10,-72
599,2026-02,24
599,2026-06,47
600,2025-12,3
602,2025-12,3
603,2024-01,12
603,2024-06,6
603,2024-07,6
603,2025-06,6
603,2025-11,3
604,2025-12,3
605,2025-12,3
606,2024-02,24
606,2025-07,121
606,2025-08,42
606,2025-10,18
606,2025-12,21
606,2026-06,48
606,2026-09,66
607,2025-12,3
610,2024-12,12
610,2025-01,-3
611,2024-01,108
611,2024-06,36
611,2024-09,24
611,2025-09,12
612,2024-12,3
613,2024-08,27
613,2024-10,-27
613,2025-12,3
615,2024-02,12
615,2024-03,6
615,2024-04,42
615,2024-06,42
615,2024-08,19
615,2024-09,84
615,2024-11,54
615,2024-12,30
615,2025-01,81
615,2025-02,30
615,2025-03,36
615,2025-04,12
615,2025-05,54
615,2025-06,102
615,2025-07,30
615,2025-09,42
615,2025-10,78
615,2025-12,108
615,2026-02,48
615,2026-05,84
615,2026-06,42
615,2026-09,48
616,2025-12,3
618,2024-11,12
619,2024-12,3
619,2025-03,12
619,2025-08,6
619,2025-11,18
619,2025-12,69
622,2024-09,3
622,2024-11,3
622,2025-12,3
625,2025-12,3
626,2024-08,27
626,2024-10,-27
626,2024-11,54
626,2025-06,12
626,2026-05,720
628,2024-02,24
628,2024-03,12
628,2024-06,6
628,2024-07,6
628,2024-09,6
628,2024-12,6
628,2025-01,6
628,2025-02,12
628,2025-04,12
628,2025-08,6
628,2025-10,12
628,2025-11,6
628,2025-12,9
628,2026-02,12
628,2026-05,6
628,2026-09,6
629,2025-01,-6
630,2024-09,3
630,2024-11,3
630,2024-12,27
631,2025-12,3
633,2024-02,12
633,2024-04,24
633,2024-06,6
633,2024-08,24
633,2024-12,18
633,2025-12,3
634,2024-06,6
634,2025-01,21
634,2025-03,12
634,2025-04,21
634,2025-07,12
634,2025-08,6
634,2025-09,36
634,2025-10,18
634,2025-11,18
634,2025-12,3
634,2026-03,36
634,2026-07,21
634,2026-10,30
635,2024-12,3
636,2024-02,6
637,2025-01,18
637,2025-02,12
637,2025-03,18
637,2025-05,18
637,2025-07,18
637,2025-10,54
637,2025-11,18
637,2025-12,24
637,2026-11,12
638,2024-02,12
638,2024-07,24
638,2024-09,6
638,2024-10,15
638,2025-06,24
638,2026-01,1
640,2024-10,51
640,2024-12,3
640,2025-12,3
642,2024-02,12
642,2024-09,24
642,2025-01,42
642,2025-02,-30
642,2025-12,3
643,2024-02,12
643,2024-04,-12
643,2025-01,42
643,2025-04,-6
643,2025-06,6
643,2025-10,24
643,2025-11,12
643,2025-12,3
643,2026-02,6
644,2024-01,1350
644,2024-02,948
644,2024-03,972
644,2024-05,900
644,2024-07,1230
644,2024-10,96
644,2024-11,300
645,2024-09,15
646,2024-09,6
646,2024-12,12
646,2025-01,-3
648,2024-08,27
648,2024-10,-27
651,2024-02,12
651,2024-04,15
651,2024-06,-3
651,2025-04,6
651,2025-05,6
651,2025-06,6
651,2025-12,9
651,2026-05,9
651,2026-12,12
652,2024-02,204
652,2024-04,-12
652,2024-08,27
652,2024-10,-27
652,2024-11,54
652,2025-10,14
652,2025-12,-5
652,2026-02,6
652,2026-05,840
653,2024-12,12
654,2024-01,6
654,2024-04,6
654,2024-06,15
654,2024-10,-3
654,2024-11,3
654,2024-12,3
654,2025-02,6
654,2025-04,6
654,2025-05,6
654,2025-07,6
654,2025-08,6
654,2025-10,6
654,2025-11,6
654,2026-11,9
655,2024-12,12
657,2024-12,12
658,2024-03,168
658,2024-06,90
658,2024-12,12
658,2025-06,300
658,2025-08,144
658,2025-10,660
659,2024-12,12
660,2024-02,12
660,2025-01,12
660,2025-02,12
660,2025-03,6
660,2025-04,12
660,2025-05,6
660,2025-07,12
660,2025-08,18
660,2025-10,6
660,2025-11,12
660,2025-12,3
660,2026-02,6
660,2026-09,12
665,2024-12,3
665,2025-12,3
667,2024-02,18
667,2025-12,3
669,2024-02,-126
672,2025-09,3
672,2025-10,12
672,2026-10,9
673,2025-12,3
674,2024-03,12
674,2024-10,6
674,2025-01,-3
675,2025-06,30
675,2025-07,48
675,2026-02,-42
675,2026-03,60
675,2026-06,42
675,2026-07,12
675,2026-10,18
676,2025-03,9
676,2025-08,6
676,2025-10,6
676,2025-12,9
678,2024-02,612
678,2024-09,2978
678,2025-05,60
678,2025-09,2798
678,2025-11,1566
678,2025-12,2064
680,2025-07,12
680,2025-08,-12
680,2026-03,6
680,2026-12,-6
681,2024-11,12
681,2024-12,21
682,2024-03,6
682,2024-06,12
682,2024-07,12
682,2024-10,12
682,2024-11,2
682,2025-02,12
682,2025-07,6
682,2025-08,6
682,2025-12,2
682,2026-04,6
684,2024-04,24
684,2025-11,6
684,2025-12,3
686,2025-12,3
687,2025-12,3
688,2024-12,12
690,2024-12,12
690,2025-01,-3
691,2024-12,27
691,2025-01,-3
692,2024-02,66
692,2024-06,60
692,2024-08,12
692,2024-12,35
692,2025-02,-3
692,2025-03,90
692,2026-03,36
694,2024-03,1
694,2024-06,3
695,2024-09,18
695,2024-11,9
695,2024-12,9
697,2025-12,3
698,2024-01,56
698,2024-02,42
698,2024-03,44
698,2024-04,53
698,2024-05,51
698,2024-07,43
698,2024-08,33
698,2024-09,85
698,2024-10,24
698,2024-11,24
698,2024-12,26
698,2025-01,243
698,2025-02,39
698,2025-03,207
698,2025-04,92
698,2025-05,46
698,2025-06,238
698,2025-07,25
698,2025-08,61
698,2025-09,78
698,2025-10,161
698,2025-11,80
698,2025-12,5
698,2026-02,388
698,2026-05,173
698,2026-06,118
698,2026-09,248
699,2025-12,3
702,2025-02,87
702,2025-03,7
702,2025-06,46
702,2025-11,18
703,2024-12,3
703,2025-12,3
704,2024-05,-6
706,2024-08,900
706,2024-12,12
707,2024-09,3
707,2024-11,3
708,2024-02,12
708,2024-05,13
708,2024-12,6
708,2025-02,30
710,2025-12,3
711,2024-05,24
711,2024-07,-12
711,2024-08,27
711,2024-10,-27
712,2024-06,6
712,2024-07,18
712,2025-07,6
712,2025-08,6
713,2025-03,18
713,2025-04,6
713,2025-10,12
714,2025-12,3
715,2025-03,7
715,2025-06,30
715,2025-10,12
716,2024-03,9
718,2025-12,3
721,2024-02,36
721,2024-11,12
721,2025-02,12
721,2025-06,18
721,2025-10,2
721,2025-11,1
721,2025-12,16
724,2025-12,3
725,2024-12,9
726,2025-12,3
729,2025-05,6
729,2025-06,36
729,2025-09,12
729,2025-12,6
729,2026-02,6
729,2026-06,12
730,2025-01,6
730,2025-02,18
730,2025-05,36
730,2025-06,12
730,2025-07,6
730,2025-08,3
730,2025-10,12
730,2026-03,24
730,2026-06,24
730,2026-09,12
731,2024-02,9
731,2024-04,6
731,2024-05,9
731,2024-08,6
731,2025-06,12
731,2025-07,3
731,2025-10,-3
732,2024-03,24
732,2024-11,21
732,2025-04,6
735,2024-02,6
735,2024-08,6
736,2024-08,27
736,2024-09,36
736,2024-10,-27
736,2025-01,6
736,2025-03,24
736,2026-05,720
738,2025-02,12
738,2025-08,-12
738,2026-09,18
738,2026-10,24
739,2024-12,3
739,2026-11,9
742,2024-09,3
742,2024-11,3
742,2025-03,12
742,2025-04,6
742,2025-05,12
742,2025-10,4
742,2026-03,18
743,2024-12,3
743,2026-11,9
744,2024-09,3
744,2024-11,3
744,2024-12,27
746,2024-11,12
746,2025-06,6
746,2025-10,6
746,2026-06,6
747,2024-03,6
747,2024-04,6
747,2024-11,18
747,2025-01,-3
748,2024-04,12
748,2024-06,-6
748,2024-12,3
748,2025-07,6
748,2025-12,198
748,2026-10,12
749,2024-02,6
750,2024-03,6
750,2024-10,6
750,2024-11,6
750,2025-04,18
750,2025-06,18
750,2025-07,6
750,2025-11,11
750,2025-12,9
750,2026-03,12
751,2025-01,12
751,2025-02,13
751,2025-03,75
751,2025-04,66
751,2025-05,51
751,2025-06,-3
751,2025-07,74
751,2025-08,30
751,2025-10,72
751,2025-11,56
751,2026-01,24
751,2026-04,108
751,2026-07,56
751,2026-08,42
751,2026-10,24
751,2026-11,33
753,2024-04,12
753,2025-02,12
753,2026-08,24
754,2024-04,180
754,2024-08,207
754,2024-09,48
754,2024-11,54
755,2024-09,15
756,2024-11,12
756,2024-12,21
758,2024-01,21
758,2024-04,30
758,2024-06,-18
758,2024-07,-6
760,2024-06,9
763,2024-06,9
764,2025-01,3
764,2025-04,6
764,2025-10,15
764,2025-11,18
767,2025-04,30
767,2025-08,12
767,2026-04,36
767,2026-07,36
767,2026-11,18
769,2025-03,30
769,2025-08,30
769,2026-04,14
769,2026-07,30
769,2026-08,27
769,2026-09,300
769,2026-10,15
769,2026-11,87
771,2025-02,12
771,2025-05,12
771,2025-07,6
771,2025-10,33
771,2025-11,12
771,2026-05,24
772,2024-06,9
773,2025-02,6
773,2025-04,12
773,2025-10,15
773,2025-11,6
773,2025-12,5
776,2025-06,32
776,2025-10,18
776,2026-03,42
776,2026-05,-3
778,2025-06,12
780,2024-09,3
780,2024-10,3
780,2024-11,3
784,2024-11,12
784,2024-12,21
785,2024-01,6
785,2024-02,9
785,2024-03,6
785,2024-04,18
785,2024-05,3
785,2024-06,9
785,2024-07,6
785,2024-09,6
785,2024-10,3
785,2024-11,18
785,2024-12,3
785,2025-06,6
785,2025-09,9
786,2024-02,468
786,2024-05,-108
786,2024-09,9468
786,2024-11,612
786,2024-12,-306
786,2025-03,564
786,2025-04,840
786,2025-12,2466
786,2026-02,1008
786,2026-06,-12
786,2026-11,516
787,2025-12,3
788,2024-12,12
788,2026-03,6
789,2024-08,27
789,2024-09,24
789,2024-11,54
790,2025-12,3
791,2024-12,12
792,2024-09,18
792,2024-11,3
792,2024-12,9
794,2024-12,27
794,2025-01,-3
796,2025-12,3
797,2024-05,12
797,2024-08,42
797,2024-11,18
797,2024-12,36
797,2025-03,6
797,2025-06,6
797,2025-09,54
797,2025-10,12
797,2025-11,18
797,2025-12,93
797,2026-05,36
799,2024-01,12
799,2024-03,12
799,2024-10,12
799,2024-12,12
799,2025-12,3
800,2024-02,6
800,2024-03,3
800,2024-07,6
800,2024-09,21
800,2024-10,6
800,2024-12,15
800,2025-01,12
800,2025-03,21
800,2025-04,12
800,2025-07,6
800,2025-09,3
800,2025-11,15
800,2026-09,15
802,2024-12,3
802,2025-12,3
803,2024-06,9
804,2024-03,6
804,2024-12,12
804,2025-01,-3
806,2024-12,12
809,2024-12,12
809,2025-05,6
809,2025-08,6
809,2025-12,6
809,2026-10,3
810,2024-12,12
810,2025-01,-3
812,2024-11,12
812,2025-01,-3
813,2024-08,6
813,2024-12,3
813,2025-12,3
814,2025-12,3
815,2024-04,12
815,2024-12,12
815,2025-02,6
815,2025-03,12
815,2025-05,27
815,2025-08,21
815,2025-09,6
815,2025-10,6
815,2025-12,9
815,2026-02,18
815,2026-06,18
815,2026-07,-3
815,2026-09,12
815,2026-10,12
816,2025-12,3
818,2024-11,12
819,2025-12,197
819,2026-11,291
820,2024-11,12
822,2026-03,54
823,2025-12,3
824,2024-11,12
824,2024-12,21
826,2026-02,6
826,2026-05,18
826,2026-09,6
829,2024-08,27
829,2024-09,39
829,2024-11,180
832,2025-12,3
834,2025-12,3
835,2025-12,3
837,2024-12,27
837,2025-01,-3
844,2024-12,12
844,2025-01,-3
847,2024-09,3
847,2024-11,3
848,2024-01,5
848,2024-02,36
848,2024-05,20
848,2024-06,12
848,2024-07,6
848,2024-08,8
848,2024-09,15
848,2024-10,39
848,2024-11,6
848,2025-02,2
848,2025-03,15
848,2025-06,26
848,2025-08,-13
848,2025-10,18
849,2024-06,9
850,2025-06,12
850,2025-12,3
852,2025-01,9
852,2025-02,12
852,2025-03,30
852,2025-04,192
852,2025-05,18
852,2025-07,6
852,2025-08,12
854,2024-03,6
854,2024-04,18
854,2024-05,1
854,2024-06,2
854,2024-07,5
854,2024-11,12
854,2025-01,-3
854,2025-07,12
855,2024-02,-1
855,2024-07,6
855,2024-09,-1
855,2024-11,-1
855,2024-12,12
855,2025-01,-3
855,2025-05,6
855,2025-07,12
855,2025-08,12
856,2024-12,12
856,2025-01,-3
858,2025-12,3
860,2024-09,3
860,2024-11,3
860,2025-12,3
863,2024-05,12
863,2024-08,54
863,2024-10,6
863,2024-11,36
863,2025-02,144
863,2025-03,12
863,2025-06,33
863,2025-07,36
863,2025-08,8
863,2025-09,54
863,2025-11,48
863,2025-12,18
863,2026-03,84
863,2026-06,43
863,2026-10,20
864,2025-01,24
864,2025-03,30
864,2025-11,27
866,2024-09,15
867,2025-01,12
867,2025-03,72
867,2025-04,7
867,2025-06,-5
867,2025-12,7
867,2026-06,24
867,2026-10,3
868,2024-11,12
869,2024-06,9
870,2024-06,9
871,2024-12,12
871,2025-11,6
873,2024-12,12
873,2025-01,18
873,2025-02,20
873,2025-03,18
873,2025-04,44
873,2025-05,22
873,2025-06,66
873,2025-11,12
873,2026-03,54
873,2026-07,15
873,2026-09,18
873,2026-10,57
874,2024-06,18
874,2024-08,27
874,2024-09,24
874,2024-11,54
874,2025-01,48
874,2025-04,12
874,2025-12,197
874,2026-11,291
875,2024-09,3
875,2024-11,3
875,2026-11,9
877,2025-03,6
877,2025-04,12
877,2025-06,12
877,2025-07,15
878,2024-10,15
878,2024-12,9
878,2025-04,21
878,2025-06,27
878,2025-08,33
879,2024-06,9
880,2025-04,6
880,2025-06,12
880,2025-10,12
881,2024-06,9
882,2025-07,36
883,2024-05,15
883,2024-06,12
883,2024-07,15
883,2024-10,27
883,2024-11,3
883,2024-12,9
884,2024-06,9
886,2024-01,-1
886,2024-03,12
886,2024-04,14
886,2024-05,12
886,2024-06,20
886,2024-07,12
886,2024-08,11
886,2024-09,12
886,2024-10,14
886,2024-11,42
886,2024-12,30
886,2025-02,103
886,2025-03,48
886,2025-04,33
886,2025-05,30
886,2025-06,45
886,2025-07,12
886,2025-08,48
886,2025-09,2
886,2025-10,37
886,2025-12,12
886,2026-01,12
886,2026-04,73
886,2026-07,14
886,2026-08,30
886,2026-11,24
887,2024-01,3
887,2024-09,3
887,2024-11,3
887,2024-12,27
887,2025-02,3
887,2025-08,3
887,2025-12,3
889,2025-02,-60
889,2025-06,156
890,2024-12,12
890,2025-01,-3
891,2024-11,12
892,2024-12,12
892,2025-01,-3
896,2024-12,12
896,2025-01,-3
897,2024-12,3
898,2025-01,12
898,2025-03,18
898,2025-04,6
898,2025-06,60
898,2025-08,18
898,2025-10,12
899,2024-09,18
899,2024-11,3
899,2024-12,9
901,2024-09,18
901,2024-11,3
901,2024-12,9
902,2026-11,9
903,2025-12,3
904,2024-09,15
907,2024-06,72
907,2024-10,-12
907,2024-11,-60
909,2024-09,3
909,2024-11,3
909,2025-08,6
909,2025-12,3
912,2024-02,6
912,2024-05,6
912,2024-08,6
912,2024-12,12
912,2025-04,48
912,2025-06,60
912,2025-12,36
912,2026-01,72
913,2025-12,3
919,2025-12,3
921,2024-11,12
921,2024-12,18
922,2024-09,18
922,2024-11,3
924,2024-04,12
924,2024-06,18
924,2024-09,18
924,2024-12,18
924,2025-02,12
924,2025-06,6
924,2025-12,12
924,2026-11,9
925,2024-11,12
925,2026-11,9
928,2025-02,6
929,2024-12,12
929,2025-01,-3
930,2024-11,12
930,2024-12,27
931,2024-06,19
931,2024-10,24
931,2025-04,42
931,2025-05,30
931,2025-08,17
931,2025-12,3
931,2026-05,24
931,2026-09,-6
931,2026-12,12
932,2024-02,-1
932,2024-04,180
932,2024-05,6
932,2024-08,27
932,2024-09,24
932,2024-10,12
932,2024-11,54
932,2024-12,30
932,2025-01,-18
932,2025-03,30
932,2025-04,8
932,2025-05,6
932,2025-06,18
932,2025-09,69
932,2025-10,48
932,2025-11,72
932,2026-02,-25
932,2026-05,12
932,2026-08,84
932,2026-12,48
933,2024-12,12
933,2025-11,12
933,2026-04,6
934,2024-12,12
934,2025-09,6
934,2026-03,6
937,2025-01,30
937,2025-02,6
937,2025-03,60
937,2025-04,24
937,2025-05,36
937,2025-06,60
937,2025-07,24
937,2025-08,36
937,2025-10,78
937,2025-11,57
937,2025-12,24
937,2026-01,42
937,2026-03,30
937,2026-04,42
937,2026-07,36
937,2026-08,54
937,2026-11,102
938,2024-01,1344
938,2024-02,2310
938,2024-06,672
938,2024-09,3894
938,2024-12,-504
938,2025-02,2472
938,2025-03,1026
938,2025-05,1320
938,2025-07,-240
938,2025-10,1704
938,2025-11,3150
938,2025-12,2088
938,2026-02,5220
938,2026-11,-216
939,2024-10,15
939,2024-11,3
939,2024-12,9
939,2026-02,18
939,2026-05,-6
940,2024-09,3
940,2024-11,3
940,2025-12,3
941,2024-02,60
941,2024-03,30
941,2024-05,6
941,2024-07,60
941,2024-08,30
941,2024-09,18
941,2024-10,18
941,2024-11,30
941,2024-12,21
941,2025-02,48
941,2025-05,48
941,2025-06,96
941,2025-08,48
941,2025-10,48
941,2025-11,60
941,2025-12,24
941,2026-03,24
941,2026-06,72
941,2026-07,24
941,2026-10,72
943,2024-09,18
943,2024-11,3
943,2024-12,9
945,2024-09,3
945,2024-11,3
945,2026-11,9
947,2024-09,18
947,2024-11,3
947,2024-12,9
948,2024-09,18
948,2024-11,3
948,2024-12,9
950,2024-12,3
951,2024-09,18
951,2024-11,3
951,2024-12,9
953,2024-09,3
953,2024-11,3
953,2025-12,3
956,2024-10,15
956,2024-11,3
956,2024-12,9
957,2024-10,15
959,2025-02,18
959,2025-03,36
959,2025-07,15
959,2025-10,18
960,2024-12,3
961,2024-02,12
961,2024-07,-6
961,2024-08,18
961,2024-10,6
961,2025-07,6
961,2025-08,24
961,2026-10,6
962,2025-12,3
964,2024-12,12
964,2025-01,-3
965,2024-09,3
965,2024-11,3
965,2025-04,30
965,2025-05,6
965,2025-08,30
965,2025-12,12
966,2024-11,12
968,2024-12,27
969,2024-03,12
969,2024-04,24
969,2024-05,18
969,2024-06,-3
969,2024-09,3
969,2024-11,3
969,2025-05,-9
969,2025-12,3
972,2024-04,12
972,2024-06,18
972,2024-10,6
972,2025-02,12
972,2025-03,6
972,2025-05,6
972,2025-10,12
972,2025-11,12
972,2026-05,18
974,2024-09,3
974,2024-11,3
974,2025-05,12
974,2025-08,-1
974,2025-11,6
974,2025-12,3
975,2025-12,3
976,2024-11,12
976,2024-12,27
977,2025-06,18
977,2025-09,16
977,2025-12,12
977,2026-02,-6
977,2026-07,24
977,2026-10,6
978,2025-01,36
978,2025-03,18
978,2025-06,420
978,2025-08,12
978,2025-10,71
978,2025-12,3
980,2024-11,12
980,2024-12,27
981,2024-01,6
981,2024-11,3
981,2024-12,36
981,2025-01,-6
981,2025-02,6
981,2025-03,48
981,2025-05,15
981,2025-06,24
981,2025-07,39
981,2025-09,30
981,2025-11,18
981,2026-01,12
981,2026-05,33
981,2026-08,12
981,2026-12,24
988,2024-09,3
988,2024-11,3
988,2025-12,3
989,2024-05,6
989,2024-09,3
989,2024-11,3
989,2025-12,3
990,2024-11,12
991,2024-12,3
991,2026-11,9
994,2024-11,12
994,2026-11,9
995,2024-01,12
995,2024-03,6
995,2024-10,12
995,2024-12,6
995,2025-07,30
995,2025-10,36
995,2025-11,54
997,2024-08,27
997,2024-09,39
997,2024-11,234
997,2025-12,260
997,2026-06,114
997,2026-09,57
997,2026-12,-1
998,2025-09,12
998,2025-12,3
999,2024-12,3
999,2026-11,9
1001,2025-12,3
1003,2024-03,6
1003,2025-02,72
1003,2025-10,-36
1004,2024-01,12
1004,2024-02,12
1004,2024-04,24
1004,2024-05,12
1004,2024-08,18
1004,2024-09,24
1004,2024-10,60
1004,2025-04,12
1004,2025-06,54
1004,2025-07,24
1004,2025-10,24
1004,2025-11,30
1004,2025-12,3
1004,2026-02,30
1006,2024-03,6
1006,2024-06,24
1006,2024-08,-12
1006,2025-04,24
1006,2025-06,6
1006,2025-08,12
1006,2025-10,65
1006,2026-02,18
1006,2026-04,-6
1006,2026-06,150
1006,2026-07,-12
1007,2024-11,12
1007,2024-12,21
1009,2024-02,720
1009,2024-03,240
1009,2024-04,180
1009,2024-06,324
1009,2024-08,267
1009,2024-09,48
1009,2024-11,54
1009,2024-12,720
1012,2024-02,42
1012,2024-05,42
1012,2024-10,12
1012,2024-12,3
1012,2025-03,12
1012,2025-05,18
1012,2025-08,12
1012,2025-11,48
1013,2024-07,18
1013,2025-02,12
1013,2025-12,3
1014,2024-04,18
1014,2024-09,12
1014,2025-01,-3
1016,2025-12,3
1017,2024-02,6
1017,2024-06,6
1017,2024-08,36
1017,2024-09,12
1017,2024-10,20
1017,2024-12,18
1017,2025-02,6
1017,2025-03,15
1017,2025-04,27
1017,2025-06,6
1017,2025-07,6
1017,2025-08,9
1017,2025-09,36
1017,2025-10,27
1017,2025-11,33
1017,2026-01,24
1017,2026-05,6
1018,2025-12,3
1019,2024-12,3
1019,2026-11,9
1020,2024-12,12
1021,2025-12,3
1023,2025-12,3
1024,2024-05,6
1024,2024-09,3
1024,2025-04,6
1024,2025-09,6
1026,2024-02,132
1026,2024-04,240
1026,2024-07,170
1026,2024-09,24
1026,2024-10,15
1026,2024-11,333
1026,2025-03,48
1026,2025-08,146
1026,2025-10,48
1026,2025-11,24
1026,2025-12,32
1026,2026-04,9
1026,2026-11,12
1027,2024-12,24
1028,2024-12,3
1029,2024-12,3
1029,2026-11,9
1030,2024-12,12
1031,2024-09,3
1031,2024-11,3
1031,2025-12,3
1033,2024-01,42
1033,2024-02,12
1033,2024-04,30
1033,2024-05,66
1033,2024-09,60
1033,2024-11,69
1033,2024-12,30
1033,2025-03,42
1033,2025-05,66
1035,2024-11,12
1035,2024-12,21
1036,2024-12,12
1036,2025-01,-3
1038,2024-12,12
1039,2024-02,12
1039,2024-03,54
1039,2024-05,18
1039,2024-08,18
1039,2024-10,54
1039,2024-11,42
1039,2024-12,12
1039,2025-02,42
1039,2025-03,15
1039,2025-04,30
1039,2025-05,12
1039,2025-06,48
1039,2025-07,6
1039,2025-08,18
1039,2025-09,6
1039,2025-10,30
1039,2025-11,30
1039,2026-01,9
1039,2026-05,33
1039,2026-08,21
1039,2026-09,12
1039,2026-12,42
1040,2024-06,12
1040,2024-09,3
1040,2024-11,3
1040,2025-05,12
1040,2026-12,39
1042,2024-07,2
1042,2024-12,8
1043,2025-06,6
1043,2025-08,12
1043,2026-03,12
1043,2026-06,6
1045,2025-12,3
1047,2024-09,3
1047,2024-11,3
1047,2024-12,27
1047,2025-12,3
1048,2025-01,36
1048,2025-02,98
1048,2025-11,57
1049,2025-12,3
1052,2024-01,6
1052,2024-03,18
1052,2024-05,12
1052,2024-08,-6
1052,2024-09,0
1052,2024-11,33
1052,2025-02,6
1052,2025-04,12
1052,2025-06,24
1052,2025-08,6
1052,2025-09,12
1052,2025-10,6
1052,2025-11,30
1052,2026-02,-1
1052,2026-05,36
1052,2026-08,6
1052,2026-09,-1
1052,2026-12,12
1054,2025-12,260
1055,2024-09,3
1055,2024-11,3
1056,2024-02,18
1056,2024-03,9
1056,2024-05,27
1056,2024-07,15
1056,2024-08,6
1056,2024-09,12
1056,2024-10,24
1056,2024-12,15
1056,2025-01,27
1056,2025-02,18
1056,2025-03,12
1056,2025-05,9
1056,2025-07,6
1056,2025-08,18
1056,2025-10,18
1056,2025-12,-1
1056,2026-09,15
1058,2024-09,3
1058,2024-11,3
1058,2025-12,3
1060,2024-01,-6
1060,2024-02,18
1060,2024-09,3
1060,2024-11,3
1060,2025-12,9
1061,2026-01,36
1061,2026-04,60
1061,2026-06,-6
1061,2026-11,18
1062,2024-11,126
1062,2025-03,18
1062,2025-07,48
1062,2025-08,24
1062,2025-09,51
1062,2025-12,30
1062,2026-07,48
1062,2026-11,60
1063,2024-08,27
1063,2024-10,-27
1064,2024-12,12
1064,2025-01,-3
1065,2024-04,6
1065,2024-06,12
1065,2024-10,12
1065,2024-12,12
1065,2025-01,-3
1065,2025-08,18
1067,2024-12,30
1067,2025-01,-3
1068,2024-12,24
1069,2024-12,12
1070,2024-12,12
1070,2025-01,-3
1071,2024-12,12
1071,2025-01,-3
1072,2024-02,12
1072,2024-10,15
1072,2024-11,3
1072,2024-12,9
1073,2024-04,6
1073,2024-09,3
1073,2024-11,3
1073,2025-06,24
1073,2025-12,3
1075,2024-03,24
1075,2024-04,24
1075,2024-05,3
1075,2024-06,24
1075,2024-07,12
1075,2024-09,12
1075,2024-11,12
1075,2024-12,6
1075,2025-01,30
1075,2025-05,6
1075,2025-07,12
1075,2025-08,60
1075,2025-10,24
1075,2025-11,-9
1075,2025-12,6
1075,2026-04,27
1075,2026-11,3
1077,2024-12,12
1078,2024-02,300
1078,2024-03,360
1078,2024-05,60
1078,2024-07,60
1078,2024-09,12
1078,2024-12,12
1078,2025-08,90
1078,2025-10,306
1078,2025-12,108
1081,2024-12,12
1082,2025-02,6
1082,2025-03,12
1082,2025-04,8
1082,2025-08,19
1082,2025-10,33
1082,2025-12,6
1082,2026-02,24
1082,2026-04,51
1082,2026-07,30
1082,2026-08,6
1082,2026-11,17
1084,2025-01,6
1084,2025-02,7
1084,2025-08,6
1085,2025-04,30
1085,2025-07,3
1085,2025-10,24
1085,2025-11,18
1086,2025-01,6
1086,2025-02,12
1086,2025-03,24
1086,2025-07,12
1086,2025-08,18
1086,2025-10,12
1086,2025-11,6
1086,2026-04,15
1086,2026-11,6
1086,2026-12,-15
1089,2025-04,1
1089,2025-05,193
1089,2025-06,36
1089,2025-10,-300
1089,2025-11,59
1089,2025-12,36
1089,2026-02,71
1089,2026-04,143
1089,2026-07,66
1089,2026-08,54
1089,2026-09,180
1089,2026-10,73
1089,2026-11,309
1089,2026-12,-6
1090,2025-12,6
1091,2025-01,18
1091,2025-03,24
1091,2025-12,24
1093,2025-01,36
1093,2025-06,24
1093,2025-07,24
1093,2025-09,24
1093,2025-11,18
1093,2025-12,18
1093,2026-02,18
1093,2026-06,12
1093,2026-09,180
1093,2026-10,48
1094,2025-04,6
1094,2025-10,12
1094,2025-11,6
1094,2026-04,18
1096,2025-04,6
1096,2025-06,6
1096,2025-08,6
1096,2025-10,12
1097,2025-01,6
1097,2025-02,9
1097,2025-04,6
1097,2025-07,6
1097,2025-08,6
1097,2025-11,12
1098,2025-01,-3
1098,2025-03,15
1098,2025-06,-1
1098,2025-07,36
1098,2025-09,24
1098,2025-11,6
1098,2025-12,6
1098,2026-01,6
1098,2026-11,24
1100,2025-03,12
1100,2025-08,21
1100,2025-09,-21
1101,2025-09,24
1103,2025-01,12
1103,2025-07,-2
1104,2025-07,18
1104,2025-09,47
1104,2025-10,31
1104,2026-03,30
1105,2025-03,12
1105,2025-06,12
1107,2025-12,3
1111,2025-04,15
1111,2025-07,6
1111,2025-11,6
1112,2025-12,12
1113,2025-11,12
1113,2025-12,3
1115,2025-01,6
1115,2025-07,6
1115,2025-11,12
1115,2026-04,-6
1116,2026-06,12
1116,2026-07,12
1117,2025-01,-6
1117,2026-05,18
1118,2025-12,3
1119,2025-07,12
1119,2025-11,-12
1120,2025-07,6
1122,2025-10,12
1124,2025-12,6
1125,2025-05,36
1125,2025-06,18
1125,2025-10,36
1125,2025-11,12
1125,2025-12,3
1125,2026-05,24
1125,2026-12,24
1129,2025-01,-12
1130,2025-04,3
1130,2025-05,12
1130,2025-09,21
1130,2026-07,24
1130,2026-10,6
1131,2025-03,6
1131,2025-05,18
1131,2025-07,18
1131,2025-09,12
1131,2025-12,12
1131,2026-02,6
1131,2026-06,30
1131,2026-10,24
1132,2025-01,6
1132,2025-03,6
1133,2025-04,12
1135,2025-07,39
1135,2025-08,6
1135,2025-11,6
1135,2026-11,36
1136,2025-10,42
1137,2025-02,120
1137,2025-04,60
1137,2025-06,120
1137,2025-12,450
1138,2025-09,12
1138,2025-12,12
1139,2025-01,6
1139,2025-06,96
1139,2025-09,9
1139,2025-12,8
1139,2026-02,0
1139,2026-07,6
1139,2026-10,24
1140,2025-04,6
1141,2025-06,18
1141,2025-11,12
1141,2026-05,6
1142,2025-10,120
1143,2025-02,27
1143,2025-03,23
1143,2025-04,2
1143,2025-06,6
1143,2025-08,8
1143,2025-10,3
1143,2025-11,5
1143,2026-01,7
1143,2026-05,13
1143,2026-08,1
1143,2026-12,15
1144,2025-01,-6
1147,2026-11,9
1149,2025-01,-6
1150,2025-01,12
1150,2025-03,6
1150,2025-05,6
1150,2025-08,18
1150,2025-12,30
1150,2026-01,-12
1150,2026-02,6
1151,2025-01,6
1151,2025-06,9
1151,2025-09,6
1153,2025-09,18
1154,2025-11,6
1155,2025-06,102
1157,2025-05,6
1157,2025-12,6
1158,2025-01,48
1158,2025-02,24
1158,2025-03,6
1158,2025-09,24
1159,2025-03,6
1159,2025-11,6
1159,2025-12,24
1159,2026-09,24
1161,2025-02,27
1161,2025-03,6
1161,2025-05,18
1161,2025-06,111
1161,2025-09,191
1161,2025-11,-3
1161,2026-07,6
1161,2026-11,42
1162,2025-02,23
1162,2025-03,19
1162,2025-08,42
1162,2026-01,15
1162,2026-10,12
1163,2025-02,18
1163,2025-10,12
1164,2025-02,18
1164,2025-05,24
1164,2025-10,60
1164,2025-12,30
1165,2025-02,12
1165,2025-04,6
1165,2025-08,6
1165,2025-10,18
1165,2025-11,43
1165,2026-12,6
1166,2025-10,12
1168,2025-04,12
1171,2025-01,15
1171,2026-10,39
1171,2026-12,12
1174,2025-02,-6
1174,2025-03,18
1174,2025-06,24
1174,2025-08,6
1174,2025-10,6
1174,2025-11,33
1174,2025-12,9
1174,2026-05,9
1174,2026-08,12
1175,2025-01,12
1175,2025-03,9
1175,2025-08,-12
1176,2025-01,6
1176,2025-04,21
1178,2025-03,14
1178,2025-05,36
1178,2025-08,9
1178,2025-11,12
1178,2025-12,320
1178,2026-01,45
1178,2026-06,60
1178,2026-10,-1
1180,2025-06,12
1180,2025-11,12
1182,2025-12,6
1182,2026-04,30
1182,2026-07,162
1182,2026-08,-28
1183,2025-01,-6
1184,2025-01,-6
1186,2025-06,18
1186,2025-12,12
1186,2026-12,6
1187,2025-12,12
1187,2026-01,-15
1188,2025-03,6
1188,2025-05,6
1188,2025-08,9
1188,2025-12,6
1189,2025-12,6
1189,2026-01,-12
1189,2026-06,12
1189,2026-08,30
1190,2025-05,12
1190,2026-10,6
1191,2025-08,18
1191,2026-06,19
1192,2025-05,6
1192,2026-01,-9
1192,2026-03,6
1193,2025-01,12
1193,2025-02,7
1193,2025-08,8
1193,2025-11,19
1193,2025-12,12
1193,2026-04,-27
1193,2026-06,18
1193,2026-09,12
1193,2026-10,19
1194,2025-10,48
1194,2026-04,27
1194,2026-07,24
1196,2025-09,21
1196,2025-11,12
1196,2025-12,15
1196,2026-01,-6
1196,2026-09,18
1196,2026-12,6
1197,2025-04,14
1197,2025-07,18
1197,2026-02,3
1199,2025-05,18
1199,2025-12,18
1199,2026-01,-21
1199,2026-12,24
1201,2026-11,9
1202,2025-04,15
1202,2025-05,15
1202,2025-08,12
1205,2026-01,60
1205,2026-02,18
1205,2026-04,102
1205,2026-06,23
1205,2026-09,36
1207,2025-01,60
1207,2025-02,102
1207,2025-06,30
1207,2025-07,84
1207,2025-12,66
1208,2025-09,12
1209,2025-02,9
1210,2025-04,18
1210,2026-06,33
1211,2025-04,6
1211,2025-05,12
1212,2025-05,6
1212,2025-08,18
1212,2025-09,21
1212,2025-10,-3
1213,2025-08,6
1213,2026-06,9
1214,2026-11,9
1215,2025-08,6
1217,2025-03,12
1217,2025-10,12
1217,2025-11,24
1217,2025-12,12
1217,2026-07,12
1219,2025-01,12
1219,2025-06,12
1219,2025-12,9
1219,2026-03,30
1219,2026-05,-6
1219,2026-10,6
1222,2025-02,12
1222,2026-03,6
1223,2025-12,260
1224,2026-02,24
1227,2025-07,24
1229,2025-01,12
1229,2025-02,18
1229,2025-07,12
1229,2025-09,12
1229,2025-10,12
1229,2026-03,24
1229,2026-10,24
1230,2025-12,6
1230,2026-11,18
1236,2025-03,3
1236,2025-04,36
1236,2025-05,6
1236,2025-07,12
1236,2025-09,18
1236,2025-10,-24
1237,2025-06,18
1238,2026-05,6
1239,2025-01,60
1239,2025-02,60
1239,2025-03,-1
1239,2025-06,294
1239,2026-05,42
1239,2026-08,48
1240,2025-01,24
1240,2025-03,5
1240,2025-12,6
1240,2026-04,12
1240,2026-11,18
1241,2025-05,24
1241,2025-12,9
1241,2026-02,6
1241,2026-05,-6
1243,2025-10,6
1245,2025-07,6
1246,2025-10,9
1246,2025-12,3
1246,2026-11,6
1248,2025-09,6
1251,2025-08,30
1251,2025-09,84
1254,2025-12,260
1255,2025-05,6
1255,2025-10,48
1255,2025-12,260
1255,2026-01,21
1255,2026-04,39
1255,2026-07,36
1255,2026-08,24
1255,2026-11,48
1259,2025-06,24
1260,2025-05,8
1260,2025-07,12
1260,2025-09,6
1260,2026-02,18
1261,2025-01,12
1261,2026-06,7
1261,2026-12,26
1262,2025-01,126
1262,2025-03,360
1262,2026-02,6
1263,2025-10,9
1265,2025-03,12
1265,2026-03,6
1265,2026-06,6
1267,2026-02,18
1267,2026-06,6
1267,2026-09,6
1267,2026-11,9
1273,2025-02,-12
1273,2025-12,36
1273,2026-11,9
1274,2026-06,18
1274,2026-10,24
1277,2025-01,18
1277,2026-02,6
1278,2025-01,-14
1280,2026-03,12
1280,2026-07,6
1284,2026-11,9
1285,2025-02,15
1285,2025-04,42
1285,2026-03,60
1285,2026-04,-12
1285,2026-06,30
1285,2026-07,27
1285,2026-09,9
1285,2026-10,12
1288,2025-05,48
1288,2025-12,260
1288,2026-01,36
1288,2026-04,48
1288,2026-06,-6
1288,2026-11,291
1289,2025-05,6
1289,2026-02,18
1289,2026-10,12
1291,2025-11,24
1291,2026-05,24
1291,2026-07,-24
1291,2026-12,33
1293,2025-12,6
1293,2026-06,8
1296,2026-03,12
1296,2026-09,6
1299,2026-09,15
1299,2026-10,6
1300,2026-06,12
1302,2026-11,9
1306,2025-03,15
1308,2025-05,24
1308,2026-02,-1
1308,2026-11,9
1309,2025-05,66
1310,2025-03,12
1310,2025-10,48
1310,2026-04,30
1310,2026-11,12
1311,2025-06,24
1313,2025-11,18
1313,2026-05,6
1313,2026-09,24
1314,2026-12,24
1320,2026-04,60
1320,2026-07,120
1320,2026-08,42
1327,2026-09,12
1330,2026-11,9
1331,2026-05,18
1331,2026-08,12
1331,2026-09,-18
1332,2026-10,12
1336,2026-01,3
1336,2026-12,3
1338,2026-04,9
1339,2026-12,6
1346,2026-05,5
1347,2026-09,3
1349,2026-04,12
1352,2026-11,291
1357,2026-06,18
1360,2026-02,24
1360,2026-10,24
1361,2026-09,12
1362,2026-09,9
1365,2026-12,48
1378,2026-01,-3
1379,2026-02,12
1381,2026-10,72
2000,2024-10,15
2000,2024-11,3
2000,2024-12,9
2000,2026-11,9
2003,2024-09,3
2003,2024-11,3
2005,2024-09,3
2005,2024-11,3
2005,2025-12,3
2010,2024-04,6
2011,2024-03,30
2011,2024-07,60
2011,2024-08,30
2011,2024-11,3
2011,2024-12,30
2011,2025-11,30
2011,2025-12,3
2011,2026-12,75
2012,2024-06,6
2012,2024-09,3
2012,2024-11,3
2012,2025-01,7
2012,2025-03,6
2012,2025-06,6
2012,2025-11,6
2012,2025-12,14
2012,2026-02,6
2012,2026-06,15
2012,2026-10,-12
2015,2024-10,15
2016,2024-10,15
2016,2024-11,3
2016,2024-12,9
2016,2026-11,9
2017,2024-01,72
2017,2024-02,24
2017,2024-08,24
2017,2024-09,72
2017,2025-06,96
2017,2025-07,24
2017,2025-08,72
2017,2025-10,48
2017,2026-06,108
2018,2024-10,15
2018,2024-11,378
2021,2024-02,6
2021,2024-03,12
2021,2024-04,18
2021,2024-05,6
2021,2024-07,24
2021,2024-10,15
2021,2024-11,18
2021,2024-12,9
2021,2025-02,12
2021,2025-03,18
2021,2025-06,0
2021,2025-09,12
2021,2025-10,12
2021,2025-11,12
2021,2025-12,33
2021,2026-04,6
2021,2026-07,12
2025,2024-10,15
2025,2024-11,3
2027,2024-02,18
2027,2024-03,18
2027,2024-05,18
2027,2024-08,12
2027,2024-09,17
2027,2025-03,12
2027,2025-07,6
2027,2025-08,6
2027,2025-12,6
2027,2026-02,6
2027,2026-11,9
2028,2024-09,18
2028,2024-11,3
2028,2024-12,9
2034,2024-03,6
2034,2024-04,6
2034,2024-07,6
2034,2024-09,6
2034,2024-10,15
2034,2024-12,9
2038,2024-01,48
2038,2024-04,378
2038,2024-05,24
2038,2024-08,27
2038,2024-09,207
2038,2024-11,222
2038,2024-12,120
2038,2025-03,24
2038,2025-04,108
2038,2025-06,6
2038,2025-08,120
2038,2025-09,120
2038,2025-10,1326
2038,2025-12,0
2038,2026-05,60
2038,2026-12,120
2042,2025-06,24
2042,2025-07,12
2043,2024-05,12
2043,2024-11,3
2043,2024-12,54
2043,2025-01,12
2043,2025-02,6
2043,2025-03,30
2043,2025-08,36
2043,2026-09,6
2043,2026-11,9
2046,2024-09,3
2046,2024-11,3
2049,2024-09,3
2049,2024-11,3
2049,2025-12,3
2049,2026-11,9
2051,2024-05,6
2051,2025-03,12
2051,2025-04,12
2051,2025-07,6
2051,2026-02,30
2051,2026-05,24
2052,2024-03,-12
2052,2024-09,3
2052,2024-11,3
2052,2025-12,3
2052,2026-11,9
2053,2024-12,9
2057,2024-09,3
2057,2024-11,3
2057,2025-12,3
2060,2024-04,180
2060,2024-07,79
2060,2024-08,255
2060,2024-09,48
2060,2024-10,-13
2060,2024-11,54
2060,2024-12,-6
2061,2024-02,12
2061,2024-05,3
2061,2024-08,6
2061,2024-11,3
2061,2024-12,-3
2061,2025-05,18
2063,2024-09,3
2063,2024-11,3
2065,2024-09,3
2065,2024-11,3
2066,2024-09,3
2066,2024-11,3
2066,2026-06,6
2068,2024-01,18
2068,2024-09,3
2068,2024-11,3
2068,2024-12,24
2068,2025-07,18
2068,2025-12,3
2068,2026-06,6
2083,2024-08,27
2083,2024-10,-12
2083,2024-11,258
2083,2025-12,260
2083,2026-02,12
2083,2026-11,291
2096,2024-09,18
2096,2024-11,3
2096,2024-12,9
2096,2026-11,9
2100,2024-12,12
2101,2024-05,30
2101,2024-08,12
2101,2024-12,6
2101,2025-04,30
2101,2025-07,18
2101,2025-10,30
2101,2026-02,36
2101,2026-04,-6
2102,2024-12,15
2102,2025-10,6
2108,2024-11,3
2108,2024-12,12
2109,2024-04,60
2109,2024-08,27
2109,2024-10,-27
2109,2024-11,234
2109,2024-12,3
2109,2025-01,90
2109,2025-08,12
2109,2025-11,36
2109,2025-12,260
2109,2026-11,291
2121,2024-04,30
2121,2024-11,3
2121,2024-12,12
2121,2025-02,39
2121,2025-03,12
2121,2025-05,12
2121,2025-06,12
2121,2025-08,18
2123,2024-10,15
2129,2024-09,3
2129,2024-11,3
2129,2025-12,3
2130,2024-02,30
2130,2024-04,30
2130,2024-06,-6
2130,2024-09,66
2130,2024-11,78
2130,2025-01,-48
2130,2025-08,18
2130,2026-05,111
2130,2026-10,-6
2132,2024-09,18
2132,2024-11,3
2132,2024-12,9
2133,2024-11,3
2133,2024-12,12
2134,2024-04,6
2134,2024-05,13
2134,2024-10,6
2134,2024-11,3
2134,2024-12,21
2134,2025-01,36
2134,2025-03,54
2134,2025-05,12
2134,2025-06,57
2134,2026-06,72
2134,2026-09,126
2134,2026-12,18
2135,2024-11,3
2135,2024-12,24
2136,2024-06,36
2136,2024-10,27
2136,2024-11,3
2136,2024-12,9
2136,2025-03,12
2136,2025-04,18
2136,2025-05,24
2136,2025-11,18
2136,2026-10,24
2137,2024-12,3
2138,2024-02,42
2138,2024-05,12
2138,2024-08,24
2138,2024-10,12
2138,2024-11,3
2138,2025-01,12
2138,2025-03,24
2138,2025-04,48
2138,2025-05,54
2138,2025-06,30
2138,2025-07,18
2138,2025-09,12
2138,2025-11,18
2138,2025-12,60
2138,2026-02,36
2139,2024-12,12
2140,2024-05,12
2140,2024-12,18
2140,2025-01,54
2141,2024-09,3
2141,2024-11,3
2141,2025-12,3
2143,2024-09,15
2144,2024-09,3
2144,2024-11,3
2144,2025-12,3
2145,2024-01,12
2145,2024-02,6
2145,2024-03,12
2145,2024-04,12
2145,2024-05,6
2145,2024-06,12
2145,2024-08,12
2145,2024-09,18
2145,2024-10,20
2145,2024-11,12
2145,2025-02,6
2145,2025-07,6
2145,2025-08,12
2145,2025-12,27
2145,2026-09,18
2145,2026-12,12
2151,2024-12,3
2151,2025-03,9
2158,2024-05,15
2158,2024-11,6
2162,2024-09,3
2162,2024-11,3
2162,2026-05,18
2169,2024-11,12
2169,2024-12,9
2169,2025-03,9
2169,2025-11,6
2186,2024-12,3
2190,2024-12,3
2191,2024-02,36
2191,2024-03,36
2191,2024-04,60
2191,2024-10,15
2191,2024-11,198
2191,2024-12,30
2191,2025-01,84
2191,2025-02,24
2191,2025-05,48
2191,2025-06,24
2191,2025-08,60
2191,2025-10,102
2191,2025-11,24
2191,2026-04,18
2200,2024-05,12
2201,2024-02,42
2201,2024-03,7
2201,2024-04,18
2201,2024-05,24
2201,2024-06,33
2201,2024-07,18
2201,2024-08,26
2201,2024-09,18
2201,2024-11,112
2201,2024-12,36
2201,2025-01,18
2201,2025-02,18
2201,2025-03,38
2201,2025-04,30
2201,2025-05,26
2201,2025-06,6
2201,2025-07,36
2201,2025-08,12
2201,2025-10,30
2201,2025-11,18
2201,2025-12,38
2201,2026-01,21
2201,2026-04,24
2201,2026-07,12
2201,2026-08,6
2201,2026-11,8
2202,2024-01,-3
2202,2024-03,24
2202,2024-05,-6
2202,2024-08,12
2202,2024-10,15
2202,2024-11,6
2202,2024-12,9
2202,2025-04,12
2203,2024-10,15
2203,2024-12,9
2204,2024-09,3
2204,2024-11,3
2204,2025-02,24
2204,2025-06,36
2204,2025-07,6
2204,2025-10,48
2204,2025-11,36
2204,2026-08,72
2204,2026-12,47
2207,2024-01,12
2207,2024-09,3
2207,2024-11,3
2207,2025-08,6
2207,2026-11,9
2208,2024-09,3
2208,2024-11,3
2208,2025-11,12
2211,2024-03,30
2211,2024-05,132
2211,2024-07,45
2211,2024-11,164
2211,2025-01,0
2211,2025-03,240
2211,2025-04,12
2211,2025-05,42
2211,2025-07,30
2211,2025-08,47
2211,2025-10,54
2211,2025-11,1524
2211,2025-12,230
2211,2026-02,-3
2211,2026-04,54
2211,2026-07,219
2211,2026-09,-144
2211,2026-11,27
2223,2024-10,15
2224,2024-09,3
2224,2024-11,3
2224,2025-12,3
2233,2024-08,15
2233,2024-10,36
2233,2024-11,24
2233,2024-12,42
2233,2025-06,60
2233,2025-09,54
2233,2026-05,-48
2233,2026-08,36
2233,2026-09,-1
2233,2026-12,48
2237,2024-02,12
2237,2024-04,12
2237,2024-06,12
2237,2024-10,15
2237,2024-11,18
2237,2025-01,6
2237,2025-05,36
2237,2025-06,6
2237,2025-07,24
2237,2025-08,30
2237,2025-09,18
2237,2025-10,24
2237,2025-11,16
2237,2025-12,42
2237,2026-02,12
2237,2026-09,18
2239,2024-06,6
2239,2024-09,3
2239,2024-11,3
2239,2025-09,12
2239,2025-10,18
2239,2025-12,12
2239,2026-01,9
2246,2024-09,3
2246,2024-11,3
2246,2026-11,9
2250,2024-09,3
2250,2024-11,3
2250,2025-04,30
2250,2025-05,6
2250,2025-08,30
2250,2026-09,36
2250,2026-11,9
2255,2024-12,9
2256,2024-07,9
2256,2025-02,18
2256,2025-03,6
2256,2025-04,18
2256,2025-05,30
2256,2025-06,9
2256,2025-07,18
2256,2025-09,12
2256,2025-10,36
2256,2025-11,24
2256,2025-12,18
2256,2026-06,18
2262,2024-02,12
2262,2024-07,-6
2262,2024-11,6
2264,2024-09,30
2264,2024-11,3
2264,2024-12,9
2264,2025-03,24
2264,2025-07,12
2264,2025-12,6
2265,2025-05,12
2265,2025-12,12
2265,2026-02,-6
2265,2026-05,-6
2272,2024-12,9
2272,2025-09,6
2272,2026-01,6
2272,2026-06,-6
2281,2024-03,6
2281,2024-10,15
2281,2024-12,9
2281,2025-11,1
2281,2025-12,-1
2281,2026-04,6
2290,2024-12,3
2291,2024-10,15
2292,2024-11,18
2292,2024-12,9
2292,2025-10,12
2292,2025-12,126
2293,2024-06,12
2293,2024-09,15
2293,2024-12,9
2297,2024-04,54
2297,2024-08,27
2297,2024-09,24
2297,2024-11,54
2297,2024-12,3
2304,2024-10,15
2316,2024-12,3
2321,2024-12,9
2323,2024-11,3
2323,2024-12,12
2324,2024-12,9
2325,2025-04,45
2326,2024-02,30
2326,2024-04,36
2326,2024-05,24
2326,2024-06,72
2326,2024-07,36
2326,2024-09,24
2326,2024-10,6
2326,2024-11,90
2326,2024-12,45
2326,2025-01,114
2326,2025-02,18
2326,2025-04,48
2326,2025-05,102
2326,2025-06,54
2326,2025-08,48
2326,2025-12,60
2326,2026-05,57
2326,2026-06,-3
2326,2026-09,90
2327,2024-07,24
2327,2024-10,15
2327,2024-11,12
2327,2024-12,9
2327,2025-05,12
2327,2025-07,6
2327,2025-10,12
2330,2024-09,3
2330,2024-11,3
2330,2025-12,3
2330,2026-11,9
2331,2024-02,27
2331,2024-05,18
2331,2024-08,27
2331,2024-10,-27
2331,2024-11,276
2331,2025-01,12
2331,2025-11,24
2331,2025-12,260
2331,2026-05,6
2331,2026-11,291
2332,2024-02,18
2332,2024-05,6
2332,2024-07,-6
2332,2024-08,9
2332,2024-09,12
2332,2024-11,30
2332,2024-12,-3
2332,2025-05,60
2332,2025-07,-42
2332,2025-08,24
2332,2025-12,24
2332,2026-01,24
2332,2026-04,18
2332,2026-06,-6
2332,2026-07,24
2332,2026-11,24
2334,2024-02,120
2334,2024-04,199
2334,2024-05,-12
2334,2024-06,30
2334,2024-07,186
2334,2024-08,304
2334,2024-11,72
2334,2025-01,54
2334,2025-05,24
2334,2025-06,84
2334,2025-11,684
2335,2024-10,15
2335,2024-11,3
2335,2024-12,9
2335,2025-08,12
2335,2025-11,18
2335,2026-11,24
2340,2024-03,6
2340,2024-04,12
2340,2024-08,27
2340,2024-10,-27
2340,2024-11,258
2340,2025-05,6
2340,2025-10,6
2340,2025-11,9
2340,2026-11,6
2353,2024-01,6
2353,2024-08,27
2353,2024-09,42
2353,2024-10,-27
2353,2024-11,78
2353,2025-01,150
2353,2025-02,51
2353,2025-03,145
2353,2025-06,50
2353,2025-07,-57
2353,2025-08,234
2353,2025-10,22
2353,2025-11,1308
2353,2025-12,260
2353,2026-09,19
2353,2026-12,12
2357,2024-03,264
2357,2024-05,132
2357,2024-06,198
2357,2024-07,171
2357,2024-09,66
2357,2024-11,342
2357,2024-12,118
2357,2025-01,95
2357,2025-03,58
2357,2025-04,30
2357,2025-05,114
2357,2025-06,684
2357,2025-08,588
2357,2025-10,54
2357,2025-11,1293
2357,2025-12,850
2357,2026-01,22
2357,2026-02,-1
2357,2026-04,324
2357,2026-06,-3
2357,2026-07,22
2357,2026-08,56
2357,2026-09,-56
2357,2026-11,342
2363,2024-10,15
2363,2024-12,9
2366,2024-05,12
2366,2024-10,15
2366,2024-11,33
2366,2024-12,9
2366,2025-06,6
2366,2025-07,6
2366,2025-10,12
2366,2025-11,12
2366,2025-12,12
2370,2024-10,15
2370,2024-11,3
2370,2024-12,9
2376,2024-09,3
2376,2024-11,3
2376,2025-10,24
2376,2026-05,12
2376,2026-12,18
2377,2024-10,15
2377,2024-12,9
2378,2024-10,15
2378,2024-11,36
2378,2024-12,9
2379,2024-08,27
2379,2024-10,-12
2379,2024-11,258
2380,2024-02,24
2380,2024-05,18
2380,2024-08,6
2380,2024-10,18
2380,2024-11,3
2380,2025-01,18
2380,2025-03,18
2380,2025-04,23
2380,2025-05,6
2380,2025-06,21
2380,2025-09,21
2380,2025-11,12
2380,2025-12,12
2380,2026-10,24
2388,2024-10,15
2388,2024-11,3
2388,2024-12,9
2388,2025-03,15
2388,2025-07,-15
2390,2024-08,27
2390,2024-09,24
2390,2024-10,15
2390,2024-11,234
2392,2024-04,348
2392,2024-06,14
2392,2024-07,60
2392,2024-08,2
2392,2024-10,42
2392,2024-12,69
2392,2025-03,24
2392,2025-04,12
2392,2025-05,18
2392,2025-06,60
2392,2025-08,120
2392,2025-09,66
2392,2026-05,168
2392,2026-06,-12
2392,2026-09,300
2392,2026-10,-6
2393,2024-08,27
2393,2024-09,24
2393,2024-11,234
2394,2024-10,15
2410,2024-01,30
2410,2024-02,138
2410,2024-04,96
2410,2024-05,144
2410,2024-06,312
2410,2024-07,42
2410,2024-08,54
2410,2024-09,35
2410,2024-11,78
2410,2024-12,54
2410,2025-01,20
2410,2025-03,162
2410,2025-04,151
2410,2025-05,140
2410,2025-07,126
2410,2025-09,84
2410,2025-10,313
2410,2025-11,1353
2410,2025-12,314
2410,2026-02,60
2410,2026-06,12
2410,2026-09,126
2410,2026-10,108
2410,2026-11,291
2414,2024-09,18
2414,2024-11,3
2414,2024-12,9
2414,2025-03,12
2414,2025-06,6
2414,2025-12,12
2414,2026-02,72
2414,2026-06,30
2418,2024-09,18
2418,2024-11,3
2418,2024-12,9
2420,2024-08,207
2420,2024-09,48
2420,2024-11,54
2421,2024-10,15
2425,2024-11,3
2425,2024-12,36
2425,2026-11,9
2428,2024-09,39
2428,2024-11,3
2428,2024-12,9
2428,2025-10,12
2428,2026-11,9
2430,2024-01,6
2430,2024-03,12
2430,2024-04,18
2430,2024-05,6
2430,2024-09,3
2430,2024-10,6
2430,2024-11,-6
2430,2024-12,6
2430,2025-02,6
2430,2025-04,24
2430,2025-06,9
2430,2025-07,6
2430,2025-09,-3
2430,2025-10,0
2430,2025-11,12
2430,2025-12,36
2430,2026-12,12
2437,2024-05,6
2437,2024-09,3
2437,2024-11,3
2437,2025-04,12
2439,2024-12,27
2440,2024-09,18
2440,2024-11,3
2440,2024-12,9
2440,2026-11,9
2441,2024-01,36
2441,2024-02,36
2441,2024-05,132
2441,2024-06,3
2441,2024-07,96
2441,2024-09,19
2441,2024-11,234
2441,2025-01,6
2441,2025-03,36
2441,2025-04,73
2441,2025-05,12
2441,2025-06,36
2441,2025-07,150
2441,2025-11,60
2441,2025-12,314
2441,2026-02,135
2441,2026-06,12
2441,2026-11,291
2443,2024-02,6
2443,2024-04,24
2443,2024-05,15
2443,2024-06,12
2443,2024-07,13
2443,2024-08,12
2443,2024-09,24
2443,2024-11,18
2443,2024-12,22
2443,2025-04,24
2443,2025-08,18
2443,2025-10,54
2444,2024-06,24
2444,2024-09,18
2444,2024-12,9
2444,2025-12,12
2444,2026-11,9
2446,2024-04,360
2446,2024-08,27
2446,2024-09,24
2446,2024-11,78
2449,2024-07,6
2449,2024-11,9
2449,2024-12,9
2449,2025-05,21
2449,2025-07,12
2449,2025-08,9
2449,2025-10,6
2449,2026-11,9
2450,2024-08,27
2450,2024-09,39
2450,2024-11,234
2459,2024-10,15
2465,2024-12,9
2466,2024-02,6
2466,2024-10,15
2466,2024-11,3
2466,2024-12,9
2466,2026-02,30
2466,2026-05,-6
2468,2024-10,15
2468,2024-11,3
2470,2024-04,6
2470,2024-06,-6
2470,2024-09,3
2470,2024-11,3
2471,2024-04,6
2471,2024-06,30
2471,2024-11,66
2473,2024-09,15
2473,2024-11,3
2473,2024-12,9
2483,2024-03,6
2483,2024-07,-6
2483,2024-09,15
2483,2024-11,3
2483,2024-12,9
2483,2025-12,3
2487,2024-09,15
2487,2024-11,3
2487,2024-12,9
2488,2024-09,18
2488,2024-11,3
2496,2024-10,15
2496,2024-11,3
2496,2024-12,9
2497,2024-01,-3
2497,2024-12,21
2497,2025-06,12
2497,2025-08,-12
2497,2025-12,12
2497,2026-04,6
2497,2026-06,-6
2497,2026-11,12
2501,2024-09,3
2501,2024-11,3
2501,2025-12,3
2503,2024-09,18
2503,2024-11,3
2503,2024-12,9
2503,2026-11,9
2506,2024-10,15
2506,2024-11,3
2506,2024-12,9
2507,2024-10,15
2507,2024-11,3
2507,2024-12,9
2512,2024-10,15
2512,2024-11,3
2512,2024-12,9
2519,2024-12,9
2520,2024-03,18
2520,2024-04,33
2520,2024-05,15
2520,2024-08,18
2520,2024-11,6
2520,2025-01,12
2520,2025-04,30
2520,2025-05,24
2520,2025-10,12
2520,2025-11,22
2520,2025-12,30
2520,2026-11,18
2523,2024-06,6
2523,2024-10,15
2523,2024-12,9
2523,2026-06,6
2530,2024-10,15
2530,2024-11,3
2530,2024-12,9
2534,2024-05,24
2534,2024-11,3
2534,2024-12,39
2534,2025-02,12
2534,2025-05,12
2536,2024-03,120
2536,2024-05,-120
2536,2024-08,120
2536,2024-12,-120
2539,2024-05,156
2539,2024-09,24
2539,2024-10,15
2539,2024-11,234
2539,2025-03,6
2540,2024-02,6
2540,2024-06,6
2540,2024-09,3
2540,2024-11,3
2557,2024-09,3
2557,2024-11,3
2574,2024-09,3
2574,2024-11,3
2577,2024-09,3
2577,2024-11,9
2582,2024-11,3
2582,2024-12,9
2589,2024-12,9
2598,2024-09,3
2598,2024-11,3
2602,2024-04,180
2602,2024-08,27
2602,2024-09,24
2602,2024-11,78
2602,2025-08,30
2602,2025-11,72
2606,2024-09,3
2606,2024-11,3
2606,2024-12,12
2606,2025-03,30
2606,2025-06,6
2606,2025-10,12
2606,2025-12,3
2606,2026-05,12
2610,2024-09,3
2610,2024-11,3
2610,2025-06,24
2610,2026-05,18
2610,2026-12,12
2611,2024-04,30
2616,2024-02,9
2616,2024-07,12
2616,2024-12,12
2616,2025-02,1
2629,2026-09,6
2629,2026-12,6
2630,2024-01,50
2630,2024-02,13
2630,2024-03,4
2630,2024-04,395
2630,2024-05,171
2630,2024-06,26
2630,2024-07,36
2630,2024-08,48
2630,2024-09,2
2630,2024-10,42
2630,2024-11,291
2630,2024-12,67
2630,2025-02,24
2630,2025-03,60
2630,2025-04,12
2630,2025-05,48
2630,2025-06,50
2630,2025-07,6
2630,2025-08,48
2630,2025-09,44
2630,2025-10,84
2630,2025-11,31
2630,2025-12,49
2630,2026-01,19
2630,2026-05,68
2630,2026-08,15
2630,2026-09,36
2630,2026-12,31
2633,2024-04,6
2633,2024-07,18
2633,2024-11,16
2633,2024-12,26
2633,2025-02,12
2633,2025-03,18
2633,2025-05,-6
2633,2025-06,6
2633,2025-12,15
2633,2026-11,12
2635,2024-12,9
2636,2024-09,3
2636,2024-11,3
2636,2025-04,15
2636,2025-09,-3
2636,2025-12,3
2640,2024-09,3
2640,2024-11,3
2646,2024-04,66
2646,2024-08,27
2646,2024-09,24
2646,2024-11,78
2646,2025-05,36
2646,2025-12,30
2647,2024-04,276
2647,2024-05,6
2647,2024-08,129
2647,2024-09,24
2647,2024-10,30
2647,2024-11,114
2647,2025-10,89
2647,2025-11,30
2648,2024-08,27
2648,2024-09,24
2648,2024-10,-27
2648,2024-11,87
2648,2026-05,12
2648,2026-08,6
2653,2024-09,3
2653,2024-11,3
2653,2025-12,3
2654,2024-03,6
2654,2024-04,6
2654,2024-05,1
2654,2024-09,3
2654,2025-02,18
2654,2025-03,18
2654,2025-06,6
2654,2025-08,6
2654,2025-09,8
2654,2025-11,6
2654,2025-12,3
2654,2026-12,6
2655,2024-09,3
2655,2024-11,3
2656,2024-04,180
2656,2024-08,27
2656,2024-09,24
2656,2024-11,78
2656,2025-04,24
2656,2025-06,12
2656,2026-05,6
2656,2026-08,12
2656,2026-12,12
2658,2024-01,6
2658,2024-03,3
2658,2024-05,3
2658,2024-06,6
2658,2024-09,12
2658,2024-11,21
2658,2025-02,9
2658,2025-03,18
2658,2025-04,6
2658,2025-05,12
2658,2025-06,9
2658,2025-08,12
2658,2025-10,18
2658,2025-11,6
2659,2024-01,102
2659,2024-04,66
2659,2024-05,132
2659,2024-06,66
2659,2024-07,48
2659,2024-10,60
2659,2024-11,66
2659,2025-04,84
2659,2026-12,120
2662,2024-09,18
2662,2024-11,3
2662,2024-12,9
2663,2024-09,3
2663,2024-11,3
2665,2024-09,3
2665,2024-11,3
2665,2025-12,3
2665,2026-11,9
2666,2024-09,3
2666,2024-11,3
2666,2025-12,3
2666,2026-11,9
2670,2024-09,18
2670,2024-11,3
2670,2024-12,9
2674,2024-09,3
2674,2024-11,3
2674,2026-01,18
2675,2024-03,6
2675,2024-08,-3
2675,2024-09,3
2675,2024-11,45
2675,2025-03,24
2675,2025-09,30
2677,2024-10,15
2677,2024-11,3
2677,2024-12,9
2677,2025-03,24
2677,2025-10,24
2677,2025-12,15
2677,2026-09,24
2680,2024-09,3
2680,2024-11,3
2689,2024-02,36
2689,2024-03,13
2689,2024-04,42
2689,2024-05,57
2689,2024-08,-6
2689,2024-09,239
2689,2024-10,54
2689,2024-11,-6
2689,2025-01,86
2689,2025-02,70
2689,2025-03,96
2689,2025-06,36
2689,2025-08,81
2689,2025-11,1301
2689,2025-12,260
2689,2026-05,28
2689,2026-06,-6
2689,2026-09,78
2691,2024-02,24
2691,2024-05,9
2691,2024-07,60
2691,2024-09,3
2691,2024-11,3
2691,2024-12,24
2691,2025-02,12
2691,2026-05,42
2691,2026-06,-6
2692,2024-02,12
2692,2024-03,4
2692,2024-04,22
2692,2024-06,2
2692,2024-07,7
2692,2024-08,-4
2692,2024-09,3
2692,2024-10,4
2692,2024-11,6
2692,2024-12,2
2692,2025-04,50
2692,2025-06,49
2692,2025-10,0
2692,2025-11,3
2692,2025-12,3
2692,2026-05,1
2692,2026-10,-1
2693,2024-01,56
2693,2024-04,180
2693,2024-08,27
2693,2024-09,42
2693,2024-11,78
2693,2026-08,3
2693,2026-12,12
2698,2024-03,42
2698,2024-05,54
2698,2024-06,66
2698,2024-07,30
2698,2024-08,48
2698,2024-09,114
2698,2024-10,84
2698,2024-11,60
2698,2025-01,72
2698,2025-02,54
2698,2025-04,-48
2698,2025-06,36
2698,2025-07,36
2698,2025-08,60
2698,2025-10,18
2698,2026-01,-72
2698,2026-05,6
2698,2026-09,18
2698,2026-12,36
2699,2024-01,-18
2699,2024-02,12
2699,2024-05,6
2699,2024-11,66
2699,2024-12,9
2699,2025-03,24
2699,2025-12,9
2714,2024-05,18
2714,2024-06,12
2714,2024-07,6
2714,2024-09,21
2714,2025-03,22
2714,2025-04,12
2714,2025-06,2
2714,2025-08,26
2714,2025-11,36
2714,2026-05,45
2714,2026-09,60
2714,2026-12,24
2715,2024-02,6
2715,2024-04,6
2715,2024-06,6
2715,2024-09,3
2715,2024-11,3
2716,2024-05,72
2716,2024-07,24
2716,2024-09,24
2716,2024-12,9
2726,2024-09,3
2726,2024-11,3
2730,2024-09,3
2730,2024-11,3
2741,2024-09,3
2741,2024-11,3
2741,2025-03,6
2741,2025-05,6
2741,2025-11,6
2745,2024-09,3
2745,2024-11,3
2745,2024-12,3
2752,2024-12,48
2752,2025-01,48
2752,2025-07,30
2752,2025-10,66
2752,2025-11,48
2755,2024-12,3
2788,2024-01,18
2788,2024-03,7
2788,2024-04,30
2788,2024-05,36
2788,2024-06,24
2788,2024-07,24
2788,2024-08,12
2788,2024-10,12
2788,2024-11,18
2788,2024-12,18
2788,2025-02,18
2788,2025-03,24
2788,2025-04,12
2788,2025-05,18
2788,2025-06,18
2788,2025-07,54
2788,2025-08,6
2788,2025-09,12
2788,2025-10,6
2788,2025-11,45
2788,2025-12,30
2788,2026-06,30
2788,2026-09,18
2788,2026-10,18
2789,2024-12,9
2796,2024-04,204
2796,2024-06,12
2796,2024-08,24
2796,2024-09,120
2796,2024-10,15
2796,2025-01,6
2796,2025-05,48
2796,2025-07,66
2796,2025-08,42
2796,2025-10,264
2796,2025-11,1296
2796,2025-12,260
2796,2026-11,291
2799,2024-12,3
2799,2025-02,126
2799,2025-04,72
2799,2025-05,3
2799,2025-06,48
2799,2025-07,21
2799,2025-08,5
2799,2025-09,312
2799,2025-12,278
2799,2026-09,39
2802,2024-09,18
2802,2024-11,3
2802,2024-12,9
2802,2026-11,9
2804,2024-09,3
2804,2024-11,3
2804,2026-11,9
2805,2024-02,-6
2805,2024-04,180
2805,2024-08,207
2805,2024-09,48
2805,2024-11,54
2808,2024-09,3
2808,2024-11,3
2808,2025-03,12
2808,2025-06,6
2808,2025-09,6
2808,2025-10,-6
2808,2025-12,4
2808,2026-11,9
2809,2024-05,14
2809,2024-08,27
2809,2024-09,24
2809,2024-10,15
2809,2024-11,234
2809,2024-12,12
2809,2025-04,20
2809,2025-11,48
2809,2025-12,290
2809,2026-11,291
2824,2024-01,-3
2824,2024-02,12
2824,2024-12,9
2824,2025-02,6
2824,2025-06,55
2824,2025-07,42
2824,2026-04,6
2825,2024-09,3
2825,2024-11,3
2839,2024-11,3
2839,2024-12,12
2846,2024-09,3
2846,2024-11,3
2846,2026-11,9
2857,2024-02,6
2857,2024-03,12
2857,2024-04,180
2857,2024-06,66
2857,2024-07,52
2857,2024-08,57
2857,2024-09,-12
2857,2024-10,-6
2857,2024-11,76
2857,2025-01,48
2857,2025-02,6
2857,2025-04,18
2857,2025-05,2
2857,2025-06,18
2857,2025-09,6
2857,2025-10,18
2857,2025-11,24
2857,2025-12,6
2857,2026-03,57
2857,2026-07,12
2857,2026-10,36
2862,2024-06,6
2862,2024-07,6
2862,2024-08,6
2862,2024-12,-6
2862,2025-12,3
2882,2024-09,3
2882,2024-11,3
2882,2026-03,12
2883,2024-09,3
2883,2024-11,3
2886,2024-09,3
2886,2024-11,3
2890,2024-07,30
2890,2024-09,3
2890,2024-11,12
2890,2024-12,18
2896,2024-06,6
2896,2024-09,-3
2896,2024-11,9
2896,2025-01,12
2896,2025-03,12
2896,2025-07,6
2896,2025-11,12
2896,2025-12,6
2896,2026-03,12
2896,2026-05,-6
2896,2026-10,18
2911,2024-09,3
2911,2024-11,3
2918,2024-09,3
2918,2024-11,3
2918,2025-04,6
2918,2025-05,12
2918,2025-06,6
2918,2025-09,6
2924,2024-06,6
2924,2024-09,3
2924,2024-11,3
2927,2024-04,180
2927,2024-07,30
2927,2024-08,27
2927,2024-09,48
2927,2024-11,54
2953,2024-01,30
2953,2024-02,134
2953,2024-03,84
2953,2024-04,90
2953,2024-05,101
2953,2024-06,84
2953,2024-07,21
2953,2024-09,102
2953,2024-11,463
2953,2024-12,150
2953,2025-02,102
2953,2025-03,84
2953,2025-04,6
2953,2025-05,185
2953,2025-06,12
2953,2025-07,96
2953,2025-08,162
2953,2025-09,120
2953,2025-10,18
2953,2025-11,1266
2953,2025-12,204
2953,2026-01,54
2953,2026-04,77
2953,2026-07,66
2953,2026-08,60
2953,2026-11,135
2980,2024-04,180
2980,2024-08,27
2980,2024-09,24
2980,2024-11,78
2985,2024-01,27
2985,2024-03,5
2985,2024-04,30
2985,2024-05,12
2985,2024-07,42
2985,2024-09,18
2985,2024-10,6
2985,2024-11,24
2985,2024-12,28
2985,2025-02,12
2985,2025-03,54
2985,2025-04,18
2985,2025-06,12
2985,2025-07,12
2985,2025-08,0
2985,2025-09,36
2985,2025-10,22
2985,2025-11,54
2985,2025-12,12
2985,2026-05,12
2985,2026-08,15
2985,2026-12,18
2986,2024-09,24
2986,2024-11,12
2986,2024-12,99
2986,2025-08,36
2993,2024-12,9
3011,2024-02,30
3011,2024-05,12
3011,2024-11,42
3011,2025-03,54
3011,2025-04,12
3011,2025-05,18
3011,2025-07,31
3011,2025-09,18
3011,2025-10,18
3011,2025-11,12
3011,2025-12,6
3011,2026-02,9
3011,2026-05,6
3011,2026-08,6
3011,2026-09,13
3026,2024-12,9
3026,2025-02,-30
3032,2024-12,3
3069,2024-02,6
3069,2024-03,6
3069,2024-07,6
3069,2024-09,18
3069,2024-10,12
3069,2024-12,21
3069,2025-01,6
3069,2025-03,6
3069,2025-08,12
3069,2025-10,6
3069,2025-11,6
3069,2026-06,12
3069,2026-09,30
3073,2024-12,9
3075,2025-09,36
3075,2025-12,24
3075,2026-02,12
3093,2024-12,9
3111,2024-12,9
3118,2024-09,3
3118,2024-11,3
3118,2024-12,27
3121,2024-02,12
3121,2024-04,30
3121,2024-09,36
3121,2024-11,-24
3121,2025-03,36
3121,2025-09,36
3121,2025-10,24
3121,2026-01,-6
3121,2026-02,24
3123,2024-02,120
3123,2024-03,36
3123,2024-04,162
3123,2024-05,108
3123,2024-07,-6
3123,2024-09,78
3123,2024-11,54
3123,2025-04,12
3123,2025-09,153
3123,2026-02,42
3123,2026-06,66
3143,2024-09,3
3143,2024-11,3
3144,2024-12,9
3149,2024-01,3
3149,2024-04,3
3149,2024-05,3
3149,2024-12,3
3149,2025-02,9
3149,2025-03,21
3149,2025-04,21
3149,2025-05,3
3149,2025-07,6
3149,2025-08,24
3149,2025-10,27
3149,2025-11,18
3149,2026-01,6
3149,2026-05,12
3149,2026-09,21
3149,2026-12,9
3166,2024-02,6
3166,2024-04,180
3166,2024-05,6
3166,2024-08,27
3166,2024-09,24
3166,2024-11,78
3166,2024-12,36
3166,2025-07,3
3166,2025-09,6
3227,2024-09,3
3227,2024-11,3
3238,2024-12,12
3276,2024-09,15
3289,2024-09,3
3289,2024-11,3
3296,2024-10,15
3296,2024-11,3
3296,2024-12,9
3325,2024-09,3
3325,2024-11,3
3325,2024-12,3
3327,2024-01,12
3327,2024-05,18
3327,2024-08,27
3327,2024-09,-6
3327,2024-11,276
3327,2025-01,-12
3327,2025-04,36
3327,2025-05,6
3327,2025-06,36
3327,2025-07,42
3327,2025-08,12
3327,2025-10,0
3327,2025-11,18
3327,2025-12,278
3327,2026-02,24
3327,2026-06,9
3327,2026-11,291
3354,2024-09,3
3354,2024-11,3
3354,2024-12,27
3367,2024-05,12
3367,2024-09,3
3367,2024-11,3
3367,2025-06,24
3378,2024-09,3
3378,2024-11,3
3378,2025-03,3
3378,2025-12,3
3415,2024-05,12
3415,2024-07,3
3415,2024-10,15
3415,2024-11,3
3415,2024-12,9
3436,2024-12,3
3442,2024-09,3
3442,2024-11,3
3458,2024-04,6
3458,2024-05,24
3458,2024-07,36
3458,2025-01,-24
3458,2025-02,96
3458,2025-04,12
3458,2025-09,96
3458,2025-10,18
3458,2025-11,96
3458,2025-12,30
3458,2026-01,36
3458,2026-05,102
3458,2026-08,48
3458,2026-09,6
3458,2026-12,42
3500,2024-08,27
3500,2024-10,-27
3501,2024-04,180
3501,2024-08,207
3502,2024-04,180
3502,2024-08,27
3502,2024-09,48
3502,2024-11,54
3506,2024-08,27
3506,2024-10,-27
3515,2024-10,15
3515,2025-12,260
3517,2024-10,15
3520,2024-08,27
3520,2024-09,24
3520,2024-10,-27
3520,2024-11,78
3522,2024-08,27
3522,2024-09,24
3522,2024-10,-27
3522,2024-11,78
3522,2026-01,6
3524,2026-09,36
3532,2024-10,6
3532,2024-12,9
3533,2024-12,3
3533,2025-07,6
3536,2024-08,27
3536,2024-09,24
3536,2024-11,54
3562,2024-12,12
3566,2025-02,98
3566,2025-07,120
3566,2025-11,72
3566,2026-03,48
3570,2024-09,3
3570,2024-11,3
3570,2026-11,9
3611,2024-09,3
3611,2024-11,3
3611,2024-12,3
3611,2025-10,6
3622,2024-01,12
3622,2024-04,15
3622,2024-05,15
3622,2024-06,12
3622,2024-07,12
3622,2024-12,12
3622,2025-01,9
3622,2025-02,12
3622,2025-03,18
3622,2025-04,18
3622,2025-05,12
3622,2025-06,15
3622,2025-07,18
3622,2025-08,6
3622,2025-09,18
3622,2026-03,-12
3622,2026-06,21
3622,2026-10,0
3641,2024-12,3
3645,2024-04,180
3645,2024-08,27
3645,2024-09,24
3645,2024-11,78
3645,2026-05,18
3672,2024-05,9
3672,2024-11,3
3672,2024-12,9
3672,2025-02,12
3672,2025-08,6
3672,2025-12,12
3673,2024-12,9
3700,2024-12,3
4005,2024-02,12
4005,2024-04,12
4005,2024-12,9
4371,2024-12,3
4400,2024-06,6
4400,2024-12,3
4405,2024-12,3
4440,2024-12,3
4457,2024-01,36
4457,2024-02,42
4457,2024-03,66
4457,2024-06,18
4457,2024-07,51
4457,2024-11,54
4457,2025-09,18
4457,2025-11,36
4457,2025-12,198
4457,2026-02,12
4457,2026-06,24
4457,2026-09,36
4463,2024-01,60
4463,2024-02,54
4463,2024-04,6
4463,2024-05,18
4463,2024-06,6
4463,2024-07,25
4463,2024-08,-6
4463,2024-09,7
4463,2024-10,8
4463,2024-11,24
4463,2025-03,54
4463,2025-04,60
4463,2025-05,63
4463,2025-08,24
4463,2025-09,-12
4463,2025-10,56
4463,2025-11,6
4463,2025-12,72
4463,2026-02,72
4463,2026-06,54
4463,2026-09,0
4467,2024-08,27
4467,2024-09,24
4467,2024-11,54
4467,2025-12,198
4470,2024-12,3
4471,2024-06,6
4471,2024-11,6
4471,2024-12,3
4473,2024-08,27
4473,2024-09,24
4473,2024-11,54
4480,2024-02,3
4480,2024-12,3
4491,2024-12,3
4499,2024-12,3
4519,2024-03,12
4519,2024-04,6
4519,2024-07,9
4519,2024-09,24
4519,2025-01,6
4519,2025-02,12
4519,2025-12,198
4519,2026-06,6
4519,2026-10,12
4649,2024-07,1
4649,2024-11,-1
4649,2024-12,3
4687,2024-12,3
4719,2025-12,3
7003,2024-11,12
7003,2024-12,27
7009,2024-11,12
7009,2024-12,18
7009,2026-11,9
7010,2024-06,9
7020,2024-12,18
7020,2025-01,-6
7025,2024-12,12
7025,2025-01,-3
7026,2024-11,12
7034,2024-12,42
7034,2025-01,-3
7035,2024-12,18
7035,2025-01,-3
7036,2024-11,12
7038,2024-11,12
7038,2024-12,18
7038,2026-11,9
7040,2024-12,30
7040,2025-01,-3
7044,2024-11,12
7044,2024-12,27
7052,2024-12,12
7052,2025-01,-3
7070,2024-11,12
7070,2024-12,18
7070,2026-11,9
7089,2024-11,12
7089,2026-11,9
7110,2024-11,12
7110,2024-12,21
7132,2024-03,6
7132,2024-12,12
7143,2024-12,12
7143,2025-01,-3
7152,2024-07,12
7152,2024-12,12
7152,2025-01,-3
7163,2024-12,12
7163,2025-01,-3
7171,2024-08,27
7171,2024-10,-27
7188,2024-12,12
7188,2025-01,-3
7191,2024-06,9
7196,2024-11,12
7196,2024-12,27
7196,2025-01,6
7196,2025-06,9
7197,2024-12,12
7197,2025-01,-3
7205,2024-11,12
7205,2024-12,27
7211,2024-12,30
7211,2025-01,-3
7211,2025-07,6
7212,2024-12,30
7212,2025-01,-3
7215,2024-12,30
7215,2025-01,-3
7216,2024-12,30
7216,2025-01,-3
7217,2024-02,3
7217,2024-04,3
7217,2024-07,6
7217,2024-11,6
7217,2024-12,12
7217,2025-01,-3
7218,2024-12,30
7218,2025-01,-3
7219,2024-02,33
7219,2024-03,48
7219,2024-04,48
7219,2024-05,-12
7219,2024-06,30
7219,2024-08,30
7219,2024-10,30
7219,2024-11,18
7219,2025-02,36
7219,2025-04,42
7219,2025-05,12
7219,2025-06,357
7219,2025-08,54
7219,2025-09,6
7219,2025-11,2051
7219,2025-12,30
7219,2026-03,30
7219,2026-06,21
7219,2026-10,30
7221,2024-04,6
7221,2024-05,6
7221,2025-12,3
7223,2024-12,30
7223,2025-01,-3
7224,2024-11,12
7224,2024-12,27
7225,2024-12,30
7225,2025-01,-3
7229,2024-01,6
7229,2024-02,6
7229,2024-03,6
7229,2024-10,6
7229,2024-11,12
7229,2024-12,6
7229,2025-11,6
7229,2026-02,6
7229,2026-05,6
7232,2024-11,12
7232,2024-12,21
7233,2024-11,12
7238,2024-12,12
7240,2024-01,6
7240,2024-02,12
7240,2024-03,6
7240,2024-04,12
7240,2024-05,24
7240,2024-06,6
7240,2024-10,6
7240,2024-11,12
7240,2024-12,6
7240,2025-01,-6
7240,2025-06,6
7240,2025-11,24
7240,2026-01,6
7240,2026-05,6
7240,2026-12,12
7244,2024-01,24
7244,2024-04,6
7244,2024-05,12
7244,2024-08,42
7244,2024-09,6
7244,2024-11,6
7244,2024-12,13
7245,2024-12,12
7245,2025-12,3
7247,2024-12,12
7247,2025-01,-3
7248,2024-11,12
7248,2024-12,27
7248,2025-03,6
7248,2026-05,12
7250,2024-12,15
7254,2024-11,12
7254,2024-12,27
7256,2024-11,12
7256,2024-12,27
7258,2024-11,12
7258,2024-12,21
7258,2025-01,-9
7258,2025-03,12
7258,2025-04,9
7258,2025-05,6
7258,2026-06,6
7260,2025-01,-6
7262,2024-12,12
7262,2025-01,-6
7265,2024-11,12
7267,2024-12,12
7267,2025-01,-3
7268,2024-12,27
7268,2025-01,-3
7271,2024-12,12
7271,2025-01,-3
7275,2024-12,3
7275,2025-01,-3
7279,2024-12,12
7279,2025-01,-6
7281,2024-11,12
7281,2024-12,18
7288,2024-08,6
7288,2024-12,12
7288,2025-01,-3
7289,2024-12,12
7289,2025-01,-3
7294,2024-12,12
7294,2025-01,-3
7299,2024-12,12
7299,2025-01,-3
7306,2024-08,12
7306,2024-12,36
7306,2025-01,-6
7306,2025-03,12
7306,2025-06,12
7306,2025-08,15
7306,2025-10,6
7306,2025-12,12
7312,2024-08,27
7312,2024-10,-27
7314,2024-12,12
7314,2025-01,-3
7317,2024-12,12
7317,2025-01,-3
7327,2024-12,12
7327,2025-01,-3
7331,2024-11,12
7331,2024-12,27
7334,2024-11,12
7334,2024-12,18
7345,2024-11,12
7345,2024-12,18
7346,2024-03,12
7346,2024-12,12
7346,2025-01,-3
7348,2024-12,12
7348,2025-01,-3
7351,2024-12,12
7351,2025-01,-3
7354,2025-01,-6
7356,2024-04,72
7356,2024-05,168
7356,2024-11,150
7360,2025-01,-6
7360,2026-11,9
7369,2024-06,9
7377,2024-12,12
7377,2025-01,-3
7382,2024-12,12
7382,2025-01,-3
7385,2024-04,2
7385,2024-12,12
7385,2025-01,-3
7386,2024-08,27
7386,2024-10,-27
7395,2024-12,12
7395,2025-01,-3
7398,2024-12,12
7398,2025-01,-3
7398,2025-08,6
7409,2024-01,12
7409,2024-12,12
7409,2025-01,-3
7412,2024-03,6
7412,2024-06,12
7412,2024-11,12
7413,2024-11,12
7413,2024-12,18
7413,2026-11,9
7416,2024-03,12
7416,2024-11,6
7416,2024-12,12
7416,2025-01,-3
7417,2024-11,12
7417,2024-12,27
7423,2024-11,12
7423,2024-12,30
7423,2025-03,12
7423,2026-09,12
7427,2024-12,12
7427,2025-01,-3
7442,2024-11,12
7445,2024-04,36
7445,2024-05,18
7445,2024-07,24
7451,2024-11,12
7451,2024-12,18
7460,2024-11,12
7460,2024-12,18
7461,2024-11,12
7461,2024-12,12
7464,2024-11,12
7469,2024-10,18
7469,2024-12,12
7469,2025-01,-3
7474,2024-12,27
7474,2025-01,-3
7476,2024-12,12
7476,2025-01,-3
7477,2024-08,27
7477,2024-10,-27
7481,2025-01,-6
7482,2024-08,27
7482,2024-10,-27
7484,2024-11,12
7484,2024-12,18
7485,2024-11,12
7485,2024-12,18
7496,2024-06,9
7502,2024-12,12
7502,2025-01,-3
7503,2024-12,12
7503,2025-01,-3
7504,2024-06,9
7507,2024-12,12
7507,2025-01,-3
7509,2024-11,12
7509,2024-12,27
7510,2024-10,6
7510,2024-12,12
7510,2025-01,-3
7511,2024-08,12
7511,2024-12,12
7513,2024-11,12
7513,2024-12,27
7518,2024-10,12
7518,2024-11,12
7518,2026-11,9
7520,2024-11,12
7520,2024-12,18
7520,2026-11,9
7521,2024-11,12
7521,2026-11,9
7522,2024-02,12
7522,2024-03,6
7522,2024-08,6
7522,2024-11,6
7522,2026-11,9
7523,2024-11,12
7523,2024-12,18
7523,2026-11,9
7524,2024-11,12
7524,2024-12,27
7525,2024-06,9
7526,2024-01,6
7526,2024-10,12
7526,2024-11,6
7526,2026-11,9
7533,2024-11,12
7533,2026-11,9
7546,2024-12,12
7546,2025-01,-3
7548,2024-01,6
7548,2024-02,6
7548,2025-01,-3
7553,2025-01,-6
7558,2024-11,12
7558,2024-12,27
7565,2024-11,12
7565,2024-12,27
7569,2024-11,12
7569,2024-12,18
7569,2025-01,-3
7569,2026-11,9
7570,2024-01,6
7570,2024-11,12
7570,2025-01,-3
7570,2026-11,9
7573,2024-12,18
7576,2024-11,12
7577,2024-11,12
7577,2025-01,-3
7577,2026-11,9
7580,2025-01,-6
7588,2025-01,-3
7588,2025-02,12
7588,2025-04,24
7588,2025-06,24
7588,2026-05,12
7588,2026-09,54
7588,2026-12,48
7589,2024-12,27
7589,2025-01,-3
7589,2025-08,6
7590,2024-08,27
7590,2024-10,-27
7596,2024-12,27
7596,2025-01,-3
7600,2024-02,6
7600,2024-03,12
7600,2024-05,12
7600,2024-12,12
7600,2025-01,-3
7600,2025-09,12
7600,2026-08,6
7601,2024-12,27
7601,2025-01,-3
7602,2024-04,12
7602,2024-05,18
7602,2024-09,6
7602,2024-10,18
7602,2025-03,12
7602,2025-04,12
7602,2025-06,12
7602,2025-12,21
7602,2026-02,30
7602,2026-06,12
7604,2024-03,6
7604,2024-05,9
7604,2024-07,6
7604,2024-12,12
7604,2025-01,-3
7608,2025-01,-3
7608,2025-10,6
7608,2026-09,-6
7608,2026-12,6
7616,2024-11,12
7616,2024-12,18
7619,2024-08,6
7619,2024-12,12
7619,2025-01,-3
7622,2024-02,60
7622,2024-05,24
7622,2024-06,6
7622,2024-07,6
7622,2024-11,6
7622,2025-02,6
7622,2025-10,3
7622,2025-12,3
7628,2024-11,12
7628,2024-12,18
7628,2025-01,-3
7628,2026-11,9
7629,2024-11,12
7629,2024-12,18
7629,2025-01,-3
7629,2026-11,9
7632,2024-11,12
7632,2024-12,18
7635,2024-12,12
7635,2025-01,-3
7644,2024-11,12
7644,2024-12,27
7646,2024-12,27
7646,2025-01,-3
7654,2025-01,-3
7654,2025-02,24
7654,2025-07,18
7658,2024-12,12
7658,2025-01,-3
7661,2024-06,9
7664,2024-11,12
7664,2024-12,18
7664,2026-11,9
7671,2024-12,12
7671,2025-01,-3
7683,2024-08,27
7683,2024-10,-27
7685,2024-09,12
7685,2024-11,12
7685,2025-01,-3
7685,2025-08,24
7690,2024-06,9
7702,2024-11,12
7702,2024-12,27
7715,2025-01,-3
7720,2026-11,24
7746,2024-12,12
7746,2025-01,-3
7800,2024-11,12
7800,2024-12,27
7827,2024-09,15
7830,2024-09,15
7830,2024-12,24
7832,2024-04,3
7832,2024-12,3
7832,2025-11,3
7833,2024-10,18
7833,2025-01,-6
7833,2025-06,-6
7833,2025-10,6
7833,2025-12,9
7833,2026-02,-6
7833,2026-04,6
7833,2026-10,-6
7835,2024-01,-42
7835,2024-04,5
7836,2024-12,24
7837,2026-06,12
7837,2026-10,21
7844,2024-09,15
7845,2024-12,24
7846,2024-09,15
7847,2024-04,96
7847,2024-09,15
7847,2025-03,60
7847,2025-06,42
7847,2025-08,78
7847,2025-09,24
7847,2026-06,30
7847,2026-10,118
7848,2024-12,24
7849,2024-12,24
7850,2024-09,15
7851,2024-09,15
7852,2024-09,15
7853,2024-09,15
7854,2024-09,15
7855,2024-09,15
7856,2024-12,24
7857,2024-12,24
7857,2025-06,18
7857,2025-10,-18
7857,2026-10,18
7858,2024-09,15
7859,2024-09,15
7860,2024-12,36
7861,2025-09,6
7863,2024-09,15
7863,2025-05,-12
7863,2025-07,12
7863,2025-09,12
7863,2025-11,6
7863,2025-12,6
7863,2026-12,18
7865,2024-09,15
7866,2024-09,15
7867,2024-06,30
7867,2024-12,-3
7868,2024-12,24
7869,2024-04,12
7869,2025-02,3
7869,2025-03,6
7869,2025-10,6
7869,2025-11,24
7869,2025-12,18
7869,2026-11,6
7873,2024-06,27
7874,2024-03,24
7874,2024-04,90
7874,2024-09,15
7874,2024-12,24
7875,2024-03,20
7875,2024-05,12
7875,2024-12,12
7877,2024-09,15
7877,2024-12,24
7878,2024-09,15
7878,2024-12,24
7881,2024-09,15
7881,2024-12,24
7882,2025-11,20
7882,2026-10,12
7884,2024-09,15
7884,2024-12,24
7885,2025-08,24
7886,2024-09,15
7886,2024-12,24
7892,2024-09,15
7892,2025-01,15
7892,2025-11,180
7893,2025-03,6
7893,2025-09,6
7893,2025-10,9
7893,2025-12,-6
7894,2024-09,15
7896,2024-09,15
7897,2024-12,24
7898,2024-09,15
7899,2024-09,15
7900,2024-09,15
7900,2025-04,18
7900,2025-06,26
7900,2025-09,-6
7901,2024-03,6
7901,2024-05,12
7901,2024-07,12
7901,2024-09,15
7901,2024-10,24
7901,2024-11,36
7901,2025-02,-12
7901,2025-03,51
7901,2025-08,24
7901,2025-09,155
7901,2025-12,36
7901,2026-06,156
7901,2026-10,6
7902,2024-09,15
7902,2025-06,9
7903,2024-09,15
7904,2024-04,6
7904,2024-08,10
7904,2024-09,18
7904,2024-12,-4
7904,2025-03,8
7904,2025-04,20
7904,2025-05,10
7904,2025-07,12
7904,2025-10,8
7904,2025-12,18
7905,2024-09,15
7906,2024-09,15
7907,2024-06,9
7908,2024-09,15
7909,2024-02,-12
7909,2024-09,15
7909,2025-04,3
7910,2024-09,15
7911,2024-09,15
7912,2024-06,9
7912,2025-03,12
7912,2025-05,24
7912,2025-07,6
7912,2025-10,12
7912,2025-11,-6
7912,2026-05,12
7913,2024-02,12
7913,2024-05,12
7913,2024-09,15
7913,2024-12,24
7913,2025-01,0
7913,2025-02,7
7913,2025-04,2
7913,2025-08,15
7913,2025-10,36
7913,2025-12,18
7913,2026-06,48
7914,2024-06,9
7915,2024-06,9
7916,2024-06,9
7917,2024-03,6
7917,2024-09,15
7918,2024-06,9
7919,2024-12,24
7919,2025-04,18
7919,2025-07,6
7919,2025-10,12
7919,2025-11,12
7919,2026-06,24
7919,2026-10,12
7920,2024-12,24
7921,2024-03,37
7921,2024-04,18
7921,2024-05,18
7921,2024-09,42
7921,2024-10,6
7921,2024-11,30
7921,2025-01,0
7921,2025-04,12
7921,2025-06,-18
7921,2025-07,36
7921,2025-08,24
7921,2025-10,18
7921,2025-11,34
7921,2025-12,6
7921,2026-10,90
7922,2024-06,9
7923,2024-06,9
7924,2024-06,9
7925,2024-06,9
7925,2025-04,12
7926,2024-06,9
7927,2024-06,9
7928,2024-01,36
7928,2024-05,21
7928,2024-09,6
7928,2024-12,24
7928,2025-10,36
7929,2024-12,24
7930,2024-12,21
7931,2024-09,15
7931,2025-11,6
7932,2024-05,24
7932,2024-07,12
7932,2024-10,-24
7932,2025-07,24
7932,2025-09,48
7932,2025-11,12
7932,2026-06,18
7932,2026-10,12
7934,2024-04,24
7934,2024-09,15
7934,2024-12,24
7934,2025-05,96
7934,2025-07,24
7938,2024-09,6
7938,2024-11,12
7939,2025-03,18
7939,2025-04,33
7939,2025-09,27
7939,2025-10,6
7939,2025-11,12
7939,2025-12,18
7939,2026-05,24
7939,2026-06,36
7939,2026-10,42
7941,2024-12,24
7942,2024-12,24
7943,2024-12,27
7944,2024-12,24
7947,2024-11,48
7947,2024-12,24
7947,2025-07,30
7949,2024-12,24
7950,2024-12,24
7952,2024-12,24
7954,2024-12,24
7955,2025-01,-48
7955,2025-02,-51
7955,2025-04,28
7955,2025-07,99
7955,2025-11,6
7955,2026-05,21
7955,2026-06,12
7956,2024-12,24
7956,2025-03,30
7956,2025-09,-6
7956,2025-10,12
7957,2024-12,24
7958,2024-12,24
7958,2025-03,6
7959,2024-01,6
7960,2024-12,24
7961,2024-09,15
7961,2024-12,24
7962,2024-09,15
7964,2024-08,36
7966,2024-02,6
7966,2024-04,12
7966,2025-06,6
7966,2025-10,18
7968,2024-12,24
7968,2026-10,15
7969,2024-05,12
7969,2024-12,-12
7971,2025-07,6
7974,2024-05,18
7974,2024-10,18
7974,2025-06,6
7976,2024-09,15
7976,2024-12,24
7978,2024-09,15
7978,2024-12,24
7979,2024-01,48
7979,2024-02,-48
7979,2024-04,42
7979,2024-12,30
7979,2025-02,84
7979,2025-03,42
7979,2025-06,183
7979,2025-09,66
7979,2026-01,-57
7979,2026-05,30
7979,2026-06,48
7979,2026-08,51
7980,2024-02,-6
7980,2024-03,12
7980,2024-09,15
7980,2024-12,42
7980,2025-02,18
7980,2025-06,45
7980,2025-12,15
7980,2026-01,-24
7980,2026-08,30
7981,2024-09,15
7981,2024-12,24
7983,2024-12,12
7984,2024-09,15
7986,2024-09,15
7986,2024-12,24
7988,2024-12,3
7988,2025-09,12
7989,2024-09,15
7989,2024-12,24
7990,2024-02,-6
7990,2024-04,12
7990,2024-09,15
7990,2024-11,12
7992,2024-12,6
7992,2025-06,30
7992,2025-09,6
7992,2025-12,18
7994,2024-11,34
7999,2024-09,15
7999,2024-12,24
8000,2024-05,1
8005,2024-06,9
8005,2025-07,12
8006,2025-03,53
8006,2025-07,24
8006,2026-02,12
8006,2026-06,24
8006,2026-07,18
8006,2026-10,-24
8006,2026-12,6
8008,2025-01,62
8008,2025-02,12
8008,2025-03,66
8008,2025-06,60
8008,2025-07,36
8008,2025-08,78
8008,2025-09,43
8008,2025-12,51
8008,2026-02,30
8008,2026-03,55
8008,2026-06,11
8008,2026-07,33
8008,2026-10,71
8008,2026-12,42
8009,2025-02,-12
8009,2025-03,12
8009,2025-06,12
8009,2025-07,6
8009,2025-08,12
8009,2026-01,-30
8009,2026-07,24
8009,2026-10,42
8010,2024-03,132
8010,2024-06,9
8010,2024-11,96
8010,2025-01,54
8010,2025-03,72
8010,2025-04,276
8010,2025-05,72
8010,2025-06,72
8010,2025-07,54
8010,2025-08,60
8010,2025-09,234
8010,2026-02,45
8010,2026-03,105
8010,2026-06,42
8010,2026-07,37
8010,2026-09,300
8010,2026-10,97
8010,2026-12,12
8011,2024-06,9
8011,2025-04,180
8011,2025-05,228
8011,2025-06,78
8011,2025-08,78
8011,2025-10,-78
8012,2024-12,24
8013,2025-10,6
8020,2026-04,-24
8020,2026-06,18
8021,2024-09,15
8021,2025-01,12
8021,2025-03,6
8021,2025-05,18
8021,2025-06,12
8021,2025-12,186
8021,2026-06,6
8021,2026-10,6
8024,2025-02,12
8024,2025-03,12
8024,2025-07,12
8024,2025-10,-12
8027,2026-10,18
8028,2024-12,24
8029,2024-03,102
8029,2024-08,36
8029,2024-11,66
8029,2025-02,-12
8029,2025-03,84
8029,2025-06,126
8029,2025-07,136
8029,2025-10,664
8029,2025-11,156
8035,2024-12,24
8035,2025-06,4
8035,2025-11,18
8035,2026-10,48
8036,2024-12,24
8036,2025-03,21
8038,2024-12,24
8039,2024-12,24
8040,2024-03,9
8040,2024-06,15
8040,2025-04,9
8040,2025-05,27
8040,2025-06,9
8040,2025-09,6
8040,2025-10,9
8040,2025-11,18
8040,2026-01,-12
8040,2026-03,12
8040,2026-06,24
8040,2026-10,54
8041,2024-12,24
8042,2024-12,24
8042,2026-03,12
8042,2026-05,15
8048,2024-01,-8
8048,2024-12,24
8049,2024-05,18
8049,2024-09,15
8049,2024-12,24
8049,2025-02,18
8049,2025-03,48
8049,2025-04,45
8049,2025-06,6
8049,2025-07,61
8049,2025-09,-18
8049,2025-10,15
8049,2025-12,15
8049,2026-02,-33
8049,2026-03,30
8049,2026-10,39
8050,2024-08,24
8059,2024-12,24
8059,2025-12,18
8065,2024-12,12
8066,2024-12,12
8067,2024-12,12
8068,2024-12,12
8068,2025-02,36
8068,2025-03,36
8068,2025-05,1
8068,2025-06,60
8068,2025-07,120
8068,2025-09,90
8068,2026-09,300
8068,2026-10,30
8069,2024-12,12
8070,2024-12,12
8071,2024-12,12
8072,2024-12,12
8073,2024-12,12
8074,2024-12,12
8074,2025-05,6
8074,2025-10,12
8075,2024-12,12
8075,2025-06,18
8075,2025-10,12
8075,2026-03,6
8076,2024-12,12
8077,2024-08,-60
8077,2024-12,12
8077,2025-01,180
8077,2025-03,180
8077,2025-04,180
8077,2025-05,360
8077,2025-06,582
8077,2025-07,270
8077,2025-12,750
8077,2026-02,-900
8077,2026-07,900
8077,2026-10,900
8078,2024-12,12
8079,2024-12,12
8080,2024-12,12
8081,2024-12,12
8081,2025-05,6
8082,2024-12,12
8083,2024-12,12
8083,2025-01,12
8084,2024-12,12
8084,2025-02,36
8084,2025-04,69
8084,2025-12,54
8084,2026-02,45
8084,2026-06,81
8084,2026-12,57
8085,2024-12,12
8086,2024-12,12
8087,2024-12,12
8087,2025-06,12
8087,2025-11,12
8087,2026-04,24
8087,2026-07,12
8087,2026-09,12
8087,2026-12,24
8088,2024-10,60
8088,2024-12,12
8088,2025-02,24
8088,2025-05,12
8088,2025-06,24
8088,2025-11,12
8088,2026-02,30
8088,2026-07,24
8088,2026-12,24
8089,2024-02,18
8089,2024-05,36
8089,2024-12,12
8089,2025-05,18
8089,2025-12,6
8090,2024-12,12
8091,2024-12,12
8092,2024-12,12
8092,2025-02,6
8092,2025-05,24
8092,2025-06,18
8092,2025-07,8
8092,2025-08,6
8092,2025-10,6
8092,2025-12,6
8092,2026-02,-6
8092,2026-03,24
8093,2024-12,12
8094,2024-12,12
8095,2024-12,12
8096,2024-12,12
8097,2024-12,12
8098,2024-12,12
8099,2024-12,12
8100,2024-12,12
8101,2024-06,276
8101,2024-07,30
8101,2024-12,12
8102,2024-12,12
8103,2024-12,12
8104,2024-12,12
8105,2024-12,12
8106,2024-12,12
8106,2025-03,12
8106,2025-06,12
8106,2025-09,-12
8107,2024-12,12
8108,2024-12,12
8109,2024-04,42
8109,2024-12,12
8109,2025-08,24
8110,2024-12,12
8110,2025-11,18
8110,2025-12,12
8111,2024-12,12
8112,2024-12,12
8112,2025-01,6
8112,2025-05,24
8112,2025-11,18
8112,2026-04,24
8113,2024-12,12
8114,2024-12,12
8115,2024-12,12
8116,2024-12,12
8117,2024-12,12
8118,2024-12,12
8118,2025-04,12
8118,2025-05,12
8118,2025-06,18
8118,2025-07,33
8118,2025-09,-12
8118,2025-10,15
8118,2025-12,12
8119,2024-12,12
8120,2024-12,12
8121,2024-12,12
8121,2025-06,6
8121,2026-10,9
8122,2024-12,12
8123,2024-12,12
8124,2024-12,12
8125,2024-02,900
8125,2024-03,900
8125,2024-04,600
8125,2024-09,49
8125,2024-10,12
8125,2024-11,906
8125,2024-12,91
8125,2025-03,360
8125,2025-04,180
8125,2025-05,576
8125,2025-06,27
8125,2025-10,54
8125,2025-11,300
8125,2025-12,48
8125,2026-02,-360
8125,2026-03,30
8125,2026-06,111
8125,2026-09,480
8125,2026-10,390
8126,2024-12,12
8127,2024-12,12
8128,2024-12,12
8128,2025-04,12
8128,2025-11,30
8129,2024-12,12
8130,2024-12,12
8131,2024-12,12
8131,2026-03,6
8131,2026-06,6
8132,2024-12,12
8133,2024-12,12
8133,2025-04,12
8133,2026-06,12
8133,2026-10,6
8134,2024-12,12
8134,2025-03,12
8134,2025-06,12
8134,2025-10,6
8134,2025-11,12
8134,2025-12,12
8135,2024-12,12
8136,2024-12,12
8136,2025-02,6
8136,2026-03,36
8137,2024-12,144
8138,2024-12,12
8138,2025-10,6
8139,2024-03,900
8139,2024-05,168
8139,2024-10,300
8139,2024-12,42
8139,2025-01,42
8139,2025-03,405
8139,2025-04,0
8139,2025-05,225
8139,2025-10,60
8139,2025-11,45
8139,2025-12,45
8139,2026-02,-177
8139,2026-06,300
8139,2026-09,180
8139,2026-10,351
8140,2024-12,12
8140,2025-03,12
8140,2025-04,6
8140,2025-06,6
8140,2025-07,18
8140,2025-10,6
8140,2026-07,9
8140,2026-09,3
8140,2026-10,12
8141,2024-12,12
8141,2026-10,12
8142,2024-12,12
8143,2024-12,12
8144,2024-12,12
8144,2025-06,12
8144,2025-12,12
8145,2024-12,12
8145,2025-04,21
8145,2025-05,6
8146,2024-02,153
8146,2024-12,126
8146,2025-02,120
8146,2025-03,90
8146,2025-12,96
8146,2026-10,48
8147,2024-01,132
8147,2024-05,-36
8147,2024-10,276
8147,2025-01,-180
8147,2025-02,282
8147,2025-03,60
8147,2025-04,360
8147,2025-05,810
8147,2025-10,120
8147,2025-11,96
8147,2026-02,-180
8147,2026-10,180
8156,2025-05,12
8156,2025-10,18
8157,2025-05,6
8157,2025-06,12
8157,2025-10,6
8157,2025-11,-12
8157,2026-03,12
8157,2026-07,6
8157,2026-09,6
8161,2025-02,54
8161,2025-04,24
8161,2026-09,42
8161,2026-10,48
8163,2025-04,6
8163,2025-06,18
8164,2025-03,3
8167,2025-01,3
8169,2025-01,12
8169,2025-06,-12
8170,2024-09,15
8170,2025-03,360
8170,2025-04,180
8170,2025-05,180
8170,2025-07,210
8170,2025-11,180
8170,2025-12,150
8170,2026-02,900
8173,2024-09,15
8173,2025-07,12
8173,2025-08,12
8174,2024-09,15
8176,2025-01,15
8176,2025-02,6
8176,2025-03,24
8176,2025-08,31
8176,2025-11,1
8176,2025-12,5
8176,2026-02,6
8176,2026-09,12
8177,2024-09,15
8178,2024-09,15
8178,2025-12,6
8179,2024-09,15
8180,2024-09,15
8181,2024-09,15
8183,2025-03,12
8183,2025-04,18
8183,2026-01,-15
8183,2026-04,-6
8183,2026-07,18
8185,2024-09,15
8186,2026-03,18
8186,2026-07,12
8188,2025-06,18
8188,2025-12,42
8188,2026-03,6
8190,2024-09,15
8192,2025-11,6
8192,2026-04,12
8192,2026-07,9
8192,2026-12,-3
8194,2025-05,12
8194,2025-06,6
8194,2026-07,9
8195,2025-02,18
8195,2025-03,3
8195,2025-06,40
8195,2025-08,6
8195,2025-11,30
8195,2026-01,-12
8195,2026-02,-18
8195,2026-04,6
8195,2026-07,12
8195,2026-12,12
8197,2025-02,27
8197,2025-06,180
8197,2025-08,24
8197,2025-10,12
8197,2025-11,42
8197,2026-03,30
8197,2026-07,48
8197,2026-12,66
8201,2025-05,21
8201,2025-07,24
8202,2024-09,15
8203,2025-02,18
8203,2025-06,15
8205,2025-07,12
8205,2025-09,12
8205,2025-10,-12
8205,2025-12,6
8206,2025-05,3
8207,2024-09,15
8207,2025-01,5
8207,2025-02,42
8207,2025-04,6
8207,2025-06,18
8207,2025-08,83
8207,2025-09,10
8207,2025-11,12
8207,2025-12,14
8207,2026-03,37
8209,2024-09,15
8212,2024-09,15
8212,2024-11,36
8212,2025-03,6
8215,2024-09,15
8217,2024-09,15
8218,2024-09,15
8219,2025-06,6
8219,2025-08,6
8219,2026-01,-6
8220,2024-09,15
8221,2024-09,15
8222,2024-09,12
8223,2024-09,18
8223,2025-02,6
8224,2024-09,15
8225,2025-11,18
8226,2024-09,15
8228,2025-02,-12
8229,2024-09,15
8230,2024-01,60
8230,2024-02,72
8230,2024-04,162
8230,2024-05,48
8230,2024-08,60
8230,2024-11,96
8230,2024-12,96
8230,2025-01,-280
8230,2025-02,12
8230,2025-03,30
8230,2025-04,24
8230,2025-05,18
8230,2025-06,162
8230,2025-07,36
8230,2025-08,120
8230,2025-10,276
8230,2025-11,150
8230,2025-12,87
8230,2026-01,10
8230,2026-03,186
8230,2026-04,240
8230,2026-09,180
8230,2026-10,30
8230,2026-11,42
8231,2024-06,18
8234,2025-02,108
8234,2025-03,24
8234,2025-06,66
8234,2025-10,215
8238,2024-01,6
8238,2024-03,6
8239,2024-09,15
8240,2025-01,-6
8240,2025-05,27
8240,2026-02,-9
8241,2024-09,15
8241,2025-01,18
8241,2025-11,6
8243,2024-09,15
8243,2025-01,6
8244,2025-01,54
8245,2025-12,6
8246,2026-06,12
10100,2024-03,3
10103,2024-02,21
10103,2024-03,6
10103,2024-06,3
10103,2024-09,12
10103,2025-03,6
10103,2025-05,12
10103,2025-06,12
10103,2025-07,1
10103,2025-09,151
10103,2025-10,8
10103,2025-11,6
10103,2025-12,11
10103,2026-02,12
10103,2026-03,6
10103,2026-05,6
10103,2026-07,6
10103,2026-09,6
10103,2026-12,12
10104,2024-01,6
10104,2024-02,78
10104,2024-05,42
10104,2024-06,553
10104,2024-10,78
10104,2024-12,12
10105,2024-01,39
10105,2024-03,30
10105,2024-04,60
10105,2024-05,12
10105,2024-06,15
10105,2024-07,6
10105,2024-10,19
10105,2024-11,132
10105,2024-12,129
20010,2024-07,1
20010,2025-09,6
20019,2024-08,1
20019,2024-10,6
20019,2025-10,6
20019,2025-12,6
20019,2026-05,6
20019,2026-12,6
20020,2024-04,12
20021,2025-03,3
20021,2025-12,6
20026,2024-03,1
20026,2024-05,2
20026,2024-07,1
20028,2024-03,1
20028,2025-07,-2
20029,2025-04,3
20029,2026-06,3
20035,2024-03,1
28010,2024-09,3
28010,2024-11,3
28010,2024-12,27
30000,2025-12,3
30001,2025-12,3
30002,2025-12,3
30004,2024-01,2
30004,2024-02,-1
30004,2024-03,-1
30004,2024-05,6
30004,2024-08,3
30004,2025-05,9
30004,2025-07,6
30004,2025-08,8
30004,2025-09,13
30004,2025-10,21
30004,2025-11,19
30004,2025-12,6
30004,2026-07,6
30004,2026-11,33
30005,2024-02,18
30005,2024-03,12
30005,2024-08,12
30005,2024-11,18
30005,2025-01,9
30005,2025-12,3
30006,2024-03,15
30006,2024-05,12
30006,2024-08,27
30006,2024-09,114
30006,2024-10,-15
30006,2025-01,12
30006,2025-02,20
30006,2025-05,54
30006,2025-06,384
30006,2025-07,81
30006,2025-08,12
30006,2025-11,57
30006,2025-12,51
30006,2026-02,80
30006,2026-04,-6
30006,2026-06,48
30006,2026-07,-9
30006,2026-09,24
30008,2024-11,30
30008,2025-06,30
30008,2025-12,3
30009,2025-12,3
30010,2024-10,6
30010,2024-12,12
30010,2025-04,18
30010,2025-09,12
30010,2025-11,18
30010,2025-12,3
30010,2026-05,9
30010,2026-12,12
30011,2024-01,48
30011,2024-03,6
30011,2024-05,31
30011,2024-07,54
30011,2024-08,123
30011,2024-09,168
30011,2024-10,33
30011,2024-12,30
30011,2025-01,42
30011,2025-02,120
30011,2025-03,24
30011,2025-04,60
30011,2025-06,354
30011,2025-07,133
30011,2025-08,-12
30011,2025-09,162
30011,2025-10,213
30011,2025-11,2088
30011,2025-12,54
30011,2026-03,78
30011,2026-05,-6
30011,2026-06,18
30011,2026-10,78
30011,2026-11,-6
30011,2026-12,1300
30012,2024-07,24
30012,2024-09,-6
30012,2025-03,18
30012,2025-12,3
30012,2026-12,6
30013,2024-03,90
30013,2024-06,68
30013,2024-08,27
30013,2024-10,-3
30013,2024-11,54
30013,2025-02,179
30013,2025-03,36
30013,2025-05,101
30013,2025-06,384
30013,2025-07,141
30013,2025-08,21
30013,2025-09,54
30013,2025-10,1266
30013,2025-11,845
30013,2025-12,27
30013,2026-03,195
30013,2026-06,63
30013,2026-07,63
30013,2026-10,161
30014,2024-02,60
30014,2024-04,24
30014,2024-06,54
30014,2024-08,27
30014,2024-09,114
30014,2024-10,27
30014,2024-11,24
30014,2025-01,27
30014,2025-02,99
30014,2025-03,234
30014,2025-04,90
30014,2025-05,43
30014,2025-06,336
30014,2025-08,102
30014,2025-10,1356
30014,2025-11,834
30014,2025-12,94
30014,2026-04,180
30014,2026-07,124
30014,2026-08,60
30014,2026-11,15
30015,2024-02,24
30015,2024-03,6
30015,2024-05,6
30015,2024-06,36
30015,2024-07,36
30015,2024-10,81
30015,2024-11,12
30015,2024-12,12
30015,2025-01,6
30015,2025-04,54
30015,2025-06,12
30015,2025-09,54
30015,2025-11,12
30015,2025-12,3
30015,2026-06,12
30016,2025-12,3
30017,2024-02,63
30017,2024-03,42
30017,2024-04,30
30017,2024-05,41
30017,2024-06,30
30017,2024-07,38
30017,2024-08,32
30017,2024-09,-6
30017,2024-10,105
30017,2024-11,108
30017,2025-01,60
30017,2025-02,24
30017,2025-03,30
30017,2025-04,18
30017,2025-05,30
30017,2025-06,36
30017,2025-07,89
30017,2025-08,26
30017,2025-09,37
30017,2025-10,24
30017,2025-11,24
30017,2025-12,18
30017,2026-03,66
30017,2026-06,18
30017,2026-07,48
30017,2026-10,30
30018,2024-03,12
30018,2024-04,6
30018,2024-05,6
30018,2024-08,18
30018,2024-11,12
30018,2024-12,6
30018,2025-01,12
30018,2025-02,12
30018,2025-03,6
30018,2025-04,6
30018,2025-05,6
30018,2025-06,6
30018,2025-07,18
30018,2025-09,15
30018,2025-10,12
30018,2025-11,12
30018,2025-12,9
30018,2026-03,18
30018,2026-07,12
30018,2026-10,12
30019,2024-02,-3
30019,2024-04,3
30019,2024-11,3
30019,2025-12,3
30020,2025-12,3
30021,2025-04,18
30021,2025-06,66
30021,2026-05,60
30021,2026-09,-42
30021,2026-12,6
30022,2024-02,6
30022,2024-03,6
30022,2024-04,6
30022,2024-08,6
30022,2024-09,6
30022,2024-10,21
30022,2024-11,6
30022,2024-12,6
30022,2025-06,3
30022,2025-07,12
30022,2025-11,15
30022,2025-12,15
30022,2026-03,6
30022,2026-10,18
30023,2024-02,24
30023,2024-03,6
30023,2024-04,12
30023,2024-06,6
30023,2024-10,18
30023,2024-11,18
30023,2025-01,18
30023,2025-02,15
30023,2025-03,6
30023,2025-04,12
30023,2025-05,6
30023,2025-06,12
30023,2025-07,24
30023,2025-08,12
30023,2025-09,18
30023,2025-10,12
30023,2025-11,30
30023,2025-12,21
30023,2026-03,30
30023,2026-10,18
30024,2025-12,3
30025,2024-03,36
30025,2024-07,54
30025,2024-08,27
30025,2024-09,18
30025,2024-10,15
30025,2024-11,139
30025,2025-01,12
30025,2025-05,33
30025,2025-07,12
30025,2025-08,12
30025,2025-10,-9
30025,2025-12,12
30025,2026-02,6
30025,2026-06,12
30025,2026-09,12
30026,2024-03,30
30026,2024-05,150
30026,2024-11,840
30026,2025-03,342
30026,2025-06,-36
30026,2025-08,1224
30030,2025-12,3
30030,2026-06,3
30031,2024-02,21
30031,2024-03,30
30031,2024-04,24
30031,2024-05,18
30031,2024-08,6
30031,2024-10,12
30031,2024-12,66
30031,2025-03,18
30031,2025-08,18
30031,2025-09,36
30031,2025-11,6
30031,2025-12,3
30031,2026-09,24
30032,2024-02,36
30032,2024-04,18
30032,2024-11,30
30032,2025-04,24
30032,2025-07,33
30032,2025-08,24
30032,2025-10,17
30032,2025-12,3
30032,2026-06,21
30032,2026-10,37
30033,2024-02,594
30033,2024-03,78
30033,2024-04,-6
30033,2024-05,276
30033,2024-06,276
30033,2024-07,90
30033,2024-08,3
30033,2024-09,20
30033,2024-10,375
30033,2024-12,8
30033,2025-01,279
30033,2025-02,246
30033,2025-03,234
30033,2025-04,84
30033,2025-05,45
30033,2025-06,495
30033,2025-07,330
30033,2025-08,7325
30033,2025-09,507
30033,2025-10,161
30033,2025-11,2436
30033,2025-12,147
30033,2026-03,545
30033,2026-05,-6
30033,2026-10,48
30035,2024-03,12
30035,2024-06,11
30035,2025-01,6
30035,2025-03,6
30035,2025-04,6
30035,2025-11,12
30035,2025-12,3
30035,2026-07,24
30035,2026-11,6
30037,2025-12,3
30039,2025-12,3
30040,2024-03,126
30040,2024-04,138
30040,2024-08,27
30040,2024-10,3
30040,2024-12,12
30040,2025-11,1266
30041,2025-12,3
30042,2025-12,3
30043,2024-02,97
30043,2024-03,114
30043,2024-04,96
30043,2024-06,-18
30043,2024-07,-1
30043,2024-08,30
30043,2024-10,24
30043,2024-11,102
30043,2024-12,6
30043,2025-02,103
30043,2025-03,6
30043,2025-04,66
30043,2025-05,14
30043,2025-06,54
30043,2025-07,6
30043,2025-08,168
30043,2025-09,108
30043,2025-10,81
30043,2025-12,18
30043,2026-02,-24
30043,2026-04,12
30043,2026-07,57
30043,2026-11,34
30044,2024-03,312
30044,2024-05,18
30044,2024-06,6
30044,2024-07,86
30044,2024-08,156
30044,2024-09,48
30044,2024-11,-48
30044,2024-12,30
30044,2025-01,16
30044,2025-02,18
30044,2025-03,96
30044,2025-05,24
30044,2025-06,432
30044,2025-07,6
30044,2025-08,66
30044,2025-09,32
30044,2025-10,81
30044,2025-11,756
30044,2025-12,96
30044,2026-04,6
30044,2026-07,48
30044,2026-08,18
30044,2026-11,66
30044,2026-12,1400
30045,2025-12,3
30046,2024-04,18
30046,2024-10,12
30046,2025-02,6
30046,2025-05,12
30046,2025-08,12
30046,2025-10,60
30046,2025-11,6
30046,2025-12,9
30046,2026-04,33
30046,2026-11,6
30047,2025-12,3
30048,2024-11,36
30048,2025-10,13
30048,2025-12,16
30049,2024-07,6
30049,2025-12,3
30051,2025-02,18
30051,2025-07,30
30051,2025-11,6
30051,2025-12,3
30052,2024-07,18
30052,2024-10,36
30052,2024-12,30
30052,2025-02,30
30052,2025-04,18
30052,2025-12,33
30052,2026-03,30
30054,2024-08,75
30054,2024-09,48
30054,2024-10,-27
30054,2024-11,6
30054,2025-01,18
30054,2025-02,24
30054,2025-07,120
30054,2026-08,150
30055,2025-12,3
30056,2024-01,18
30056,2024-02,12
30056,2024-03,12
30056,2024-04,48
30056,2024-05,12
30056,2024-07,18
30056,2024-08,48
30056,2024-10,18
30056,2024-12,30
30056,2025-01,9
30056,2025-02,69
30056,2025-03,30
30056,2025-04,42
30056,2025-05,-3
30056,2025-06,49
30056,2025-07,18
30056,2025-09,46
30056,2025-10,26
30056,2025-11,78
30056,2025-12,3
30056,2026-01,12
30056,2026-05,83
30056,2026-08,16
30056,2026-09,36
30056,2026-12,63
30057,2025-12,3
30058,2024-02,7
30058,2024-03,6
30058,2024-04,8
30058,2024-08,6
30058,2025-09,9
30058,2025-10,6
30058,2025-12,3
30059,2025-12,3
30060,2024-01,138
30060,2024-02,204
30060,2024-03,36
30060,2024-04,186
30060,2024-05,42
30060,2024-06,54
30060,2024-07,48
30060,2024-08,18
30060,2024-09,180
30060,2024-10,36
30060,2024-11,84
30060,2024-12,42
30060,2025-01,108
30060,2025-02,40
30060,2025-03,108
30060,2025-04,138
30060,2025-05,47
30060,2025-06,186
30060,2025-07,90
30060,2025-08,18
30060,2025-09,80
30060,2025-10,126
30060,2025-11,90
30060,2025-12,51
30060,2026-01,-1
30060,2026-05,36
30060,2026-06,12
30060,2026-09,42
30061,2024-02,30
30061,2024-03,6
30061,2024-06,12
30061,2024-07,6
30061,2024-09,42
30061,2024-11,12
30061,2025-02,36
30061,2025-04,36
30061,2025-06,18
30061,2025-08,18
30061,2025-10,-6
30061,2025-12,18
30061,2026-05,1080
30062,2025-12,3
30063,2024-01,204
30063,2024-02,54
30063,2024-06,255
30063,2024-07,-6
30063,2024-08,180
30063,2024-11,-6
30063,2025-01,48
30063,2025-04,36
30063,2025-05,78
30063,2025-06,631
30063,2025-08,24
30063,2025-10,117
30063,2025-11,2097
30063,2025-12,90
30063,2026-02,192
30063,2026-05,24
30063,2026-06,12
30064,2024-01,42
30064,2024-02,96
30064,2024-03,42
30064,2024-05,18
30064,2024-07,-12
30064,2024-09,42
30064,2024-12,12
30064,2025-01,6
30064,2025-02,12
30064,2025-03,42
30064,2025-04,18
30064,2025-05,6
30064,2025-06,66
30064,2025-07,42
30064,2025-10,56
30064,2025-11,12
30064,2025-12,3
30064,2026-02,114
30064,2026-05,123
30064,2026-06,48
30066,2024-01,24
30066,2024-02,60
30066,2024-04,-3
30066,2024-05,12
30066,2024-07,60
30066,2024-09,12
30066,2024-11,42
30066,2024-12,24
30066,2025-03,36
30066,2025-10,61
30066,2025-12,3
30067,2025-12,3
30068,2024-01,18
30068,2024-02,90
30068,2024-04,30
30068,2024-07,12
30068,2024-09,12
30068,2024-11,18
30068,2024-12,15
30068,2025-04,6
30068,2025-06,54
30068,2025-07,24
30068,2025-09,60
30068,2025-10,87
30068,2025-11,30
30068,2025-12,24
30068,2026-02,12
30068,2026-06,18
30068,2026-07,-6
30069,2024-01,110
30069,2024-02,84
30069,2024-03,-90
30069,2024-05,72
30069,2024-08,342
30069,2024-09,222
30069,2024-10,6
30069,2024-11,18
30069,2024-12,-6
30069,2025-01,648
30069,2025-02,-492
30069,2025-03,-24
30069,2025-04,30
30069,2025-06,270
30069,2025-10,12
30069,2025-11,126
30069,2025-12,60
30069,2026-05,1532
30069,2026-06,-6
30069,2026-10,720
30086,2024-06,9
30089,2024-06,9
30092,2024-06,9
30093,2024-06,9
30102,2024-06,9
30107,2024-06,9
30117,2024-06,9
30119,2024-06,9
30120,2024-06,9
30122,2024-06,9
30124,2024-06,9
30125,2024-02,30
30125,2024-04,12
30125,2024-05,6
30125,2024-07,36
30125,2024-12,12
30125,2025-02,18
30125,2025-03,24
30125,2025-04,24
30125,2025-07,12
30125,2025-12,27
30125,2026-09,9
30397,2025-12,3
