cliente,producto,cantidad
1,ALMA MORA BLEND DULCE 6X 750,300
1,ALMA MORA CHARD 6X750,276
1,ALMA MORA MALBEC 6X750,684
1,ALMA MORA SYRAH 6X750,60
1,BAILEYS NUEVA BOTELLA 12x750,12
1,DADA FMORAS N°2 6X750 ,60
1,DADA FMORAS N°3 6X750,120
1,DADA N°8 CHOCOLATE 6X750 ,84
1,DADA N°9 CARAMEL 6X750,168
1,DADA WHITE MALBEC 6X750,84
1,ELEMENTOS TORRONTES 6X750 ,216
1,F.LAS MORAS MALBEC 6X750,168
1,J&B YELLOW 6X750,120
1,JW BLACK LABEL 12x750,36
1,JW DOUBLE BLACK 6x750,6
1,LOS ARBOLES SEL MALBEC 6X750,240
1,LOS INTOCABLES MALBEC 6X750,6
1,NC SPARK DLCE 6X750,90
1,SMF ICE GREENAPPLE LAT 4X6X473,2112
1,SMF ICE RED BERRIE LAT 4X6X473,3768
1,SMIRNOFF GREEN APPLE DO 6X700,90
1,SMIRNOFF RASPBERRY DO 6X700,900
1,WHITE HORSE DO 12X750,180
3,ALMA MORA MALBEC 6X750,6
3,SMIRNOFF GREEN APPLE DO 6X700,3
4,ALMA MORA MALBEC 6X750,3
7,ALMA MORA MALBEC 6X750,3
7,FRIZZE EVOL BLUE NEW X1000,3
7,SMIRNOFF GREEN APPLE DO 6X700,3
7,TRAPICHE ALARIS MALBEC 6X750,3
8,ALMA MORA MALBEC 6X750,3
8,DADA FMORAS N°1 6X750,3
8,LOS ARBOLES SEL MALBEC 6X750,3
9,SMF ICE GREENAPPLE LAT 4X6X473,-3
9,SMF ICE RED BERRIE LAT 4X6X473,-3
10,ALMA MORA MALBEC 6X750,3
10,FRIZZE EVOL BLUE NEW X1000,3
10,SMIRNOFF RASPBERRY DO 6X700,3
10,TRAPICHE ALARIS MALBEC 6X750,3
12,FRIZZE BLUE LATA X473,6
12,GORDON´S TONIC 4X6X473,6
12,SMF  BC GRAPEF&LIME  LATA 4X6X473,24
12,SMF BC RUBYORANGE&LIME LATA 4X6X473,24
12,SMF ICE GREENAPPLE LAT 4X6X473,36
12,SMF ICE RED BERRIE LAT 4X6X473,36
14,ALMA MORA MALBEC 6X750,6
14,ANTARES MICRO IPA 25 AÑOS,6
14,DADA ART MALBEC 6X750,6
14,DADA ESPUMANTE MARACUYA 6X750,6
14,DADA FMORAS N°1 6X750,0
14,ELEMENTOS MALBEC 6X750 ,6
14,F.LAS MORAS MALBEC 6X750,0
14,FOND CAVE MALBEC 6X750 ,0
14,FRIZZE EVOL BLUE NEW X1000,6
14,GORDON´S GIN 6x700,6
14,LOS ARBOLES SEL MALBEC 6X750,6
14,LOS INTOCABLES MALBEC 6X750,3
14,NC SPARK EBRUT 6X750 estuche,6
14,ORIGEN BY TRAPICHE MALBEC 6X750,0
14,SAN TELMO SPARK DULCE 6X750,6
14,SMIRNOFF RASPBERRY DO 6X700,6
14,TRAPICHE ALARIS MALBEC 6X750,6
14,TRAPICHE RESERVA MALBEC 6X750,3
15,ALMA MORA MALBEC 6X750,180
15,DADA ART CABERNET 6X750 ,60
15,DADA FMORAS N°1 6X750,120
15,DADA FMORAS N°2 6X750 ,-30
15,ELEMENTOS TORRONTES 6X750 ,114
15,GORDON´S GIN 6x700,90
15,JW BLACK LABEL 12x750,24
15,JW DOUBLE BLACK 6x750,12
15,JW RED 12X750 UK,24
15,SMIRNOFF 21 DO 12X700,60
15,SMIRNOFF GREEN APPLE DO 6X700,180
15,SMIRNOFF RASPBERRY DO 6X700,240
16,ALMA MORA MALBEC 6X750,3
16,DADA ESPUMANTE 6X750 ,3
16,FRIZZE BLUE LATA X473,6
16,FRIZZE EVOL BLUE NEW X1000,6
16,SMF ICE RED BERRIE LAT 4X6X473,12
16,SMIRNOFF TAMARINDO 6 X 700,6
16,TRAPICHE ALARIS MALBEC 6X750,3
19,ALMA MORA MALBEC 6X750,3
20,ALMA MORA MALBEC 6X750,3
21,ALMA MORA BLEND BLANCO 6X750,18
21,ALMA MORA BLEND DULCE 6X 750,12
21,ALMA MORA CHARD 6X750,6
21,ALMA MORA MALBEC 6X750,365
21,ALMA MORA MERLOT 6X750,6
21,BAILEYS NUEVA BOTELLA 12x750,6
21,DADA 7 SWEET  6X750,30
21,DADA ART MALBEC 6X750,54
21,DADA ESPUMANTE MARACUYA 6X750,84
21,DADA ESPUMANTE ROS6X750 ,-6
21,DADA FMORAS N°1 6X750,6
21,FOND CAVE MALBEC 6X750 ,18
21,FRIZZE BUBBLE MOOD 6X1000,30
21,FRIZZE EVOL BLUE NEW X1000,132
21,GORDON´S GIN 6x700,18
21,GORDON´S PINK GIN 6X700,60
21,J&B YELLOW 6X750,12
21,JW BLACK LABEL 12x1000,6
21,JW BLACK LABEL 12x750,6
21,LOS ARBOLES SEL MALBEC 6X750,48
21,NC SPARK EBRUT 6X750 nuevo,-12
21,ORIGEN BY TRAPICHE MALBEC 6X750,66
21,SMF  BC GRAPEF&LIME  LATA 4X6X473,48
21,SMF BC RUBYORANGE&LIME LATA 4X6X473,48
21,SMF ICE GREENAPPLE LAT 4X6X473,144
21,SMF ICE RED BERRIE LAT 4X6X473,324
21,SMIRNOFF 21 DO 12X700,24
21,SMIRNOFF BC GRAPEF.&LIME 6X700,36
21,SMIRNOFF BC ORANGE & LIME 6X700,6
21,SMIRNOFF GREEN APPLE DO 6X700,144
21,SMIRNOFF ICE LATA 4X6X473,180
21,SMIRNOFF RASPBERRY DO 6X700,684
21,SMIRNOFF TAMARINDO 6 X 700,18
21,SMIRNOFF TROPICAL FRUITS 6X700,54
21,SMIRNOFF WATERMELON 6X700,72
21,TRAPICHE ALARIS DULCE COSECHA 6X750,108
21,TRAPICHE ALARIS MALBEC 6X750,36
21,TRAPICHE RESERVA CABSAU 6X750 ,30
21,TRAPICHE RESERVA MALBEC 6X750,24
21,WHITE HORSE DO 12X750,60
22,DADA ESPUMANTE MARACUYA 6X750,16
22,FRIZZE EVOL BLUE NEW X1000,40
22,SMF ICE RED BERRIE LAT 4X6X473,24
22,SMIRNOFF GREEN APPLE DO 6X700,63
22,SMIRNOFF RASPBERRY DO 6X700,90
22,SMIRNOFF TROPICAL FRUITS 6X700,30
23,ALMA MORA MALBEC 6X750,3
23,ELEMENTOS MALBEC 6X750 ,3
23,FRIZZE BLUE LATA X473,6
23,SMF ICE RED BERRIE LAT 4X6X473,18
24,ALMA MORA MALBEC 6X750,3
24,DADA ESPUMANTE 6X750 ,3
24,TRAPICHE ALARIS MALBEC 6X750,3
25,ALMA MORA MALBEC 6X750,3
25,ELEMENTOS MALBEC 6X750 ,3
25,FRIZZE EVOL BLUE NEW X1000,6
25,SMF  BC GRAPEF&LIME  LATA 4X6X473,6
25,SMF ICE GREENAPPLE LAT 4X6X473,36
25,SMF ICE RED BERRIE LAT 4X6X473,54
25,SMIRNOFF GREEN APPLE DO 6X700,6
25,SMIRNOFF ICE LATA 4X6X473,0
25,SMIRNOFF RASPBERRY DO 6X700,6
26,ALMA MORA BLEND DULCE 6X 750,3
26,ALMA MORA MALBEC 6X750,33
26,CAZADOR BLANCO DULCE 6X750,3
26,CAZADOR MALBEC 6X750,9
26,DADA ART MALBEC 6X750,3
26,F.LAS MORAS MALBEC 6X750,3
26,FRIZZE BLUE LATA X473,12
26,FRIZZE EVOL BLUE NEW X1000,12
26,GORDONS  TROPICAL FRUITS 6X700,1
26,GORDON´S PINK GIN 6X700,1
26,GORDON´S TONIC 4X6X473,6
26,INTOCABLES DOUBLE OAK 6 X 750,3
26,SMF ICE GREENAPPLE LAT 4X6X473,6
26,SMF ICE RED BERRIE LAT 4X6X473,6
26,SMIRNOFF GREEN APPLE DO 6X700,3
26,SMIRNOFF RASPBERRY DO 6X700,3
27,ALMA MORA MALBEC 6X750,3
27,ELEMENTOS MALBEC 6X750 ,3
27,F.LAS MORAS MALBEC 6X750,3
27,ORIGEN BY TRAPICHE MALBEC 6X750,3
27,SMIRNOFF RASPBERRY DO 6X700,3
27,TRAPICHE ALARIS MALBEC 6X750,3
27,TRAPICHE RESERVA MALBEC 6X750,3
27,WHITE HORSE DO 12X750,3
29,ANTARES IPA LATA 6X473 (NEW),6
29,ANTARES LAGER LATA 6X473,42
29,ANTARES LATA CARAVANA 6 X 473ML,6
29,ANTARES LATA IPA 6 X 473ML,6
29,ANTARES LATA KOLSCH 6 X 473ML,18
29,ANTARES LATA SCOTCH 6 X 473ML,12
29,ANTARES MICRO IPA 25 AÑOS,6
29,ANTARES PLAYA GRANDE 6 X 473ML,12
29,DON DAVID MALBEC 6X750,3
29,ELEMENTOS MALBEC 6X750 ,33
29,GORDON´S TONIC 4X6X473,6
29,SAN TELMO MALBEC X750,3
29,SMF ICE GREENAPPLE LAT 4X6X473,6
29,SMF ICE RED BERRIE LAT 4X6X473,6
29,SUTER VARIETAL MALBEC 6X750,3
29,TRAPICHE ALARIS DULCE COSECHA 6X750,12
29,WHITE HORSE DO 12X750,6
30,ALMA MORA BLEND DULCE 6X 750,3
30,ALMA MORA MALBEC 6X750,9
30,EL BAUTISMO MALBEC 6X750 ,3
30,ELEMENTOS CHARDONNAY 6X750,3
30,ELEMENTOS TORRONTES DLCE6X750 ,0
30,F. LAS MORAS BCO DULCE 6X750 ,3
30,F. LAS MORAS SAUV.BLANC 6X750 ,3
30,F.LAS MORAS MALBEC 6X750,21
30,FRIZZE EVOL BLUE NEW X1000,3
30,SAN TELMO MALBEC X750,9
30,TRAPICHE ALARIS DULCE COSECHA 6X750,9
30,TRAPICHE ALARIS MALBEC 6X750,15
31,CAZADOR CAB. SAU 6X750,3
31,CAZADOR MALBEC 6X750,3
31,EL REGRESO SEM-CHEN  X750,6
31,ELEMENTOS CABSAUV 6X750 ,3
31,ELEMENTOS TORRONTES 6X750 ,3
31,F.LAS MORAS MALBEC 6X750,3
31,TRAPICHE ALARIS CABSAUV 6X750 ,15
31,TRAPICHE ALARIS MALBEC 6X750,12
32,ALMA MORA MALBEC 6X750,6
32,DADA ART MALBEC 6X750,24
32,DADA ESPUMANTE 6X750 ,3
32,ELEMENTOS MALBEC 6X750 ,3
32,FRIZZE EVOL BLUE NEW X1000,3
32,SMF ICE RED BERRIE LAT 4X6X473,18
32,SMIRNOFF GREEN APPLE DO 6X700,3
32,TRAPICHE ALARIS MALBEC 6X750,6
33,ALMA MORA MALBEC 6X750,12
33,DADA ESPUMANTE 6X750 ,3
33,DADA FMORAS N°1 6X750,3
33,ELEMENTOS MALBEC 6X750 ,6
33,F.LAS MORAS MALBEC 6X750,3
33,FRIZZE EVOL BLUE NEW X1000,3
33,LOS ARBOLES SEL MALBEC 6X750,3
33,SAN TELMO MALBEC X750,3
33,SMF ICE RED BERRIE LAT 4X6X473,6
33,SUTER VARIETAL MALBEC 6X750,3
33,TRAPICHE ALARIS MALBEC 6X750,6
35,ALMA MORA MALBEC 6X750,9
35,ALMA MORA SYRAH 6X750,6
35,ANTARES MICRO IPA 25 AÑOS,6
35,DADA ART MALBEC 6X750,6
35,DADA ESPUMANTE MARACUYA 6X750,34
35,DADA FMORAS N°1 6X750,15
35,DADA FMORAS N°3 6X750,3
35,DON DAVID MALBEC 6X750,3
35,ELEMENTOS CHARDONNAY 6X750,3
35,ELEMENTOS MALBEC 6X750 ,9
35,F.LAS MORAS MALBEC 6X750,3
35,FOND CAVE MALBEC 6X750 ,3
35,FRIZZE EVOL BLUE NEW X1000,76
35,GORDONS  TROPICAL FRUITS 6X700,12
35,GORDON´S GIN 6x700,6
35,GORDON´S PINK GIN 6X700,12
35,LOS ARBOLES SEL MALBEC 6X750,9
35,LOS INTOCABLES MALBEC 6X750,3
35,NC SPARK EBRUT 6X750 estuche,6
35,ORIGEN BY TRAPICHE MALBEC 6X750,3
35,SAN TELMO SPARK DULCE 6X750,6
35,SMF ICE GREENAPPLE LAT 4X6X473,48
35,SMF ICE RED BERRIE LAT 4X6X473,84
35,SMIRNOFF GREEN APPLE DO 6X700,90
35,SMIRNOFF RASPBERRY DO 6X700,159
35,SMIRNOFF TROPICAL FRUITS 6X700,30
35,TRAPICHE ALARIS MALBEC 6X750,9
35,TRAPICHE RESERVA MALBEC 6X750,6
36,SMIRNOFF RASPBERRY DO 6X700,3
37,BAILEYS NUEVA BOTELLA 12x750,18
37,DEMENCIAL MALBEC 6X750,24
37,DEMENCIAL PINOT NOIR 6X750,18
37,FRIZZE EVOL BLUE NEW X1000,3
37,GRAN MASCOTA MALBEC 6X750,33
37,JW BLACK LABEL 12x750,42
37,JW RED 12X750 UK,21
37,LA MASCOTA MALBEC 6X750,18
37,LOS INTOCABLES MALBEC 6X750,18
37,SEL ENOLOGO BLEND 6X750,6
37,SHERIDANS 6X750,8
37,TANQUERAY DRY GIN X700,6
37,TANQUERAY ROYALE X750,6
37,TANQUERAY SEVILLA GIN X750,6
37,UNANIME TINTO 6X750,6
38,ALMA MORA MALBEC 6X750,3
38,DADA ESPUMANTE 6X750 ,3
38,TRAPICHE ALARIS MALBEC 6X750,3
39,ALMA MORA MALBEC 6X750,3
39,DADA FMORAS N°1 6X750,3
39,LOS ARBOLES SEL MALBEC 6X750,3
40,ALMA MORA MALBEC 6X750,9
40,ELEMENTOS MALBEC 6X750 ,3
40,FRIZZE EVOL BLUE NEW X1000,3
40,SMIRNOFF GREEN APPLE DO 6X700,3
40,TRAPICHE ALARIS MALBEC 6X750,3
41,FRIZZE BLUE LATA X473,6
41,SMF BC RUBYORANGE&LIME LATA 4X6X473,6
41,SMIRNOFF 21 DO 12X700,-3
41,SMIRNOFF ICE LATA 4X6X473,18
44,ALMA MORA MALBEC 6X750,3
45,ALMA MORA MALBEC 6X750,9
45,ALMA MORA SYRAH 6X750,6
45,ANTARES MICRO IPA 25 AÑOS,6
45,DADA ART MALBEC 6X750,6
45,DADA ESPUMANTE MARACUYA 6X750,22
45,DADA FMORAS N°1 6X750,15
45,DADA FMORAS N°3 6X750,3
45,DON DAVID MALBEC 6X750,3
45,ELEMENTOS CHARDONNAY 6X750,3
45,ELEMENTOS MALBEC 6X750 ,9
45,F.LAS MORAS MALBEC 6X750,3
45,FOND CAVE MALBEC 6X750 ,3
45,FRIZZE EVOL BLUE NEW X1000,38
45,GORDONS  TROPICAL FRUITS 6X700,12
45,GORDON´S GIN 6x700,6
45,GORDON´S PINK GIN 6X700,12
45,LOS ARBOLES SEL MALBEC 6X750,9
45,LOS INTOCABLES MALBEC 6X750,3
45,NC SPARK EBRUT 6X750 estuche,6
45,ORIGEN BY TRAPICHE MALBEC 6X750,3
45,SAN TELMO SPARK DULCE 6X750,6
45,SMF ICE GREENAPPLE LAT 4X6X473,48
45,SMF ICE RED BERRIE LAT 4X6X473,72
45,SMIRNOFF GREEN APPLE DO 6X700,90
45,SMIRNOFF RASPBERRY DO 6X700,156
45,SMIRNOFF TROPICAL FRUITS 6X700,30
45,TRAPICHE ALARIS MALBEC 6X750,9
45,TRAPICHE RESERVA MALBEC 6X750,6
46,ALMA MORA CABSAUV6X750 ,6
46,ALMA MORA MALBEC 12X375,15
46,ALMA MORA MALBEC 6X750,36
46,BAILEYS NUEVA BOTELLA 12x750,1
46,COLECCION PRIVADA MALBEC,3
46,ELEMENTOS MALBEC 6X750 ,3
46,F.LAS MORAS MALBEC 6X750,3
46,FAIR FOR LIFE MALBEC 6X750 ,6
46,FOND CAVE MALBEC 6X750 ,12
46,FRIZZE EVOL BLUE NEW X1000,3
46,LA GRAN NACHA X750,6
46,LOS ARBOLES SEL MALBEC 6X750,3
46,LOS INTOCABLES MALBEC 6X750,3
46,TRAPICHE ALARIS DULCE COSECHA 6X750,6
46,TRAPICHE IMPURO MALBEC X750,3
46,WHITE HORSE DO 12X750,1
47,ALMA MORA MALBEC 6X750,3
47,EL BAUTISMO MALBEC 6X750 ,6
47,ELEMENTOS MALBEC 6X750 ,3
47,F.LAS MORAS MALBEC 6X750,6
47,LOS ARBOLES SEL MALBEC 6X750,6
47,SAN TELMO MALBEC X750,9
47,SUTER VARIETAL MALBEC 6X750,15
47,TRAPICHE ALARIS MALBEC 6X750,6
49,SMIRNOFF GREEN APPLE DO 6X700,3
50,ALMA MORA MALBEC 6X750,3
50,DADA FMORAS N°1 6X750,3
50,LOS ARBOLES SEL MALBEC 6X750,3
51,ALMA MORA MALBEC 6X750,6
51,DADA FMORAS N°1 6X750,3
51,EL BAUTISMO BLEND TINTAS 6X750 ,12
51,EL BAUTISMO MALBEC 6X750 ,3
51,ELEMENTOS MALBEC 6X750 ,3
51,F.LAS MORAS CABSAU 6X750 ,3
51,F.LAS MORAS MALBEC 6X750,3
51,GORDON´S GIN 6x700,5
51,GORDON´S PINK GIN 6X700,0
51,LOS ARBOLES SEL CABERNET 6X750,3
51,LOS ARBOLES SEL MALBEC 6X750,12
51,SAN TELMO CAB-SAUV X750,3
51,SAN TELMO MALBEC X750,12
51,SMF ICE GREENAPPLE LAT 4X6X473,6
51,SMF ICE RED BERRIE LAT 4X6X473,30
51,TRAPICHE ALARIS DULCE COSECHA 6X750,9
51,TRAPICHE ALARIS MALBEC 6X750,6
51,WHITE HORSE DO 12X750,1
52,ALMA MORA MALBEC 6X750,21
52,ALMA MORA SEL RVE MALBEC 6X750,6
52,CAZADOR MALBEC 6X750,6
52,DADA ESPUMANTE 6X750 ,3
52,DEMENCIAL MALBEC 6X750,6
52,DON DAVID CABERNET 6X750,6
52,DON DAVID RESERVA MALBEC X750,6
52,EL BAUTISMO BLEND B. DLCE 6X750 ,6
52,EL BAUTISMO MALBEC 6X750 ,18
52,F LAS MORAS RED BLEND  6X 750,18
52,F. LAS MORAS BCO DULCE 6X750 ,6
52,F.LAS MORAS MALBEC 6X750,18
52,FOND CAV RESERVA CAB SAUV FRANCE X750,6
52,FOND CAVE MALBEC 6X750 ,6
52,FOND CAVE RVA MALBEC 6X750,6
52,LA GRAN NACHA X750,12
52,LOS ARBOLES SEL MALBEC 6X750,6
52,MEDALLA MALBEC 6X750,6
52,PAZ DE FLM MALBEC 6X750,6
52,SAN TELMO MALBEC X750,12
52,SAN TELMO SPARK EXT DULCE 6X75 Ma,18
52,SUTER VARIETAL MALBEC 6X750,9
52,SUTER VARIETAL TARDIO6X750,6
52,TERMIDOR 2021 TINTO  12X1L ,12
52,TERMIDOR BLANCO 12X1L ,12
52,TRAPICHE ALARIS DULCE COSECHA 6X750,6
52,TRAPICHE ALARIS MALBEC 6X750,27
52,TRAPICHE ALARIS TORRONTES 6X750 ,6
53,ALMA MORA MALBEC 6X750,3
53,DADA FMORAS N°1 6X750,3
53,ELEMENTOS MALBEC 6X750 ,6
53,FRIZZE EVOL BLUE NEW X1000,3
53,LOS ARBOLES SEL MALBEC 6X750,3
54,ALMA MORA MALBEC 6X750,3
54,ALMA MORA MERLOT 6X750,0
54,DADA LATA SWEET  4X6X355,6
54,DADA N°8 CHOCOLATE 6X750 ,6
54,EL BAUTISMO MALBEC 6X750 ,3
54,ELEMENTOS MALBEC 6X750 ,3
54,F.LAS MORAS MALBEC 6X750,3
54,FRIZZE BLUE LATA X473,6
54,FRIZZE EVOL BLUE NEW X1000,3
54,FRIZZE ITAL LIMA LATA X473,6
54,LOS ARBOLES SEL CHARD 6X750,3
54,LOS ARBOLES SEL MALBEC 6X750,3
54,LOS INTOCABLES RED BLEND 6X750,6
54,ORIGEN BY TRAPICHE MALBEC 6X750,6
54,SMF ICE RED BERRIE LAT 4X6X473,6
54,SMIRNOFF GREEN APPLE DO 6X700,3
54,SMIRNOFF RASPBERRY DO 6X700,3
54,SUTER VARIETAL MALBEC 6X750,6
54,TRAPICHE ALARIS DULCE COSECHA 6X750,12
54,TRAPICHE ALARIS MALBEC 6X750,0
54,TRAPICHE ALARIS SBLANC 6X750,3
54,TRAPICHE RESERVA MALBEC 6X750,3
55,ALMA MORA MALBEC 6X750,3
55,ELEMENTOS MALBEC 6X750 ,3
55,F.LAS MORAS MALBEC 6X750,3
55,ORIGEN BY TRAPICHE MALBEC 6X750,3
55,SMIRNOFF RASPBERRY DO 6X700,3
55,TRAPICHE ALARIS MALBEC 6X750,3
55,TRAPICHE RESERVA MALBEC 6X750,3
55,WHITE HORSE DO 12X750,3
56,ALMA MORA MALBEC 6X750,3
56,DADA ART MALBEC 6X750,3
56,DADA INCREDIBLENDS 2  X750,3
57,ALMA MORA CABSAUV6X750 ,3
57,ALMA MORA MALBEC 6X750,51
57,ANTARES IPA LATA 6X473 (NEW),18
57,ANTARES LATA CARAVANA 6 X 473ML,18
57,ANTARES LATA IPA 6 X 473ML,0
57,ANTARES LATA KOLSCH 6 X 473ML,6
57,ANTARES LATA SCOTCH 6 X 473ML,12
57,F.LAS MORAS MALBEC 6X750,6
59,ALMA MORA MALBEC 6X750,15
59,ANTARES LAGER LATA 6X473,6
59,ANTARES LATA IPA 6 X 473ML,6
59,ANTARES MICRO IPA 25 AÑOS,6
59,DADA ART MALBEC 6X750,12
59,DADA ESPUMANTE MARACUYA 6X750,6
59,DADA FMORAS N°1 6X750,3
59,ELEMENTOS MALBEC 6X750 ,15
59,F.LAS MORAS MALBEC 6X750,3
59,FOND CAVE MALBEC 6X750 ,3
59,FRIZZE EVOL BLUE NEW X1000,9
59,GORDON´S GIN 6x700,9
59,LOS ARBOLES SEL MALBEC 6X750,12
59,LOS INTOCABLES MALBEC 6X750,3
59,NC SPARK EBRUT 6X750 estuche,6
59,ORIGEN BY TRAPICHE MALBEC 6X750,3
59,SAN TELMO SPARK DULCE 6X750,6
59,SMIRNOFF BC TANGE&LEMONGRASS 6X700,3
59,SMIRNOFF RASPBERRY DO 6X700,12
59,SMIRNOFF TROPICAL FRUITS 6X700,180
59,TRAPICHE ALARIS MALBEC 6X750,15
59,TRAPICHE RESERVA MALBEC 6X750,6
60,ALMA MORA BLANCO DULCE LOW 6X750,3
60,ALMA MORA CABSAUV6X750 ,3
60,ALMA MORA MALBEC 6X750,15
60,DADA ART MALBEC 6X750,33
60,DADA FMORAS N°1 6X750,3
60,ELEMENTOS MALBEC 6X750 ,3
60,ELEMENTOS ROSADO TORRONT 6X750 ,3
60,F.LAS MORAS MALBEC 6X750,18
60,FRIZZE BLUE LATA X473,12
60,FRIZZE BUBBLE MOOD 6X1000,6
60,FRIZZE EVOL BLUE NEW X1000,6
60,SAN TELMO CAB-SAUV X750,3
60,SAN TELMO MALBEC X750,6
60,SMF ICE RED BERRIE LAT 4X6X473,18
60,SMIRNOFF GREEN APPLE DO 6X700,3
60,SUTER VARIETAL MALBEC 6X750,3
60,TRAPICHE ALARIS DULCE COSECHA 6X750,12
60,TRAPICHE ALARIS MALBEC 6X750,3
60,TRAPICHE ALARIS TORRONTES 6X750 ,3
60,WHITE HORSE DO 12X750,2
61,ALMA MORA MALBEC 6X750,3
61,DADA ESPUMANTE 6X750 ,3
61,SMIRNOFF GREEN APPLE DO 6X700,3
61,TRAPICHE ALARIS MALBEC 6X750,3
62,ALMA MORA MALBEC 6X750,6
62,ALMA MORA SYRAH 6X750,6
62,ANTARES MICRO IPA 25 AÑOS,6
62,DADA ART MALBEC 6X750,6
62,DADA ESPUMANTE MARACUYA 6X750,22
62,DADA FMORAS N°1 6X750,15
62,DADA FMORAS N°3 6X750,3
62,DON DAVID MALBEC 6X750,3
62,ELEMENTOS CHARDONNAY 6X750,3
62,ELEMENTOS MALBEC 6X750 ,9
62,F.LAS MORAS MALBEC 6X750,3
62,FOND CAVE MALBEC 6X750 ,3
62,FRIZZE EVOL BLUE NEW X1000,38
62,GORDONS  TROPICAL FRUITS 6X700,12
62,GORDON´S GIN 6x700,6
62,GORDON´S PINK GIN 6X700,12
62,LOS ARBOLES SEL MALBEC 6X750,9
62,LOS INTOCABLES MALBEC 6X750,3
62,NC SPARK EBRUT 6X750 estuche,6
62,ORIGEN BY TRAPICHE MALBEC 6X750,3
62,SAN TELMO SPARK DULCE 6X750,6
62,SMF ICE GREENAPPLE LAT 4X6X473,48
62,SMF ICE RED BERRIE LAT 4X6X473,72
62,SMIRNOFF GREEN APPLE DO 6X700,90
62,SMIRNOFF RASPBERRY DO 6X700,156
62,SMIRNOFF TROPICAL FRUITS 6X700,30
62,TRAPICHE ALARIS MALBEC 6X750,9
62,TRAPICHE RESERVA MALBEC 6X750,6
63,ANTARES LAGER LATA 6X473,6
63,ANTARES LATA IPA 6 X 473ML,6
63,SMF ICE GREENAPPLE LAT 4X6X473,6
63,SMF ICE RED BERRIE LAT 4X6X473,6
63,SMIRNOFF RASPBERRY DO 6X700,3
63,SMIRNOFF TAMARINDO 6 X 700,6
64,ALMA MORA MALBEC 6X750,3
64,DADA ESPUMANTE 6X750 ,3
64,TRAPICHE ALARIS MALBEC 6X750,3
66,ALMA MORA MALBEC 6X750,3
66,DADA FMORAS N°1 6X750,3
66,LOS ARBOLES SEL MALBEC 6X750,3
67,ALMA MORA MALBEC 6X750,3
68,ALMA MORA MALBEC 6X750,3
68,DADA FMORAS N°1 6X750,3
68,LOS ARBOLES SEL MALBEC 6X750,3
69,FRIZZE EVOL BLUE NEW X1000,3
69,SMIRNOFF GREEN APPLE DO 6X700,6
69,SUTER VARIETAL MALBEC 6X750,6
71,ALMA MORA MALBEC 6X750,3
71,ANTARES LATA HONEY 6 X 473ML,-6
71,DADA N°8 CHOCOLATE 6X750 ,3
71,DON DAVID MALBEC 6X750,3
71,ELEMENTOS MALBEC 6X750 ,3
71,LEGUI 40 AÑOS 12X750,12
72,ALMA MORA MALBEC 6X750,3
72,DADA FMORAS N°1 6X750,3
72,ELEMENTOS MALBEC 6X750 ,3
72,F.LAS MORAS MALBEC 6X750,3
72,GORDON´S TONIC 4X6X473,6
72,LOS ARBOLES SEL MALBEC 6X750,3
72,SHERIDANS 6X750,1
72,SMF ICE GREENAPPLE LAT 4X6X473,12
72,SMF ICE RED BERRIE LAT 4X6X473,12
72,SMIRNOFF ICE LATA 4X6X473,6
73,ALMA MORA MALBEC 6X750,6
73,DADA FMORAS N°1 6X750,3
73,DADA FMORAS N°3 6X750,3
73,DADA N°8 CHOCOLATE 6X750 ,3
73,SMIRNOFF BC ORANGE & LIME 6X700,0
73,SMIRNOFF GREEN APPLE DO 6X700,3
73,SMIRNOFF RASPBERRY DO 6X700,3
73,SMIRNOFF WATERMELON 6X700,0
73,TRAPICHE ALARIS MALBEC 6X750,6
75,ALMA MORA MALBEC 6X750,3
75,DADA FMORAS N°1 6X750,3
75,DON DAVID MALBEC 6X750,6
75,ELEMENTOS MALBEC 6X750 ,3
75,FOND CAVE MALBEC 6X750 ,3
75,LOS ARBOLES SEL MALBEC 6X750,15
75,SAN TELMO MALBEC X750,6
77,ALMA MORA MALBEC 6X750,3
77,DADA FMORAS N°1 6X750,3
77,LOS ARBOLES SEL MALBEC 6X750,3
77,SMIRNOFF GREEN APPLE DO 6X700,3
78,ALMA MORA MALBEC 6X750,3
78,DADA FMORAS N°1 6X750,3
78,LOS ARBOLES SEL MALBEC 6X750,3
78,SMIRNOFF GREEN APPLE DO 6X700,3
80,ALMA MORA MALBEC 6X750,3
82,ANTARES IPA LATA 6X473 (NEW),-6
83,FRIZZE EVOL BLUE NEW X1000,3
84,ALMA MORA MALBEC 6X750,3
84,DADA ESPUMANTE 6X750 ,3
84,TRAPICHE ALARIS MALBEC 6X750,3
86,ALMA MORA MALBEC 6X750,3
86,FRIZZE EVOL BLUE NEW X1000,3
86,SMIRNOFF RASPBERRY DO 6X700,3
86,TRAPICHE ALARIS MALBEC 6X750,3
87,ALMA MORA MALBEC 6X750,3
87,ELEMENTOS MALBEC 6X750 ,3
87,ELEMENTOS TORRONTES 6X750 ,3
87,F. LAS MORAS BCO DULCE 6X750 ,6
87,F.LAS MORAS MALBEC 6X750,6
87,FRIZZE EVOL BLUE NEW X1000,3
87,SMF ICE RED BERRIE LAT 4X6X473,0
87,TRAPICHE ALARIS DULCE COSECHA 6X750,6
87,TRAPICHE ALARIS TORRONTES 6X750 ,3
88,FRIZZE EVOL BLUE NEW X1000,3
89,ALMA MORA BLEND DULCE 6X 750,6
89,ALMA MORA MALBEC 6X750,15
89,BAILEYS NUEVA BOTELLA 12x750,1
89,DADA ART MALBEC 6X750,12
89,DADA ESPUMANTE 6X750 ,3
89,DADA ESPUMANTE MARACUYA 6X750,12
89,DADA ESPUMANTE ROS6X750 ,6
89,DADA EXTRA BRUT 6X750,3
89,DADA FMORAS N°1 6X750,3
89,DADA LATA SWEET PINK 4X6X355,12
89,DADA N6 HONEY X750,3
89,EL REGRESO SEM-CHEN  X750,6
89,ELEMENTOS MALBEC 6X750 ,9
89,ELEMENTOS TORRONTES DLCE6X750 ,3
89,F. LAS MORAS BCO DULCE 6X750 ,6
89,F.LAS MORAS MALBEC 6X750,0
89,FRIZZE BLUE LATA X473,6
89,FRIZZE BUBBLE MOOD 6X1000,6
89,FRIZZE EVOL BLUE NEW X1000,30
89,FRIZZE IT LIM NEW X 1000,6
89,GORDONS  TROPICAL FRUITS 6X700,3
89,GORDON´S GIN 6x700,3
89,GORDON´S PINK GIN 6X700,37
89,GORDON´S TONIC 4X6X473,30
89,JW RED 12X750 UK,4
89,LOS ARBOLES SEL MALBEC 6X750,6
89,LOS ARBOLES SEL RED BLEND 6X750,3
89,LOS INTOCABLES MALBEC 6X750,3
89,ORIGEN BY TRAPICHE MALBEC 6X750,3
89,SAN TELMO MALBEC X750,3
89,SAN TELMO SPARK E.BRUT 6X750,3
89,SMF  BC GRAPEF&LIME  LATA 4X6X473,12
89,SMF BC RUBYORANGE&LIME LATA 4X6X473,18
89,SMF ICE GREENAPPLE LAT 4X6X473,162
89,SMF ICE RED BERRIE LAT 4X6X473,162
89,SMIRNOFF BC GRAPEF.&LIME 6X700,3
89,SMIRNOFF BC ORANGE & LIME 6X700,3
89,SMIRNOFF BC TANGE&LEMONGRASS 6X700,3
89,SMIRNOFF GREEN APPLE DO 6X700,114
89,SMIRNOFF ICE LATA 4X6X473,42
89,SMIRNOFF RASPBERRY DO 6X700,162
89,SMIRNOFF TAMARINDO 6 X 700,6
89,SMIRNOFF TROPICAL FRUITS 6X700,75
89,SUTER VARIETAL MALBEC 6X750,3
89,TANQUERAY ROYALE X750,3
89,TANQUERAY SEVILLA GIN X750,3
89,TRAPICHE ALARIS DULCE COSECHA 6X750,6
89,TRAPICHE ALARIS MALBEC 6X750,9
89,TRAPICHE RESERVA MALBEC 6X750,3
89,WHITE HORSE DO 12X750,2
90,ALMA MORA MALBEC 6X750,3
91,ALMA MORA MALBEC 6X750,87
91,DADA ART MALBEC 6X750,9
91,DADA ESPUMANTE 6X750 ,12
91,DADA FMORAS N°1 6X750,6
91,DON DAVID MALBEC 6X750,6
91,ELEMENTOS MALBEC 6X750 ,3
91,F.LAS MORAS MALBEC 6X750,9
91,FOND CAVE MALBEC 6X750 ,3
91,LOS ARBOLES SEL MALBEC 6X750,9
91,ORIGEN BY TRAPICHE MALBEC 6X750,3
91,SMIRNOFF RASPBERRY DO 6X700,183
91,SMIRNOFF TROPICAL FRUITS 6X700,3
91,TRAPICHE ALARIS DULCE COSECHA 6X750,6
91,TRAPICHE ALARIS MALBEC 6X750,15
91,TRAPICHE RESERVA MALBEC 6X750,3
92,ALMA MORA MALBEC 6X750,9
92,DADA FMORAS N°1 6X750,6
92,SAN TELMO CAB-SAUV X750,6
92,SAN TELMO MALBEC X750,6
94,ANTARES IPA LATA 6X473 (NEW),-6
95,ALMA MORA MALBEC 6X750,3
95,DADA ART MALBEC 6X750,6
95,DADA ESPUMANTE 6X750 ,3
95,SMIRNOFF GREEN APPLE DO 6X700,3
95,SMIRNOFF RASPBERRY DO 6X700,3
95,SMIRNOFF TROPICAL FRUITS 6X700,3
95,TRAPICHE ALARIS MALBEC 6X750,3
96,ANTARES IPA LATA 6X473 (NEW),-6
97,ALMA MORA MALBEC 6X750,3
97,FRIZZE EVOL BLUE NEW X1000,3
97,SMIRNOFF RASPBERRY DO 6X700,3
97,TRAPICHE ALARIS MALBEC 6X750,3
98,ALMA MORA BLEND DULCE 6X 750,3
98,ALMA MORA CABSAUV6X750 ,3
98,ALMA MORA MALBEC 6X750,18
98,ANTARES LAGER LATA 6X473,12
98,ANTARES LATA SCOTCH 6 X 473ML,6
98,CAZADOR BLANCO DULCE 6X750,6
98,EL BAUTISMO MALBEC 6X750 ,6
98,ELEMENTOS CABSAUV 6X750 ,6
98,ELEMENTOS MALBEC 6X750 ,6
98,ELEMENTOS RED BLEND 6 X 750,6
98,F. LAS MORAS BCO DULCE 6X750 ,9
98,F.LAS MORAS MALBEC 6X750,27
98,FOND CAVE MALBEC 6X750 ,6
98,FOND CAVE RVA MALBEC 6X750,3
98,FRIZZE EVOL BLUE NEW X1000,9
98,LOS ARBOLES SEL CABERNET 6X750,6
98,LOS ARBOLES SEL CHARD 6X750,3
98,LOS ARBOLES SEL MALBEC 6X750,21
98,SAN TELMO MALBEC X750,6
98,SUTER VARIETAL MALBEC 6X750,3
98,TRAPICHE ALARIS CABSAUV 6X750 ,6
98,TRAPICHE ALARIS CHARDO 6X750 ,3
98,TRAPICHE ALARIS DULCE COSECHA 6X750,6
98,TRAPICHE ALARIS MALBEC 6X750,12
98,TRAPICHE ALARIS TORRONTES 6X750 ,3
99,ALMA MORA MALBEC 6X750,3
99,ALMA MORA SYRAH 6X750,6
99,DADA ESPUMANTE MARACUYA 6X750,12
99,DADA FMORAS N°1 6X750,12
99,DADA FMORAS N°3 6X750,3
99,DON DAVID MALBEC 6X750,3
99,ELEMENTOS CHARDONNAY 6X750,3
99,FRIZZE EVOL BLUE NEW X1000,30
99,GORDONS  TROPICAL FRUITS 6X700,12
99,GORDON´S PINK GIN 6X700,12
99,SMF ICE GREENAPPLE LAT 4X6X473,48
99,SMF ICE RED BERRIE LAT 4X6X473,60
99,SMIRNOFF GREEN APPLE DO 6X700,90
99,SMIRNOFF RASPBERRY DO 6X700,150
99,SMIRNOFF TAMARINDO 6 X 700,3
99,SMIRNOFF TROPICAL FRUITS 6X700,30
100,ALMA MORA CABSAUV6X750 ,12
100,ALMA MORA MALBEC 6X750,132
100,ALMA MORA SEL RVE CHARDO 6X750,0
100,ALMA MORA SEL RVE MALBEC 6X750,6
100,ANTARES IPA LATA 6X473 (NEW),18
100,ANTARES LAGER LATA 6X473,36
100,ANTARES LATA CARAVANA 6 X 473ML,42
100,ANTARES LATA HONEY 6 X 473ML,6
100,ANTARES LATA IPA 6 X 473ML,6
100,ANTARES LATA SCOTCH 6 X 473ML,6
100,ANTARES PLAYA GRANDE 6 X 473ML,12
100,DADA ART CABERNET 6X750 ,3
100,DADA ART MALBEC 6X750,3
100,DADA ESPUMANTE MARACUYA 6X750,16
100,DADA FMORAS N°1 6X750,6
100,DADA FMORAS N°2 6X750 ,6
100,DADA FMORAS N°3 6X750,6
100,DADA INCREDIBLENDS 1  X750,3
100,DADA N°8 CHOCOLATE 6X750 ,6
100,EL BAUTISMO BLEND B. DLCE 6X750 ,3
100,EL BAUTISMO BLEND TINTAS 6X750 ,9
100,EL BAUTISMO MALBEC 6X750 ,6
100,ELEMENTOS TORRONTES 6X750 ,6
100,ELEMENTOS TORRONTES DLCE6X750 ,6
100,F. LAS MORAS SAUV.BLANC 6X750 ,6
100,F.LAS MORAS CABSAU 6X750 ,6
100,F.LAS MORAS MALBEC 6X750,66
100,FRIZZE BLUE LATA X473,78
100,FRIZZE EVOL BLUE NEW X1000,73
100,GORDON´S TONIC 4X6X473,6
100,INTOCABLES DOUBLE OAK 6 X 750,3
100,JW BLACK LABEL 12x750,12
100,JW RED 12X750 UK,12
100,LOS ARBOLES SEL MALBEC 6X750,0
100,LOS ARBOLES SEL RED BLEND 6X750,6
100,LOS INTOCABLES MALBEC 6X750,3
100,SMF BC RUBYORANGE&LIME LATA 4X6X473,12
100,SMF ICE GREENAPPLE LAT 4X6X473,174
100,SMF ICE RED BERRIE LAT 4X6X473,144
100,SMIRNOFF 21 DO 12X700,3
100,SMIRNOFF BC GRAPEF.&LIME 6X700,3
100,SMIRNOFF GREEN APPLE DO 6X700,330
100,SMIRNOFF ICE LATA 4X6X473,18
100,SMIRNOFF RASPBERRY DO 6X700,549
100,SMIRNOFF TAMARINDO 6 X 700,45
100,SMIRNOFF TROPICAL FRUITS 6X700,30
100,SUTER VARIETAL CABERNET 6X750,-3
100,TANQUERAY DRY GIN X700,1
100,TRAPICHE ALARIS DULCE COSECHA 6X750,6
100,TRAPICHE IMPURO MALBEC X750,3
100,TRAPICHE RESERVA MALBEC 6X750,6
102,ALMA MORA MALBEC 6X750,3
103,ANTARES LATA IPA 6 X 473ML,24
104,ALMA MORA MALBEC 6X750,3
104,DADA ESPUMANTE 6X750 ,3
104,TRAPICHE ALARIS MALBEC 6X750,3
105,ALMA MORA MALBEC 6X750,6
105,ANTARES MICRO IPA 25 AÑOS,6
105,DADA ART MALBEC 6X750,6
105,DADA ESPUMANTE MARACUYA 6X750,6
105,DADA FMORAS N°1 6X750,0
105,ELEMENTOS MALBEC 6X750 ,6
105,F.LAS MORAS MALBEC 6X750,0
105,FOND CAVE MALBEC 6X750 ,0
105,FRIZZE EVOL BLUE NEW X1000,6
105,GORDON´S GIN 6x700,6
105,LOS ARBOLES SEL MALBEC 6X750,6
105,LOS INTOCABLES MALBEC 6X750,3
105,NC SPARK EBRUT 6X750 estuche,6
105,ORIGEN BY TRAPICHE MALBEC 6X750,0
105,SAN TELMO SPARK DULCE 6X750,6
105,SMIRNOFF RASPBERRY DO 6X700,186
105,TRAPICHE ALARIS MALBEC 6X750,6
105,TRAPICHE RESERVA MALBEC 6X750,3
106,BAILEYS NUEVA BOTELLA 12x750,6
107,SMF  BC GRAPEF&LIME  LATA 4X6X473,6
107,SMF ICE RED BERRIE LAT 4X6X473,18
107,SMIRNOFF RASPBERRY DO 6X700,3
107,SMIRNOFF TAMARINDO 6 X 700,3
108,SMIRNOFF RASPBERRY DO 6X700,3
109,SMIRNOFF RASPBERRY DO 6X700,3
110,GORDON´S GIN 6x700,36
110,SMIRNOFF GREEN APPLE DO 6X700,120
110,SMIRNOFF RASPBERRY DO 6X700,390
113,FRIZZE EVOL BLUE NEW X1000,3
114,ALMA MORA BLEND DULCE 6X 750,6
114,ALMA MORA CABSAUV6X750 ,18
114,ALMA MORA CHARD 6X750,12
114,ALMA MORA MALBEC 6X750,18
114,ALMA MORA SYRAH 6X750,6
114,ANTARES MICRO IPA 25 AÑOS,6
114,DADA 7 ORANGE BITTER 6X750,18
114,DADA ART MALBEC 6X750,3
114,DADA ESPUMANTE 6X750 ,18
114,DADA ESPUMANTE MARACUYA 6X750,52
114,DADA ESPUMANTE ROS6X750 ,12
114,DADA FMORAS N°1 6X750,15
114,DADA FMORAS N°3 6X750,3
114,DON DAVID MALBEC 6X750,3
114,EL BAUTISMO MALBEC 6X750 ,6
114,ELEMENTOS CABSAUV 6X750 ,6
114,ELEMENTOS CHARDONNAY 6X750,3
114,ELEMENTOS MALBEC 6X750 ,6
114,ELEMENTOS TORRONTES 6X750 ,6
114,F.LAS MORAS MALBEC 6X750,3
114,FOND CAVE MALBEC 6X750 ,3
114,FRIZZE EVOL BLUE NEW X1000,73
114,GORDONS  TROPICAL FRUITS 6X700,12
114,GORDON´S GIN 6x700,3
114,GORDON´S PINK GIN 6X700,12
114,J&B YELLOW 6X750,2
114,LOS ARBOLES SEL MALBEC 6X750,12
114,LOS ARBOLES SEL RED BLEND 6X750,6
114,LOS INTOCABLES MALBEC 6X750,3
114,NC SPARK EBRUT 6X750 estuche,6
114,ORIGEN BY TRAPICHE MALBEC 6X750,3
114,SAN TELMO SPARK DULCE 6X750,6
114,SMF ICE GREENAPPLE LAT 4X6X473,48
114,SMF ICE RED BERRIE LAT 4X6X473,84
114,SMIRNOFF GREEN APPLE DO 6X700,90
114,SMIRNOFF RASPBERRY DO 6X700,153
114,SMIRNOFF TROPICAL FRUITS 6X700,210
114,TRAPICHE ALARIS CABSAUV 6X750 ,6
114,TRAPICHE ALARIS DULCE COSECHA 6X750,6
114,TRAPICHE ALARIS MALBEC 6X750,12
114,TRAPICHE RESERVA MALBEC 6X750,6
114,WHITE HORSE DO 12X750,4
115,ALMA MORA MALBEC 6X750,12
115,ALMA MORA MERLOT 6X750,3
115,ANTARES MICRO IPA 25 AÑOS,6
115,COLECCION PRIVADA MALBEC,3
115,DADA 7 ORANGE BITTER 6X750,6
115,DADA ART MALBEC 6X750,15
115,DADA ESPUMANTE MARACUYA 6X750,6
115,DADA ESPUMANTE ROS6X750 ,6
115,DADA EXTRA BRUT 6X750,6
115,DADA FMORAS N°1 6X750,3
115,DADA FMORAS N°2 6X750 ,6
115,ELEMENTOS MALBEC 6X750 ,30
115,F.LAS MORAS MALBEC 6X750,3
115,FOND CAVE MALBEC 6X750 ,3
115,FRIZZE EVOL BLUE NEW X1000,9
115,GORDON´S GIN 6x700,12
115,GORDON´S PINK GIN 6X700,3
115,LOS ARBOLES SEL MALBEC 6X750,12
115,LOS INTOCABLES MALBEC 6X750,3
115,NC SPARK EBRUT 6X750 estuche,6
115,ORIGEN BY TRAPICHE MALBEC 6X750,3
115,SAN TELMO SPARK DULCE 6X750,9
115,SAN TELMO SPARK E.BRUT 6X750,3
115,SAN TELMO SPARK EXT DULCE 6X75 Ma,3
115,SMIRNOFF BC TANGE&LEMONGRASS 6X700,3
115,SMIRNOFF RASPBERRY DO 6X700,12
115,SMIRNOFF TROPICAL FRUITS 6X700,180
115,TRAPICHE ALARIS MALBEC 6X750,12
115,TRAPICHE RESERVA MALBEC 6X750,12
117,ANTARES IPA LATA 6X473 (NEW),-6
120,ALMA MORA MALBEC 6X750,9
120,ANTARES MICRO IPA 25 AÑOS,6
120,DADA ART MALBEC 6X750,6
120,DADA ESPUMANTE MARACUYA 6X750,22
120,DADA FMORAS N°1 6X750,3
120,ELEMENTOS MALBEC 6X750 ,9
120,F.LAS MORAS MALBEC 6X750,3
120,FOND CAVE MALBEC 6X750 ,3
120,FRIZZE EVOL BLUE NEW X1000,46
120,GORDON´S GIN 6x700,6
120,LOS ARBOLES SEL MALBEC 6X750,9
120,LOS INTOCABLES MALBEC 6X750,3
120,NC SPARK EBRUT 6X750 estuche,6
120,ORIGEN BY TRAPICHE MALBEC 6X750,3
120,SAN TELMO SPARK DULCE 6X750,6
120,SMF ICE RED BERRIE LAT 4X6X473,24
120,SMIRNOFF GREEN APPLE DO 6X700,60
120,SMIRNOFF RASPBERRY DO 6X700,96
120,SMIRNOFF TROPICAL FRUITS 6X700,210
120,TRAPICHE ALARIS MALBEC 6X750,9
120,TRAPICHE RESERVA MALBEC 6X750,6
122,ALMA MORA MALBEC 6X750,6
122,ANTARES MICRO IPA 25 AÑOS,6
122,DADA ART MALBEC 6X750,6
122,DADA ESPUMANTE MARACUYA 6X750,6
122,DADA FMORAS N°1 6X750,0
122,ELEMENTOS MALBEC 6X750 ,6
122,F.LAS MORAS MALBEC 6X750,0
122,FOND CAVE MALBEC 6X750 ,0
122,FRIZZE EVOL BLUE NEW X1000,6
122,GORDON´S GIN 6x700,6
122,LOS ARBOLES SEL MALBEC 6X750,6
122,LOS INTOCABLES MALBEC 6X750,3
122,NC SPARK EBRUT 6X750 estuche,6
122,ORIGEN BY TRAPICHE MALBEC 6X750,0
122,SAN TELMO SPARK DULCE 6X750,6
122,SMIRNOFF GREEN APPLE DO 6X700,3
122,SMIRNOFF RASPBERRY DO 6X700,6
122,SMIRNOFF TROPICAL FRUITS 6X700,180
122,TRAPICHE ALARIS MALBEC 6X750,6
122,TRAPICHE RESERVA MALBEC 6X750,3
123,ALMA MORA CABSAUV6X750 ,3
123,ALMA MORA MALBEC 6X750,33
123,ANTARES MICRO IPA 25 AÑOS,6
123,DADA ART CABERNET 6X750 ,6
123,DADA ART MALBEC 6X750,9
123,DADA ESPUMANTE MARACUYA 6X750,22
123,DADA FMORAS N°1 6X750,3
123,DADA N°8 CHOCOLATE 6X750 ,9
123,DON DAVID MALBEC 6X750,6
123,EL BAUTISMO MALBEC 6X750 ,15
123,ELEMENTOS MALBEC 6X750 ,18
123,F LAS MORAS RED BLEND  6X 750,6
123,F.LAS MORAS MALBEC 6X750,15
123,FOND CAVE MALBEC 6X750 ,6
123,FRIZZE EVOL BLUE NEW X1000,43
123,GORDON´S GIN 6x700,3
123,JW BLACK LABEL 12x750,3
123,LOS ARBOLES SEL MALBEC 6X750,24
123,LOS INTOCABLES CHARD  6X750,3
123,LOS INTOCABLES MALBEC 6X750,9
123,NC SPARK EBRUT 6X750 estuche,6
123,ORIGEN BY TRAPICHE CAB.S 6X750,3
123,ORIGEN BY TRAPICHE MALBEC 6X750,15
123,SAN TELMO MALBEC X750,6
123,SAN TELMO SPARK DULCE 6X750,6
123,SMF ICE RED BERRIE LAT 4X6X473,24
123,SMIRNOFF GREEN APPLE DO 6X700,63
123,SMIRNOFF RASPBERRY DO 6X700,273
123,SMIRNOFF TROPICAL FRUITS 6X700,33
123,SUTER VARIETAL MALBEC 6X750,12
123,TRAPICHE ALARIS MALBEC 6X750,12
123,TRAPICHE RES  RED BLEND 6 X 750,3
123,TRAPICHE RESERVA MALBEC 6X750,15
124,ALMA MORA MALBEC 6X750,3
126,ALMA MORA MALBEC 6X750,3
126,DADA ESPUMANTE 6X750 ,3
126,FRIZZE BLUE LATA X473,6
126,SMF ICE RED BERRIE LAT 4X6X473,24
126,SMIRNOFF GREEN APPLE DO 6X700,3
126,TRAPICHE ALARIS MALBEC 6X750,3
127,ALMA MORA MALBEC 6X750,3
128,ALMA MORA MALBEC 6X750,3
128,DADA ESPUMANTE 6X750 ,3
128,SMIRNOFF GREEN APPLE DO 6X700,3
128,TRAPICHE ALARIS MALBEC 6X750,3
129,SMIRNOFF RASPBERRY DO 6X700,3
131,ALMA MORA MALBEC 6X750,3
131,FRIZZE EVOL BLUE NEW X1000,3
131,SMIRNOFF RASPBERRY DO 6X700,3
131,TRAPICHE ALARIS MALBEC 6X750,3
132,DADA ART CABERNET 6X750 ,3
132,DADA FMORAS N°1 6X750,3
132,SMF BC RUBYORANGE&LIME LATA 4X6X473,6
132,SMF ICE RED BERRIE LAT 4X6X473,12
132,SMIRNOFF GREEN APPLE DO 6X700,9
132,SMIRNOFF RASPBERRY DO 6X700,6
134,ALMA MORA MALBEC 6X750,3
134,DADA ESPUMANTE 6X750 ,3
134,SMIRNOFF GREEN APPLE DO 6X700,3
134,TRAPICHE ALARIS MALBEC 6X750,3
135,ALMA MORA BLEND DULCE 6X 750,3
135,ALMA MORA MALBEC 6X750,15
135,DADA ART MALBEC 6X750,3
135,DADA ESPUMANTE 6X750 ,6
135,DADA FMORAS N°1 6X750,6
135,EL BAUTISMO MALBEC 6X750 ,3
135,ELEMENTOS CHARDONNAY 6X750,3
135,ELEMENTOS MALBEC 6X750 ,18
135,ELEMENTOS TORRONTES DLCE6X750 ,12
135,F LAS MORAS RED BLEND  6X 750,3
135,FAIR FOR LIFE MALBEC 6X750 ,3
135,FOND CAVE MALBEC 6X750 ,3
135,FRIZZE BLUE LATA X473,6
135,FRIZZE EVOL BLUE NEW X1000,12
135,LOS ARBOLES SEL CABERNET 6X750,3
135,SMF ICE GREENAPPLE LAT 4X6X473,6
135,SMF ICE RED BERRIE LAT 4X6X473,6
135,SMIRNOFF GREEN APPLE DO 6X700,3
135,SMIRNOFF ICE LATA 4X6X473,6
135,SMIRNOFF RASPBERRY DO 6X700,6
135,TRAPICHE ALARIS MALBEC 6X750,9
138,ALMA MORA MALBEC 6X750,3
138,DADA ESPUMANTE 6X750 ,3
138,TRAPICHE ALARIS MALBEC 6X750,3
139,ALMA MORA CABSAUV6X750 ,6
139,ALMA MORA MALBEC 6X750,51
139,DADA ART MALBEC 6X750,12
139,F.LAS MORAS CABSAU 6X750 ,3
139,F.LAS MORAS MALBEC 6X750,3
139,SMF  BC GRAPEF&LIME  LATA 4X6X473,6
139,SMF BC RUBYORANGE&LIME LATA 4X6X473,6
139,SMF ICE GREENAPPLE LAT 4X6X473,18
139,SMF ICE RED BERRIE LAT 4X6X473,12
139,SMIRNOFF BC GRAPEF.&LIME 6X700,0
139,SMIRNOFF BC ORANGE & LIME 6X700,3
139,SMIRNOFF BC TANGE&LEMONGRASS 6X700,3
139,SMIRNOFF GREEN APPLE DO 6X700,18
139,SMIRNOFF ICE LATA 4X6X473,6
139,SMIRNOFF RASPBERRY DO 6X700,9
139,SMIRNOFF TROPICAL FRUITS 6X700,6
139,TRAPICHE ALARIS MALBEC 6X750,3
140,ALMA MORA MALBEC 6X750,3
140,FRIZZE EVOL BLUE NEW X1000,3
140,SMIRNOFF RASPBERRY DO 6X700,3
140,TRAPICHE ALARIS MALBEC 6X750,3
142,ALMA MORA MALBEC 6X750,3
142,DADA ART MALBEC 6X750,3
142,DADA FMORAS N°1 6X750,3
142,ELEMENTOS MALBEC 6X750 ,3
142,F.LAS MORAS MALBEC 6X750,3
142,FRIZZE EVOL BLUE NEW X1000,6
142,GORDON´S GIN 6x700,-3
142,LOS ARBOLES SEL MALBEC 6X750,3
142,SMIRNOFF RASPBERRY DO 6X700,3
142,TRAPICHE ALARIS MALBEC 6X750,3
143,ALMA MORA MALBEC 6X750,3
146,ALMA MORA MALBEC 6X750,3
146,DADA ESPUMANTE 6X750 ,3
146,SMIRNOFF GREEN APPLE DO 6X700,3
146,TRAPICHE ALARIS MALBEC 6X750,3
147,GORDON´S PINK GIN 6X700,1
147,JW RED 12X1000 UK,1
147,WHITE HORSE DO 12X750,1
148,SMIRNOFF RASPBERRY DO 6X700,3
149,ALMA MORA MALBEC 6X750,3
149,DADA ESPUMANTE 6X750 ,3
149,TRAPICHE ALARIS MALBEC 6X750,3
151,ANTARES IPA LATA 6X473 (NEW),-6
152,ANTARES IPA LATA 6X473 (NEW),-6
153,ALMA MORA MALBEC 6X750,6
153,SAN TELMO MALBEC X750,6
153,TRAPICHE ALARIS MALBEC 6X750,6
154,FRIZZE BLUE LATA X473,11
154,SMIRNOFF RASPBERRY DO 6X700,3
155,ALMA MORA MALBEC 6X750,3
155,FRIZZE EVOL BLUE NEW X1000,3
155,SMIRNOFF RASPBERRY DO 6X700,3
155,TRAPICHE ALARIS MALBEC 6X750,3
156,ALMA MORA MALBEC 6X750,3
156,DADA ESPUMANTE 6X750 ,3
156,SMF ICE GREENAPPLE LAT 4X6X473,12
156,SMF ICE RED BERRIE LAT 4X6X473,48
156,SMIRNOFF GREEN APPLE DO 6X700,3
156,SMIRNOFF RASPBERRY DO 6X700,6
157,ALMA MORA MALBEC 6X750,3
158,ALMA MORA MALBEC 6X750,6
158,DADA ESPUMANTE MARACUYA 6X750,3
158,DADA ESPUMANTE ROS6X750 ,3
158,GORDON´S TONIC 4X6X473,6
158,SMF ICE GREENAPPLE LAT 4X6X473,30
158,SMF ICE RED BERRIE LAT 4X6X473,12
159,ALMA MORA MALBEC 6X750,3
161,ALMA MORA MALBEC 6X750,21
161,ALMA MORA SEL RVE MALBEC 6X750,3
161,ANTARES IPA LATA 6X473 (NEW),6
161,ANTARES LAGER LATA 6X473,6
161,ANTARES LATA CARAVANA 6 X 473ML,6
161,ANTARES MICRO IPA 25 AÑOS,6
161,CAZADOR CAB. SAU 6X750,6
161,CAZADOR MALBEC 6X750,6
161,DADA ART MALBEC 6X750,3
161,DADA ESPUMANTE MARACUYA 6X750,22
161,DADA FMORAS N°1 6X750,6
161,DADA FMORAS N°2 6X750 ,3
161,DADA FMORAS N°3 6X750,3
161,DADA N°8 CHOCOLATE 6X750 ,12
161,DADA N°9 CARAMEL 6X750,3
161,EL BAUTISMO MALBEC 6X750 ,3
161,ELEMENTOS MALBEC 6X750 ,21
161,F. LAS MORAS BCO DULCE 6X750 ,3
161,F.LAS MORAS CABSAU 6X750 ,3
161,F.LAS MORAS MALBEC 6X750,24
161,FOND CAVE MALBEC 6X750 ,9
161,FRIZZE BLUE LATA X473,18
161,FRIZZE EVOL BLUE NEW X1000,55
161,FRIZZE ITAL LIMA LATA X473,6
161,GORDONS  TROPICAL FRUITS 6X700,1
161,GORDON´S GIN 6x700,3
161,GORDON´S TONIC 4X6X473,6
161,JW RED 12X750 UK,2
161,LOS ARBOLES SEL CHARD 6X750,3
161,LOS ARBOLES SEL MALBEC 6X750,9
161,LOS ARBOLES SEL RED BLEND 6X750,6
161,LOS INTOCABLES MALBEC 6X750,3
161,NC SPARK EBRUT 6X750 estuche,6
161,ORIGEN BY TRAPICHE MALBEC 6X750,6
161,SAN TELMO SPARK DULCE 6X750,6
161,SMF  BC GRAPEF&LIME  LATA 4X6X473,30
161,SMF BC RUBYORANGE&LIME LATA 4X6X473,36
161,SMF ICE GREENAPPLE LAT 4X6X473,66
161,SMF ICE RED BERRIE LAT 4X6X473,72
161,SMIRNOFF GREEN APPLE DO 6X700,63
161,SMIRNOFF ICE LATA 4X6X473,42
161,SMIRNOFF RASPBERRY DO 6X700,108
161,SMIRNOFF TROPICAL FRUITS 6X700,213
161,SMIRNOFF WATERMELON 6X700,3
161,TRAPICHE ALARIS MALBEC 6X750,18
161,TRAPICHE IMPURO MALBEC X750,0
161,TRAPICHE RESERVA MALBEC 6X750,12
161,WHITE HORSE DO 12X750,1
163,ANTARES IPA LATA 6X473 (NEW),-6
164,ALMA MORA MALBEC 6X750,6
164,DADA ESPUMANTE 6X750 ,3
164,DADA FMORAS N°1 6X750,3
164,ELEMENTOS MALBEC 6X750 ,6
164,F.LAS MORAS MALBEC 6X750,3
164,LOS ARBOLES SEL MALBEC 6X750,3
164,SMIRNOFF ICE LATA 4X6X473,12
164,TRAPICHE ALARIS MALBEC 6X750,3
165,ANTARES IPA LATA 6X473 (NEW),-6
166,ALMA MORA CABSAUV6X750 ,3
166,ALMA MORA MALBEC 6X750,6
166,DADA ESPUMANTE 6X750 ,3
166,DADA FMORAS N°1 6X750,3
166,ELEMENTOS CABSAUV 6X750 ,3
166,ELEMENTOS MALBEC 6X750 ,6
166,F.LAS MORAS MALBEC 6X750,3
166,FRIZZE BUBBLE MOOD 6X1000,6
166,LOS ARBOLES SEL MALBEC 6X750,3
166,SAN TELMO MALBEC X750,3
166,SMF  BC GRAPEF&LIME  LATA 4X6X473,6
166,SMF ICE GREENAPPLE LAT 4X6X473,12
166,SMF ICE RED BERRIE LAT 4X6X473,30
166,SMIRNOFF ICE LATA 4X6X473,6
166,SMIRNOFF RASPBERRY DO 6X700,3
166,SMIRNOFF TAMARINDO 6 X 700,3
166,TRAPICHE ALARIS MALBEC 6X750,3
167,SMIRNOFF RASPBERRY DO 6X700,3
168,ELEMENTOS MALBEC 6X750 ,6
168,ELEMENTOS TORRONTES 6X750 ,48
169,ALMA MORA MALBEC 6X750,9
169,DADA ART MALBEC 6X750,3
169,DADA ESPUMANTE 6X750 ,3
169,DADA FMORAS N°1 6X750,3
169,ELEMENTOS MALBEC 6X750 ,12
169,F.LAS MORAS MALBEC 6X750,9
169,LOS ARBOLES SEL MALBEC 6X750,3
169,TERMIDOR 2021 TINTO  12X1L ,12
169,TRAPICHE ALARIS MALBEC 6X750,3
172,ALMA MORA CABSAUV6X750 ,6
172,ALMA MORA MALBEC 6X750,120
172,ALMA MORA MERLOT 6X750,12
172,ALMA MORA SEL RVE MALBEC 6X750,6
172,ALMA MORA SYRAH ROSE 6X750 ,6
172,ANTARES IPA LATA 6X473 (NEW),30
172,ANTARES LAGER LATA 6X473,24
172,ANTARES LATA KOLSCH 6 X 473ML,6
172,ANTARES LATA SCOTCH 6 X 473ML,6
172,BAILEYS NUEVA BOTELLA 12x750,3
172,COLECCION PRIVADA MALBEC,15
172,DADA 7 ORANGE BITTER 6X750,6
172,DADA 7 SWEET  6X750,12
172,DADA ART MALBEC 6X750,6
172,DADA ESPUMANTE 6X750 ,66
172,DADA ESPUMANTE MARACUYA 6X750,60
172,DADA ESPUMANTE ROS6X750 ,3
172,DADA EXTRA BRUT 6X750,6
172,DADA FMORAS N°1 6X750,6
172,DADA FMORAS N°2 6X750 ,24
172,DADA FMORAS N°3 6X750,12
172,DADA INCREDIBLENDS 2  X750,12
172,DADA N6 HONEY X750,6
172,DADA N°8 CHOCOLATE 6X750 ,24
172,DADA WHITE MALBEC 6X750,12
172,DON DAVID CABERNET 6X750,6
172,DON DAVID MALBEC 6X750,30
172,DON DAVID RESERVA MALBEC X750,3
172,EL BAUTISMO BLEND B. DLCE 6X750 ,6
172,EL BAUTISMO BLEND TINTAS 6X750 ,12
172,EL BAUTISMO MALBEC 6X750 ,12
172,EL BAUTISMO ROSADO 6X750 ,6
172,EL ESTECO MALBEC 6X750,12
172,EL REGRESO SEM-CHEN  X750,24
172,EL ULTIMO RIE MEJOR X750,6
172,ELEMENTOS CABSAUV 6X750 ,6
172,ELEMENTOS CHARDONNAY 6X750,6
172,ELEMENTOS MALBEC 6X750 ,12
172,ELEMENTOS RED BLEND 6 X 750,6
172,ELEMENTOS ROSADO TORRONT 6X750 ,6
172,ELEMENTOS SYRAH 6X750 ,6
172,ELEMENTOS TANNAT 6X750 ,6
172,ELEMENTOS TORRONTES DLCE6X750 ,6
172,F LAS MORAS RED BLEND  6X 750,3
172,F. LAS MORAS BCO DULCE 6X750 ,6
172,F.LAS MORAS MALBEC 6X750,90
172,FAIR FOR LIFE CAB.SAUV 6X750 ,6
172,FAIR FOR LIFE CHARDONNAY 6X750 ,6
172,FOND CAVE MALBEC 6X750 ,18
172,FOND CAVE RVA MALBEC 6X750,6
172,FRIZZE BLUE LATA X473,72
172,FRIZZE BUBBLE MOOD 6X1000,12
172,FRIZZE EVOL BLUE NEW X1000,87
172,GORDON´S GIN 6x700,48
172,GORDON´S PINK GIN 6X700,28
172,GORDON´S TONIC 4X6X473,42
172,J&B YELLOW 6X750,6
172,JW BLACK LABEL 12x750,12
172,JW RED 12X1000 UK,2
172,JW RED 12X750 UK,14
172,LA GRAN NACHA X750,6
172,LOS ARBOLES SEL CABERNET 6X750,6
172,LOS ARBOLES SEL MALBEC 6X750,36
172,LOS ARBOLES SEL RED BLEND 6X750,18
172,LOS INTOCABLES CAB.SAUV 6X750,6
172,LOS INTOCABLES MALBEC 6X750,6
172,NC S E.BRUT4X6X355,6
172,NC SPARK BRUT ROSE 6X750,12
172,NC SPARK DLCE 6X750,6
172,NC SPARK EBRUT 6X750 nuevo,12
172,NC SPARK NATURE 6X750 PREM ,12
172,ORIGEN BY TRAPICHE MALBEC 6X750,30
172,PAZ DE FLM MALBEC 6X750,6
172,SAN TELMO MALBEC X750,36
172,SAN TELMO SPARK DULCE 6X750,6
172,SAN TELMO SPARK EXT DULCE 6X75 Ma,18
172,SMF  BC GRAPEF&LIME  LATA 4X6X473,42
172,SMF BC RUBYORANGE&LIME LATA 4X6X473,42
172,SMF ICE GREENAPPLE LAT 4X6X473,498
172,SMF ICE RED BERRIE LAT 4X6X473,318
172,SMIRNOFF 21 DO 12X700,6
172,SMIRNOFF BC TANGE&LEMONGRASS 6X700,12
172,SMIRNOFF GREEN APPLE DO 6X700,546
172,SMIRNOFF ICE LATA 4X6X473,156
172,SMIRNOFF RASPBERRY DO 6X700,654
172,SMIRNOFF TAMARINDO 6 X 700,63
172,SMIRNOFF TROPICAL FRUITS 6X700,18
172,SUTER VARIETAL CABERNET 6X750,6
172,SUTER VARIETAL MALBEC 6X750,12
172,TERMIDOR 2021 TINTO  12X1L ,24
172,TERMIDOR BLANCO 12X1L ,12
172,TRAPICHE ALARIS CABSAUV 6X750 ,3
172,TRAPICHE ALARIS DULCE COSECHA 6X750,18
172,TRAPICHE ALARIS MALBEC 6X750,6
172,TRAPICHE ALARIS TORRONTES 6X750 ,6
172,TRAPICHE IMPURO MALBEC X750,6
172,TRAPICHE PURO MALBEC,6
172,TRAPICHE RES  RED BLEND 6 X 750,3
172,TRAPICHE RESERVA MALBEC 6X750,6
172,WHITE HORSE DO 12X750,9
173,ALMA MORA BLEND DULCE 6X 750,3
173,ALMA MORA MALBEC 6X750,21
173,ALMA MORA SEL RVE MALBEC 6X750,2
173,DADA ART MALBEC 6X750,12
173,DADA ESPUMANTE 6X750 ,3
173,DADA LATA SWEET  4X6X355,6
173,DADA N°9 CARAMEL 6X750,5
173,EL BAUTISMO MALBEC 6X750 ,9
173,ELEMENTOS MALBEC 6X750 ,9
173,F LAS MORAS RED BLEND  6X 750,3
173,F.LAS MORAS MALBEC 6X750,20
173,FAIR FOR LIFE MALBEC 6X750 ,6
173,FOND CAVE CABSAU 6X750,3
173,LOS ARBOLES SEL CABERNET 6X750,3
173,LOS ARBOLES SEL MALBEC 6X750,15
173,LOS ARBOLES SEL RED BLEND 6X750,6
173,ORIGEN BY TRAPICHE MALBEC 6X750,9
173,SAN TELMO CAB-SAUV X750,3
173,SAN TELMO MALBEC X750,15
173,SMF ICE RED BERRIE LAT 4X6X473,6
173,SMIRNOFF GREEN APPLE DO 6X700,3
173,SUTER VARIETAL MALBEC 6X750,12
173,TRAPICHE ALARIS DULCE COSECHA 6X750,6
173,TRAPICHE ALARIS MALBEC 6X750,18
173,TRAPICHE ALARIS TORRONTES 6X750 ,3
173,TRAPICHE RESERVA MALBEC 6X750,3
174,ALMA MORA MALBEC 6X750,3
174,DADA ESPUMANTE 6X750 ,3
174,FRIZZE BLUE LATA X473,6
174,FRIZZE ITAL LIMA LATA X473,6
174,GORDON´S PINK GIN 6X700,18
174,SMF ICE RED BERRIE LAT 4X6X473,24
174,SMIRNOFF TROPICAL FRUITS 6X700,6
174,TRAPICHE ALARIS MALBEC 6X750,3
175,ALMA MORA MALBEC 6X750,3
176,ALMA MORA BLEND BLANCO 6X750,6
176,ALMA MORA BLEND DULCE 6X 750,6
176,ALMA MORA BLEND TINTO 6X750,12
176,ALMA MORA CABSAUV6X750 ,18
176,ALMA MORA MALBEC 6X750,27
176,ALMA MORA MERLOT 6X750,12
176,ALMA MORA SYRAH 6X750,6
176,ALMA MORA SYRAH ROSE 6X750 ,6
176,DADA 7 ORANGE BITTER 6X750,6
176,DADA ART CABERNET 6X750 ,6
176,DADA ART MALBEC 6X750,12
176,DADA ESPUMANTE 6X750 ,12
176,DADA ESPUMANTE MARACUYA 6X750,40
176,DADA FMORAS N°1 6X750,33
176,DADA FMORAS N°2 6X750 ,12
176,DADA FMORAS N°3 6X750,21
176,DADA N6 HONEY X750,12
176,DADA N°8 CHOCOLATE 6X750 ,30
176,DADA N°9 CARAMEL 6X750,6
176,DADA WHITE MALBEC 6X750,0
176,DON DAVID MALBEC 6X750,3
176,EL BAUTISMO MALBEC 6X750 ,12
176,ELEMENTOS CABSAUV 6X750 ,12
176,ELEMENTOS CHARDONNAY 6X750,3
176,ELEMENTOS MALBEC 6X750 ,21
176,ELEMENTOS TANNAT 6X750 ,6
176,ELEMENTOS TORRONTES 6X750 ,6
176,F. LAS MORAS BCO DULCE 6X750 ,6
176,F.LAS MORAS CABSAU 6X750 ,12
176,F.LAS MORAS MALBEC 6X750,27
176,F.LAS MORAS SYRAH 6X750 ,6
176,FOND CAVE MALBEC 6X750 ,3
176,FRIZZE EVOL BLUE NEW X1000,70
176,GORDONS  TROPICAL FRUITS 6X700,12
176,GORDON´S PINK GIN 6X700,12
176,LOS ARBOLES SEL CABERNET 6X750,6
176,LOS ARBOLES SEL MALBEC 6X750,12
176,LOS ARBOLES SEL RED BLEND 6X750,6
176,LOS INTOCABLES CHARD  6X750,6
176,ORIGEN BY TRAPICHE MALBEC 6X750,3
176,SAN TELMO CAB-SAUV X750,6
176,SMF ICE GREENAPPLE LAT 4X6X473,48
176,SMF ICE RED BERRIE LAT 4X6X473,84
176,SMIRNOFF GREEN APPLE DO 6X700,90
176,SMIRNOFF RASPBERRY DO 6X700,150
176,SMIRNOFF TROPICAL FRUITS 6X700,210
176,TERMIDOR BLANCO 12X1L ,12
176,TRAPICHE ALARIS MALBEC 6X750,9
176,TRAPICHE ALARIS SYRAH 6X750 ,0
176,TRAPICHE RESERVA MALBEC 6X750,3
178,GORDON´S GIN 6x700,1
178,GORDON´S PINK GIN 6X700,1
178,JW BLACK LABEL 12x750,1
178,JW GOLD RVE 6x750,1
178,JW RED 12X1000 UK,1
178,JW RED 12X750 UK,4
179,SMIRNOFF RASPBERRY DO 6X700,3
180,ALMA MORA MALBEC 6X750,243
180,ALMA MORA SEL RVE CABER 6X750,12
180,ALMA MORA SEL RVE MALBEC 6X750,6
180,ALMA MORA SYRAH 6X750,6
180,ANTARES MICRO IPA 25 AÑOS,6
180,DADA ART MALBEC 6X750,6
180,DADA ESPUMANTE MARACUYA 6X750,34
180,DADA FMORAS N°1 6X750,21
180,DADA FMORAS N°2 6X750 ,6
180,DADA FMORAS N°3 6X750,3
180,DADA N°8 CHOCOLATE 6X750 ,6
180,DON DAVID MALBEC 6X750,3
180,ELEMENTOS CABSAUV 6X750 ,6
180,ELEMENTOS CHARDONNAY 6X750,9
180,ELEMENTOS MALBEC 6X750 ,15
180,ELEMENTOS TORRONTES DLCE6X750 ,6
180,F.LAS MORAS MALBEC 6X750,3
180,FOND CAVE CABSAU 6X750,24
180,FOND CAVE CHARD 6X750,6
180,FOND CAVE MALBEC 6X750 ,27
180,FRIZZE EVOL BLUE NEW X1000,76
180,GORDONS  TROPICAL FRUITS 6X700,12
180,GORDON´S GIN 6x700,6
180,GORDON´S PINK GIN 6X700,12
180,J&B YELLOW 6X750,6
180,LOS ARBOLES SEL MALBEC 6X750,9
180,LOS INTOCABLES MALBEC 6X750,3
180,NC SPARK EBRUT 6X750 estuche,6
180,ORIGEN BY TRAPICHE MALBEC 6X750,3
180,SAN TELMO SPARK DULCE 6X750,6
180,SMF ICE GREENAPPLE LAT 4X6X473,48
180,SMF ICE RED BERRIE LAT 4X6X473,84
180,SMIRNOFF BC ORANGE & LIME 6X700,6
180,SMIRNOFF GREEN APPLE DO 6X700,276
180,SMIRNOFF RASPBERRY DO 6X700,168
180,SMIRNOFF TROPICAL FRUITS 6X700,36
180,SMIRNOFF WATERMELON 6X700,6
180,SUTER VARIETAL MALBEC 6X750,6
180,TRAPICHE ALARIS CABSAUV 6X750 ,6
180,TRAPICHE ALARIS DULCE COSECHA 6X750,48
180,TRAPICHE ALARIS MALBEC 6X750,21
180,TRAPICHE RESERVA MALBEC 6X750,12
180,WHITE HORSE DO 12X750,156
181,ALMA MORA BLEND DULCE 6X 750,12
181,ALMA MORA BLEND TINTO 6X750,6
181,ALMA MORA CABSAUV6X750 ,12
181,ALMA MORA CHARD 6X750,12
181,ALMA MORA MALBEC 6X750,63
181,ALMA MORA SYRAH 6X750,6
181,ALMA MORA SYRAH ROSE 6X750 ,12
181,ANTARES MICRO IPA 25 AÑOS,6
181,DADA ART CABERNET 6X750 ,12
181,DADA ART MALBEC 6X750,9
181,DADA ESPUMANTE MARACUYA 6X750,34
181,DADA FMORAS N°1 6X750,66
181,DADA FMORAS N°2 6X750 ,18
181,DADA FMORAS N°3 6X750,9
181,DADA N°8 CHOCOLATE 6X750 ,12
181,DON DAVID MALBEC 6X750,3
181,EL BAUTISMO MALBEC 6X750 ,6
181,ELEMENTOS CABSAUV 6X750 ,-6
181,ELEMENTOS CHARDONNAY 6X750,9
181,ELEMENTOS MALBEC 6X750 ,21
181,F. LAS MORAS BCO DULCE 6X750 ,36
181,F.LAS MORAS MALBEC 6X750,66
181,FRIZZE EVOL BLUE NEW X1000,73
181,GORDONS  TROPICAL FRUITS 6X700,12
181,GORDON´S GIN 6x700,3
181,GORDON´S PINK GIN 6X700,12
181,LOS ARBOLES SEL CABERNET 6X750,6
181,LOS ARBOLES SEL MALBEC 6X750,21
181,LOS INTOCABLES MALBEC 6X750,3
181,NC SPARK EBRUT 6X750 estuche,6
181,SAN TELMO SPARK DULCE 6X750,6
181,SMF ICE GREENAPPLE LAT 4X6X473,48
181,SMF ICE RED BERRIE LAT 4X6X473,84
181,SMIRNOFF 21 DO 12X700,3
181,SMIRNOFF GREEN APPLE DO 6X700,270
181,SMIRNOFF RASPBERRY DO 6X700,153
181,SMIRNOFF TROPICAL FRUITS 6X700,30
181,TRAPICHE ALARIS CABSAUV 6X750 ,30
181,TRAPICHE ALARIS DULCE COSECHA 6X750,72
181,TRAPICHE ALARIS MALBEC 6X750,51
181,TRAPICHE RESERVA MALBEC 6X750,3
183,ALMA MORA MALBEC 6X750,3
183,DADA ESPUMANTE 6X750 ,3
183,SMIRNOFF GREEN APPLE DO 6X700,3
183,TRAPICHE ALARIS MALBEC 6X750,3
184,ALMA MORA CABSAUV6X750 ,3
184,ALMA MORA MALBEC 6X750,12
184,ELEMENTOS MALBEC 6X750 ,3
184,F. LAS MORAS BCO DULCE 6X750 ,3
184,F.LAS MORAS MALBEC 6X750,6
184,LOS ARBOLES SEL MALBEC 6X750,3
184,SMF ICE RED BERRIE LAT 4X6X473,0
184,TRAPICHE ALARIS CABSAUV 6X750 ,3
185,ALMA MORA MALBEC 6X750,6
185,ALMA MORA SYRAH 6X750,6
185,ANTARES MICRO IPA 25 AÑOS,6
185,DADA ART MALBEC 6X750,6
185,DADA ESPUMANTE MARACUYA 6X750,34
185,DADA FMORAS N°1 6X750,12
185,DADA FMORAS N°3 6X750,3
185,DON DAVID MALBEC 6X750,3
185,ELEMENTOS CHARDONNAY 6X750,3
185,ELEMENTOS MALBEC 6X750 ,6
185,FRIZZE EVOL BLUE NEW X1000,76
185,GORDONS  TROPICAL FRUITS 6X700,12
185,GORDON´S GIN 6x700,6
185,GORDON´S PINK GIN 6X700,12
185,LOS ARBOLES SEL MALBEC 6X750,6
185,LOS INTOCABLES MALBEC 6X750,3
185,NC SPARK EBRUT 6X750 estuche,6
185,SAN TELMO SPARK DULCE 6X750,6
185,SMF ICE GREENAPPLE LAT 4X6X473,48
185,SMF ICE RED BERRIE LAT 4X6X473,84
185,SMIRNOFF GREEN APPLE DO 6X700,270
185,SMIRNOFF RASPBERRY DO 6X700,156
185,SMIRNOFF TROPICAL FRUITS 6X700,30
185,TRAPICHE ALARIS MALBEC 6X750,6
185,TRAPICHE RESERVA MALBEC 6X750,3
187,DADA ART MALBEC 6X750,3
187,FRIZZE EVOL BLUE NEW X1000,3
187,SMIRNOFF RASPBERRY DO 6X700,3
187,TRAPICHE ALARIS MALBEC 6X750,3
188,ALMA MORA CABSAUV6X750 ,3
188,ALMA MORA MALBEC 6X750,15
188,DADA ART MALBEC 6X750,3
188,DADA ESPUMANTE MARACUYA 6X750,16
188,DADA FMORAS N°1 6X750,3
188,DADA FMORAS N°2 6X750 ,3
188,ELEMENTOS CABSAUV 6X750 ,6
188,ELEMENTOS MALBEC 6X750 ,6
188,F.LAS MORAS MALBEC 6X750,9
188,FRIZZE EVOL BLUE NEW X1000,40
188,HEREFORD BCO 6X750,6
188,LOS ARBOLES SEL MALBEC 6X750,12
188,SAN TELMO MALBEC X750,18
188,SMF ICE RED BERRIE LAT 4X6X473,24
188,SMIRNOFF GREEN APPLE DO 6X700,60
188,SMIRNOFF RASPBERRY DO 6X700,90
188,SMIRNOFF TROPICAL FRUITS 6X700,30
188,TRAPICHE ALARIS MALBEC 6X750,12
188,WHITE HORSE DO 12X750,3
190,ALMA MORA MALBEC 6X750,3
190,DADA ART MALBEC 6X750,6
190,DADA ESPUMANTE MARACUYA 6X750,12
190,DADA N6 HONEY X750,6
190,DADA N°8 CHOCOLATE 6X750 ,3
190,ELEMENTOS MALBEC 6X750 ,3
190,F.LAS MORAS MALBEC 6X750,3
190,FRIZZE BUBBLE MOOD 6X1000,18
190,FRIZZE EVOL BLUE NEW X1000,60
190,GORDONS  TROPICAL FRUITS 6X700,6
190,GORDON´S PINK GIN 6X700,18
190,JW BLACK LABEL 12x750,1
190,LOS ARBOLES SEL MALBEC 6X750,3
190,SAN TELMO MALBEC X750,6
190,SMF ICE GREENAPPLE LAT 4X6X473,216
190,SMF ICE RED BERRIE LAT 4X6X473,264
190,SMIRNOFF BC GRAPEF.&LIME 6X700,18
190,SMIRNOFF GREEN APPLE DO 6X700,132
190,SMIRNOFF RASPBERRY DO 6X700,150
190,SMIRNOFF TAMARINDO 6 X 700,12
190,SMIRNOFF TROPICAL FRUITS 6X700,108
190,SUTER VARIETAL MALBEC 6X750,3
191,ALMA MORA MALBEC 6X750,6
195,ALMA MORA CABSAUV6X750 ,3
195,ALMA MORA MALBEC 6X750,15
195,DADA ART MALBEC 6X750,3
195,EL BAUTISMO MALBEC 6X750 ,6
195,ELEMENTOS MALBEC 6X750 ,3
195,ELEMENTOS TORRONTES 6X750 ,3
195,F. LAS MORAS BCO DULCE 6X750 ,3
195,F.LAS MORAS MALBEC 6X750,3
195,LOS ARBOLES SEL CHARD 6X750,3
195,LOS ARBOLES SEL MALBEC 6X750,9
195,SUTER VARIETAL MALBEC 6X750,3
195,TRAPICHE ALARIS DULCE COSECHA 6X750,3
196,ALMA MORA MALBEC 6X750,6
196,DADA ESPUMANTE 6X750 ,3
196,DADA FMORAS N°1 6X750,3
196,ELEMENTOS MALBEC 6X750 ,3
196,F.LAS MORAS MALBEC 6X750,3
196,LOS ARBOLES SEL MALBEC 6X750,3
196,TRAPICHE ALARIS MALBEC 6X750,3
197,ALMA MORA CABSAUV6X750 ,24
197,ALMA MORA MALBEC 6X750,123
197,ALMA MORA SYRAH 6X750,6
197,BAILEYS NUEVA BOTELLA 12x750,12
197,DADA ART MALBEC 6X750,3
197,DADA ESPUMANTE 6X750 ,180
197,DADA ESPUMANTE MARACUYA 6X750,28
197,DADA FMORAS N°1 6X750,12
197,DADA FMORAS N°3 6X750,3
197,DADA LATA SWEET  4X6X355,48
197,DON DAVID CABERNET 6X750,18
197,DON DAVID MALBEC 6X750,27
197,DON DAVID RESERVA MALBEC X750,24
197,ELEMENTOS CHARDONNAY 6X750,3
197,ELEMENTOS MALBEC 6X750 ,63
197,ELEMENTOS TANNAT 6X750 ,30
197,F.LAS MORAS CABSAU 6X750 ,60
197,F.LAS MORAS MALBEC 6X750,300
197,FOND CAVE MALBEC 6X750 ,36
197,FOND CAVE RVA MALBEC 6X750,30
197,FRIZZE EVOL BLUE NEW X1000,175
197,GORDONS  TROPICAL FRUITS 6X700,12
197,GORDON´S GIN 6x700,3
197,GORDON´S PINK GIN 6X700,12
197,LOS ARBOLES SEL MALBEC 6X750,39
197,SMF ICE GREENAPPLE LAT 4X6X473,48
197,SMF ICE RED BERRIE LAT 4X6X473,84
197,SMIRNOFF GREEN APPLE DO 6X700,270
197,SMIRNOFF RASPBERRY DO 6X700,153
197,SMIRNOFF TROPICAL FRUITS 6X700,30
197,SUTER CHAMPAÑA E.DULCE 6X750,60
197,TRAPICHE ALARIS MALBEC 6X750,3
197,WHITE HORSE DO 12X750,24
198,FRIZZE EVOL BLUE NEW X1000,3
198,TRAPICHE ALARIS DULCE COSECHA 6X750,6
199,ANTARES IPA LATA 6X473 (NEW),-6
199,SMF ICE GREENAPPLE LAT 4X6X473,6
199,SMF ICE RED BERRIE LAT 4X6X473,6
203,ALMA MORA MALBEC 6X750,3
204,ALMA MORA MALBEC 6X750,9
204,ANTARES MICRO IPA 25 AÑOS,6
204,DADA ART MALBEC 6X750,6
204,DADA ESPUMANTE MARACUYA 6X750,6
204,DADA FMORAS N°1 6X750,3
204,EL BAUTISMO MALBEC 6X750 ,6
204,ELEMENTOS MALBEC 6X750 ,9
204,F.LAS MORAS MALBEC 6X750,3
204,FOND CAVE MALBEC 6X750 ,3
204,FRIZZE EVOL BLUE NEW X1000,6
204,GORDON´S GIN 6x700,6
204,LOS ARBOLES SEL MALBEC 6X750,15
204,LOS INTOCABLES MALBEC 6X750,3
204,NC SPARK EBRUT 6X750 estuche,6
204,ORIGEN BY TRAPICHE MALBEC 6X750,3
204,SAN TELMO SPARK DULCE 6X750,6
204,SMIRNOFF GREEN APPLE DO 6X700,180
204,SMIRNOFF RASPBERRY DO 6X700,6
204,TRAPICHE ALARIS DULCE COSECHA 6X750,6
204,TRAPICHE ALARIS MALBEC 6X750,9
204,TRAPICHE RESERVA MALBEC 6X750,6
205,SMF ICE GREENAPPLE LAT 4X6X473,6
205,SMF ICE RED BERRIE LAT 4X6X473,6
206,ALMA MORA BLEND BLANCO 6X750,6
206,ALMA MORA MALBEC 6X750,33
206,ALMA MORA SYRAH 6X750,6
206,DADA 7 ORANGE BITTER 6X750,6
206,DADA ESPUMANTE 6X750 ,6
206,DADA ESPUMANTE MARACUYA 6X750,34
206,DADA FMORAS N°1 6X750,21
206,DADA FMORAS N°2 6X750 ,12
206,DADA FMORAS N°3 6X750,12
206,DADA N°8 CHOCOLATE 6X750 ,15
206,DADA N°9 CARAMEL 6X750,3
206,DON DAVID MALBEC 6X750,6
206,EL BAUTISMO BLEND TINTAS 6X750 ,3
206,EL BAUTISMO MALBEC 6X750 ,18
206,ELEMENTOS CABSAUV 6X750 ,6
206,ELEMENTOS CHARDONNAY 6X750,3
206,ELEMENTOS MALBEC 6X750 ,6
206,F.LAS MORAS MALBEC 6X750,6
206,FRIZZE EVOL BLUE NEW X1000,70
206,GORDONS  TROPICAL FRUITS 6X700,12
206,GORDON´S PINK GIN 6X700,12
206,JW BLACK LABEL 12x750,1
206,LOS ARBOLES SEL MALBEC 6X750,18
206,SMF ICE GREENAPPLE LAT 4X6X473,48
206,SMF ICE RED BERRIE LAT 4X6X473,84
206,SMIRNOFF GREEN APPLE DO 6X700,93
206,SMIRNOFF RASPBERRY DO 6X700,153
206,SMIRNOFF TROPICAL FRUITS 6X700,30
206,TRAPICHE ALARIS MALBEC 6X750,6
206,WHITE HORSE DO 12X750,1
207,ALMA MORA SYRAH 6X750,6
207,DADA ESPUMANTE 6X750 ,12
207,DADA ESPUMANTE MARACUYA 6X750,28
207,DADA FMORAS N°1 6X750,12
207,DADA FMORAS N°3 6X750,3
207,DON DAVID MALBEC 6X750,3
207,ELEMENTOS CHARDONNAY 6X750,3
207,FRIZZE EVOL BLUE NEW X1000,70
207,GORDONS  TROPICAL FRUITS 6X700,12
207,GORDON´S PINK GIN 6X700,12
207,SMF ICE GREENAPPLE LAT 4X6X473,48
207,SMF ICE RED BERRIE LAT 4X6X473,84
207,SMIRNOFF GREEN APPLE DO 6X700,90
207,SMIRNOFF RASPBERRY DO 6X700,150
207,SMIRNOFF TROPICAL FRUITS 6X700,30
208,ALMA MORA CABSAUV6X750 ,3
208,ALMA MORA MALBEC 6X750,9
208,DADA ART MALBEC 6X750,3
208,ELEMENTOS MALBEC 6X750 ,6
208,F.LAS MORAS MALBEC 6X750,6
208,FRIZZE EVOL BLUE NEW X1000,3
208,GORDON´S TONIC 4X6X473,6
208,LA GRAN NACHA X750,9
208,LOS ARBOLES SEL MALBEC 6X750,3
208,SMF  BC GRAPEF&LIME  LATA 4X6X473,12
208,SMF BC RUBYORANGE&LIME LATA 4X6X473,18
208,SMF ICE GREENAPPLE LAT 4X6X473,42
208,SMF ICE RED BERRIE LAT 4X6X473,120
208,SMIRNOFF GREEN APPLE DO 6X700,24
208,SMIRNOFF ICE LATA 4X6X473,18
208,SMIRNOFF RASPBERRY DO 6X700,6
208,SMIRNOFF WATERMELON 6X700,6
208,TERMIDOR BLANCO 12X1L ,12
208,TRAPICHE ALARIS DULCE COSECHA 6X750,6
208,TRAPICHE ALARIS MALBEC 6X750,3
209,ALMA MORA MALBEC 6X750,9
209,COLECCION PRIVADA MALBEC,-6
210,DADA ESPUMANTE MARACUYA 6X750,16
210,FRIZZE EVOL BLUE NEW X1000,40
210,SMF ICE RED BERRIE LAT 4X6X473,24
210,SMIRNOFF GREEN APPLE DO 6X700,60
210,SMIRNOFF RASPBERRY DO 6X700,93
210,SMIRNOFF TROPICAL FRUITS 6X700,30
213,ALMA MORA MALBEC 6X750,3
213,DADA ART MALBEC 6X750,0
213,DADA ESPUMANTE 6X750 ,3
213,SMIRNOFF GREEN APPLE DO 6X700,3
213,SUTER VARIETAL MALBEC 6X750,0
213,TRAPICHE ALARIS DULCE COSECHA 6X750,0
213,TRAPICHE ALARIS MALBEC 6X750,3
214,ALMA MORA MALBEC 6X750,3
215,ALMA MORA MALBEC 6X750,15
215,DADA ESPUMANTE MARACUYA 6X750,16
215,ELEMENTOS CABSAUV 6X750 ,6
215,ELEMENTOS TORRONTES 6X750 ,6
215,FRIZZE EVOL BLUE NEW X1000,40
215,SMF ICE RED BERRIE LAT 4X6X473,24
215,SMIRNOFF GREEN APPLE DO 6X700,60
215,SMIRNOFF RASPBERRY DO 6X700,90
215,SMIRNOFF TROPICAL FRUITS 6X700,30
215,TRAPICHE ALARIS DULCE COSECHA 6X750,6
215,TRAPICHE ALARIS MALBEC 6X750,12
218,ALMA MORA CABSAUV6X750 ,6
218,ALMA MORA MALBEC 6X750,15
219,ALMA MORA BLEND BLANCO 6X750,6
219,ALMA MORA MALBEC 6X750,27
219,ALMA MORA SEL RVE CHARDO 6X750,6
219,DADA ART MALBEC 6X750,30
219,DADA ESPUMANTE MARACUYA 6X750,3
219,DADA ESPUMANTE ROS6X750 ,3
219,DADA N6 HONEY X750,6
219,DON DAVID MALBEC 6X750,3
219,EL BAUTISMO MALBEC 6X750 ,3
219,ELEMENTOS MALBEC 6X750 ,6
219,F LAS MORAS RED BLEND  6X 750,6
219,F. LAS MORAS BCO DULCE 6X750 ,12
219,F.LAS MORAS MALBEC 6X750,12
219,FOND CAVE MALBEC 6X750 ,6
219,LOS ARBOLES SEL MALBEC 6X750,12
219,LOS ARBOLES SEL RED BLEND 6X750,12
219,ORIGEN BY TRAPICHE MALBEC 6X750,6
219,SAN TELMO MALBEC X750,6
219,SUTER VARIETAL MALBEC 6X750,12
219,TRAPICHE ALARIS CHARDO 6X750 ,6
219,TRAPICHE ALARIS MALBEC 6X750,18
219,TRAPICHE RESERVA MALBEC 6X750,3
220,ALMA MORA MALBEC 6X750,3
220,DADA ESPUMANTE 6X750 ,3
220,TRAPICHE ALARIS MALBEC 6X750,3
221,ALMA MORA MALBEC 6X750,3
222,ALMA MORA MALBEC 6X750,3
222,ALMA MORA SYRAH 6X750,6
222,DADA ESPUMANTE MARACUYA 6X750,28
222,DADA FMORAS N°1 6X750,12
222,DADA FMORAS N°3 6X750,3
222,DON DAVID MALBEC 6X750,3
222,ELEMENTOS CHARDONNAY 6X750,3
222,FRIZZE EVOL BLUE NEW X1000,70
222,GORDONS  TROPICAL FRUITS 6X700,12
222,GORDON´S PINK GIN 6X700,12
222,SMF ICE GREENAPPLE LAT 4X6X473,48
222,SMF ICE RED BERRIE LAT 4X6X473,84
222,SMIRNOFF GREEN APPLE DO 6X700,90
222,SMIRNOFF RASPBERRY DO 6X700,150
222,SMIRNOFF TROPICAL FRUITS 6X700,30
223,ALMA MORA MALBEC 6X750,3
223,ANTARES LATA IPA 6 X 473ML,12
223,ANTARES LATA KOLSCH 6 X 473ML,12
223,BAILEYS SALTED CARAMEL 12X750,1
223,DADA ESPUMANTE 6X750 ,3
223,LOS ARBOLES SEL RED BLEND 6X750,3
223,LOS INTOCABLES MALBEC 6X750,6
223,ORIGEN BY TRAPICHE MALBEC 6X750,3
223,TRAPICHE ALARIS MALBEC 6X750,3
225,ALMA MORA MALBEC 6X750,3
225,DADA ESPUMANTE 6X750 ,3
225,TRAPICHE ALARIS MALBEC 6X750,3
226,ALMA MORA MALBEC 6X750,24
226,ALMA MORA MERLOT 6X750,6
226,DADA ART MALBEC 6X750,9
226,DADA ESPUMANTE 6X750 ,6
226,DADA FMORAS N°1 6X750,6
226,DADA FMORAS N°2 6X750 ,6
226,DADA N°8 CHOCOLATE 6X750 ,6
226,DADA N°9 CARAMEL 6X750,6
226,DON DAVID MALBEC 6X750,6
226,ELEMENTOS MALBEC 6X750 ,18
226,FRIZZE EVOL BLUE NEW X1000,12
226,GORDONS  TROPICAL FRUITS 6X700,3
226,GORDON´S GIN 6x700,3
226,JW BLACK LABEL 12x750,3
226,JW RED 12X750 UK,3
226,LEGUI 40 AÑOS 12X750,12
226,LOS ARBOLES SEL CHARD 6X750,6
226,LOS ARBOLES SEL MALBEC 6X750,12
226,SAN TELMO MALBEC X750,24
226,SMF ICE RED BERRIE LAT 4X6X473,24
226,TRAPICHE ALARIS MALBEC 6X750,6
226,VAT 69 HONEY X700,6
226,WHITE HORSE DO 12X750,6
227,ALMA MORA CABSAUV6X750 ,3
227,ALMA MORA MALBEC 6X750,3
227,ALMA MORA SEL RVE MALBEC 6X750,2
227,ANTARES LATA IPA 6 X 473ML,6
227,DADA N°9 CARAMEL 6X750,2
227,F.LAS MORAS CABSAU 6X750 ,5
227,F.LAS MORAS MALBEC 6X750,6
227,FRIZZE BLUE LATA X473,24
227,GORDON´S GIN 6x700,6
227,GORDON´S TONIC 4X6X473,6
227,JW RED 12X750 UK,2
227,LOS INTOCABLES RED BLEND 6X750,6
227,SAN TELMO CAB-SAUV X750,3
227,SMF  BC GRAPEF&LIME  LATA 4X6X473,24
227,SMF BC RUBYORANGE&LIME LATA 4X6X473,18
227,SMF ICE GREENAPPLE LAT 4X6X473,24
227,SMF ICE RED BERRIE LAT 4X6X473,42
227,SMIRNOFF BC ORANGE & LIME 6X700,3
227,SMIRNOFF ICE LATA 4X6X473,12
227,SUTER VARIETAL CABERNET 6X750,3
227,TANQUERAY DRY GIN X700,1
227,TRAPICHE ALARIS DULCE COSECHA 6X750,12
227,TRAPICHE RESERVA MALBEC 6X750,3
229,DADA ART MALBEC 6X750,6
229,F.LAS MORAS MALBEC 6X750,6
234,DADA LATA SWEET  4X6X355,6
234,GORDON´S TONIC 4X6X473,6
234,SAN TELMO SPARK E.BRUT 6X750,42
234,SMF ICE GREENAPPLE LAT 4X6X473,6
234,SMF ICE RED BERRIE LAT 4X6X473,12
234,SMIRNOFF 21 DO 12X700,60
234,SMIRNOFF BC ORANGE & LIME 6X700,3
234,SMIRNOFF BC TANGE&LEMONGRASS 6X700,24
234,SMIRNOFF CITRUS DO 6X700,0
234,SMIRNOFF GREEN APPLE DO 6X700,494
234,SMIRNOFF ICE LATA 4X6X473,6
234,SMIRNOFF RASPBERRY DO 6X700,1279
234,SMIRNOFF TAMARINDO 6 X 700,12
234,SMIRNOFF TROPICAL FRUITS 6X700,27
234,SMIRNOFF WATERMELON 6X700,21
235,ALMA MORA CHARD 6X750,30
235,ALMA MORA MALBEC 6X750,120
235,ELEMENTOS MALBEC 6X750 ,90
235,GORDON´S PINK GIN 6X700,6
235,JW BLACK LABEL 12x750,3
235,JW RED 12X750 UK,6
235,SMF  BC GRAPEF&LIME  LATA 4X6X473,42
235,SMF BC RUBYORANGE&LIME LATA 4X6X473,48
235,SMF ICE GREENAPPLE LAT 4X6X473,6
235,SMF ICE RED BERRIE LAT 4X6X473,24
235,SMIRNOFF BC GRAPEF.&LIME 6X700,18
235,SMIRNOFF BC ORANGE & LIME 6X700,18
235,SMIRNOFF BC TANGE&LEMONGRASS 6X700,18
235,SMIRNOFF GREEN APPLE DO 6X700,18
235,SMIRNOFF RASPBERRY DO 6X700,138
235,SMIRNOFF TAMARINDO 6 X 700,78
236,ALMA MORA MALBEC 6X750,3
236,FRIZZE EVOL BLUE NEW X1000,3
236,SMIRNOFF RASPBERRY DO 6X700,3
236,TRAPICHE ALARIS MALBEC 6X750,3
237,SMIRNOFF GREEN APPLE DO 6X700,18
237,SMIRNOFF RASPBERRY DO 6X700,48
237,SMIRNOFF TAMARINDO 6 X 700,18
237,SMIRNOFF TROPICAL FRUITS 6X700,12
239,FRIZZE BLUE LATA X473,12
239,FRIZZE BUBBLE MOOD 6X1000,6
239,FRIZZE EVOL BLUE NEW X1000,6
239,SMF ICE GREENAPPLE LAT 4X6X473,30
239,SMF ICE RED BERRIE LAT 4X6X473,42
239,SMIRNOFF ICE LATA 4X6X473,6
239,SMIRNOFF RASPBERRY DO 6X700,6
239,TRAPICHE ALARIS DULCE COSECHA 6X750,6
240,DADA LATA SWEET PINK 4X6X355,6
240,SMF ICE RED BERRIE LAT 4X6X473,12
242,DADA ART MALBEC 6X750,3
242,FRIZZE EVOL BLUE NEW X1000,3
242,GORDON´S GIN 6x700,-3
242,SMIRNOFF RASPBERRY DO 6X700,3
242,TRAPICHE ALARIS MALBEC 6X750,3
243,ALMA MORA MALBEC 6X750,6
243,DADA ESPUMANTE 6X750 ,3
243,ELEMENTOS MALBEC 6X750 ,3
243,FRIZZE EVOL BLUE NEW X1000,3
243,SMIRNOFF GREEN APPLE DO 6X700,3
243,TRAPICHE ALARIS MALBEC 6X750,6
244,DADA N6 HONEY X750,6
244,DON DAVID CABERNET 6X750,6
244,DON DAVID MALBEC 6X750,6
244,J&B YELLOW 6X750,4
244,TRAPICHE PURO CAB.SAUV 6X750,6
244,TRAPICHE PURO MALBEC,6
244,WHITE HORSE DO 12X750,4
245,ALMA MORA MALBEC 6X750,3
245,FRIZZE EVOL BLUE NEW X1000,3
245,SMIRNOFF RASPBERRY DO 6X700,3
245,TRAPICHE ALARIS MALBEC 6X750,3
246,ALMA MORA MALBEC 6X750,3
246,FRIZZE EVOL BLUE NEW X1000,3
246,SAN TELMO MALBEC X750,0
246,SMIRNOFF GREEN APPLE DO 6X700,3
246,TRAPICHE ALARIS MALBEC 6X750,3
249,ALMA MORA MALBEC 6X750,3
252,LOS ARBOLES SEL MALBEC 6X750,6
253,SMF ICE GREENAPPLE LAT 4X6X473,6
253,SMF ICE RED BERRIE LAT 4X6X473,6
254,GORDON´S GIN 6x700,-3
256,CAZADOR MALBEC 6X750,6
256,DADA 7 ORANGE BITTER 6X750,6
256,DADA ESPUMANTE MARACUYA 6X750,6
256,DADA ESPUMANTE ROS6X750 ,6
256,FRIZZE BUBBLE MOOD 6X1000,6
256,GORDON´S TONIC 4X6X473,12
256,SMF ICE GREENAPPLE LAT 4X6X473,36
256,SMF ICE RED BERRIE LAT 4X6X473,36
256,SMIRNOFF BC GRAPEF.&LIME 6X700,3
256,SMIRNOFF BC ORANGE & LIME 6X700,3
256,SMIRNOFF BC TANGE&LEMONGRASS 6X700,3
256,SMIRNOFF GREEN APPLE DO 6X700,3
256,SMIRNOFF ICE LATA 4X6X473,24
256,SMIRNOFF RASPBERRY DO 6X700,3
256,SMIRNOFF TAMARINDO 6 X 700,6
256,SMIRNOFF TROPICAL FRUITS 6X700,3
256,SMIRNOFF WATERMELON 6X700,3
258,ALMA MORA MALBEC 6X750,3
258,DADA FMORAS N°1 6X750,3
258,LOS ARBOLES SEL MALBEC 6X750,3
259,F. LAS MORAS BCO DULCE 6X750 ,6
259,F.LAS MORAS MALBEC 6X750,6
260,ALMA MORA MALBEC 6X750,9
260,ALMA MORA SYRAH 6X750,6
260,ANTARES MICRO IPA 25 AÑOS,6
260,DADA ART MALBEC 6X750,6
260,DADA ESPUMANTE MARACUYA 6X750,34
260,DADA FMORAS N°1 6X750,15
260,DADA FMORAS N°3 6X750,3
260,DON DAVID MALBEC 6X750,3
260,ELEMENTOS CHARDONNAY 6X750,3
260,ELEMENTOS MALBEC 6X750 ,9
260,F.LAS MORAS MALBEC 6X750,3
260,FOND CAVE MALBEC 6X750 ,3
260,FRIZZE EVOL BLUE NEW X1000,76
260,GORDONS  TROPICAL FRUITS 6X700,12
260,GORDON´S GIN 6x700,6
260,GORDON´S PINK GIN 6X700,12
260,LOS ARBOLES SEL MALBEC 6X750,9
260,LOS INTOCABLES MALBEC 6X750,3
260,NC SPARK EBRUT 6X750 estuche,6
260,ORIGEN BY TRAPICHE MALBEC 6X750,3
260,SAN TELMO SPARK DULCE 6X750,6
260,SMF ICE GREENAPPLE LAT 4X6X473,48
260,SMF ICE RED BERRIE LAT 4X6X473,84
260,SMIRNOFF GREEN APPLE DO 6X700,90
260,SMIRNOFF RASPBERRY DO 6X700,156
260,SMIRNOFF TROPICAL FRUITS 6X700,30
260,TRAPICHE ALARIS MALBEC 6X750,9
260,TRAPICHE RESERVA MALBEC 6X750,6
261,DADA ART MALBEC 6X750,3
261,FRIZZE EVOL BLUE NEW X1000,3
261,GORDON´S GIN 6x700,-3
261,SMIRNOFF RASPBERRY DO 6X700,3
261,TRAPICHE ALARIS MALBEC 6X750,3
262,SMIRNOFF RASPBERRY DO 6X700,3
263,GORDON´S PINK GIN 6X700,2
264,DADA ART MALBEC 6X750,3
264,FRIZZE EVOL BLUE NEW X1000,3
264,SMIRNOFF RASPBERRY DO 6X700,3
264,TRAPICHE ALARIS MALBEC 6X750,3
266,FRIZZE EVOL BLUE NEW X1000,18
266,GORDON´S GIN 6x700,36
266,J&B YELLOW 6X750,3
266,SMIRNOFF GREEN APPLE DO 6X700,54
266,SMIRNOFF RASPBERRY DO 6X700,132
268,DADA ART MALBEC 6X750,3
268,FRIZZE EVOL BLUE NEW X1000,3
268,SMIRNOFF RASPBERRY DO 6X700,3
268,TRAPICHE ALARIS MALBEC 6X750,3
269,ALMA MORA MALBEC 6X750,3
269,ANTARES IPA LATA 6X473 (NEW),12
269,ANTARES LATA CARAVANA 6 X 473ML,6
269,ANTARES PLAYA GRANDE 6 X 473ML,6
269,DADA ART MALBEC 6X750,3
269,ELEMENTOS MALBEC 6X750 ,3
269,F. LAS MORAS BCO DULCE 6X750 ,3
269,F.LAS MORAS MALBEC 6X750,6
269,FRIZZE BUBBLE MOOD 6X1000,12
269,FRIZZE EVOL BLUE NEW X1000,6
269,SMF ICE GREENAPPLE LAT 4X6X473,6
269,SMF ICE RED BERRIE LAT 4X6X473,18
269,SMIRNOFF GREEN APPLE DO 6X700,3
269,SMIRNOFF ICE LATA 4X6X473,6
269,SMIRNOFF RASPBERRY DO 6X700,3
269,SUTER VARIETAL CABERNET 6X750,3
271,DADA ART MALBEC 6X750,3
271,ELEMENTOS MALBEC 6X750 ,3
272,ANTARES IPA LATA 6X473 (NEW),-6
272,LOS ARBOLES SEL MALBEC 6X750,6
273,BAILEYS NUEVA BOTELLA 12x750,12
273,DADA 7 ORANGE BITTER 6X750,120
273,DADA ESPUMANTE MARACUYA 6X750,210
273,DADA ESPUMANTE ROS6X750 ,276
273,FRIZZE BUBBLE MOOD 6X1000,60
273,FRIZZE EVOL BLUE NEW X1000,360
273,GORDON´S GIN 6x700,6
273,GORDON´S PINK GIN 6X700,240
273,JW RED 12X1000 UK,12
273,SMF ICE GREENAPPLE LAT 4X6X473,1536
273,SMF ICE RED BERRIE LAT 4X6X473,2184
273,SMIRNOFF 21 DO 12X700,228
273,SMIRNOFF BC GRAPEF.&LIME 6X700,240
273,SMIRNOFF BC ORANGE & LIME 6X700,72
273,SMIRNOFF BC TANGE&LEMONGRASS 6X700,66
273,SMIRNOFF GREEN APPLE DO 6X700,3894
273,SMIRNOFF ICE LATA 4X6X473,-120
273,SMIRNOFF RASPBERRY DO 6X700,13050
273,SMIRNOFF TROPICAL FRUITS 6X700,2310
273,SMIRNOFF WATERMELON 6X700,672
273,WHITE HORSE DO 12X750,72
274,ALMA MORA MALBEC 6X750,3
274,DADA ESPUMANTE 6X750 ,3
274,TRAPICHE ALARIS MALBEC 6X750,3
275,ALMA MORA MALBEC 6X750,3
275,ANTARES MICRO IPA 25 AÑOS,6
275,DADA ART MALBEC 6X750,3
275,DADA FMORAS N°1 6X750,3
275,ELEMENTOS MALBEC 6X750 ,3
275,F.LAS MORAS MALBEC 6X750,3
275,FRIZZE EVOL BLUE NEW X1000,6
275,GORDON´S GIN 6x700,3
275,LOS ARBOLES SEL MALBEC 6X750,3
275,SMIRNOFF RASPBERRY DO 6X700,3
275,TRAPICHE ALARIS MALBEC 6X750,3
276,ALMA MORA BLEND DULCE 6X 750,-30
276,ALMA MORA BLEND TINTO 6X750,12
276,ALMA MORA MALBEC 6X750,30
276,ALMA MORA SYRAH 6X750,12
276,ALMA MORA SYRAH ROSE 6X750 ,-12
276,DADA ART CABERNET 6X750 ,12
276,DADA N6 HONEY X750,12
276,DADA N°8 CHOCOLATE 6X750 ,-12
276,JW DOUBLE BLACK 6x750,6
276,LOS ARBOLES SEL MALBEC 6X750,-18
276,SMIRNOFF GREEN APPLE DO 6X700,12
276,WHITE HORSE DO 12X750,24
277,ALMA MORA MALBEC 6X750,12
277,CAZADOR MALBEC 6X750,3
277,DADA ART MALBEC 6X750,3
277,EL BAUTISMO MALBEC 6X750 ,3
277,FRIZZE EVOL BLUE NEW X1000,6
277,SAN TELMO MALBEC X750,3
277,SMF ICE GREENAPPLE LAT 4X6X473,6
277,SMF ICE RED BERRIE LAT 4X6X473,11
277,SMIRNOFF RASPBERRY DO 6X700,3
277,SUTER VARIETAL MALBEC 6X750,3
277,TERMIDOR 2021 TINTO  12X1L ,12
277,TRAPICHE ALARIS MALBEC 6X750,3
277,TRAPICHE ALARIS TORRONTES 6X750 ,3
278,ALMA MORA CHARD 6X750,30
278,ALMA MORA MALBEC 6X750,852
278,BAILEYS NUEVA BOTELLA 12x750,12
278,DADA 7 ORANGE BITTER 6X750,1
278,DADA 7 SWEET  6X750,120
278,DADA ESPUMANTE MARACUYA 6X750,54
278,DADA ESPUMANTE ROS6X750 ,60
278,ELEMENTOS CHARDONNAY 6X750,0
278,ELEMENTOS MALBEC 6X750 ,516
278,ELEMENTOS TORRONTES 6X750 ,444
278,FOND CAVE CABSAU 6X750,12
278,FOND CAVE MALBEC 6X750 ,30
278,FRIZZE EVOL BLUE NEW X1000,216
278,GORDON´S GIN 6x700,107
278,GORDON´S PINK GIN 6X700,65
278,J&B RARE 12X750,2
278,JW BLACK LABEL 12x1000,12
278,JW BLACK LABEL 12x750,18
278,JW GOLD RVE 6x750,1
278,JW RED 12X1000 UK,6
278,JW RED 12X750 UK,6
278,LEGUI 40 AÑOS 12X750,12
278,SHERIDANS 6X750,6
278,SMF  BC GRAPEF&LIME  LATA 4X6X473,72
278,SMF BC RUBYORANGE&LIME LATA 4X6X473,120
278,SMF ICE GREENAPPLE LAT 4X6X473,408
278,SMF ICE RED BERRIE LAT 4X6X473,528
278,SMIRNOFF 21 DO 12X700,12
278,SMIRNOFF BC GRAPEF.&LIME 6X700,168
278,SMIRNOFF BC ORANGE & LIME 6X700,-6
278,SMIRNOFF GREEN APPLE DO 6X700,330
278,SMIRNOFF ICE LATA 4X6X473,240
278,SMIRNOFF RASPBERRY DO 6X700,1062
278,SMIRNOFF TROPICAL FRUITS 6X700,120
278,TANQUERAY DRY GIN X700,3
278,TANQUERAY ROYALE X750,4
278,TANQUERAY SEVILLA GIN X750,2
278,WHITE HORSE DO 12X750,360
279,ALMA MORA MALBEC 6X750,3
279,ANTARES MICRO IPA 25 AÑOS,6
279,DADA ART MALBEC 6X750,3
279,DADA FMORAS N°1 6X750,3
279,ELEMENTOS MALBEC 6X750 ,3
279,F.LAS MORAS MALBEC 6X750,3
279,FRIZZE EVOL BLUE NEW X1000,6
279,GORDON´S GIN 6x700,3
279,LOS ARBOLES SEL MALBEC 6X750,3
279,SMIRNOFF RASPBERRY DO 6X700,3
279,TRAPICHE ALARIS MALBEC 6X750,3
281,ALMA MORA CABSAUV6X750 ,6
281,DADA ART MALBEC 6X750,3
281,DADA FMORAS N°1 6X750,9
281,DON DAVID MALBEC 6X750,3
281,ELEMENTOS ROSADO TORRONT 6X750 ,6
281,ELEMENTOS TORRONTES 6X750 ,6
281,F.LAS MORAS MALBEC 6X750,6
281,LOS INTOCABLES MALBEC 6X750,3
281,TRAPICHE ALARIS MALBEC 6X750,6
282,ALMA MORA CABSAUV6X750 ,3
282,ALMA MORA MALBEC 6X750,15
282,ANTARES LAGER LATA 6X473,12
282,ANTARES LATA CARAVANA 6 X 473ML,12
282,CAZADOR CAB. SAU 6X750,3
282,CAZADOR MALBEC 6X750,3
282,DADA ART MALBEC 6X750,3
282,DADA ESPUMANTE MARACUYA 6X750,16
282,DADA FMORAS N°1 6X750,3
282,DON DAVID CABERNET 6X750,6
282,DON DAVID MALBEC 6X750,3
282,EL BAUTISMO BLEND TINTAS 6X750 ,18
282,EL BAUTISMO MALBEC 6X750 ,3
282,ELEMENTOS MALBEC 6X750 ,9
282,ELEMENTOS TORRONTES DLCE6X750 ,3
282,F. LAS MORAS BCO DULCE 6X750 ,3
282,F. LAS MORAS SAUV.BLANC 6X750 ,3
282,F.LAS MORAS MALBEC 6X750,12
282,FOND CAVE MALBEC 6X750 ,3
282,FOND CAVE RVA MALBEC 6X750,6
282,FRIZZE EVOL BLUE NEW X1000,43
282,GORDON´S GIN 6x700,3
282,GORDON´S TONIC 4X6X473,6
282,LOS ARBOLES SEL MALBEC 6X750,9
282,LOS INTOCABLES MALBEC 6X750,3
282,ORIGEN BY TRAPICHE MALBEC 6X750,3
282,SMF BC RUBYORANGE&LIME LATA 4X6X473,12
282,SMF ICE GREENAPPLE LAT 4X6X473,24
282,SMF ICE RED BERRIE LAT 4X6X473,72
282,SMIRNOFF GREEN APPLE DO 6X700,60
282,SMIRNOFF ICE LATA 4X6X473,4
282,SMIRNOFF RASPBERRY DO 6X700,93
282,SMIRNOFF TROPICAL FRUITS 6X700,30
282,TRAPICHE ALARIS MALBEC 6X750,6
282,TRAPICHE RESERVA MALBEC 6X750,3
283,ANTARES IPA LATA 6X473 (NEW),-6
284,ALMA MORA MALBEC 6X750,3
284,DADA ART MALBEC 6X750,3
284,DADA FMORAS N°1 6X750,3
284,ELEMENTOS MALBEC 6X750 ,3
284,F.LAS MORAS MALBEC 6X750,3
284,FRIZZE EVOL BLUE NEW X1000,6
284,GORDON´S GIN 6x700,-3
284,LOS ARBOLES SEL MALBEC 6X750,3
284,SMIRNOFF RASPBERRY DO 6X700,3
284,TRAPICHE ALARIS MALBEC 6X750,3
289,ALMA MORA MALBEC 6X750,9
289,ALMA MORA SYRAH 6X750,6
289,ANTARES MICRO IPA 25 AÑOS,6
289,DADA ART MALBEC 6X750,6
289,DADA ESPUMANTE MARACUYA 6X750,34
289,DADA FMORAS N°1 6X750,15
289,DADA FMORAS N°3 6X750,3
289,DON DAVID MALBEC 6X750,3
289,ELEMENTOS CHARDONNAY 6X750,3
289,ELEMENTOS MALBEC 6X750 ,9
289,F.LAS MORAS MALBEC 6X750,3
289,FOND CAVE MALBEC 6X750 ,3
289,FRIZZE EVOL BLUE NEW X1000,76
289,GORDONS  TROPICAL FRUITS 6X700,12
289,GORDON´S GIN 6x700,6
289,GORDON´S PINK GIN 6X700,12
289,LOS ARBOLES SEL MALBEC 6X750,9
289,LOS INTOCABLES MALBEC 6X750,3
289,NC SPARK EBRUT 6X750 estuche,6
289,ORIGEN BY TRAPICHE MALBEC 6X750,3
289,SAN TELMO SPARK DULCE 6X750,6
289,SMF ICE GREENAPPLE LAT 4X6X473,48
289,SMF ICE RED BERRIE LAT 4X6X473,84
289,SMIRNOFF GREEN APPLE DO 6X700,90
289,SMIRNOFF RASPBERRY DO 6X700,156
289,SMIRNOFF TROPICAL FRUITS 6X700,30
289,TRAPICHE ALARIS MALBEC 6X750,9
289,TRAPICHE RESERVA MALBEC 6X750,6
291,FRIZZE EVOL BLUE NEW X1000,3
291,SMIRNOFF GREEN APPLE DO 6X700,3
293,ALMA MORA MALBEC 6X750,12
293,FRIZZE EVOL BLUE NEW X1000,3
293,SMF ICE RED BERRIE LAT 4X6X473,12
293,SMIRNOFF GREEN APPLE DO 6X700,3
293,TRAPICHE ALARIS MALBEC 6X750,3
295,ALMA MORA MALBEC 6X750,3
296,ALMA MORA MALBEC 6X750,3
297,ALMA MORA BLEND BLANCO 6X750,18
297,ALMA MORA CABSAUV6X750 ,12
297,ALMA MORA MALBEC 6X750,42
297,DADA ART MALBEC 6X750,42
297,DADA FMORAS N°1 6X750,3
297,DADA WHITE MALBEC 6X750,36
297,EL BAUTISMO BLEND TINTAS 6X750 ,9
297,EL BAUTISMO MALBEC 6X750 ,42
297,FRIZZE BLUE LATA X473,5
297,FRIZZE EVOL BLUE NEW X1000,12
297,LOS ARBOLES SEL MALBEC 6X750,6
297,SMF  BC GRAPEF&LIME  LATA 4X6X473,6
297,SMF BC RUBYORANGE&LIME LATA 4X6X473,6
297,SMF ICE GREENAPPLE LAT 4X6X473,18
297,SMF ICE RED BERRIE LAT 4X6X473,12
297,SMIRNOFF ICE LATA 4X6X473,12
297,SMIRNOFF RASPBERRY DO 6X700,3
297,SMIRNOFF TROPICAL FRUITS 6X700,3
298,ALMA MORA CHARD 6X750,12
298,ALMA MORA MALBEC 6X750,6
298,DON DAVID CABERNET 6X750,6
298,DON DAVID MALBEC 6X750,6
298,ELEMENTOS CHARDONNAY 6X750,6
298,ELEMENTOS MALBEC 6X750 ,12
298,F.LAS MORAS MALBEC 6X750,12
298,FOND CAVE CABSAU 6X750,6
298,FOND CAVE MALBEC 6X750 ,6
298,FRIZZE EVOL BLUE NEW X1000,6
298,LOS ARBOLES SEL CABERNET 6X750,6
298,LOS ARBOLES SEL MALBEC 6X750,6
298,SMIRNOFF RASPBERRY DO 6X700,3
298,SMIRNOFF TROPICAL FRUITS 6X700,3
298,TRAPICHE ALARIS MALBEC 6X750,12
298,TRAPICHE ALARIS TORRONTES 6X750 ,6
299,ALMA MORA MALBEC 6X750,12
299,DADA ART MALBEC 6X750,3
299,F.LAS MORAS MALBEC 6X750,6
299,SMF ICE GREENAPPLE LAT 4X6X473,6
299,SMF ICE RED BERRIE LAT 4X6X473,12
300,ALMA MORA MALBEC 6X750,18
300,DADA ART MALBEC 6X750,12
300,DADA ESPUMANTE 6X750 ,3
300,DADA N°9 CARAMEL 6X750,3
300,ELEMENTOS CABSAUV 6X750 ,3
300,ELEMENTOS MALBEC 6X750 ,9
300,F. LAS MORAS BCO DULCE 6X750 ,6
300,F.LAS MORAS CABSAU 6X750 ,3
300,F.LAS MORAS MALBEC 6X750,21
300,LOS ARBOLES SEL MALBEC 6X750,9
300,SAN TELMO MALBEC X750,3
300,SMIRNOFF GREEN APPLE DO 6X700,3
300,SMIRNOFF RASPBERRY DO 6X700,3
300,SUTER VARIETAL MALBEC 6X750,3
300,TRAPICHE ALARIS DULCE COSECHA 6X750,3
300,TRAPICHE ALARIS MALBEC 6X750,9
301,FRIZZE EVOL BLUE NEW X1000,636
301,FRIZZE IT LIM NEW X 1000,108
301,VAT 69 APPLE X700,6
302,ALMA MORA MALBEC 6X750,-9
302,DADA ESPUMANTE 6X750 ,3
302,FRIZZE BLUE LATA X473,24
302,FRIZZE BUBBLE MOOD 6X1000,72
302,FRIZZE EVOL BLUE NEW X1000,24
302,GORDONS  TROPICAL FRUITS 6X700,6
302,GORDON´S PINK GIN 6X700,36
302,LOS ARBOLES SEL MALBEC 6X750,-12
302,SMF BC RUBYORANGE&LIME LATA 4X6X473,12
302,SMF ICE GREENAPPLE LAT 4X6X473,96
302,SMF ICE RED BERRIE LAT 4X6X473,96
302,SMIRNOFF GREEN APPLE DO 6X700,366
302,SMIRNOFF RASPBERRY DO 6X700,330
302,SMIRNOFF TROPICAL FRUITS 6X700,36
302,SMIRNOFF WATERMELON 6X700,30
302,TRAPICHE ALARIS MALBEC 6X750,3
303,ALMA MORA MALBEC 6X750,3
303,DADA ESPUMANTE 6X750 ,3
303,TRAPICHE ALARIS MALBEC 6X750,3
304,ALMA MORA BLEND BLANCO 6X750,24
304,ALMA MORA BLEND DULCE 6X 750,6
304,ALMA MORA CABSAUV6X750 ,30
304,ALMA MORA MALBEC 6X750,45
304,ANTARES LAGER LATA 6X473,6
304,CAZADOR CAB. SAU 6X750,6
304,CAZADOR MALBEC 6X750,6
304,DADA 7 ORANGE BITTER 6X750,18
304,DADA ART MALBEC 6X750,33
304,DADA ESPUMANTE 6X750 ,30
304,DADA ESPUMANTE MARACUYA 6X750,34
304,DADA ESPUMANTE ROS6X750 ,36
304,DADA EXTRA BRUT 6X750,6
304,DADA FMORAS N°1 6X750,18
304,DADA FMORAS N°2 6X750 ,12
304,DADA FMORAS N°3 6X750,15
304,DADA N6 HONEY X750,24
304,DADA N°8 CHOCOLATE 6X750 ,36
304,DADA N°9 CARAMEL 6X750,18
304,DADA WHITE MALBEC 6X750,6
304,EL BAUTISMO BLEND B. DLCE 6X750 ,9
304,EL BAUTISMO BLEND TINTAS 6X750 ,39
304,EL BAUTISMO MALBEC 6X750 ,24
304,ELEMENTOS CABSAUV 6X750 ,18
304,ELEMENTOS CHARDONNAY 6X750,9
304,ELEMENTOS MALBEC 6X750 ,60
304,ELEMENTOS SYRAH 6X750 ,3
304,ELEMENTOS TORRONTES 6X750 ,18
304,ELEMENTOS TORRONTES DLCE6X750 ,9
304,F. LAS MORAS BCO DULCE 6X750 ,6
304,F. LAS MORAS ROSADO 6X750 ,15
304,F.LAS MORAS CABSAU 6X750 ,18
304,F.LAS MORAS MALBEC 6X750,30
304,F.LAS MORAS SYRAH 6X750 ,6
304,FOND CAVE CABSAU 6X750,3
304,FOND CAVE MALBEC 6X750 ,3
304,FOND CAVE RVA MALBEC 6X750,3
304,FRIZZE BLUE LATA X473,174
304,FRIZZE BUBBLE MOOD 6X1000,12
304,FRIZZE EVOL BLUE NEW X1000,124
304,FRIZZE ITAL LIMA LATA X473,6
304,GORDON´S GIN 6x700,9
304,GORDON´S PINK GIN 6X700,18
304,GORDON´S TONIC 4X6X473,54
304,INTOCABLES DOUBLE OAK 6 X 750,18
304,JW RED 12X1000 UK,1
304,LOS ARBOLES SEL CABERNET 6X750,9
304,LOS ARBOLES SEL MALBEC 6X750,30
304,LOS ARBOLES SEL RED BLEND 6X750,12
304,LOS INTOCABLES CAB.SAUV 6X750,6
304,LOS INTOCABLES MALBEC 6X750,9
304,SMF  BC GRAPEF&LIME  LATA 4X6X473,108
304,SMF BC RUBYORANGE&LIME LATA 4X6X473,126
304,SMF ICE GREENAPPLE LAT 4X6X473,408
304,SMF ICE RED BERRIE LAT 4X6X473,678
304,SMIRNOFF 21 DO 12X700,12
304,SMIRNOFF BC GRAPEF.&LIME 6X700,12
304,SMIRNOFF BC ORANGE & LIME 6X700,12
304,SMIRNOFF GREEN APPLE DO 6X700,132
304,SMIRNOFF ICE LATA 4X6X473,138
304,SMIRNOFF RASPBERRY DO 6X700,174
304,SMIRNOFF TAMARINDO 6 X 700,12
304,SMIRNOFF TROPICAL FRUITS 6X700,42
304,SMIRNOFF WATERMELON 6X700,30
304,TANQUERAY ROYALE X750,1
304,TRAPICHE ALARIS DULCE COSECHA 6X750,60
304,TRAPICHE ALARIS MALBEC 6X750,18
304,TRAPICHE ALARIS SYRAH 6X750 ,3
304,TRAPICHE ALARIS TORRONTES 6X750 ,12
304,TRAPICHE IMPURO CAB.SAUV 6X750,3
304,TRAPICHE IMPURO MALBEC X750,9
304,TRAPICHE PURO CAB.SAUV 6X750,18
304,TRAPICHE PURO MALBEC,6
304,WHITE HORSE DO 12X750,6
305,ALMA MORA MALBEC 6X750,3
305,FRIZZE EVOL BLUE NEW X1000,3
305,SMIRNOFF GREEN APPLE DO 6X700,3
305,TRAPICHE ALARIS MALBEC 6X750,3
306,ALMA MORA MALBEC 6X750,3
307,ALMA MORA MALBEC 6X750,6
309,ALARIS D.COSECHA TINTO 6X750,6
309,ALMA MORA BLANCO DULCE LOW 6X750,6
309,ALMA MORA CABSAUV6X750 ,358
309,ALMA MORA MALBEC 6X750,694
309,ALMA MORA MERLOT 6X750,12
309,ALMA MORA SEL RVE CABER 6X750,3
309,ALMA MORA SEL RVE MALBEC 6X750,9
309,ALMA MORA SYRAH 6X750,15
309,ANTARES IPA LATA 6X473 (NEW),60
309,ANTARES IPA SIN ALC LATA 6X473,6
309,ANTARES LAGER LATA 6X473,12
309,ANTARES LATA KOLSCH 6 X 473ML,36
309,CAZADOR BLANCO DULCE 6X750,6
309,CAZADOR CAB. SAU 6X750,18
309,CAZADOR MALBEC 6X750,24
309,COLECCION PRIVADA CAB SAUV 6X750,6
309,COLECCION PRIVADA MALBEC,9
309,DADA ART MALBEC 6X750,9
309,DADA ESPUMANTE 6X750 ,63
309,DADA ESPUMANTE MARACUYA 6X750,60
309,DADA EXTRA BRUT 6X750,3
309,DADA FMORAS N°2 6X750 ,3
309,DADA FMORAS N°3 6X750,3
309,DADA N6 HONEY X750,3
309,DADA N°8 CHOCOLATE 6X750 ,9
309,DADA N°9 CARAMEL 6X750,12
309,DON DAVID CABERNET 6X750,9
309,DON DAVID MALBEC 6X750,6
309,DON DAVID RESERVA MALBEC X750,6
309,EL BAUTISMO BLEND B. DLCE 6X750 ,3
309,EL BAUTISMO BLEND TINTAS 6X750 ,3
309,EL BAUTISMO CABERNET 6X750,6
309,EL BAUTISMO MALBEC 6X750 ,18
309,EL REGRESO SEM-CHEN  X750,6
309,ELEMENTOS CABSAUV 6X750 ,18
309,ELEMENTOS CHARDONNAY 6X750,3
309,ELEMENTOS MALBEC 6X750 ,45
309,F.LAS MORAS CABSAU 6X750 ,33
309,F.LAS MORAS MALBEC 6X750,78
309,FAIR FOR LIFE MALBEC 6X750 ,15
309,FOND CAVE CABSAU 6X750,12
309,FOND CAVE MALBEC 6X750 ,6
309,FOND CAVE RVA MALBEC 6X750,9
309,FRIZZE BLUE LATA X473,72
309,FRIZZE EVOL BLUE NEW X1000,39
309,GORDON´S GIN 6x700,7
309,GORDON´S TONIC 4X6X473,24
309,INTOCABLES DOUBLE OAK 6 X 750,6
309,JW BLACK LABEL 12x750,15
309,JW RED 12X750 UK,14
309,LOS ARBOLES SEL CABERNET 6X750,15
309,LOS ARBOLES SEL MALBEC 6X750,21
309,LOS INTOCABLES CAB.SAUV 6X750,12
309,LOS INTOCABLES MALBEC 6X750,9
309,LOS INTOCABLES RED BLEND 6X750,9
309,NC S E.BRUT4X6X355,12
309,ORIGEN BY TRAPICHE MALBEC 6X750,15
309,SAN TELMO MALBEC X750,12
309,SMF  BC GRAPEF&LIME  LATA 4X6X473,24
309,SMF BC RUBYORANGE&LIME LATA 4X6X473,24
309,SMF ICE GREENAPPLE LAT 4X6X473,444
309,SMF ICE RED BERRIE LAT 4X6X473,294
309,SMIRNOFF BC GRAPEF.&LIME 6X700,3
309,SMIRNOFF GREEN APPLE DO 6X700,405
309,SMIRNOFF ICE LATA 4X6X473,210
309,SMIRNOFF RASPBERRY DO 6X700,588
309,SMIRNOFF TAMARINDO 6 X 700,48
309,SMIRNOFF TROPICAL FRUITS 6X700,6
309,SMIRNOFF WATERMELON 6X700,6
309,TRAPICHE ALARIS CABSAUV 6X750 ,6
309,TRAPICHE ALARIS CHARDO 6X750 ,6
309,TRAPICHE ALARIS DULCE COSECHA 6X750,48
309,TRAPICHE ALARIS MALBEC 6X750,27
309,TRAPICHE D. COSECHA ROSE 6X750 ,6
309,TRAPICHE RESERVA MALBEC 6X750,15
309,WHITE HORSE DO 12X750,3
310,ALEGORIA MALBEC 6X750,1
310,ALMA MORA CHARD 6X750,60
310,DADA ART MALBEC 6X750,60
310,DADA FMORAS N°1 6X750,90
310,DADA FMORAS N°2 6X750 ,90
310,DADA FMORAS N°3 6X750,60
310,EL BAUTISMO MALBEC 6X750 ,60
310,ELEMENTOS CABSAUV 6X750 ,60
310,F.LAS MORAS CABSAU 6X750 ,90
310,F.LAS MORAS MALBEC 6X750,90
310,GORDON´S GIN 6x700,120
310,GORDON´S TONIC 4X6X473,216
310,GRAN MEDALLA PINOT NOIR 6X750,6
310,LOS ARBOLES SEL CABERNET 6X750,60
310,LOS ARBOLES SEL CHARD 6X750,60
310,LOS ARBOLES SEL MALBEC 6X750,60
310,ORIGEN BY TRAPICHE MALBEC 6X750,60
310,SAN TELMO CAB-SAUV X750,60
310,SAN TELMO MALBEC X750,60
310,SINGLETON 15 YO 6X700,6
310,SMF ICE GREENAPPLE LAT 4X6X473,216
310,SMF ICE RED BERRIE LAT 4X6X473,216
310,SMIRNOFF GREEN APPLE DO 6X700,180
310,SMIRNOFF WATERMELON 6X700,60
310,SUTER VARIETAL CABERNET 6X750,30
310,SUTER VARIETAL CHARD 6X750,60
310,SUTER VARIETAL MALBEC 6X750,30
310,TRAPICHE ALARIS MALBEC 6X750,30
310,TRAPICHE RESERVA MALBEC 6X750,30
310,UNANIME TINTO 6X750,2
313,ALMA MORA MALBEC 6X750,6
313,DADA ESPUMANTE 6X750 ,3
313,DADA FMORAS N°1 6X750,3
313,ELEMENTOS MALBEC 6X750 ,6
313,F.LAS MORAS MALBEC 6X750,3
313,LOS ARBOLES SEL MALBEC 6X750,3
313,TRAPICHE ALARIS MALBEC 6X750,3
315,ALMA MORA MALBEC 6X750,3
315,DADA ART MALBEC 6X750,3
315,DADA FMORAS N°1 6X750,3
315,ELEMENTOS MALBEC 6X750 ,3
315,F.LAS MORAS MALBEC 6X750,3
315,FRIZZE EVOL BLUE NEW X1000,6
315,GORDON´S GIN 6x700,-3
315,LOS ARBOLES SEL MALBEC 6X750,3
315,SMIRNOFF RASPBERRY DO 6X700,3
315,TRAPICHE ALARIS MALBEC 6X750,3
317,ALMA MORA MALBEC 6X750,6
317,DADA ESPUMANTE 6X750 ,3
317,DADA FMORAS N°1 6X750,3
317,ELEMENTOS MALBEC 6X750 ,6
317,F.LAS MORAS MALBEC 6X750,3
317,LOS ARBOLES SEL MALBEC 6X750,3
317,TRAPICHE ALARIS MALBEC 6X750,3
318,ANTARES IPA LATA 6X473 (NEW),-6
319,ALMA MORA MALBEC 6X750,3
319,DADA FMORAS N°1 6X750,3
319,ELEMENTOS MALBEC 6X750 ,3
319,F.LAS MORAS MALBEC 6X750,3
319,LOS ARBOLES SEL MALBEC 6X750,3
320,ALMA MORA CABSAUV6X750 ,200
320,ALMA MORA CHARD 6X750,18
320,ALMA MORA MALBEC 6X750,690
320,ALMA MORA MERLOT 6X750,0
320,ALMA MORA SEL RVE BLEND 6X750,36
320,CAZADOR MALBEC 6X750,12
320,COLECCION PRIVADA MALBEC,6
320,DADA ESPUMANTE ROS6X750 ,24
320,DADA FMORAS N°2 6X750 ,12
320,DADA WHITE MALBEC 6X750,120
320,DON DAVID MALBEC 6X750,60
320,DON DAVID PINOT NOIR6X750,6
320,DON DAVID TORRONTES 6X750,24
320,ELEMENTOS CHARDONNAY 6X750,96
320,ELEMENTOS MALBEC 6X750 ,90
320,ELEMENTOS TORRONTES 6X750 ,30
320,F.LAS MORAS MALBEC 6X750,12
320,FOND CAVE MALBEC 6X750 ,6
320,FRIZZE EVOL BLUE NEW X1000,60
320,J WALKER BLACK ICON 12X700,3
320,LA MASCOTA MALBEC 6X750,18
320,LOS ARBOLES SEL MALBEC 6X750,30
320,LOS ARBOLES SEL RED BLEND 6X750,30
320,MEDALLA TTO 6X750,6
320,NC SPARK BRUT ROSE 6X750,6
320,NC SPARK NATURE 6X750 PREM ,12
320,PAZ DE FLM SAUV BLANC 6X750,0
320,SAN TELMO MALBEC X750,12
320,SAN TELMO SPARK E.BRUT 6X750,72
320,SMF ICE RED BERRIE LAT 4X6X473,24
320,SMIRNOFF 21 DO 12X700,150
320,SMIRNOFF BC GRAPEF.&LIME 6X700,135
320,SMIRNOFF GREEN APPLE DO 6X700,150
320,SMIRNOFF RASPBERRY DO 6X700,780
320,SMIRNOFF TROPICAL FRUITS 6X700,90
320,TRAPICHE RESERVA MALBEC 6X750,12
320,TRAPICHE TERRIOR SERIES F ORELLANA 6X750,6
320,TRAPICHE TERROIR SERIES COLETTO,6
320,WHITE HORSE DO 12X750,36
321,ANTARES IPA LATA 6X473 (NEW),-6
322,ALMA MORA MALBEC 6X750,3
322,ELEMENTOS MALBEC 6X750 ,3
323,ALEGORIA MALBEC 6X750,3
323,ALMA MORA MALBEC 6X750,24
323,EL ESTECO MALBEC 6X750,3
323,ELEMENTOS CABSAUV 6X750 ,6
323,JW RED 12X1000 UK,1
323,JW RED 12X750 UK,1
323,TANQUERAY DRY GIN X700,1
324,ANTARES IPA LATA 6X473 (NEW),-6
325,ANTARES IPA LATA 6X473 (NEW),-6
326,ALMA MORA MALBEC 6X750,3
326,DADA FMORAS N°1 6X750,3
326,ELEMENTOS MALBEC 6X750 ,3
326,F.LAS MORAS MALBEC 6X750,3
326,LOS ARBOLES SEL MALBEC 6X750,3
328,ALMA MORA MALBEC 6X750,3
328,DADA ESPUMANTE 6X750 ,3
328,TRAPICHE ALARIS MALBEC 6X750,3
329,ALMA MORA BLEND BLANCO 6X750,6
329,ALMA MORA BLEND DULCE 6X 750,12
329,ALMA MORA CABSAUV6X750 ,39
329,ALMA MORA MALBEC 6X750,276
329,ALMA MORA MERLOT 6X750,3
329,ALMA MORA SEL RVE MALBEC 6X750,6
329,BAILEYS NUEVA BOTELLA 12x750,3
329,BAILEYS SALTED CARAMEL 12X750,3
329,COLECCION PRIVADA CAB SAUV 6X750,6
329,COLECCION PRIVADA MALBEC,18
329,DADA 7 ORANGE BITTER 6X750,24
329,DADA 7 SWEET  6X750,60
329,DADA ART MALBEC 6X750,15
329,DADA ESPUMANTE 6X750 ,6
329,DADA ESPUMANTE MARACUYA 6X750,94
329,DADA ESPUMANTE ROS6X750 ,36
329,DADA EXTRA BRUT 6X750,6
329,DADA FMORAS N°1 6X750,72
329,DADA FMORAS N°2 6X750 ,42
329,DADA FMORAS N°3 6X750,42
329,DADA INCREDIBLENDS 1  X750,12
329,DADA INCREDIBLENDS 2  X750,6
329,DADA N°8 CHOCOLATE 6X750 ,6
329,DADA N°9 CARAMEL 6X750,12
329,DON DAVID CABERNET 6X750,6
329,DON DAVID MALBEC 6X750,21
329,DON DAVID PINOT NOIR6X750,3
329,EL BAUTISMO MALBEC 6X750 ,6
329,ELEMENTOS CABSAUV 6X750 ,30
329,ELEMENTOS MALBEC 6X750 ,66
329,ELEMENTOS RED BLEND 6 X 750,12
329,ELEMENTOS ROSADO TORRONT 6X750 ,3
329,ELEMENTOS TANNAT 6X750 ,6
329,ELEMENTOS TORRONTES 6X750 ,12
329,ELEMENTOS TORRONTES DLCE6X750 ,12
329,F. LAS MORAS ROSADO 6X750 ,6
329,F.LAS MORAS CABSAU 6X750 ,6
329,F.LAS MORAS MALBEC 6X750,114
329,F.LAS MORAS SYRAH 6X750 ,6
329,FOND CAVE MALBEC 6X750 ,3
329,FRIZZE BLUE LATA X473,72
329,FRIZZE EVOL BLUE NEW X1000,73
329,GORDONS  TROPICAL FRUITS 6X700,3
329,GORDON´S GIN 6x700,21
329,GORDON´S PINK GIN 6X700,14
329,INTOCABLES DOUBLE OAK 6 X 750,6
329,J&B YELLOW 6X750,12
329,JW BLACK LABEL 12x1000,1
329,JW BLACK LABEL 12x750,13
329,JW RED 12X1000 UK,2
329,JW RED 12X750 UK,17
329,LOS ARBOLES SEL CABERNET 6X750,84
329,LOS ARBOLES SEL CHARD 6X750,6
329,LOS ARBOLES SEL MALBEC 6X750,162
329,LOS ARBOLES SEL RED BLEND 6X750,24
329,LOS INTOCABLES CAB.SAUV 6X750,9
329,LOS INTOCABLES MALBEC 6X750,15
329,LOS INTOCABLES RUM BLEND 6X750,9
329,ORIGEN BY TRAPICHE MALBEC 6X750,12
329,SAN TELMO MALBEC X750,3
329,SHERIDANS 6X750,6
329,SMF ICE GREENAPPLE LAT 4X6X473,174
329,SMF ICE RED BERRIE LAT 4X6X473,102
329,SMIRNOFF 21 DO 12X700,3
329,SMIRNOFF GREEN APPLE DO 6X700,360
329,SMIRNOFF RASPBERRY DO 6X700,576
329,SMIRNOFF TAMARINDO 6 X 700,51
329,SMIRNOFF TROPICAL FRUITS 6X700,33
329,SMIRNOFF WATERMELON 6X700,3
329,TRAPICHE ALARIS CABSAUV 6X750 ,6
329,TRAPICHE ALARIS DULCE COSECHA 6X750,6
329,TRAPICHE ALARIS MALBEC 6X750,57
329,TRAPICHE ALARIS MERLOT 6X750 ,6
329,TRAPICHE ALARIS SYRAH 6X750 ,6
329,TRAPICHE ALARIS TORRONTES 6X750 ,6
329,TRAPICHE RESERVA CABSAU 6X750 ,6
329,TRAPICHE RESERVA MALBEC 6X750,24
329,VAT 69 APPLE X700,1
329,WHITE HORSE DO 12X750,8
330,SMF ICE GREENAPPLE LAT 4X6X473,48
330,SMF ICE RED BERRIE LAT 4X6X473,72
330,SMIRNOFF GREEN APPLE DO 6X700,30
330,SMIRNOFF ICE LATA 4X6X473,72
330,SMIRNOFF RASPBERRY DO 6X700,120
330,SMIRNOFF TROPICAL FRUITS 6X700,30
331,COLECCION PRIVADA MALBEC,3
331,DADA FMORAS N°1 6X750,3
331,F.LAS MORAS MALBEC 6X750,3
331,LOS INTOCABLES MALBEC 6X750,3
332,COLECCION PRIVADA MALBEC,3
332,DADA FMORAS N°1 6X750,3
332,F.LAS MORAS MALBEC 6X750,3
332,LOS INTOCABLES MALBEC 6X750,3
334,ALMA MORA BLEND BLANCO 6X750,3
334,ALMA MORA BLEND DULCE 6X 750,3
334,ALMA MORA CABSAUV6X750 ,6
334,ALMA MORA MALBEC 6X750,6
334,COLECCION PRIVADA MALBEC,3
334,COLECCION PRIVADA PINOT 6X750,3
334,DADA ART CABERNET 6X750 ,0
334,DADA ART MALBEC 6X750,3
334,DADA ESPUMANTE MARACUYA 6X750,16
334,DADA FMORAS N°1 6X750,6
334,DADA FMORAS N°2 6X750 ,6
334,DADA FMORAS N°3 6X750,3
334,DADA N°8 CHOCOLATE 6X750 ,3
334,DADA WHITE MALBEC 6X750,3
334,DON DAVID MALBEC 6X750,3
334,DON DAVID TORRONTES 6X750,3
334,EL BAUTISMO BLEND TINTAS 6X750 ,3
334,EL BAUTISMO MALBEC 6X750 ,6
334,ELEMENTOS CABSAUV 6X750 ,3
334,ELEMENTOS MALBEC 6X750 ,3
334,ELEMENTOS TORRONTES 6X750 ,6
334,ELEMENTOS TORRONTES DLCE6X750 ,3
334,F.LAS MORAS MALBEC 6X750,3
334,FOND CAVE MALBEC 6X750 ,6
334,FRIZZE BUBBLE MOOD 6X1000,0
334,FRIZZE EVOL BLUE NEW X1000,40
334,GORDONS  TROPICAL FRUITS 6X700,1
334,GORDON´S GIN 6x700,3
334,GORDON´S PINK GIN 6X700,2
334,LOS ARBOLES SEL MALBEC 6X750,3
334,LOS INTOCABLES MALBEC 6X750,3
334,ORIGEN BY TRAPICHE MALBEC 6X750,3
334,SMF ICE RED BERRIE LAT 4X6X473,30
334,SMIRNOFF 21 DO 12X700,33
334,SMIRNOFF GREEN APPLE DO 6X700,66
334,SMIRNOFF RASPBERRY DO 6X700,141
334,SMIRNOFF TAMARINDO 6 X 700,3
334,SMIRNOFF TROPICAL FRUITS 6X700,27
334,TRAPICHE ALARIS DULCE COSECHA 6X750,9
334,TRAPICHE ALARIS MALBEC 6X750,3
334,TRAPICHE ALARIS TORRONTES 6X750 ,6
334,TRAPICHE RESERVA MALBEC 6X750,3
335,ALMA MORA MALBEC 6X750,9
335,ANTARES MICRO IPA 25 AÑOS,6
335,DADA ART MALBEC 6X750,6
335,DADA ESPUMANTE MARACUYA 6X750,6
335,DADA FMORAS N°1 6X750,3
335,EL BAUTISMO MALBEC 6X750 ,3
335,ELEMENTOS MALBEC 6X750 ,12
335,F.LAS MORAS MALBEC 6X750,3
335,FOND CAVE MALBEC 6X750 ,3
335,FRIZZE EVOL BLUE NEW X1000,6
335,GORDON´S GIN 6x700,8
335,GORDON´S PINK GIN 6X700,2
335,LOS ARBOLES SEL MALBEC 6X750,9
335,LOS INTOCABLES MALBEC 6X750,3
335,NC SPARK EBRUT 6X750 estuche,6
335,ORIGEN BY TRAPICHE MALBEC 6X750,3
335,SAN TELMO SPARK DULCE 6X750,6
335,SMIRNOFF RASPBERRY DO 6X700,6
335,TRAPICHE ALARIS MALBEC 6X750,9
335,TRAPICHE RESERVA MALBEC 6X750,6
336,ALMA MORA MALBEC 6X750,3
336,DADA ESPUMANTE 6X750 ,3
336,DADA ESPUMANTE MARACUYA 6X750,3
336,FRIZZE BLUE LATA X473,6
336,FRIZZE EVOL BLUE NEW X1000,6
336,SMF ICE GREENAPPLE LAT 4X6X473,6
336,SMF ICE RED BERRIE LAT 4X6X473,12
336,SMIRNOFF RASPBERRY DO 6X700,9
336,TRAPICHE ALARIS MALBEC 6X750,3
337,ALMA MORA MALBEC 6X750,3
340,ALMA MORA MALBEC 6X750,63
340,ALMA MORA MERLOT 6X750,18
340,ANTARES MICRO IPA 25 AÑOS,6
340,DADA N°8 CHOCOLATE 6X750 ,18
340,DADA N°9 CARAMEL 6X750,12
340,DON DAVID CABERNET 6X750,6
340,DON DAVID MALBEC 6X750,6
340,ELEMENTOS MALBEC 6X750 ,3
340,F.LAS MORAS MALBEC 6X750,3
340,FOND CAV RESERVA CAB SAUV FRANCE X750,6
340,FOND CAVE CABSAU 6X750,12
340,FOND CAVE MALBEC 6X750 ,42
340,FOND CAVE RVA MALBEC 6X750,12
340,FRIZZE EVOL BLUE NEW X1000,3
340,SAN TELMO SPARK DULCE 6X750,-6
340,SAN TELMO SPARK E.BRUT 6X750,-6
340,SMIRNOFF RASPBERRY DO 6X700,363
340,TRAPICHE ALARIS MALBEC 6X750,-9
341,ALMA MORA MALBEC 6X750,3
341,DADA FMORAS N°1 6X750,3
341,ELEMENTOS MALBEC 6X750 ,3
341,F.LAS MORAS MALBEC 6X750,3
341,LOS ARBOLES SEL MALBEC 6X750,3
342,COLECCION PRIVADA MALBEC,3
342,DADA FMORAS N°1 6X750,3
342,F.LAS MORAS MALBEC 6X750,3
342,LOS INTOCABLES MALBEC 6X750,3
343,COLECCION PRIVADA MALBEC,3
343,DADA FMORAS N°1 6X750,3
343,F.LAS MORAS MALBEC 6X750,3
343,LOS INTOCABLES MALBEC 6X750,3
344,ALMA MORA MALBEC 6X750,3
344,ELEMENTOS MALBEC 6X750 ,3
344,FRIZZE EVOL BLUE NEW X1000,3
344,SMIRNOFF GREEN APPLE DO 6X700,3
344,TRAPICHE ALARIS MALBEC 6X750,6
344,TRAPICHE ALARIS TORRONTES 6X750 ,3
345,ALMA MORA MALBEC 6X750,3
345,DADA FMORAS N°1 6X750,3
345,ELEMENTOS MALBEC 6X750 ,3
345,F.LAS MORAS MALBEC 6X750,3
345,LOS ARBOLES SEL MALBEC 6X750,3
346,ALMA MORA MALBEC 6X750,3
346,DADA FMORAS N°1 6X750,3
346,ELEMENTOS MALBEC 6X750 ,3
346,F.LAS MORAS MALBEC 6X750,3
346,LOS ARBOLES SEL MALBEC 6X750,3
347,SMIRNOFF 21 DO 12X700,-3
348,COLECCION PRIVADA MALBEC,3
348,DADA FMORAS N°1 6X750,3
348,F.LAS MORAS MALBEC 6X750,3
348,LOS INTOCABLES MALBEC 6X750,3
350,DADA EXTRA BRUT 6X750,18
352,ALMA MORA BLEND BLANCO 6X750,6
352,SMIRNOFF TAMARINDO 6 X 700,3
352,SMIRNOFF TROPICAL FRUITS 6X700,3
353,ALMA MORA MALBEC 6X750,3
353,DADA ESPUMANTE 6X750 ,3
353,TRAPICHE ALARIS MALBEC 6X750,3
355,COLECCION PRIVADA MALBEC,3
355,DADA FMORAS N°1 6X750,3
355,F.LAS MORAS MALBEC 6X750,3
355,LOS INTOCABLES MALBEC 6X750,3
356,ALMA MORA MALBEC 6X750,9
356,ANTARES MICRO IPA 25 AÑOS,6
356,DADA ART MALBEC 6X750,6
356,DADA ESPUMANTE MARACUYA 6X750,22
356,DADA FMORAS N°1 6X750,3
356,ELEMENTOS MALBEC 6X750 ,9
356,F.LAS MORAS MALBEC 6X750,3
356,FOND CAVE MALBEC 6X750 ,3
356,FRIZZE EVOL BLUE NEW X1000,46
356,GORDON´S GIN 6x700,6
356,LOS ARBOLES SEL MALBEC 6X750,9
356,LOS INTOCABLES MALBEC 6X750,3
356,NC SPARK EBRUT 6X750 estuche,6
356,ORIGEN BY TRAPICHE MALBEC 6X750,3
356,SAN TELMO SPARK DULCE 6X750,6
356,SMF ICE RED BERRIE LAT 4X6X473,24
356,SMIRNOFF GREEN APPLE DO 6X700,60
356,SMIRNOFF RASPBERRY DO 6X700,96
356,SMIRNOFF TROPICAL FRUITS 6X700,30
356,TRAPICHE ALARIS MALBEC 6X750,9
356,TRAPICHE RESERVA MALBEC 6X750,6
358,ALMA MORA MALBEC 6X750,3
358,DADA 7 ORANGE BITTER 6X750,9
358,DADA ESPUMANTE 6X750 ,6
358,DADA ESPUMANTE MARACUYA 6X750,9
358,DADA FMORAS N°1 6X750,3
358,ELEMENTOS MALBEC 6X750 ,3
358,F.LAS MORAS CABSAU 6X750 ,3
358,F.LAS MORAS MALBEC 6X750,3
358,FRIZZE BUBBLE MOOD 6X1000,12
358,FRIZZE EVOL BLUE NEW X1000,6
358,LOS ARBOLES SEL MALBEC 6X750,3
358,SAN TELMO SPARK EXT DULCE 6X75 Ma,6
358,SMF  BC GRAPEF&LIME  LATA 4X6X473,6
358,SMF BC RUBYORANGE&LIME LATA 4X6X473,6
358,SMF ICE GREENAPPLE LAT 4X6X473,42
358,SMF ICE RED BERRIE LAT 4X6X473,48
358,SMIRNOFF GREEN APPLE DO 6X700,24
358,SMIRNOFF RASPBERRY DO 6X700,24
358,SMIRNOFF TROPICAL FRUITS 6X700,3
358,TRAPICHE ALARIS DULCE COSECHA 6X750,3
358,TRAPICHE ALARIS TORRONTES 6X750 ,3
359,COLECCION PRIVADA MALBEC,3
359,DADA FMORAS N°1 6X750,3
359,F.LAS MORAS MALBEC 6X750,3
359,LOS INTOCABLES MALBEC 6X750,3
360,COLECCION PRIVADA MALBEC,3
360,DADA FMORAS N°1 6X750,3
360,F.LAS MORAS MALBEC 6X750,3
360,LOS INTOCABLES MALBEC 6X750,3
362,SMIRNOFF RASPBERRY DO 6X700,3
364,COLECCION PRIVADA MALBEC,3
364,DADA FMORAS N°1 6X750,3
364,F.LAS MORAS MALBEC 6X750,3
364,LOS INTOCABLES MALBEC 6X750,3
365,ALMA MORA MALBEC 6X750,15
365,DADA ESPUMANTE MARACUYA 6X750,6
365,ELEMENTOS MALBEC 6X750 ,6
365,F.LAS MORAS MALBEC 6X750,6
365,FRIZZE BLUE LATA X473,6
365,FRIZZE EVOL BLUE NEW X1000,6
365,FRIZZE IT LIM NEW X 1000,6
365,FRIZZE ITAL LIMA LATA X473,6
365,LOS ARBOLES SEL MALBEC 6X750,6
365,SMF  BC GRAPEF&LIME  LATA 4X6X473,6
365,SMF ICE GREENAPPLE LAT 4X6X473,6
365,SMF ICE RED BERRIE LAT 4X6X473,6
365,SMIRNOFF RASPBERRY DO 6X700,6
367,COLECCION PRIVADA MALBEC,3
367,DADA FMORAS N°1 6X750,3
367,F.LAS MORAS MALBEC 6X750,3
367,LOS INTOCABLES MALBEC 6X750,3
369,COLECCION PRIVADA MALBEC,3
369,DADA FMORAS N°1 6X750,3
369,F.LAS MORAS MALBEC 6X750,3
369,LOS INTOCABLES MALBEC 6X750,3
370,ALMA MORA BLANCO DULCE LOW 6X750,3
370,ALMA MORA BLEND BLANCO 6X750,15
370,ALMA MORA BLEND DULCE 6X 750,24
370,ALMA MORA CABSAUV6X750 ,6
370,ALMA MORA CHARD 6X750,6
370,ALMA MORA MALBEC 6X750,96
370,ALMA MORA SEL RVE BLEND 6X750,18
370,ALMA MORA SEL RVE CABER 6X750,9
370,ALMA MORA SEL RVE MALBEC 6X750,24
370,ALMA MORA SYRAH 6X750,18
370,ANTARES IPA LATA 6X473 (NEW),12
370,ANTARES LAGER LATA 6X473,6
370,ANTARES LATA CARAVANA 6 X 473ML,12
370,ANTARES LATA KOLSCH 6 X 473ML,18
370,ANTARES LATA SCOTCH 6 X 473ML,6
370,ANTARES PLAYA GRANDE 6 X 473ML,6
370,BAILEYS NUEVA BOTELLA 12x750,4
370,BAILEYS SALTED CARAMEL 12X750,2
370,CAZADOR BLANCO DULCE 6X750,9
370,DADA 7 ORANGE BITTER 6X750,6
370,DADA ART CABERNET 6X750 ,6
370,DADA ART MALBEC 6X750,18
370,DADA ESPUMANTE 6X750 ,24
370,DADA ESPUMANTE MARACUYA 6X750,76
370,DADA ESPUMANTE ROS6X750 ,6
370,DADA EXTRA BRUT 6X750,6
370,DADA FMORAS N°1 6X750,12
370,DADA INCREDIBLENDS 1  X750,12
370,DADA INCREDIBLENDS 2  X750,15
370,DADA N6 HONEY X750,12
370,DADA N°8 CHOCOLATE 6X750 ,24
370,DADA N°9 CARAMEL 6X750,6
370,DADA SIDRA 6X750,3
370,DADA WHITE MALBEC 6X750,6
370,DON DAVID CABERNET 6X750,6
370,DON DAVID MALBEC 6X750,6
370,DON DAVID PINOT NOIR6X750,9
370,DON DAVID RED BLEND 6X 750,3
370,DON DAVID RESERVA MALBEC X750,3
370,DON DAVID SYRAH 6X750,6
370,EL BAUTISMO CABERNET 6X750,3
370,EL BAUTISMO MALBEC 6X750 ,6
370,EL BAUTISMO ROSADO 6X750 ,6
370,ELEMENTOS MALBEC 6X750 ,84
370,ELEMENTOS RED BLEND 6 X 750,12
370,ELEMENTOS SYRAH 6X750 ,12
370,ELEMENTOS TANNAT 6X750 ,6
370,ELEMENTOS TORRONTES 6X750 ,12
370,ELEMENTOS TORRONTES DLCE6X750 ,12
370,F LAS MORAS RED BLEND  6X 750,6
370,F. LAS MORAS BCO DULCE 6X750 ,24
370,F. LAS MORAS ROSADO 6X750 ,12
370,F. LAS MORAS SAUV.BLANC 6X750 ,18
370,F.LAS MORAS MALBEC 6X750,60
370,FAIR FOR LIFE MALBEC 6X750 ,6
370,FOND CAVE CABSAU 6X750,3
370,FOND CAVE MALBEC 6X750 ,12
370,FOND CAVE RVA CABSAU 6X750,6
370,FOND CAVE RVA MALBEC 6X750,3
370,FOND CAVE SYRAH 6X750 ,6
370,FRIZZE BLUE LATA X473,72
370,FRIZZE BUBBLE MOOD 6X1000,18
370,FRIZZE EVOL BLUE NEW X1000,85
370,GORDON´S GIN 6x700,9
370,GORDON´S PINK GIN 6X700,3
370,GORDON´S TONIC 4X6X473,3
370,INTOCABLES DOUBLE OAK 6 X 750,6
370,J&B YELLOW 6X750,3
370,JW BLACK LABEL 12x750,12
370,JW DOUBLE BLACK 6x750,2
370,JW RED 12X1000 UK,2
370,JW RED 12X750 UK,12
370,LOS ARBOLES SEL CABERNET 6X750,6
370,LOS ARBOLES SEL CHARD 6X750,6
370,LOS ARBOLES SEL MALBEC 6X750,30
370,LOS ARBOLES SEL RED BLEND 6X750,12
370,LOS INTOCABLES MALBEC 6X750,3
370,LOS INTOCABLES RUM BLEND 6X750,15
370,NC S E.BRUT4X6X355,6
370,NC SPARK DLCE 6X750,3
370,NC SPARK NATURE 6X750 PREM ,6
370,SAN TELMO CAB-SAUV X750,18
370,SAN TELMO MALBEC X750,24
370,SAN TELMO SPARK DULCE 6X750,6
370,SAN TELMO SPARK E.BRUT 6X750,6
370,SAN TELMO SPARK EXT DULCE 6X75 Ma,6
370,SHERIDANS 6X750,1
370,SMF BC RUBYORANGE&LIME LATA 4X6X473,6
370,SMF ICE GREENAPPLE LAT 4X6X473,186
370,SMF ICE RED BERRIE LAT 4X6X473,126
370,SMIRNOFF 21 DO 12X700,9
370,SMIRNOFF BC TANGE&LEMONGRASS 6X700,12
370,SMIRNOFF GREEN APPLE DO 6X700,342
370,SMIRNOFF ICE LATA 4X6X473,18
370,SMIRNOFF RASPBERRY DO 6X700,552
370,SMIRNOFF TAMARINDO 6 X 700,51
370,SMIRNOFF TROPICAL FRUITS 6X700,30
370,SMIRNOFF WATERMELON 6X700,12
370,SUTER ETIQ MARRON DNAT 6X750,6
370,SUTER ETIQ MARRON NEW PIN 6X750,6
370,SUTER VARIETAL MALBEC 6X750,18
370,SUTER VARIETAL TARDIO6X750,6
370,TRAPICHE ALARIS CHARDO 6X750 ,6
370,TRAPICHE ALARIS DULCE COSECHA 6X750,606
370,TRAPICHE ALARIS TORRONTES 6X750 ,6
370,TRAPICHE D. COSECHA ROSE 6X750 ,6
370,TRAPICHE RESERVA CABSAU 6X750 ,6
370,WHITE HORSE DO 12X750,24
371,COLECCION PRIVADA MALBEC,3
371,DADA FMORAS N°1 6X750,3
371,F.LAS MORAS MALBEC 6X750,3
371,LOS INTOCABLES MALBEC 6X750,3
372,ALMA MORA MALBEC 6X750,3
372,DADA FMORAS N°1 6X750,3
372,ELEMENTOS MALBEC 6X750 ,3
372,F.LAS MORAS MALBEC 6X750,3
372,GORDON´S TONIC 4X6X473,6
372,LOS ARBOLES SEL MALBEC 6X750,3
372,SMF  BC GRAPEF&LIME  LATA 4X6X473,6
372,SMF ICE GREENAPPLE LAT 4X6X473,6
372,SMF ICE RED BERRIE LAT 4X6X473,6
372,SMIRNOFF ICE LATA 4X6X473,6
373,ALMA MORA MALBEC 6X750,9
373,ALMA MORA SEL RVE MALBEC 6X750,18
373,ANTARES MICRO IPA 25 AÑOS,6
373,DADA ART MALBEC 6X750,24
373,DADA ESPUMANTE MARACUYA 6X750,22
373,DADA FMORAS N°1 6X750,3
373,ELEMENTOS MALBEC 6X750 ,9
373,F.LAS MORAS MALBEC 6X750,3
373,FOND CAVE MALBEC 6X750 ,3
373,FRIZZE EVOL BLUE NEW X1000,46
373,GORDON´S GIN 6x700,6
373,LOS ARBOLES SEL MALBEC 6X750,39
373,LOS INTOCABLES MALBEC 6X750,3
373,NC SPARK EBRUT 6X750 estuche,6
373,ORIGEN BY TRAPICHE MALBEC 6X750,3
373,SAN TELMO SPARK DULCE 6X750,6
373,SMF ICE RED BERRIE LAT 4X6X473,24
373,SMIRNOFF GREEN APPLE DO 6X700,60
373,SMIRNOFF RASPBERRY DO 6X700,99
373,SMIRNOFF TROPICAL FRUITS 6X700,30
373,TRAPICHE ALARIS MALBEC 6X750,9
373,TRAPICHE RESERVA MALBEC 6X750,6
374,SMIRNOFF RASPBERRY DO 6X700,3
375,COLECCION PRIVADA MALBEC,3
375,DADA FMORAS N°1 6X750,3
375,F.LAS MORAS MALBEC 6X750,3
375,LOS INTOCABLES MALBEC 6X750,3
376,DADA ART MALBEC 6X750,3
376,FRIZZE EVOL BLUE NEW X1000,6
376,FRIZZE IT LIM NEW X 1000,0
376,LOS ARBOLES SEL RED BLEND 6X750,3
376,SMF ICE GREENAPPLE LAT 4X6X473,30
376,SMF ICE RED BERRIE LAT 4X6X473,60
376,SMIRNOFF RASPBERRY DO 6X700,3
378,ALMA MORA CABSAUV6X750 ,180
378,ALMA MORA CHARD 6X750,90
378,ALMA MORA MALBEC 6X750,360
378,ALMA MORA SEL RVE MALBEC 6X750,30
378,ALMA MORA SYRAH 6X750,6
378,DADA 7 ORANGE BITTER 6X750,90
378,DADA ART CABERNET 6X750 ,60
378,DADA ART MALBEC 6X750,180
378,DADA ESPUMANTE 6X750 ,270
378,DADA ESPUMANTE MARACUYA 6X750,58
378,DADA ESPUMANTE ROS6X750 ,60
378,DADA FMORAS N°1 6X750,252
378,DADA FMORAS N°2 6X750 ,120
378,DADA FMORAS N°3 6X750,123
378,DADA INCREDIBLENDS 1  X750,30
378,DADA INCREDIBLENDS 2  X750,78
378,DADA N6 HONEY X750,18
378,DADA N°8 CHOCOLATE 6X750 ,90
378,DON DAVID MALBEC 6X750,3
378,ELEMENTOS CHARDONNAY 6X750,3
378,ELEMENTOS MALBEC 6X750 ,120
378,F.LAS MORAS MALBEC 6X750,186
378,FRIZZE EVOL BLUE NEW X1000,490
378,GORDONS  TROPICAL FRUITS 6X700,12
378,GORDON´S GIN 6x700,78
378,GORDON´S PINK GIN 6X700,66
378,J&B RARE 12X750,21
378,J&B YELLOW 6X750,18
378,JW BLACK LABEL 12x1000,11
378,JW RED 12X1000 UK,42
378,SMF ICE GREENAPPLE LAT 4X6X473,48
378,SMF ICE RED BERRIE LAT 4X6X473,84
378,SMIRNOFF BC GRAPEF.&LIME 6X700,90
378,SMIRNOFF BC TANGE&LEMONGRASS 6X700,12
378,SMIRNOFF GREEN APPLE DO 6X700,144
378,SMIRNOFF RASPBERRY DO 6X700,3306
378,SMIRNOFF TAMARINDO 6 X 700,18
378,SMIRNOFF TROPICAL FRUITS 6X700,60
378,SMIRNOFF WATERMELON 6X700,42
378,WHITE HORSE DO 12X750,1032
379,EL BAUTISMO MALBEC 6X750 ,0
379,ELEMENTOS MALBEC 6X750 ,3
379,F.LAS MORAS MALBEC 6X750,3
379,TRAPICHE ALARIS MALBEC 6X750,3
380,SMIRNOFF RASPBERRY DO 6X700,3
383,DADA ESPUMANTE 6X750 ,3
383,DADA ESPUMANTE MARACUYA 6X750,3
383,DADA LATA SWEET  4X6X355,6
383,ELEMENTOS MALBEC 6X750 ,3
383,FRIZZE BLUE LATA X473,6
383,SMF ICE GREENAPPLE LAT 4X6X473,12
383,SMF ICE RED BERRIE LAT 4X6X473,12
383,SMIRNOFF GREEN APPLE DO 6X700,12
383,SMIRNOFF RASPBERRY DO 6X700,15
383,SMIRNOFF TAMARINDO 6 X 700,3
383,SMIRNOFF TROPICAL FRUITS 6X700,3
383,WHITE HORSE DO 12X750,1
384,ALMA MORA MALBEC 6X750,3
384,DADA FMORAS N°1 6X750,3
384,LOS ARBOLES SEL MALBEC 6X750,3
385,ALMA MORA MALBEC 6X750,3
385,DADA FMORAS N°1 6X750,3
385,ELEMENTOS MALBEC 6X750 ,3
385,F.LAS MORAS MALBEC 6X750,3
385,LOS ARBOLES SEL MALBEC 6X750,3
386,COLECCION PRIVADA MALBEC,3
386,DADA FMORAS N°1 6X750,3
386,F.LAS MORAS MALBEC 6X750,3
386,LOS INTOCABLES MALBEC 6X750,3
387,F.LAS MORAS MALBEC 6X750,6
387,SMF ICE GREENAPPLE LAT 4X6X473,6
387,SMF ICE RED BERRIE LAT 4X6X473,6
387,SMIRNOFF RASPBERRY DO 6X700,3
387,TRAPICHE ALARIS MALBEC 6X750,6
388,ALMA MORA BLEND BLANCO 6X750,12
388,ALMA MORA CABSAUV6X750 ,18
388,ALMA MORA MALBEC 6X750,276
388,BAILEYS NUEVA BOTELLA 12x750,4
388,DADA ART MALBEC 6X750,54
388,DADA ESPUMANTE 6X750 ,36
388,DADA ESPUMANTE MARACUYA 6X750,36
388,DADA ESPUMANTE ROS6X750 ,18
388,DADA FMORAS N°1 6X750,48
388,DADA FMORAS N°2 6X750 ,96
388,DADA FMORAS N°3 6X750,48
388,DADA N°8 CHOCOLATE 6X750 ,54
388,DON DAVID CABERNET 6X750,6
388,DON DAVID MALBEC 6X750,12
388,ELEMENTOS CABSAUV 6X750 ,12
388,ELEMENTOS MALBEC 6X750 ,102
388,F.LAS MORAS MALBEC 6X750,78
388,FOND CAVE CABSAU 6X750,12
388,FOND CAVE MALBEC 6X750 ,90
388,FRIZZE EVOL BLUE NEW X1000,-6
388,J&B YELLOW 6X750,-4
388,JW BLACK LABEL 12x750,-2
388,JW RED 12X750 UK,-1
388,LEGUI 40 AÑOS 12X750,36
388,LOS ARBOLES SEL CABERNET 6X750,18
388,LOS ARBOLES SEL MALBEC 6X750,-6
388,SAN TELMO MALBEC X750,18
388,SAN TELMO SPARK DULCE 6X750,12
388,SMF  BC GRAPEF&LIME  LATA 4X6X473,-48
388,SMF BC RUBYORANGE&LIME LATA 4X6X473,-48
388,SMF ICE GREENAPPLE LAT 4X6X473,-24
388,SMF ICE RED BERRIE LAT 4X6X473,102
388,SMIRNOFF 21 DO 12X700,0
388,SMIRNOFF BC GRAPEF.&LIME 6X700,-12
388,SMIRNOFF BC ORANGE & LIME 6X700,-12
388,SMIRNOFF BC TANGE&LEMONGRASS 6X700,-12
388,SMIRNOFF GREEN APPLE DO 6X700,18
388,SMIRNOFF ICE LATA 4X6X473,-48
388,SMIRNOFF RASPBERRY DO 6X700,-99
388,SMIRNOFF TAMARINDO 6 X 700,-12
388,SMIRNOFF TROPICAL FRUITS 6X700,-30
388,TRAPICHE ALARIS MALBEC 6X750,30
389,ALMA MORA MALBEC 6X750,6
389,DADA FMORAS N°1 6X750,6
389,DON DAVID MALBEC 6X750,12
389,ELEMENTOS MALBEC 6X750 ,6
389,SUTER VARIETAL MALBEC 6X750,24
390,ALARIS D.COSECHA TINTO 6X750,6
390,ALMA MORA CABSAUV6X750 ,3
390,ALMA MORA SEL RVE MALBEC 6X750,3
390,ALMA MORA SYRAH 6X750,3
390,ANTARES IPA LATA 6X473 (NEW),30
390,ANTARES IPA SIN ALC LATA 6X473,12
390,ANTARES LAGER LATA 6X473,24
390,COLECCION PRIVADA MALBEC,3
390,DADA ART MALBEC 6X750,3
390,DADA ESPUMANTE 6X750 ,60
390,DADA ESPUMANTE MARACUYA 6X750,66
390,DADA N°9 CARAMEL 6X750,6
390,DON DAVID MALBEC 6X750,9
390,DON DAVID RESERVA MALBEC X750,3
390,EL BAUTISMO MALBEC 6X750 ,6
390,ELEMENTOS MALBEC 6X750 ,6
390,F. LAS MORAS BCO DULCE 6X750 ,6
390,F.LAS MORAS CABSAU 6X750 ,3
390,F.LAS MORAS MALBEC 6X750,6
390,FAIR FOR LIFE MALBEC 6X750 ,3
390,FRIZZE BLUE LATA X473,6
390,FRIZZE BUBBLE MOOD 6X1000,12
390,FRIZZE EVOL BLUE NEW X1000,24
390,GORDON´S GIN 6x700,6
390,GORDON´S TONIC 4X6X473,24
390,LOS ARBOLES SEL MALBEC 6X750,9
390,LOS INTOCABLES MALBEC 6X750,6
390,SMF  BC GRAPEF&LIME  LATA 4X6X473,12
390,SMF BC RUBYORANGE&LIME LATA 4X6X473,12
390,SMF ICE GREENAPPLE LAT 4X6X473,90
390,SMF ICE RED BERRIE LAT 4X6X473,102
390,SMIRNOFF GREEN APPLE DO 6X700,90
390,SMIRNOFF ICE LATA 4X6X473,12
390,SMIRNOFF RASPBERRY DO 6X700,66
390,SMIRNOFF WATERMELON 6X700,12
390,TRAPICHE ALARIS DULCE COSECHA 6X750,12
391,JW RED 12X1000 UK,2
391,JW RED 12X750 UK,2
393,ALMA MORA MALBEC 6X750,9
393,TRAPICHE ALARIS DULCE COSECHA 6X750,6
394,SMIRNOFF RASPBERRY DO 6X700,3
396,ALMA MORA MALBEC 6X750,24
396,DADA ART MALBEC 6X750,6
396,DADA N°8 CHOCOLATE 6X750 ,3
396,EL BAUTISMO MALBEC 6X750 ,3
396,ELEMENTOS MALBEC 6X750 ,9
396,ELEMENTOS TORRONTES DLCE6X750 ,6
396,FOND CAVE MALBEC 6X750 ,6
396,LOS ARBOLES SEL MALBEC 6X750,9
396,ORIGEN BY TRAPICHE CAB.S 6X750,3
396,ORIGEN BY TRAPICHE MALBEC 6X750,3
397,DADA ART MALBEC 6X750,3
397,FRIZZE EVOL BLUE NEW X1000,3
397,GORDON´S GIN 6x700,-3
397,SMIRNOFF RASPBERRY DO 6X700,3
397,TRAPICHE ALARIS MALBEC 6X750,3
398,ALMA MORA MALBEC 6X750,3
398,SMF ICE GREENAPPLE LAT 4X6X473,6
398,SMF ICE RED BERRIE LAT 4X6X473,6
399,DADA ART MALBEC 6X750,3
399,FRIZZE EVOL BLUE NEW X1000,3
399,GORDON´S GIN 6x700,-3
399,SMIRNOFF RASPBERRY DO 6X700,3
399,TRAPICHE ALARIS MALBEC 6X750,3
400,SMF ICE GREENAPPLE LAT 4X6X473,30
400,SMF ICE RED BERRIE LAT 4X6X473,48
400,SMIRNOFF GREEN APPLE DO 6X700,30
400,SMIRNOFF ICE LATA 4X6X473,12
400,SMIRNOFF RASPBERRY DO 6X700,42
400,SMIRNOFF TAMARINDO 6 X 700,6
400,SMIRNOFF TROPICAL FRUITS 6X700,18
401,COLECCION PRIVADA MALBEC,3
401,DADA FMORAS N°1 6X750,3
401,F.LAS MORAS MALBEC 6X750,3
401,LOS INTOCABLES MALBEC 6X750,3
403,ALMA MORA CABSAUV6X750 ,120
403,ALMA MORA MALBEC 6X750,1020
403,DADA 7 SWEET  6X750,360
403,DADA ART CABERNET 6X750 ,60
403,DADA ART MALBEC 6X750,180
403,DADA ESPUMANTE 6X750 ,60
403,DADA ESPUMANTE ROS6X750 ,540
403,DADA FMORAS N°2 6X750 ,120
403,DADA FMORAS N°3 6X750,120
403,DON DAVID MALBEC 6X750,120
403,ELEMENTOS MALBEC 6X750 ,180
403,FOND CAVE MALBEC 6X750 ,60
403,JW BLACK LABEL 12x750,120
403,JW RED 12X750 UK,12
403,LOS ARBOLES SEL MALBEC 6X750,60
403,NC SPARK EBRUT 6X750 nuevo,90
403,SMIRNOFF RASPBERRY DO 6X700,540
403,SUTER CHAMPAÑA E.BRUT 6X750,60
403,TRAPICHE ALARIS MALBEC 6X750,180
403,TRAPICHE IMPURO MALBEC X750,60
403,TRAPICHE PURO MALBEC,60
403,WHITE HORSE DO 12X750,408
404,ALMA MORA MALBEC 6X750,9
406,ALMA MORA BLANCO DULCE LOW 6X750,3
406,ALMA MORA MALBEC 6X750,3
406,EL BAUTISMO BLEND TINTAS 6X750 ,6
406,EL BAUTISMO MALBEC 6X750 ,3
406,ELEMENTOS TORRONTES DLCE6X750 ,3
406,SMIRNOFF BC TANGE&LEMONGRASS 6X700,3
406,SMIRNOFF GREEN APPLE DO 6X700,3
406,SMIRNOFF RASPBERRY DO 6X700,3
406,SMIRNOFF TROPICAL FRUITS 6X700,3
406,TRAPICHE RESERVA MALBEC 6X750,3
408,FRIZZE EVOL BLUE NEW X1000,6
408,SMF ICE RED BERRIE LAT 4X6X473,6
409,ALMA MORA MALBEC 6X750,3
409,ANTARES MICRO IPA 25 AÑOS,6
409,DADA ART MALBEC 6X750,3
409,DADA FMORAS N°1 6X750,3
409,ELEMENTOS MALBEC 6X750 ,3
409,F.LAS MORAS MALBEC 6X750,3
409,FRIZZE EVOL BLUE NEW X1000,6
409,GORDON´S GIN 6x700,3
409,LOS ARBOLES SEL MALBEC 6X750,3
409,SMF ICE RED BERRIE LAT 4X6X473,12
409,SMIRNOFF RASPBERRY DO 6X700,3
409,TRAPICHE ALARIS MALBEC 6X750,3
411,FRIZZE EVOL BLUE NEW X1000,3
411,SMIRNOFF GREEN APPLE DO 6X700,3
412,ALMA MORA MALBEC 6X750,3
412,DADA FMORAS N°1 6X750,3
412,ELEMENTOS MALBEC 6X750 ,3
412,F.LAS MORAS MALBEC 6X750,3
412,LOS ARBOLES SEL MALBEC 6X750,3
414,COLECCION PRIVADA MALBEC,3
414,DADA FMORAS N°1 6X750,3
414,F.LAS MORAS MALBEC 6X750,3
414,LOS INTOCABLES MALBEC 6X750,3
415,SMIRNOFF RASPBERRY DO 6X700,3
416,ALMA MORA MALBEC 6X750,3
416,ANTARES MICRO IPA 25 AÑOS,6
416,DADA ART MALBEC 6X750,3
416,DADA FMORAS N°1 6X750,3
416,ELEMENTOS MALBEC 6X750 ,3
416,F.LAS MORAS MALBEC 6X750,3
416,FRIZZE EVOL BLUE NEW X1000,6
416,GORDON´S GIN 6x700,3
416,LOS ARBOLES SEL MALBEC 6X750,3
416,SMIRNOFF RASPBERRY DO 6X700,3
416,TRAPICHE ALARIS MALBEC 6X750,3
418,SMIRNOFF RASPBERRY DO 6X700,3
420,ALMA MORA MALBEC 6X750,12
420,FRIZZE EVOL BLUE NEW X1000,3
420,TRAPICHE ALARIS MALBEC 6X750,3
421,SMIRNOFF RASPBERRY DO 6X700,3
422,ALMA MORA MALBEC 6X750,3
422,ANTARES MICRO IPA 25 AÑOS,6
422,DADA ART MALBEC 6X750,3
422,DADA FMORAS N°1 6X750,3
422,ELEMENTOS MALBEC 6X750 ,3
422,F.LAS MORAS MALBEC 6X750,3
422,FRIZZE EVOL BLUE NEW X1000,6
422,GORDON´S GIN 6x700,3
422,LOS ARBOLES SEL MALBEC 6X750,3
422,SMIRNOFF RASPBERRY DO 6X700,3
422,TRAPICHE ALARIS MALBEC 6X750,3
423,SMIRNOFF RASPBERRY DO 6X700,3
425,ALMA MORA MALBEC 6X750,3
425,DADA FMORAS N°1 6X750,3
425,ELEMENTOS MALBEC 6X750 ,3
425,F.LAS MORAS MALBEC 6X750,3
425,LOS ARBOLES SEL MALBEC 6X750,3
427,ALMA MORA MALBEC 6X750,3
427,SMF ICE RED BERRIE LAT 4X6X473,6
428,SMIRNOFF RASPBERRY DO 6X700,3
429,ALMA MORA MALBEC 6X750,3
429,ANTARES MICRO IPA 25 AÑOS,6
429,COLECCION PRIVADA MALBEC,3
429,DADA FMORAS N°1 6X750,3
429,ELEMENTOS MALBEC 6X750 ,3
429,F.LAS MORAS MALBEC 6X750,6
429,FRIZZE EVOL BLUE NEW X1000,3
429,LOS INTOCABLES MALBEC 6X750,3
429,SMIRNOFF RASPBERRY DO 6X700,3
429,TRAPICHE ALARIS MALBEC 6X750,3
430,COLECCION PRIVADA MALBEC,3
430,DADA FMORAS N°1 6X750,3
430,F.LAS MORAS MALBEC 6X750,3
430,LOS INTOCABLES MALBEC 6X750,3
430,SMIRNOFF RASPBERRY DO 6X700,12
430,SMIRNOFF TROPICAL FRUITS 6X700,6
431,SMF  BC GRAPEF&LIME  LATA 4X6X473,6
431,SMF BC RUBYORANGE&LIME LATA 4X6X473,6
431,SMF ICE GREENAPPLE LAT 4X6X473,30
431,SMF ICE RED BERRIE LAT 4X6X473,12
431,SMIRNOFF 21 DO 12X700,3
431,SMIRNOFF BC GRAPEF.&LIME 6X700,12
431,SMIRNOFF BC ORANGE & LIME 6X700,6
431,SMIRNOFF GREEN APPLE DO 6X700,18
431,SMIRNOFF ICE LATA 4X6X473,12
431,SMIRNOFF RASPBERRY DO 6X700,24
431,SMIRNOFF TAMARINDO 6 X 700,3
431,SMIRNOFF TROPICAL FRUITS 6X700,18
431,SMIRNOFF WATERMELON 6X700,6
432,ANTARES IPA LATA 6X473 (NEW),-6
433,COLECCION PRIVADA MALBEC,3
433,DADA FMORAS N°1 6X750,3
433,F.LAS MORAS MALBEC 6X750,3
433,LOS INTOCABLES MALBEC 6X750,3
434,SMIRNOFF RASPBERRY DO 6X700,3
437,ALMA MORA MALBEC 6X750,15
437,DADA ART MALBEC 6X750,6
437,DADA N6 HONEY X750,6
437,ELEMENTOS MALBEC 6X750 ,6
437,FRIZZE BUBBLE MOOD 6X1000,36
437,FRIZZE EVOL BLUE NEW X1000,3
437,FRIZZE IT LIM NEW X 1000,12
437,GORDON´S PINK GIN 6X700,9
437,SAN TELMO MALBEC X750,6
437,SMF  BC GRAPEF&LIME  LATA 4X6X473,24
437,SMF BC RUBYORANGE&LIME LATA 4X6X473,24
437,SMF ICE GREENAPPLE LAT 4X6X473,180
437,SMF ICE RED BERRIE LAT 4X6X473,132
437,SMIRNOFF BC GRAPEF.&LIME 6X700,3
437,SMIRNOFF BC ORANGE & LIME 6X700,3
437,SMIRNOFF BC TANGE&LEMONGRASS 6X700,6
437,SMIRNOFF GREEN APPLE DO 6X700,18
437,SMIRNOFF RASPBERRY DO 6X700,36
437,SMIRNOFF TAMARINDO 6 X 700,6
437,SMIRNOFF TROPICAL FRUITS 6X700,6
437,SMIRNOFF WATERMELON 6X700,12
437,TRAPICHE ALARIS MALBEC 6X750,9
438,COLECCION PRIVADA MALBEC,3
438,DADA FMORAS N°1 6X750,3
438,F.LAS MORAS MALBEC 6X750,3
438,LOS INTOCABLES MALBEC 6X750,3
439,ALMA MORA MALBEC 6X750,3
439,ANTARES MICRO IPA 25 AÑOS,6
439,DADA ART MALBEC 6X750,3
439,DADA ESPUMANTE 6X750 ,6
439,DADA ESPUMANTE MARACUYA 6X750,22
439,DADA FMORAS N°1 6X750,0
439,DON DAVID MALBEC 6X750,6
439,ELEMENTOS MALBEC 6X750 ,9
439,ELEMENTOS TORRONTES 6X750 ,6
439,F.LAS MORAS MALBEC 6X750,0
439,FOND CAVE MALBEC 6X750 ,0
439,FRIZZE EVOL BLUE NEW X1000,43
439,GORDON´S GIN 6x700,3
439,LOS ARBOLES SEL MALBEC 6X750,3
439,LOS INTOCABLES MALBEC 6X750,3
439,NC SPARK EBRUT 6X750 estuche,6
439,ORIGEN BY TRAPICHE MALBEC 6X750,0
439,SAN TELMO SPARK DULCE 6X750,6
439,SMF ICE RED BERRIE LAT 4X6X473,24
439,SMIRNOFF GREEN APPLE DO 6X700,60
439,SMIRNOFF RASPBERRY DO 6X700,96
439,SMIRNOFF TROPICAL FRUITS 6X700,30
439,TRAPICHE ALARIS MALBEC 6X750,3
439,TRAPICHE RESERVA MALBEC 6X750,3
440,ANTARES LAGER LATA 6X473,6
440,F. LAS MORAS BCO DULCE 6X750 ,3
440,F.LAS MORAS MALBEC 6X750,3
440,FRIZZE BLUE LATA X473,6
440,SMF ICE GREENAPPLE LAT 4X6X473,12
440,SMF ICE RED BERRIE LAT 4X6X473,18
440,SMIRNOFF ICE LATA 4X6X473,6
442,COLECCION PRIVADA MALBEC,3
442,DADA FMORAS N°1 6X750,3
442,F.LAS MORAS MALBEC 6X750,3
442,LOS INTOCABLES MALBEC 6X750,3
443,ALMA MORA MALBEC 6X750,3
443,ANTARES MICRO IPA 25 AÑOS,6
443,COLECCION PRIVADA MALBEC,3
443,DADA FMORAS N°1 6X750,3
443,ELEMENTOS MALBEC 6X750 ,3
443,F.LAS MORAS MALBEC 6X750,6
443,FRIZZE EVOL BLUE NEW X1000,3
443,LOS INTOCABLES MALBEC 6X750,3
443,SMIRNOFF RASPBERRY DO 6X700,3
443,TRAPICHE ALARIS MALBEC 6X750,3
444,ALMA MORA MALBEC 6X750,3
444,ANTARES MICRO IPA 25 AÑOS,6
444,COLECCION PRIVADA MALBEC,3
444,DADA FMORAS N°1 6X750,3
444,ELEMENTOS MALBEC 6X750 ,3
444,F.LAS MORAS MALBEC 6X750,6
444,FRIZZE EVOL BLUE NEW X1000,3
444,LOS INTOCABLES MALBEC 6X750,3
444,SMIRNOFF RASPBERRY DO 6X700,3
444,TRAPICHE ALARIS MALBEC 6X750,3
445,COLECCION PRIVADA MALBEC,3
445,DADA FMORAS N°1 6X750,3
445,F.LAS MORAS MALBEC 6X750,3
445,LOS INTOCABLES MALBEC 6X750,3
446,DADA 7 ORANGE BITTER 6X750,6
446,DADA 7 SWEET  6X750,6
446,DADA ESPUMANTE 6X750 ,6
446,DADA ESPUMANTE MARACUYA 6X750,6
446,FRIZZE BLUE LATA X473,24
446,FRIZZE BUBBLE MOOD 6X1000,18
446,FRIZZE EVOL BLUE NEW X1000,60
446,SMF  BC GRAPEF&LIME  LATA 4X6X473,24
446,SMF BC RUBYORANGE&LIME LATA 4X6X473,30
446,SMF ICE GREENAPPLE LAT 4X6X473,174
446,SMF ICE RED BERRIE LAT 4X6X473,342
446,SMIRNOFF GREEN APPLE DO 6X700,30
446,SMIRNOFF ICE LATA 4X6X473,24
446,SMIRNOFF RASPBERRY DO 6X700,0
446,SMIRNOFF TAMARINDO 6 X 700,6
446,SMIRNOFF TROPICAL FRUITS 6X700,6
449,SMF ICE RED BERRIE LAT 4X6X473,6
450,ALMA MORA MALBEC 6X750,3
451,COLECCION PRIVADA MALBEC,3
451,DADA FMORAS N°1 6X750,3
451,F.LAS MORAS MALBEC 6X750,3
451,LOS INTOCABLES MALBEC 6X750,3
452,ALMA MORA MALBEC 6X750,3
452,DADA FMORAS N°1 6X750,3
452,ELEMENTOS MALBEC 6X750 ,3
452,F.LAS MORAS MALBEC 6X750,3
452,LOS ARBOLES SEL MALBEC 6X750,3
453,ALMA MORA MALBEC 6X750,3
453,FRIZZE EVOL BLUE NEW X1000,3
453,TRAPICHE ALARIS MALBEC 6X750,3
455,ALMA MORA BLEND DULCE 6X 750,6
455,ALMA MORA CABSAUV6X750 ,15
455,ALMA MORA MALBEC 6X750,21
455,ANTARES LAGER LATA 6X473,6
455,BAILEYS NUEVA BOTELLA 12x750,4
455,BAILEYS SALTED CARAMEL 12X750,1
455,DADA ART MALBEC 6X750,3
455,DADA FMORAS N°1 6X750,3
455,DADA N°8 CHOCOLATE 6X750 ,3
455,DON DAVID MALBEC 6X750,3
455,EL BAUTISMO MALBEC 6X750 ,9
455,ELEMENTOS MALBEC 6X750 ,12
455,F. LAS MORAS BCO DULCE 6X750 ,12
455,F.LAS MORAS MALBEC 6X750,12
455,FOND CAVE CABSAU 6X750,6
455,FOND CAVE MALBEC 6X750 ,15
455,FRIZZE EVOL BLUE NEW X1000,9
455,GORDON´S PINK GIN 6X700,2
455,GORDON´S TONIC 4X6X473,30
455,LOS ARBOLES SEL MALBEC 6X750,12
455,SMF  BC GRAPEF&LIME  LATA 4X6X473,6
455,SMF BC RUBYORANGE&LIME LATA 4X6X473,24
455,SMF ICE GREENAPPLE LAT 4X6X473,60
455,SMF ICE RED BERRIE LAT 4X6X473,54
455,SMIRNOFF GREEN APPLE DO 6X700,6
455,SMIRNOFF ICE LATA 4X6X473,6
455,SMIRNOFF TAMARINDO 6 X 700,9
455,TRAPICHE ALARIS CABSAUV 6X750 ,3
455,TRAPICHE ALARIS DULCE COSECHA 6X750,15
455,TRAPICHE ALARIS MALBEC 6X750,3
456,ALMA MORA MALBEC 6X750,6
456,DADA FMORAS N°3 6X750,6
456,EL BAUTISMO MALBEC 6X750 ,12
456,F.LAS MORAS MALBEC 6X750,6
456,SAN TELMO CAB-SAUV X750,6
456,SMF ICE GREENAPPLE LAT 4X6X473,6
456,SMF ICE RED BERRIE LAT 4X6X473,6
456,TRAPICHE ALARIS MALBEC 6X750,12
457,SMIRNOFF RASPBERRY DO 6X700,3
458,ALMA MORA MALBEC 6X750,6
458,DADA ESPUMANTE 6X750 ,3
458,FRIZZE EVOL BLUE NEW X1000,3
458,TRAPICHE ALARIS MALBEC 6X750,6
459,ALMA MORA MALBEC 6X750,9
459,ANTARES MICRO IPA 25 AÑOS,6
459,DADA ART MALBEC 6X750,6
459,DADA ESPUMANTE MARACUYA 6X750,6
459,DADA FMORAS N°1 6X750,3
459,ELEMENTOS MALBEC 6X750 ,9
459,F.LAS MORAS MALBEC 6X750,3
459,FOND CAVE MALBEC 6X750 ,3
459,FRIZZE EVOL BLUE NEW X1000,6
459,GORDON´S GIN 6x700,6
459,LOS ARBOLES SEL MALBEC 6X750,9
459,LOS INTOCABLES MALBEC 6X750,3
459,NC SPARK EBRUT 6X750 estuche,6
459,ORIGEN BY TRAPICHE MALBEC 6X750,3
459,SAN TELMO SPARK DULCE 6X750,6
459,SMIRNOFF RASPBERRY DO 6X700,6
459,TRAPICHE ALARIS MALBEC 6X750,9
459,TRAPICHE RESERVA MALBEC 6X750,6
461,ALMA MORA MALBEC 6X750,3
461,DADA FMORAS N°1 6X750,3
461,ELEMENTOS MALBEC 6X750 ,3
461,F.LAS MORAS MALBEC 6X750,3
461,LOS ARBOLES SEL MALBEC 6X750,3
462,ALMA MORA MALBEC 6X750,9
462,DADA ART MALBEC 6X750,9
462,DADA LATA SWEET PINK 4X6X355,0
462,ELEMENTOS MALBEC 6X750 ,9
462,F LAS MORAS RED BLEND  6X 750,3
462,F. LAS MORAS ROSADO 6X750 ,3
462,F.LAS MORAS MALBEC 6X750,6
462,LOS ARBOLES SEL MALBEC 6X750,9
462,SUTER VARIETAL CHARD 6X750,3
462,SUTER VARIETAL MALBEC 6X750,3
462,SUTER VARIETAL TARDIO6X750,6
462,TRAPICHE ALARIS MALBEC 6X750,3
462,TRAPICHE ALARIS SBLANC 6X750,3
466,ALMA MORA MALBEC 6X750,3
466,DADA ART MALBEC 6X750,3
466,F. LAS MORAS BCO DULCE 6X750 ,3
466,GORDON´S PINK GIN 6X700,6
466,LOS ARBOLES SEL MALBEC 6X750,3
466,SMIRNOFF 21 DO 12X700,3
466,SMIRNOFF GREEN APPLE DO 6X700,24
466,SMIRNOFF RASPBERRY DO 6X700,27
466,SMIRNOFF TAMARINDO 6 X 700,3
466,SMIRNOFF TROPICAL FRUITS 6X700,15
467,COLECCION PRIVADA MALBEC,3
467,DADA FMORAS N°1 6X750,3
467,F.LAS MORAS MALBEC 6X750,3
467,LOS INTOCABLES MALBEC 6X750,3
468,ALMA MORA BLEND DULCE 6X 750,6
468,ALMA MORA MALBEC 6X750,3
468,ALMA MORA MERLOT 6X750,3
468,ALMA MORA SYRAH 6X750,6
468,DADA ART MALBEC 6X750,3
468,DADA ESPUMANTE MARACUYA 6X750,16
468,DADA ESPUMANTE ROS6X750 ,3
468,DADA FMORAS N°1 6X750,12
468,DADA FMORAS N°2 6X750 ,3
468,DADA FMORAS N°3 6X750,3
468,DADA N6 HONEY X750,6
468,DADA N°8 CHOCOLATE 6X750 ,12
468,DON DAVID MALBEC 6X750,3
468,EL BAUTISMO BLEND B. DLCE 6X750 ,3
468,EL BAUTISMO BLEND TINTAS 6X750 ,3
468,EL BAUTISMO MALBEC 6X750 ,3
468,EL BAUTISMO ROSADO 6X750 ,6
468,ELEMENTOS CABSAUV 6X750 ,3
468,ELEMENTOS CHARDONNAY 6X750,3
468,ELEMENTOS MALBEC 6X750 ,12
468,F.LAS MORAS CABSAU 6X750 ,3
468,F.LAS MORAS MALBEC 6X750,18
468,FRIZZE EVOL BLUE NEW X1000,32
468,GORDONS  TROPICAL FRUITS 6X700,12
468,GORDON´S PINK GIN 6X700,12
468,JW RED 12X750 UK,1
468,LOS ARBOLES SEL CABERNET 6X750,6
468,LOS ARBOLES SEL MALBEC 6X750,21
468,LOS ARBOLES SEL RED BLEND 6X750,6
468,ORIGEN BY TRAPICHE CAB.S 6X750,3
468,ORIGEN BY TRAPICHE MALBEC 6X750,3
468,SAN TELMO MALBEC X750,6
468,SMF ICE GREENAPPLE LAT 4X6X473,48
468,SMF ICE RED BERRIE LAT 4X6X473,84
468,SMIRNOFF GREEN APPLE DO 6X700,90
468,SMIRNOFF RASPBERRY DO 6X700,156
468,SMIRNOFF TROPICAL FRUITS 6X700,30
468,SUTER ETIQ MARRON NEW PIN 6X750,3
468,SUTER VARIETAL CABERNET 6X750,3
468,SUTER VARIETAL MALBEC 6X750,6
468,TRAPICHE ALARIS CABSAUV 6X750 ,3
468,TRAPICHE ALARIS DULCE COSECHA 6X750,9
468,TRAPICHE ALARIS MALBEC 6X750,12
468,WHITE HORSE DO 12X750,3
469,ANTARES IPA LATA 6X473 (NEW),-6
472,ALMA MORA CABSAUV6X750 ,3
472,ALMA MORA MALBEC 6X750,6
472,ALMA MORA SYRAH ROSE 6X750 ,3
472,DADA ART MALBEC 6X750,6
472,DADA N°8 CHOCOLATE 6X750 ,3
472,DADA WHITE MALBEC 6X750,3
472,EL BAUTISMO BLEND B. DLCE 6X750 ,3
472,EL BAUTISMO MALBEC 6X750 ,3
472,F.LAS MORAS MALBEC 6X750,3
472,SAN TELMO MALBEC X750,3
472,SMIRNOFF RASPBERRY DO 6X700,3
472,SMIRNOFF TROPICAL FRUITS 6X700,3
472,TRAPICHE ALARIS MALBEC 6X750,3
473,ALMA MORA MALBEC 6X750,3
473,DADA ART MALBEC 6X750,3
473,DADA FMORAS N°1 6X750,3
473,ELEMENTOS MALBEC 6X750 ,3
473,F.LAS MORAS MALBEC 6X750,3
473,FRIZZE EVOL BLUE NEW X1000,6
473,GORDON´S GIN 6x700,3
473,LOS ARBOLES SEL MALBEC 6X750,3
473,SMIRNOFF RASPBERRY DO 6X700,3
473,TRAPICHE ALARIS MALBEC 6X750,3
476,SMIRNOFF 21 DO 12X700,204
476,SMIRNOFF GREEN APPLE DO 6X700,78
476,SMIRNOFF RASPBERRY DO 6X700,402
476,SMIRNOFF TROPICAL FRUITS 6X700,42
477,ALMA MORA MALBEC 6X750,3
477,DADA ART MALBEC 6X750,3
477,DADA FMORAS N°1 6X750,3
477,ELEMENTOS MALBEC 6X750 ,3
477,F.LAS MORAS MALBEC 6X750,3
477,FRIZZE EVOL BLUE NEW X1000,6
477,GORDON´S GIN 6x700,-3
477,LOS ARBOLES SEL MALBEC 6X750,3
477,SMIRNOFF RASPBERRY DO 6X700,3
477,TRAPICHE ALARIS MALBEC 6X750,3
478,SMF  BC GRAPEF&LIME  LATA 4X6X473,6
478,SMF ICE RED BERRIE LAT 4X6X473,18
478,SMIRNOFF ICE LATA 4X6X473,6
481,SAN TELMO CAB-SAUV X750,3
481,SAN TELMO MALBEC X750,3
481,SAN TELMO SPARK DULCE 6X750,3
481,SUTER CHAMPAÑA E.BRUT 6X750,3
481,SUTER VARIETAL TARDIO6X750,3
482,DADA ART MALBEC 6X750,3
482,FRIZZE EVOL BLUE NEW X1000,3
482,SMIRNOFF 21 DO 12X700,-3
482,SMIRNOFF RASPBERRY DO 6X700,3
482,TRAPICHE ALARIS MALBEC 6X750,3
483,DADA ART MALBEC 6X750,3
483,FRIZZE EVOL BLUE NEW X1000,3
483,GORDON´S GIN 6x700,-3
483,SMIRNOFF RASPBERRY DO 6X700,3
483,TRAPICHE ALARIS MALBEC 6X750,3
484,SMIRNOFF RASPBERRY DO 6X700,3
485,ALMA MORA MALBEC 6X750,9
485,DADA ESPUMANTE 6X750 ,3
485,DADA FMORAS N°1 6X750,3
485,ELEMENTOS MALBEC 6X750 ,6
485,F.LAS MORAS MALBEC 6X750,3
485,LOS ARBOLES SEL MALBEC 6X750,3
485,TRAPICHE ALARIS MALBEC 6X750,3
487,FRIZZE EVOL BLUE NEW X1000,3
489,ALMA MORA MALBEC 6X750,3
489,DADA FMORAS N°1 6X750,3
489,ELEMENTOS MALBEC 6X750 ,3
489,F.LAS MORAS MALBEC 6X750,3
489,LOS ARBOLES SEL MALBEC 6X750,3
490,ALMA MORA MALBEC 6X750,3
490,DADA ART MALBEC 6X750,3
490,DADA FMORAS N°1 6X750,3
490,ELEMENTOS MALBEC 6X750 ,3
490,F.LAS MORAS MALBEC 6X750,3
490,FRIZZE EVOL BLUE NEW X1000,6
490,GORDON´S GIN 6x700,-3
490,LOS ARBOLES SEL MALBEC 6X750,3
490,SMIRNOFF RASPBERRY DO 6X700,3
490,TRAPICHE ALARIS MALBEC 6X750,3
494,COLECCION PRIVADA MALBEC,3
494,DADA FMORAS N°1 6X750,3
494,F.LAS MORAS MALBEC 6X750,3
494,LOS INTOCABLES MALBEC 6X750,3
495,ALMA MORA MALBEC 6X750,9
495,ANTARES MICRO IPA 25 AÑOS,6
495,DADA ART MALBEC 6X750,6
495,DADA ESPUMANTE MARACUYA 6X750,186
495,DADA FMORAS N°1 6X750,3
495,ELEMENTOS MALBEC 6X750 ,9
495,F.LAS MORAS MALBEC 6X750,3
495,FOND CAVE MALBEC 6X750 ,3
495,FRIZZE EVOL BLUE NEW X1000,6
495,GORDON´S GIN 6x700,6
495,LOS ARBOLES SEL MALBEC 6X750,9
495,LOS INTOCABLES MALBEC 6X750,3
495,NC SPARK EBRUT 6X750 estuche,6
495,ORIGEN BY TRAPICHE MALBEC 6X750,3
495,SAN TELMO SPARK DULCE 6X750,6
495,SMIRNOFF RASPBERRY DO 6X700,9
495,TRAPICHE ALARIS MALBEC 6X750,9
495,TRAPICHE RESERVA MALBEC 6X750,6
496,DADA ART MALBEC 6X750,3
496,FRIZZE EVOL BLUE NEW X1000,3
496,SMIRNOFF 21 DO 12X700,-3
496,SMIRNOFF RASPBERRY DO 6X700,3
496,TRAPICHE ALARIS MALBEC 6X750,3
497,FRIZZE EVOL BLUE NEW X1000,3
499,DADA ART MALBEC 6X750,3
499,FRIZZE EVOL BLUE NEW X1000,3
499,GORDON´S GIN 6x700,-3
499,SMIRNOFF RASPBERRY DO 6X700,3
499,TRAPICHE ALARIS MALBEC 6X750,3
500,FRIZZE EVOL BLUE NEW X1000,3
501,ALMA MORA MALBEC 6X750,12
501,DADA ART MALBEC 6X750,3
501,DADA ESPUMANTE MARACUYA 6X750,3
501,DADA N°8 CHOCOLATE 6X750 ,3
501,ELEMENTOS MALBEC 6X750 ,3
501,FRIZZE BUBBLE MOOD 6X1000,6
503,ALMA MORA MALBEC 6X750,3
503,FRIZZE EVOL BLUE NEW X1000,3
503,TRAPICHE ALARIS MALBEC 6X750,3
507,ALMA MORA MALBEC 6X750,3
507,ANTARES MICRO IPA 25 AÑOS,6
507,DADA FMORAS N°1 6X750,3
507,ELEMENTOS MALBEC 6X750 ,3
507,F.LAS MORAS MALBEC 6X750,3
507,FRIZZE EVOL BLUE NEW X1000,3
507,GORDON´S GIN 6x700,3
507,LOS ARBOLES SEL MALBEC 6X750,3
508,SMIRNOFF GREEN APPLE DO 6X700,3
509,ALARIS RED BLEND 6 X750,0
509,ALMA MORA BLEND BLANCO 6X750,21
509,ALMA MORA CABSAUV6X750 ,3
509,ALMA MORA MERLOT 6X750,3
509,ALMA MORA SYRAH 6X750,3
509,DADA ART MALBEC 6X750,6
509,DADA FMORAS N°1 6X750,12
509,DADA WHITE MALBEC 6X750,3
509,ELEMENTOS CABSAUV 6X750 ,9
509,ELEMENTOS CHARDONNAY 6X750,6
509,ELEMENTOS RED BLEND 6 X 750,3
509,F. LAS MORAS ROSADO 6X750 ,6
509,F.LAS MORAS CABSAU 6X750 ,3
509,F.LAS MORAS MALBEC 6X750,12
509,F.LAS MORAS SYRAH 6X750 ,3
509,FRIZZE EVOL BLUE NEW X1000,3
509,LOS ARBOLES SEL CHARD 6X750,6
509,SMIRNOFF GREEN APPLE DO 6X700,3
509,TRAPICHE ALARIS CABSAUV 6X750 ,6
509,TRAPICHE ALARIS CHARDO 6X750 ,6
509,TRAPICHE ALARIS MALBEC 6X750,6
510,SMIRNOFF RASPBERRY DO 6X700,3
511,ALMA MORA MALBEC 6X750,0
511,DADA FMORAS N°1 6X750,0
511,ELEMENTOS MALBEC 6X750 ,0
511,F.LAS MORAS MALBEC 6X750,0
511,FOND CAVE MALBEC 6X750 ,0
511,LOS ARBOLES SEL MALBEC 6X750,0
511,ORIGEN BY TRAPICHE MALBEC 6X750,0
511,TRAPICHE ALARIS MALBEC 6X750,0
511,TRAPICHE RESERVA MALBEC 6X750,0
512,FRIZZE EVOL BLUE NEW X1000,3
512,SMF ICE GREENAPPLE LAT 4X6X473,48
512,SMF ICE RED BERRIE LAT 4X6X473,144
512,SMIRNOFF BC GRAPEF.&LIME 6X700,12
512,SMIRNOFF GREEN APPLE DO 6X700,120
512,SMIRNOFF RASPBERRY DO 6X700,432
512,SMIRNOFF TROPICAL FRUITS 6X700,120
512,WHITE HORSE DO 12X750,12
513,ANTARES IPA LATA 6X473 (NEW),-6
514,ALMA MORA MALBEC 6X750,3
514,DADA FMORAS N°1 6X750,3
514,ELEMENTOS MALBEC 6X750 ,3
514,F.LAS MORAS MALBEC 6X750,3
514,LOS ARBOLES SEL MALBEC 6X750,3
515,ALMA MORA MALBEC 6X750,15
515,DADA ART MALBEC 6X750,12
515,TRAPICHE ALARIS DULCE COSECHA 6X750,1
515,TRAPICHE ALARIS MALBEC 6X750,6
516,ALMA MORA MALBEC 6X750,6
516,DADA FMORAS N°1 6X750,0
516,ELEMENTOS MALBEC 6X750 ,6
516,F.LAS MORAS MALBEC 6X750,6
516,FOND CAVE MALBEC 6X750 ,6
516,LOS ARBOLES SEL MALBEC 6X750,6
516,ORIGEN BY TRAPICHE MALBEC 6X750,0
516,PAZ DE FLM SAUV BLANC 6X750,-3
516,TRAPICHE ALARIS MALBEC 6X750,0
516,TRAPICHE RESERVA MALBEC 6X750,0
517,ALMA MORA MALBEC 6X750,30
517,ANTARES IPA LATA 6X473 (NEW),6
517,ANTARES LAGER LATA 6X473,6
517,ANTARES LATA CARAVANA 6 X 473ML,6
517,BAILEYS NUEVA BOTELLA 12x750,6
517,BAILEYS SALTED CARAMEL 12X750,6
517,ELEMENTOS MALBEC 6X750 ,30
517,FRIZZE BLUE LATA X473,24
517,FRIZZE EVOL BLUE NEW X1000,3
517,GORDON´S TONIC 4X6X473,6
517,LEGUI 40 AÑOS 12X750,5
517,SHERIDANS 6X750,1
517,SMF  BC GRAPEF&LIME  LATA 4X6X473,6
517,SMF BC RUBYORANGE&LIME LATA 4X6X473,6
517,SMF ICE GREENAPPLE LAT 4X6X473,6
517,SMF ICE RED BERRIE LAT 4X6X473,12
517,SMIRNOFF ICE LATA 4X6X473,6
517,TRAPICHE ALARIS DULCE COSECHA 6X750,12
518,FRIZZE EVOL BLUE NEW X1000,3
519,ALMA MORA BLANCO DULCE LOW 6X750,3
519,ALMA MORA BLEND BLANCO 6X750,3
519,ALMA MORA MALBEC 6X750,6
519,ALMA MORA SEL RVE MALBEC 6X750,24
519,ALMA MORA SYRAH 6X750,6
519,ANTARES IPA LATA 6X473 (NEW),6
519,ANTARES IPA SIN ALC LATA 6X473,6
519,ANTARES LAGER LATA 6X473,6
519,ANTARES LATA KOLSCH 6 X 473ML,6
519,ANTARES MICRO IPA 25 AÑOS,6
519,BAILEYS NUEVA BOTELLA 12x750,2
519,COLECCION PRIVADA MALBEC,15
519,DADA ART CABERNET 6X750 ,6
519,DADA ART MALBEC 6X750,9
519,DADA ESPUMANTE 6X750 ,60
519,DADA ESPUMANTE MARACUYA 6X750,66
519,DADA FMORAS N°1 6X750,12
519,DADA FMORAS N°2 6X750 ,6
519,DADA FMORAS N°3 6X750,3
519,DADA N6 HONEY X750,6
519,DADA N°8 CHOCOLATE 6X750 ,3
519,DADA N°9 CARAMEL 6X750,9
519,DADA WHITE MALBEC 6X750,3
519,DON DAVID CABERNET 6X750,9
519,DON DAVID MALBEC 6X750,27
519,DON DAVID RED BLEND 6X 750,3
519,DON DAVID RESERVA CAB.SAUV X750,3
519,DON DAVID RESERVA MALBEC X750,12
519,EL BAUTISMO MALBEC 6X750 ,6
519,EL REGRESO SEM-CHEN  X750,6
519,EL ULTIMO RIE MEJOR X750,30
519,ELEMENTOS CABSAUV 6X750 ,9
519,ELEMENTOS MALBEC 6X750 ,27
519,ELEMENTOS RED BLEND 6 X 750,6
519,F. LAS MORAS BCO DULCE 6X750 ,12
519,F.LAS MORAS CABSAU 6X750 ,165
519,F.LAS MORAS MALBEC 6X750,126
519,FAIR FOR LIFE MALBEC 6X750 ,6
519,FOND CAVE CABSAU 6X750,24
519,FOND CAVE G. RVA MALBEC 6X750,6
519,FOND CAVE MALBEC 6X750 ,30
519,FOND CAVE RVA MALBEC 6X750,9
519,FRIZZE BLUE LATA X473,6
519,FRIZZE BUBBLE MOOD 6X1000,18
519,FRIZZE EVOL BLUE NEW X1000,9
519,FRIZZE POMELATA 6X473,6
519,GORDONS  TROPICAL FRUITS 6X700,3
519,GORDON´S GIN 6x700,9
519,GORDON´S PINK GIN 6X700,4
519,GORDON´S TONIC 4X6X473,12
519,INTOCABLES DOUBLE OAK 6 X 750,9
519,JW RED 12X1000 UK,3
519,JW RED 12X750 UK,3
519,LOS ARBOLES SEL CABERNET 6X750,6
519,LOS ARBOLES SEL MALBEC 6X750,18
519,LOS ARBOLES SEL RED BLEND 6X750,6
519,LOS INTOCABLES CAB.SAUV 6X750,12
519,LOS INTOCABLES MALBEC 6X750,24
519,NC SPARK EBRUT 6X750 estuche,6
519,NC SPARK EBRUT 6X750 nuevo,3
519,ORIGEN BY TRAPICHE MALBEC 6X750,6
519,SAN TELMO SPARK DULCE 6X750,6
519,SMF BC RUBYORANGE&LIME LATA 4X6X473,18
519,SMF ICE GREENAPPLE LAT 4X6X473,90
519,SMF ICE RED BERRIE LAT 4X6X473,90
519,SMIRNOFF 21 DO 12X700,6
519,SMIRNOFF BC GRAPEF.&LIME 6X700,3
519,SMIRNOFF BC ORANGE & LIME 6X700,3
519,SMIRNOFF GREEN APPLE DO 6X700,75
519,SMIRNOFF ICE LATA 4X6X473,5
519,SMIRNOFF RASPBERRY DO 6X700,81
519,SMIRNOFF TAMARINDO 6 X 700,6
519,SMIRNOFF TROPICAL FRUITS 6X700,5
519,TRAPICHE ALARIS CABSAUV 6X750 ,3
519,TRAPICHE ALARIS DULCE COSECHA 6X750,9
519,TRAPICHE ALARIS MALBEC 6X750,12
519,TRAPICHE RESERVA MALBEC 6X750,6
520,ALMA MORA MALBEC 12X375,12
520,ALMA MORA MALBEC 6X750,0
520,DON DAVID MALBEC 6X750,6
520,EL REGRESO SEM-CHEN  X750,60
520,F.LAS MORAS MALBEC 6X750,6
520,FAIR FOR LIFE CHARDONNAY 6X750 ,6
520,FOND CAVE MALBEC 6X750 ,0
520,FRIZZE EVOL BLUE NEW X1000,3
520,LOS ARBOLES SEL MALBEC 6X750,3
520,OLD PARR 12YO 12x750,1
520,SAN TELMO MALBEC X750,6
520,SUTER VARIETAL MALBEC 6X750,15
520,SUTER VARIETAL TARDIO6X750,6
520,TRAPICHE ALARIS TORRONTES 6X750 ,6
520,TRAPICHE RESERVA MALBEC 6X750,0
521,FRIZZE EVOL BLUE NEW X1000,3
523,ALMA MORA BLEND BLANCO 6X750,6
523,ALMA MORA BLEND DULCE 6X 750,6
523,ALMA MORA CHARD 6X750,6
523,ALMA MORA MALBEC 6X750,6
523,F. LAS MORAS BCO DULCE 6X750 ,6
524,ELEMENTOS MALBEC 6X750 ,30
525,DADA 7 ORANGE BITTER 6X750,3
525,DADA ESPUMANTE MARACUYA 6X750,3
525,DADA LATA SWEET PINK 4X6X355,6
525,FRIZZE EVOL BLUE NEW X1000,3
525,GORDON´S TONIC 4X6X473,0
525,SMF  BC GRAPEF&LIME  LATA 4X6X473,6
525,SMF ICE GREENAPPLE LAT 4X6X473,30
525,SMF ICE RED BERRIE LAT 4X6X473,18
525,SMIRNOFF BC ORANGE & LIME 6X700,3
525,SMIRNOFF GREEN APPLE DO 6X700,6
525,SMIRNOFF ICE LATA 4X6X473,6
525,TERMIDOR BLANCO 12X1L ,0
526,ALMA MORA MALBEC 6X750,3
526,DADA FMORAS N°1 6X750,3
526,LOS ARBOLES SEL MALBEC 6X750,3
527,ALMA MORA MALBEC 6X750,3
530,ALMA MORA MALBEC 6X750,15
530,DADA ART MALBEC 6X750,9
530,DADA ESPUMANTE 6X750 ,3
530,DADA ESPUMANTE ROS6X750 ,3
530,DADA FMORAS N°1 6X750,3
530,DADA FMORAS N°2 6X750 ,3
530,DADA N6 HONEY X750,3
530,DADA N°8 CHOCOLATE 6X750 ,6
530,DADA N°9 CARAMEL 6X750,3
530,ELEMENTOS MALBEC 6X750 ,15
530,ELEMENTOS TORRONTES 6X750 ,3
530,ELEMENTOS TORRONTES DLCE6X750 ,3
530,F.LAS MORAS CABSAU 6X750 ,3
530,F.LAS MORAS MALBEC 6X750,3
530,LOS ARBOLES SEL MALBEC 6X750,9
530,SAN TELMO MALBEC X750,6
530,SUTER VARIETAL MALBEC 6X750,3
530,TRAPICHE ALARIS DULCE COSECHA 6X750,9
530,TRAPICHE ALARIS MALBEC 6X750,6
530,TRAPICHE ALARIS TORRONTES 6X750 ,6
531,FRIZZE EVOL BLUE NEW X1000,3
532,ALARIS RED BLEND 6 X750,3
532,ALMA MORA CHARD 6X750,9
532,ALMA MORA MALBEC 6X750,12
532,ANTARES IPA LATA 6X473 (NEW),6
532,BAILEYS SALTED CARAMEL 12X750,1
532,CAZADOR MALBEC 6X750,6
532,DON DAVID MALBEC 6X750,3
532,ELEMENTOS CHARDONNAY 6X750,6
532,F. LAS MORAS SAUV.BLANC 6X750 ,3
532,F.LAS MORAS MALBEC 6X750,6
532,FAIR FOR LIFE MALBEC 6X750 ,6
532,FRIZZE EVOL BLUE NEW X1000,3
532,LOS ARBOLES SEL CHARD 6X750,12
532,LOS ARBOLES SEL MALBEC 6X750,3
532,LOS INTOCABLES CHARD  6X750,3
532,SAN TELMO MALBEC X750,3
532,SUTER VARIETAL MALBEC 6X750,3
532,TRAPICHE ALARIS CHARDO 6X750 ,9
532,TRAPICHE ALARIS DULCE COSECHA 6X750,3
532,TRAPICHE ALARIS MALBEC 6X750,6
533,ALMA MORA MALBEC 6X750,3
533,FRIZZE EVOL BLUE NEW X1000,3
533,SMIRNOFF RASPBERRY DO 6X700,3
533,TRAPICHE ALARIS MALBEC 6X750,3
536,FRIZZE EVOL BLUE NEW X1000,3
536,SMIRNOFF GREEN APPLE DO 6X700,3
538,ALARIS D.COSECHA TINTO 6X750,12
538,ALMA MORA BLEND BLANCO 6X750,6
538,ALMA MORA CABSAUV6X750 ,306
538,ALMA MORA MALBEC 6X750,512
538,ALMA MORA SEL RVE CABER 6X750,6
538,ALMA MORA SEL RVE MALBEC 6X750,30
538,ALMA MORA SYRAH 6X750,6
538,ANTARES IPA LATA 6X473 (NEW),5
538,CAZADOR BLANCO DULCE 6X750,6
538,CAZADOR CAB. SAU 6X750,6
538,CAZADOR MALBEC 6X750,6
538,COLECCION PRIVADA MALBEC,6
538,DADA 7 SWEET  6X750,6
538,DADA ART CABERNET 6X750 ,12
538,DADA ART MALBEC 6X750,24
538,DADA ESPUMANTE 6X750 ,60
538,DADA ESPUMANTE MARACUYA 6X750,60
538,DADA FMORAS N°1 6X750,24
538,DADA FMORAS N°2 6X750 ,18
538,DADA FMORAS N°3 6X750,18
538,DADA LATA SWEET  4X6X355,6
538,DADA N°8 CHOCOLATE 6X750 ,6
538,DADA N°9 CARAMEL 6X750,18
538,DON DAVID CABERNET 6X750,9
538,DON DAVID MALBEC 6X750,6
538,DON DAVID RESERVA CAB.SAUV X750,6
538,DON DAVID RESERVA MALBEC X750,3
538,EL BAUTISMO BLEND B. DLCE 6X750 ,6
538,EL BAUTISMO BLEND TINTAS 6X750 ,6
538,EL BAUTISMO MALBEC 6X750 ,6
538,ELEMENTOS CABSAUV 6X750 ,12
538,ELEMENTOS MALBEC 6X750 ,66
538,EXPEDICION DEL SUR CABSUA 6 X 750,6
538,F. LAS MORAS BCO DULCE 6X750 ,6
538,F. LAS MORAS SAUV.BLANC 6X750 ,6
538,F.LAS MORAS CABSAU 6X750 ,3
538,F.LAS MORAS MALBEC 6X750,30
538,FAIR FOR LIFE MALBEC 6X750 ,6
538,FOND CAVE CABSAU 6X750,9
538,FOND CAVE MALBEC 6X750 ,18
538,FRIZZE BUBBLE MOOD 6X1000,6
538,FRIZZE EVOL BLUE NEW X1000,60
538,GORDON´S PINK GIN 6X700,1
538,GORDON´S TONIC 4X6X473,6
538,JW RED 12X750 UK,2
538,LOS ARBOLES SEL CABERNET 6X750,6
538,LOS ARBOLES SEL MALBEC 6X750,12
538,LOS INTOCABLES MALBEC 6X750,12
538,NC SPARK EBRUT 6X750 nuevo,3
538,SAN TELMO MALBEC X750,6
538,SMF ICE GREENAPPLE LAT 4X6X473,246
538,SMF ICE RED BERRIE LAT 4X6X473,288
538,SMIRNOFF GREEN APPLE DO 6X700,132
538,SMIRNOFF ICE LATA 4X6X473,144
538,SMIRNOFF RASPBERRY DO 6X700,138
538,SMIRNOFF TAMARINDO 6 X 700,3
538,SMIRNOFF WATERMELON 6X700,3
538,TRAPICHE ALARIS DULCE COSECHA 6X750,12
538,TRAPICHE RESERVA MALBEC 6X750,12
539,FRIZZE EVOL BLUE NEW X1000,3
540,FRIZZE EVOL BLUE NEW X1000,3
542,DADA ART MALBEC 6X750,3
542,FRIZZE EVOL BLUE NEW X1000,3
542,SMIRNOFF RASPBERRY DO 6X700,3
542,TRAPICHE ALARIS MALBEC 6X750,3
543,FRIZZE EVOL BLUE NEW X1000,3
543,SMIRNOFF GREEN APPLE DO 6X700,3
544,ALMA MORA MALBEC 6X750,3
544,FRIZZE BLUE LATA X473,6
544,FRIZZE EVOL BLUE NEW X1000,3
544,SMF ICE RED BERRIE LAT 4X6X473,6
544,TRAPICHE ALARIS MALBEC 6X750,3
545,DADA ART MALBEC 6X750,3
545,FRIZZE EVOL BLUE NEW X1000,3
545,SMIRNOFF RASPBERRY DO 6X700,3
545,TRAPICHE ALARIS MALBEC 6X750,3
547,DADA ART MALBEC 6X750,3
547,FRIZZE EVOL BLUE NEW X1000,3
547,SMIRNOFF RASPBERRY DO 6X700,3
547,TRAPICHE ALARIS MALBEC 6X750,3
549,ALMA MORA MALBEC 6X750,189
549,ANTARES MICRO IPA 25 AÑOS,6
549,DADA ART MALBEC 6X750,6
549,DADA ESPUMANTE MARACUYA 6X750,6
549,DADA FMORAS N°1 6X750,3
549,ELEMENTOS MALBEC 6X750 ,9
549,F.LAS MORAS MALBEC 6X750,3
549,FOND CAVE MALBEC 6X750 ,3
549,FRIZZE EVOL BLUE NEW X1000,6
549,GORDON´S GIN 6x700,6
549,LOS ARBOLES SEL MALBEC 6X750,9
549,LOS INTOCABLES MALBEC 6X750,3
549,NC SPARK EBRUT 6X750 estuche,6
549,ORIGEN BY TRAPICHE MALBEC 6X750,3
549,SAN TELMO SPARK DULCE 6X750,6
549,SMIRNOFF RASPBERRY DO 6X700,186
549,TRAPICHE ALARIS MALBEC 6X750,9
549,TRAPICHE RESERVA MALBEC 6X750,6
551,FRIZZE EVOL BLUE NEW X1000,3
551,SMIRNOFF GREEN APPLE DO 6X700,3
553,FRIZZE EVOL BLUE NEW X1000,3
553,SMIRNOFF GREEN APPLE DO 6X700,3
554,FRIZZE EVOL BLUE NEW X1000,3
555,COLECCION PRIVADA MALBEC,3
555,DADA FMORAS N°1 6X750,3
555,F.LAS MORAS MALBEC 6X750,3
555,LOS INTOCABLES MALBEC 6X750,3
558,F.LAS MORAS MALBEC 6X750,-3
558,FRIZZE EVOL BLUE NEW X1000,3
558,SMF ICE RED BERRIE LAT 4X6X473,24
558,SMIRNOFF GREEN APPLE DO 6X700,3
560,ALMA MORA MALBEC 6X750,6
562,ALMA MORA MALBEC 6X750,9
563,ALMA MORA MALBEC 6X750,36
563,DADA 7 ORANGE BITTER 6X750,6
563,DADA FMORAS N°1 6X750,6
563,DADA SIDRA 6X750,6
563,EL BAUTISMO MALBEC 6X750 ,36
563,F.LAS MORAS MALBEC 6X750,6
563,FRIZZE BLUE LATA X473,42
563,FRIZZE EVOL BLUE NEW X1000,90
563,GORDON´S TONIC 4X6X473,9
563,SAN TELMO MALBEC X750,12
563,SMF ICE GREENAPPLE LAT 4X6X473,108
563,SMF ICE RED BERRIE LAT 4X6X473,192
563,SMIRNOFF GREEN APPLE DO 6X700,6
563,SMIRNOFF RASPBERRY DO 6X700,18
563,TRAPICHE ALARIS DULCE COSECHA 6X750,15
563,TRAPICHE ALARIS MALBEC 6X750,12
563,TRAPICHE ALARIS TORRONTES 6X750 ,9
563,WHITE HORSE DO 12X750,5
564,FRIZZE EVOL BLUE NEW X1000,3
564,SMIRNOFF GREEN APPLE DO 6X700,3
565,ALMA MORA MALBEC 6X750,3
565,DADA FMORAS N°1 6X750,3
565,ELEMENTOS MALBEC 6X750 ,3
565,F.LAS MORAS MALBEC 6X750,3
565,LOS ARBOLES SEL MALBEC 6X750,3
566,ALMA MORA CABSAUV6X750 ,24
566,ALMA MORA MALBEC 6X750,87
566,DADA ART CABERNET 6X750 ,12
566,DADA ART MALBEC 6X750,12
566,DADA FMORAS N°1 6X750,12
566,ELEMENTOS CHARDONNAY 6X750,60
566,ELEMENTOS MALBEC 6X750 ,41
566,ELEMENTOS TORRONTES 6X750 ,60
566,F.LAS MORAS MALBEC 6X750,24
566,SAN TELMO MALBEC X750,3
566,TRAPICHE ALARIS DULCE COSECHA 6X750,9
567,COLECCION PRIVADA MALBEC,3
567,DADA FMORAS N°1 6X750,3
567,F.LAS MORAS MALBEC 6X750,3
567,LOS INTOCABLES MALBEC 6X750,3
568,ALMA MORA MALBEC 6X750,3
568,DADA FMORAS N°1 6X750,3
568,ELEMENTOS MALBEC 6X750 ,3
568,F.LAS MORAS MALBEC 6X750,3
568,FOND CAVE MALBEC 6X750 ,3
568,LOS ARBOLES SEL MALBEC 6X750,3
568,ORIGEN BY TRAPICHE MALBEC 6X750,3
568,SMIRNOFF TROPICAL FRUITS 6X700,180
568,TRAPICHE ALARIS MALBEC 6X750,3
568,TRAPICHE RESERVA MALBEC 6X750,3
569,SAN TELMO MALBEC X750,0
570,SAN TELMO MALBEC X750,3
570,SMF  BC GRAPEF&LIME  LATA 4X6X473,6
570,SMF BC RUBYORANGE&LIME LATA 4X6X473,6
571,ALMA MORA MALBEC 6X750,3
571,FRIZZE BLUE LATA X473,42
572,SMIRNOFF GREEN APPLE DO 6X700,3
575,ALMA MORA MALBEC 6X750,168
575,ANTARES LATA IPA 6 X 473ML,24
575,BAILEYS NUEVA BOTELLA 12x750,6
575,DADA ART MALBEC 6X750,18
575,DADA ESPUMANTE MARACUYA 6X750,30
575,DADA FMORAS N°2 6X750 ,18
575,DADA WHITE MALBEC 6X750,30
575,ELEMENTOS MALBEC 6X750 ,78
575,F.LAS MORAS MALBEC 6X750,60
575,FRIZZE EVOL BLUE NEW X1000,84
575,GORDON´S GIN 6x700,138
575,GORDON´S PINK GIN 6X700,57
575,J&B RARE 12X750,12
575,J&B YELLOW 6X750,12
575,SAN TELMO MALBEC X750,30
575,SMF ICE GREENAPPLE LAT 4X6X473,72
575,SMF ICE RED BERRIE LAT 4X6X473,48
575,SMIRNOFF GREEN APPLE DO 6X700,396
575,SMIRNOFF RASPBERRY DO 6X700,90
575,SMIRNOFF TAMARINDO 6 X 700,6
575,SMIRNOFF TROPICAL FRUITS 6X700,-12
575,SMIRNOFF WATERMELON 6X700,6
575,WHITE HORSE DO 12X750,74
576,ALMA MORA MALBEC 6X750,24
576,DADA ART MALBEC 6X750,3
576,DADA ESPUMANTE 6X750 ,3
576,DADA FMORAS N°1 6X750,3
576,ELEMENTOS MALBEC 6X750 ,3
576,F. LAS MORAS BCO DULCE 6X750 ,3
576,F.LAS MORAS MALBEC 6X750,0
576,SUTER VARIETAL MALBEC 6X750,3
576,TRAPICHE ALARIS MALBEC 6X750,3
579,ALMA MORA MALBEC 6X750,3
579,DADA FMORAS N°1 6X750,3
579,ELEMENTOS MALBEC 6X750 ,3
579,F.LAS MORAS MALBEC 6X750,3
579,LOS ARBOLES SEL MALBEC 6X750,3
580,ALMA MORA MALBEC 6X750,12
580,DADA ESPUMANTE MARACUYA 6X750,6
580,DADA ESPUMANTE ROS6X750 ,6
580,DADA FMORAS N°1 6X750,6
580,DADA FMORAS N°3 6X750,6
580,DADA N°8 CHOCOLATE 6X750 ,6
580,DON DAVID MALBEC 6X750,6
580,EL BAUTISMO MALBEC 6X750 ,6
580,ELEMENTOS CABSAUV 6X750 ,12
580,ELEMENTOS MALBEC 6X750 ,6
580,F.LAS MORAS CABSAU 6X750 ,6
580,FOND CAVE MALBEC 6X750 ,12
580,FRIZZE EVOL BLUE NEW X1000,24
580,GORDON´S PINK GIN 6X700,6
580,GORDON´S TONIC 4X6X473,6
580,LOS ARBOLES SEL MALBEC 6X750,12
580,SMF  BC GRAPEF&LIME  LATA 4X6X473,6
580,SMF ICE GREENAPPLE LAT 4X6X473,6
580,SMF ICE RED BERRIE LAT 4X6X473,24
580,SMIRNOFF 21 DO 12X700,12
580,SMIRNOFF BC GRAPEF.&LIME 6X700,12
580,SMIRNOFF GREEN APPLE DO 6X700,18
580,SMIRNOFF ICE LATA 4X6X473,6
580,SMIRNOFF RASPBERRY DO 6X700,18
580,SMIRNOFF TAMARINDO 6 X 700,12
580,SMIRNOFF TROPICAL FRUITS 6X700,21
580,SMIRNOFF WATERMELON 6X700,3
580,TRAPICHE ALARIS DULCE COSECHA 6X750,6
580,TRAPICHE ALARIS MALBEC 6X750,12
581,ALMA MORA CABSAUV6X750 ,3
581,ALMA MORA MALBEC 6X750,9
581,DADA ESPUMANTE 6X750 ,3
581,DADA N°8 CHOCOLATE 6X750 ,3
581,ELEMENTOS MALBEC 6X750 ,3
581,F.LAS MORAS MALBEC 6X750,6
581,FRIZZE BUBBLE MOOD 6X1000,5
581,FRIZZE EVOL BLUE NEW X1000,9
581,GORDON´S TONIC 4X6X473,6
581,JW BLACK LABEL 12x750,3
581,SMF  BC GRAPEF&LIME  LATA 4X6X473,12
581,SMF BC RUBYORANGE&LIME LATA 4X6X473,12
581,SMF ICE GREENAPPLE LAT 4X6X473,24
581,SMF ICE RED BERRIE LAT 4X6X473,24
581,SMIRNOFF GREEN APPLE DO 6X700,3
581,SMIRNOFF ICE LATA 4X6X473,18
581,SMIRNOFF RASPBERRY DO 6X700,6
581,SMIRNOFF TAMARINDO 6 X 700,3
581,SMIRNOFF WATERMELON 6X700,3
581,TERMIDOR 2021 TINTO  12X1L ,12
581,TRAPICHE ALARIS DULCE COSECHA 6X750,6
581,TRAPICHE ALARIS MALBEC 6X750,6
581,WHITE HORSE DO 12X750,3
582,ALMA MORA MALBEC 6X750,3
582,ELEMENTOS MALBEC 6X750 ,3
582,F.LAS MORAS MALBEC 6X750,3
582,ORIGEN BY TRAPICHE MALBEC 6X750,3
582,SMIRNOFF RASPBERRY DO 6X700,3
582,SUTER VARIETAL MALBEC 6X750,-6
582,TRAPICHE ALARIS MALBEC 6X750,3
582,TRAPICHE RESERVA MALBEC 6X750,3
582,WHITE HORSE DO 12X750,3
583,ALMA MORA MALBEC 6X750,3
583,ANTARES IPA LATA 6X473 (NEW),6
583,ANTARES IPA SIN ALC LATA 6X473,6
583,ANTARES LAGER LATA 6X473,6
583,ANTARES LATA CARAVANA 6 X 473ML,48
583,ANTARES LATA HONEY 6 X 473ML,6
583,ANTARES LATA KOLSCH 6 X 473ML,18
583,ANTARES LATA SCOTCH 6 X 473ML,12
583,ANTARES MICRO IPA 25 AÑOS,6
583,ANTARES PLAYA GRANDE 6 X 473ML,10
583,DADA FMORAS N°1 6X750,3
583,ELEMENTOS MALBEC 6X750 ,3
583,F.LAS MORAS MALBEC 6X750,3
583,FRIZZE EVOL BLUE NEW X1000,3
583,GORDON´S GIN 6x700,3
583,LOS ARBOLES SEL MALBEC 6X750,3
583,SMF ICE RED BERRIE LAT 4X6X473,6
584,ALMA MORA BLEND DULCE 6X 750,12
584,ALMA MORA MALBEC 6X750,318
584,ANTARES MICRO IPA 25 AÑOS,6
584,DADA 7 ORANGE BITTER 6X750,12
584,DADA ART MALBEC 6X750,3
584,DADA ESPUMANTE MARACUYA 6X750,30
584,DADA ESPUMANTE ROS6X750 ,12
584,DADA EXTRA BRUT 6X750,12
584,DADA FMORAS N°1 6X750,3
584,DADA FMORAS N°2 6X750 ,150
584,ELEMENTOS MALBEC 6X750 ,6
584,F.LAS MORAS MALBEC 6X750,3
584,FOND CAVE MALBEC 6X750 ,3
584,FRIZZE EVOL BLUE NEW X1000,3
584,GORDON´S GIN 6x700,9
584,LOS ARBOLES SEL MALBEC 6X750,6
584,LOS INTOCABLES MALBEC 6X750,3
584,NC SPARK EBRUT 6X750 estuche,6
584,ORIGEN BY TRAPICHE MALBEC 6X750,3
584,SAN TELMO SPARK DULCE 6X750,6
584,SMIRNOFF GREEN APPLE DO 6X700,96
584,SMIRNOFF RASPBERRY DO 6X700,159
584,SMIRNOFF TROPICAL FRUITS 6X700,180
584,TRAPICHE ALARIS DULCE COSECHA 6X750,12
584,TRAPICHE ALARIS MALBEC 6X750,6
584,TRAPICHE RESERVA MALBEC 6X750,6
584,WHITE HORSE DO 12X750,72
585,FRIZZE EVOL BLUE NEW X1000,3
586,FRIZZE EVOL BLUE NEW X1000,3
586,SMIRNOFF GREEN APPLE DO 6X700,3
586,SMIRNOFF RASPBERRY DO 6X700,3
587,DADA ART MALBEC 6X750,3
587,FRIZZE EVOL BLUE NEW X1000,3
587,SMIRNOFF RASPBERRY DO 6X700,3
587,TRAPICHE ALARIS MALBEC 6X750,3
588,ALMA MORA BLEND BLANCO 6X750,3
588,ALMA MORA BLEND DULCE 6X 750,6
588,ALMA MORA BLEND TINTO 6X750,15
588,ALMA MORA CABSAUV6X750 ,12
588,ALMA MORA MALBEC 6X750,21
588,DADA 7 ORANGE BITTER 6X750,3
588,DADA ART CABERNET 6X750 ,6
588,DADA ART MALBEC 6X750,6
588,DADA ESPUMANTE 6X750 ,6
588,DADA ESPUMANTE ROS6X750 ,9
588,DADA FMORAS N°1 6X750,3
588,DADA FMORAS N°2 6X750 ,3
588,DADA FMORAS N°3 6X750,3
588,DADA N°8 CHOCOLATE 6X750 ,3
588,DADA WHITE MALBEC 6X750,6
588,ELEMENTOS CABSAUV 6X750 ,3
588,ELEMENTOS MALBEC 6X750 ,9
588,F. LAS MORAS BCO DULCE 6X750 ,3
588,F.LAS MORAS CABSAU 6X750 ,12
588,F.LAS MORAS MALBEC 6X750,15
588,GORDONS  TROPICAL FRUITS 6X700,3
588,GORDON´S PINK GIN 6X700,9
588,SAN TELMO SPARK DULCE 6X750,-9
588,SAN TELMO SPARK E.BRUT 6X750,18
588,SMF ICE RED BERRIE LAT 4X6X473,6
588,SMIRNOFF RASPBERRY DO 6X700,3
589,ALMA MORA MALBEC 6X750,27
589,FOND CAVE MALBEC 6X750 ,6
593,DADA ART MALBEC 6X750,6
593,FRIZZE EVOL BLUE NEW X1000,3
593,LOS ARBOLES SEL MALBEC 6X750,6
593,SMIRNOFF GREEN APPLE DO 6X700,3
593,TRAPICHE ALARIS MALBEC 6X750,6
594,ALMA MORA MALBEC 6X750,3
594,DADA ART MALBEC 6X750,3
594,DADA FMORAS N°1 6X750,3
594,ELEMENTOS MALBEC 6X750 ,3
594,F.LAS MORAS MALBEC 6X750,3
594,FRIZZE EVOL BLUE NEW X1000,6
594,LOS ARBOLES SEL MALBEC 6X750,3
594,SMIRNOFF RASPBERRY DO 6X700,3
594,TRAPICHE ALARIS MALBEC 6X750,3
595,FRIZZE EVOL BLUE NEW X1000,3
595,SMIRNOFF GREEN APPLE DO 6X700,3
596,ALARIS D.COSECHA TINTO 6X750,6
596,ALMA MORA BLANCO DULCE LOW 6X750,6
596,ALMA MORA BLEND DULCE 6X 750,9
596,ALMA MORA CABSAUV6X750 ,6
596,ALMA MORA MALBEC 6X750,9
596,ALMA MORA SEL RVE MALBEC 6X750,6
596,ALMA MORA SYRAH 6X750,3
596,ANTARES IPA LATA 6X473 (NEW),18
596,ANTARES IPA SIN ALC LATA 6X473,6
596,ANTARES LAGER LATA 6X473,6
596,ANTARES LATA IPA 6 X 473ML,6
596,ANTARES LATA KOLSCH 6 X 473ML,-1
596,CAZADOR BLANCO DULCE 6X750,6
596,CAZADOR MALBEC 6X750,6
596,DADA 7 SWEET  6X750,6
596,DADA ART CABERNET 6X750 ,6
596,DADA ART MALBEC 6X750,9
596,DADA ESPUMANTE 6X750 ,60
596,DADA ESPUMANTE MARACUYA 6X750,60
596,DADA FMORAS N°1 6X750,12
596,DADA FMORAS N°2 6X750 ,6
596,DADA N°8 CHOCOLATE 6X750 ,6
596,DADA N°9 CARAMEL 6X750,6
596,DADA SIDRA 6X750,6
596,DON DAVID CABERNET 6X750,6
596,DON DAVID MALBEC 6X750,3
596,DON DAVID RED BLEND 6X 750,3
596,EL BAUTISMO BLEND B. DLCE 6X750 ,9
596,EL BAUTISMO CABERNET 6X750,6
596,EL BAUTISMO MALBEC 6X750 ,9
596,EL REGRESO SEM-CHEN  X750,12
596,ELEMENTOS MALBEC 6X750 ,6
596,F. LAS MORAS BCO DULCE 6X750 ,12
596,F.LAS MORAS CABSAU 6X750 ,6
596,F.LAS MORAS MALBEC 6X750,18
596,FAIR FOR LIFE MALBEC 6X750 ,3
596,FOND CAVE MALBEC 6X750 ,6
596,FOND CAVE RVA MALBEC 6X750,3
596,FRIZZE BLUE LATA X473,6
596,FRIZZE BUBBLE MOOD 6X1000,6
596,FRIZZE ITAL LIMA LATA X473,6
596,GORDONS  TROPICAL FRUITS 6X700,3
596,GORDON´S GIN 6x700,3
596,GORDON´S PINK GIN 6X700,3
596,GORDON´S TONIC 4X6X473,12
596,LOS ARBOLES SEL MALBEC 6X750,15
596,ORIGEN BY TRAPICHE MALBEC 6X750,3
596,SAN TELMO MALBEC X750,6
596,SMF  BC GRAPEF&LIME  LATA 4X6X473,24
596,SMF BC RUBYORANGE&LIME LATA 4X6X473,18
596,SMF ICE GREENAPPLE LAT 4X6X473,78
596,SMF ICE RED BERRIE LAT 4X6X473,84
596,SMIRNOFF 21 DO 12X700,3
596,SMIRNOFF BC GRAPEF.&LIME 6X700,3
596,SMIRNOFF GREEN APPLE DO 6X700,66
596,SMIRNOFF ICE LATA 4X6X473,6
596,SMIRNOFF RASPBERRY DO 6X700,60
596,SUTER VARIETAL CABERNET 6X750,6
596,TRAPICHE ALARIS DULCE COSECHA 6X750,6
596,TRAPICHE D. COSECHA ROSE 6X750 ,6
596,WHITE HORSE DO 12X750,1
597,FRIZZE EVOL BLUE NEW X1000,3
597,SMIRNOFF GREEN APPLE DO 6X700,3
598,SMIRNOFF GREEN APPLE DO 6X700,3
599,DADA ESPUMANTE MARACUYA 6X750,60
599,FRIZZE EVOL BLUE NEW X1000,120
599,SMF  BC GRAPEF&LIME  LATA 4X6X473,144
599,SMF BC RUBYORANGE&LIME LATA 4X6X473,144
599,SMF ICE GREENAPPLE LAT 4X6X473,359
599,SMF ICE RED BERRIE LAT 4X6X473,528
599,SMIRNOFF BC GRAPEF.&LIME 6X700,12
599,SMIRNOFF BC ORANGE & LIME 6X700,12
599,SMIRNOFF BC TANGE&LEMONGRASS 6X700,12
599,SMIRNOFF ICE LATA 4X6X473,96
599,SMIRNOFF TROPICAL FRUITS 6X700,12
600,FRIZZE EVOL BLUE NEW X1000,3
602,ALMA MORA MALBEC 6X750,3
603,F. LAS MORAS BCO DULCE 6X750 ,3
603,SUTER VARIETAL MALBEC 6X750,6
603,TRAPICHE ALARIS DULCE COSECHA 6X750,12
603,TRAPICHE ALARIS MALBEC 6X750,6
603,TRAPICHE ALARIS TORRONTES 6X750 ,6
604,FRIZZE EVOL BLUE NEW X1000,3
605,FRIZZE EVOL BLUE NEW X1000,3
606,ALMA MORA CABSAUV6X750 ,6
606,ALMA MORA MALBEC 6X750,6
606,DADA ART MALBEC 6X750,3
606,DADA FMORAS N°2 6X750 ,3
606,DADA WHITE MALBEC 6X750,12
606,EL BAUTISMO MALBEC 6X750 ,6
606,ELEMENTOS CABSAUV 6X750 ,6
606,ELEMENTOS MALBEC 6X750 ,6
606,F.LAS MORAS MALBEC 6X750,6
606,FRIZZE EVOL BLUE NEW X1000,9
606,GORDON´S TONIC 4X6X473,12
606,JW RED 12X1000 UK,1
606,SAN TELMO MALBEC X750,12
606,SMF  BC GRAPEF&LIME  LATA 4X6X473,18
606,SMF ICE GREENAPPLE LAT 4X6X473,72
606,SMF ICE RED BERRIE LAT 4X6X473,54
606,SMIRNOFF ICE LATA 4X6X473,54
606,SMIRNOFF RASPBERRY DO 6X700,24
606,SMIRNOFF TROPICAL FRUITS 6X700,12
606,SMIRNOFF WATERMELON 6X700,6
606,TRAPICHE ALARIS MALBEC 6X750,12
607,FRIZZE EVOL BLUE NEW X1000,3
610,DADA ART MALBEC 6X750,3
610,FRIZZE EVOL BLUE NEW X1000,3
610,GORDON´S GIN 6x700,-3
610,SMIRNOFF RASPBERRY DO 6X700,3
610,TRAPICHE ALARIS MALBEC 6X750,3
611,DON DAVID MALBEC 6X750,12
611,SMIRNOFF GREEN APPLE DO 6X700,6
611,SMIRNOFF RASPBERRY DO 6X700,132
611,SMIRNOFF TROPICAL FRUITS 6X700,30
612,SMIRNOFF RASPBERRY DO 6X700,3
613,ALMA MORA MALBEC 6X750,0
613,DADA FMORAS N°1 6X750,0
613,ELEMENTOS MALBEC 6X750 ,0
613,F.LAS MORAS MALBEC 6X750,0
613,FOND CAVE MALBEC 6X750 ,0
613,FRIZZE EVOL BLUE NEW X1000,3
613,LOS ARBOLES SEL MALBEC 6X750,0
613,ORIGEN BY TRAPICHE MALBEC 6X750,0
613,TRAPICHE ALARIS MALBEC 6X750,0
613,TRAPICHE RESERVA MALBEC 6X750,0
615,ALMA MORA BLEND BLANCO 6X750,18
615,ALMA MORA BLEND DULCE 6X 750,6
615,ALMA MORA CABSAUV6X750 ,18
615,ALMA MORA CHARD 6X750,18
615,ALMA MORA MALBEC 6X750,45
615,ALMA MORA SYRAH 6X750,18
615,ANTARES MICRO IPA 25 AÑOS,6
615,COLECCION PRIVADA CAB SAUV 6X750,12
615,COLECCION PRIVADA MALBEC,12
615,DADA ART MALBEC 6X750,15
615,DADA ESPUMANTE 6X750 ,6
615,DADA ESPUMANTE MARACUYA 6X750,30
615,DADA ESPUMANTE ROS6X750 ,6
615,DADA EXTRA BRUT 6X750,6
615,DADA FMORAS N°1 6X750,12
615,DADA FMORAS N°2 6X750 ,30
615,DADA FMORAS N°3 6X750,18
615,DADA INCREDIBLENDS 1  X750,0
615,DADA N6 HONEY X750,6
615,DADA N°8 CHOCOLATE 6X750 ,24
615,DADA N°9 CARAMEL 6X750,18
615,DADA WHITE MALBEC 6X750,12
615,DON DAVID CABERNET 6X750,6
615,DON DAVID MALBEC 6X750,18
615,DON DAVID RESERVA CAB.SAUV X750,6
615,DON DAVID RESERVA MALBEC X750,6
615,ELEMENTOS CHARDONNAY 6X750,6
615,ELEMENTOS MALBEC 6X750 ,33
615,ELEMENTOS TORRONTES 6X750 ,12
615,ELEMENTOS TORRONTES DLCE6X750 ,36
615,F. LAS MORAS BCO DULCE 6X750 ,6
615,F. LAS MORAS ROSADO 6X750 ,6
615,F. LAS MORAS SAUV.BLANC 6X750 ,12
615,F.LAS MORAS CABSAU 6X750 ,6
615,F.LAS MORAS MALBEC 6X750,12
615,FOND CAVE CABSAU 6X750,12
615,FOND CAVE MALBEC 6X750 ,18
615,FOND CAVE RVA CABSAU 6X750,18
615,FOND CAVE RVA MALBEC 6X750,6
615,FRIZZE EVOL BLUE NEW X1000,3
615,GORDON´S GIN 6x700,3
615,JW RED 12X1000 UK,6
615,JW RED 12X750 UK,6
615,LOS ARBOLES SEL CABERNET 6X750,24
615,LOS ARBOLES SEL CHARD 6X750,18
615,LOS ARBOLES SEL MALBEC 6X750,57
615,LOS INTOCABLES CHARD  6X750,0
615,LOS INTOCABLES MALBEC 6X750,3
615,NC SPARK DLCE 6X750,6
615,NC SPARK EBRUT 6X750 estuche,6
615,NC SPARK NATURE 6X750 PREM ,24
615,PAZ DE FLM CAB FRANC 6X750,6
615,PAZ DE FLM MALBEC 6X750,3
615,PAZ DE FLM SAUV BLANC 6X750,0
615,SAN TELMO SPARK DULCE 6X750,6
615,SAN TELMO SPARK E.BRUT 6X750,6
615,SAN TELMO SPARK EXT DULCE 6X75 Ma,6
615,SMIRNOFF 21 DO 12X700,24
615,SMIRNOFF BC GRAPEF.&LIME 6X700,6
615,SMIRNOFF GREEN APPLE DO 6X700,18
615,SMIRNOFF RASPBERRY DO 6X700,57
615,SMIRNOFF TROPICAL FRUITS 6X700,30
615,SMIRNOFF WATERMELON 6X700,6
615,TRAPICHE ALARIS CABSAUV 6X750 ,6
615,TRAPICHE ALARIS CHARDO 6X750 ,24
615,TRAPICHE ALARIS DULCE COSECHA 6X750,96
615,TRAPICHE ALARIS MALBEC 6X750,15
615,TRAPICHE ALARIS TORRONTES 6X750 ,12
615,TRAPICHE RESERVA MALBEC 6X750,3
615,WHITE HORSE DO 12X750,49
616,FRIZZE EVOL BLUE NEW X1000,3
618,DADA ART MALBEC 6X750,3
618,FRIZZE EVOL BLUE NEW X1000,3
618,SMIRNOFF RASPBERRY DO 6X700,3
618,TRAPICHE ALARIS MALBEC 6X750,3
619,ALMA MORA MALBEC 6X750,36
619,ALMA MORA SEL RVE MALBEC 6X750,2
619,DADA ART MALBEC 6X750,18
619,DADA FMORAS N°2 6X750 ,18
619,DADA N°9 CARAMEL 6X750,2
619,EL REGRESO SEM-CHEN  X750,6
619,ELEMENTOS CABSAUV 6X750 ,3
619,ELEMENTOS CHARDONNAY 6X750,6
619,ELEMENTOS MALBEC 6X750 ,6
619,ELEMENTOS TORRONTES DLCE6X750 ,3
619,F. LAS MORAS BCO DULCE 6X750 ,2
619,FRIZZE EVOL BLUE NEW X1000,3
619,SMIRNOFF GREEN APPLE DO 6X700,3
622,ALMA MORA MALBEC 6X750,9
625,ALMA MORA MALBEC 6X750,3
626,ALMA MORA MALBEC 6X750,3
626,ANTARES MICRO IPA 25 AÑOS,6
626,DADA ART MALBEC 6X750,3
626,DADA ESPUMANTE MARACUYA 6X750,6
626,DADA FMORAS N°1 6X750,0
626,ELEMENTOS MALBEC 6X750 ,3
626,F.LAS MORAS MALBEC 6X750,0
626,FOND CAVE MALBEC 6X750 ,0
626,FRIZZE EVOL BLUE NEW X1000,3
626,GORDON´S GIN 6x700,3
626,LOS ARBOLES SEL MALBEC 6X750,3
626,LOS INTOCABLES MALBEC 6X750,3
626,NC SPARK EBRUT 6X750 estuche,6
626,ORIGEN BY TRAPICHE MALBEC 6X750,0
626,SAN TELMO SPARK DULCE 6X750,6
626,SMF ICE RED BERRIE LAT 4X6X473,252
626,SMIRNOFF GREEN APPLE DO 6X700,240
626,SMIRNOFF RASPBERRY DO 6X700,243
626,TRAPICHE ALARIS MALBEC 6X750,3
626,TRAPICHE RESERVA MALBEC 6X750,3
628,ALMA MORA BLEND DULCE 6X 750,6
628,ALMA MORA CABSAUV6X750 ,3
628,ALMA MORA MALBEC 6X750,24
628,DADA ART MALBEC 6X750,3
628,DADA FMORAS N°1 6X750,3
628,DADA FMORAS N°2 6X750 ,3
628,DADA FMORAS N°3 6X750,12
628,DADA N°8 CHOCOLATE 6X750 ,6
628,EL REGRESO SEM-CHEN  X750,0
628,ELEMENTOS MALBEC 6X750 ,3
628,F.LAS MORAS CABSAU 6X750 ,3
628,F.LAS MORAS MALBEC 6X750,12
628,FAIR FOR LIFE MALBEC 6X750 ,6
628,FRIZZE EVOL BLUE NEW X1000,3
628,SAN TELMO MALBEC X750,3
628,SMF BC RUBYORANGE&LIME LATA 4X6X473,12
628,SMF ICE GREENAPPLE LAT 4X6X473,18
628,SMF ICE RED BERRIE LAT 4X6X473,6
628,SMIRNOFF GREEN APPLE DO 6X700,6
628,SMIRNOFF ICE LATA 4X6X473,6
628,SMIRNOFF RASPBERRY DO 6X700,6
628,TRAPICHE ALARIS MALBEC 6X750,3
629,ANTARES IPA LATA 6X473 (NEW),-6
630,ALMA MORA MALBEC 6X750,9
630,ANTARES MICRO IPA 25 AÑOS,6
630,DADA FMORAS N°1 6X750,3
630,ELEMENTOS MALBEC 6X750 ,3
630,F.LAS MORAS MALBEC 6X750,3
630,FRIZZE EVOL BLUE NEW X1000,3
630,GORDON´S GIN 6x700,3
630,LOS ARBOLES SEL MALBEC 6X750,3
631,ALMA MORA MALBEC 6X750,3
633,ALMA MORA MALBEC 6X750,9
633,DEMENCIAL PINOT NOIR 6X750,6
633,ELEMENTOS MALBEC 6X750 ,6
633,F.LAS MORAS MALBEC 6X750,12
633,LA MASCOTA MALBEC 6X750,0
633,LOS ARBOLES SEL MALBEC 6X750,6
633,SAN TELMO MALBEC X750,12
633,SMIRNOFF BC ORANGE & LIME 6X700,3
633,SMIRNOFF GREEN APPLE DO 6X700,3
633,SMIRNOFF RASPBERRY DO 6X700,6
633,TRAPICHE ALARIS DULCE COSECHA 6X750,6
633,TRAPICHE ALARIS MALBEC 6X750,12
633,TRAPICHE ALARIS SBLANC 6X750,6
634,ALMA MORA BLEND DULCE 6X 750,3
634,ALMA MORA MALBEC 6X750,6
634,DADA ART MALBEC 6X750,6
634,DADA ESPUMANTE MARACUYA 6X750,3
634,DADA FMORAS N°1 6X750,3
634,DADA N6 HONEY X750,12
634,DADA N°8 CHOCOLATE 6X750 ,6
634,DADA N°9 CARAMEL 6X750,12
634,DON DAVID MALBEC 6X750,12
634,FRIZZE EVOL BLUE NEW X1000,9
634,LOS ARBOLES SEL MALBEC 6X750,3
634,SMF ICE GREENAPPLE LAT 4X6X473,36
634,SMF ICE RED BERRIE LAT 4X6X473,48
634,SMIRNOFF BC GRAPEF.&LIME 6X700,3
634,SMIRNOFF BC ORANGE & LIME 6X700,9
634,SMIRNOFF BC TANGE&LEMONGRASS 6X700,3
634,SMIRNOFF GREEN APPLE DO 6X700,30
634,SMIRNOFF RASPBERRY DO 6X700,21
634,SMIRNOFF TAMARINDO 6 X 700,3
634,SMIRNOFF TROPICAL FRUITS 6X700,3
634,SMIRNOFF WATERMELON 6X700,3
634,TRAPICHE ALARIS CABSAUV 6X750 ,3
634,TRAPICHE ALARIS MALBEC 6X750,3
635,SMIRNOFF GREEN APPLE DO 6X700,3
636,ELEMENTOS TORRONTES 6X750 ,3
636,TRAPICHE ALARIS CHARDO 6X750 ,3
637,FRIZZE BUBBLE MOOD 6X1000,6
637,FRIZZE EVOL BLUE NEW X1000,18
637,SMF ICE GREENAPPLE LAT 4X6X473,102
637,SMF ICE RED BERRIE LAT 4X6X473,66
638,ALMA MORA MALBEC 6X750,6
638,DADA ART MALBEC 6X750,6
638,DADA FMORAS N°1 6X750,6
638,DADA FMORAS N°2 6X750 ,12
638,F.LAS MORAS MALBEC 6X750,6
638,GORDON´S TONIC 4X6X473,6
638,JW RED 12X1000 UK,1
638,LEGUI 40 AÑOS 12X750,3
638,LOS ARBOLES SEL MALBEC 6X750,12
638,SMF BC RUBYORANGE&LIME LATA 4X6X473,6
638,SMF ICE GREENAPPLE LAT 4X6X473,6
638,SMIRNOFF ICE LATA 4X6X473,6
638,TRAPICHE ALARIS TORRONTES 6X750 ,6
640,DADA FMORAS N°1 6X750,3
640,DADA FMORAS N°2 6X750 ,3
640,DADA FMORAS N°3 6X750,3
640,DADA N°8 CHOCOLATE 6X750 ,6
640,EL BAUTISMO BLEND TINTAS 6X750 ,3
640,EL BAUTISMO MALBEC 6X750 ,3
640,EL BAUTISMO ROSADO 6X750 ,3
640,F.LAS MORAS CABSAU 6X750 ,3
640,F.LAS MORAS MALBEC 6X750,3
640,FRIZZE EVOL BLUE NEW X1000,3
640,LA GRAN NACHA X750,3
640,SAN TELMO MALBEC X750,6
640,SMIRNOFF GREEN APPLE DO 6X700,3
640,SUTER VARIETAL MALBEC 6X750,6
640,TRAPICHE ALARIS DULCE COSECHA 6X750,3
640,TRAPICHE ALARIS MALBEC 6X750,3
642,ALMA MORA BLEND BLANCO 6X750,6
642,ALMA MORA BLEND DULCE 6X 750,6
642,ALMA MORA MALBEC 6X750,30
642,CAZADOR MALBEC 6X750,-6
642,F. LAS MORAS BCO DULCE 6X750 ,-12
642,F. LAS MORAS ROSADO 6X750 ,0
642,F. LAS MORAS SAUV.BLANC 6X750 ,12
642,FRIZZE EVOL BLUE NEW X1000,3
642,TRAPICHE ALARIS DULCE COSECHA 6X750,12
643,ALMA MORA BLEND DULCE 6X 750,12
643,ALMA MORA CABSAUV6X750 ,6
643,ALMA MORA MALBEC 6X750,6
643,ELEMENTOS MALBEC 6X750 ,6
643,F.LAS MORAS MALBEC 6X750,12
643,FRIZZE EVOL BLUE NEW X1000,3
643,SUTER VARIETAL MALBEC 6X750,12
643,TRAPICHE ALARIS CABSAUV 6X750 ,12
643,TRAPICHE ALARIS CHARDO 6X750 ,6
643,TRAPICHE ALARIS MALBEC 6X750,12
644,ALMA MORA BLEND TINTO 6X750,60
644,ALMA MORA MALBEC 6X750,720
644,ALMA MORA SYRAH ROSE 6X750 ,60
644,DADA ART MALBEC 6X750,120
644,DADA ESPUMANTE 6X750 ,18
644,DADA ESPUMANTE MARACUYA 6X750,36
644,DADA ESPUMANTE ROS6X750 ,180
644,EL BAUTISMO MALBEC 6X750 ,360
644,ELEMENTOS MALBEC 6X750 ,360
644,FOND CAVE MALBEC 6X750 ,60
644,GORDON´S GIN 6x700,66
644,LOS ARBOLES SEL MALBEC 6X750,480
644,SMF  BC GRAPEF&LIME  LATA 4X6X473,48
644,SMF BC RUBYORANGE&LIME LATA 4X6X473,48
644,SMIRNOFF 21 DO 12X700,120
644,SMIRNOFF BC GRAPEF.&LIME 6X700,192
644,SMIRNOFF BC ORANGE & LIME 6X700,192
644,SMIRNOFF BC TANGE&LEMONGRASS 6X700,192
644,SMIRNOFF GREEN APPLE DO 6X700,780
644,SMIRNOFF RASPBERRY DO 6X700,960
644,SMIRNOFF TROPICAL FRUITS 6X700,192
644,SMIRNOFF WATERMELON 6X700,192
644,TRAPICHE ALARIS MALBEC 6X750,360
645,ALMA MORA MALBEC 6X750,3
645,DADA FMORAS N°1 6X750,3
645,ELEMENTOS MALBEC 6X750 ,3
645,F.LAS MORAS MALBEC 6X750,3
645,LOS ARBOLES SEL MALBEC 6X750,3
646,DADA ART MALBEC 6X750,3
646,FRIZZE EVOL BLUE NEW X1000,3
646,GORDON´S GIN 6x700,-3
646,SMF ICE GREENAPPLE LAT 4X6X473,6
646,SMIRNOFF RASPBERRY DO 6X700,3
646,TRAPICHE ALARIS MALBEC 6X750,3
648,ALMA MORA MALBEC 6X750,0
648,DADA FMORAS N°1 6X750,0
648,ELEMENTOS MALBEC 6X750 ,0
648,F.LAS MORAS MALBEC 6X750,0
648,FOND CAVE MALBEC 6X750 ,0
648,LOS ARBOLES SEL MALBEC 6X750,0
648,ORIGEN BY TRAPICHE MALBEC 6X750,0
648,TRAPICHE ALARIS MALBEC 6X750,0
648,TRAPICHE RESERVA MALBEC 6X750,0
651,ALMA MORA MALBEC 6X750,9
651,CAZADOR MALBEC 6X750,9
651,DADA ART MALBEC 6X750,6
651,EL BAUTISMO MALBEC 6X750 ,3
651,ELEMENTOS MALBEC 6X750 ,3
651,F.LAS MORAS CABSAU 6X750 ,6
651,F.LAS MORAS MALBEC 6X750,15
651,FRIZZE EVOL BLUE NEW X1000,3
651,LOS ARBOLES SEL MALBEC 6X750,3
651,SAN TELMO MALBEC X750,0
651,TRAPICHE ALARIS MALBEC 6X750,15
652,ALMA MORA MALBEC 6X750,81
652,ANTARES MICRO IPA 25 AÑOS,6
652,BAILEYS NUEVA BOTELLA 12x750,0
652,DADA ART CABERNET 6X750 ,6
652,DADA ART MALBEC 6X750,3
652,DADA ESPUMANTE MARACUYA 6X750,6
652,DADA FMORAS N°1 6X750,0
652,DADA FMORAS N°3 6X750,6
652,DON DAVID RESERVA MALBEC X750,6
652,ELEMENTOS CHARDONNAY 6X750,6
652,ELEMENTOS MALBEC 6X750 ,3
652,ELEMENTOS TANNAT 6X750 ,6
652,F. LAS MORAS SAUV.BLANC 6X750 ,0
652,F.LAS MORAS MALBEC 6X750,0
652,FOND CAVE MALBEC 6X750 ,0
652,FRIZZE BUBBLE MOOD 6X1000,6
652,FRIZZE EVOL BLUE NEW X1000,3
652,GORDON´S GIN 6x700,3
652,HEREFORD BCO 6X750,12
652,JW BLACK LABEL 12x1000,0
652,JW BLACK LABEL 12x750,2
652,JW DOUBLE BLACK 6x750,2
652,JW RED 12X1000 UK,2
652,JW RED 12X750 UK,3
652,LOS ARBOLES SEL MALBEC 6X750,3
652,LOS INTOCABLES MALBEC 6X750,3
652,NC SPARK EBRUT 6X750 estuche,6
652,ORIGEN BY TRAPICHE MALBEC 6X750,0
652,SAN TELMO SPARK DULCE 6X750,6
652,SMF ICE RED BERRIE LAT 4X6X473,360
652,SMIRNOFF GREEN APPLE DO 6X700,300
652,SMIRNOFF RASPBERRY DO 6X700,183
652,SUTER VARIETAL MALBEC 6X750,18
652,SUTER VARIETAL TARDIO6X750,36
652,TRAPICHE ALARIS DULCE COSECHA 6X750,6
652,TRAPICHE ALARIS MALBEC 6X750,3
652,TRAPICHE ALARIS SBLANC 6X750,6
652,TRAPICHE D. COSECHA ROSE 6X750 ,6
652,TRAPICHE RESERVA MALBEC 6X750,3
653,COLECCION PRIVADA MALBEC,3
653,DADA FMORAS N°1 6X750,3
653,F.LAS MORAS MALBEC 6X750,3
653,LOS INTOCABLES MALBEC 6X750,3
654,ALMA MORA BLEND BLANCO 6X750,3
654,ALMA MORA BLEND TINTO 6X750,3
654,ALMA MORA MALBEC 6X750,12
654,DADA ESPUMANTE MARACUYA 6X750,3
654,DADA ESPUMANTE ROS6X750 ,0
654,DADA N°9 CARAMEL 6X750,3
654,EL BAUTISMO MALBEC 6X750 ,3
654,ELEMENTOS CABSAUV 6X750 ,6
654,ELEMENTOS MALBEC 6X750 ,9
654,FRIZZE EVOL BLUE NEW X1000,3
654,LOS ARBOLES SEL MALBEC 6X750,9
654,SMF ICE GREENAPPLE LAT 4X6X473,6
654,SMF ICE RED BERRIE LAT 4X6X473,6
654,SMIRNOFF RASPBERRY DO 6X700,3
654,TRAPICHE ALARIS DULCE COSECHA 6X750,3
654,TRAPICHE ALARIS MALBEC 6X750,3
654,TRAPICHE ALARIS TORRONTES 6X750 ,6
655,COLECCION PRIVADA MALBEC,3
655,DADA FMORAS N°1 6X750,3
655,F.LAS MORAS MALBEC 6X750,3
655,LOS INTOCABLES MALBEC 6X750,3
657,COLECCION PRIVADA MALBEC,3
657,DADA FMORAS N°1 6X750,3
657,F.LAS MORAS MALBEC 6X750,3
657,LOS INTOCABLES MALBEC 6X750,3
658,COLECCION PRIVADA MALBEC,3
658,DADA FMORAS N°1 6X750,33
658,DADA FMORAS N°2 6X750 ,30
658,DADA FMORAS N°3 6X750,30
658,F.LAS MORAS MALBEC 6X750,3
658,LOS INTOCABLES MALBEC 6X750,3
658,SMF ICE GREENAPPLE LAT 4X6X473,168
658,SMF ICE RED BERRIE LAT 4X6X473,144
658,SMIRNOFF GREEN APPLE DO 6X700,120
658,SMIRNOFF RASPBERRY DO 6X700,840
659,COLECCION PRIVADA MALBEC,3
659,DADA FMORAS N°1 6X750,3
659,F.LAS MORAS MALBEC 6X750,3
659,LOS INTOCABLES MALBEC 6X750,3
660,ALMA MORA BLEND DULCE 6X 750,12
660,ALMA MORA CABSAUV6X750 ,6
660,ALMA MORA MALBEC 6X750,15
660,DADA ART MALBEC 6X750,3
660,DADA FMORAS N°2 6X750 ,3
660,ELEMENTOS CABSAUV 6X750 ,3
660,ELEMENTOS MALBEC 6X750 ,21
660,F. LAS MORAS BCO DULCE 6X750 ,12
660,F. LAS MORAS SAUV.BLANC 6X750 ,3
660,F.LAS MORAS MALBEC 6X750,18
660,FRIZZE EVOL BLUE NEW X1000,3
660,SAN TELMO MALBEC X750,6
660,SUTER VARIETAL MALBEC 6X750,3
660,TRAPICHE ALARIS CABSAUV 6X750 ,3
660,TRAPICHE ALARIS CHARDO 6X750 ,6
660,TRAPICHE ALARIS DULCE COSECHA 6X750,3
660,TRAPICHE ALARIS MALBEC 6X750,9
665,FRIZZE EVOL BLUE NEW X1000,3
665,SMIRNOFF GREEN APPLE DO 6X700,3
667,FRIZZE EVOL BLUE NEW X1000,3
667,SMF  BC GRAPEF&LIME  LATA 4X6X473,6
667,SMF BC RUBYORANGE&LIME LATA 4X6X473,6
667,SMF ICE RED BERRIE LAT 4X6X473,6
669,ALMA MORA MERLOT 6X750,-6
669,ALMA MORA SEL RVE CHARDO 6X750,-6
669,COLECCION PRIVADA MALBEC,-6
669,DON DAVID MALBEC 6X750,-6
669,EL BAUTISMO BLEND TINTAS 6X750 ,-6
669,EL BAUTISMO MALBEC 6X750 ,-12
669,ELEMENTOS MALBEC 6X750 ,-6
669,F.LAS MORAS CABSAU 6X750 ,-6
669,FAIR FOR LIFE MALBEC 6X750 ,-6
669,FOND CAVE MALBEC 6X750 ,-6
669,FRIZZE BLUE LATA X473,-6
669,GORDON´S GIN 6x700,-3
669,GORDON´S PINK GIN 6X700,-3
669,LOS ARBOLES SEL CABERNET 6X750,-6
669,LOS ARBOLES SEL MALBEC 6X750,-12
669,SMF ICE GREENAPPLE LAT 4X6X473,-6
669,SMIRNOFF 21 DO 12X700,-6
669,SMIRNOFF ICE LATA 4X6X473,-6
669,TRAPICHE ALARIS DULCE COSECHA 6X750,-12
672,ALMA MORA BLEND TINTO 6X750,3
672,CAZADOR MALBEC 6X750,9
672,ELEMENTOS MALBEC 6X750 ,3
672,F.LAS MORAS MALBEC 6X750,3
672,SMF ICE RED BERRIE LAT 4X6X473,6
673,FRIZZE EVOL BLUE NEW X1000,3
674,FRIZZE BLUE LATA X473,6
674,GORDON´S TONIC 4X6X473,6
674,SMF ICE RED BERRIE LAT 4X6X473,6
674,SMIRNOFF 21 DO 12X700,-3
675,DADA ESPUMANTE MARACUYA 6X750,3
675,DADA ESPUMANTE ROS6X750 ,9
675,DADA LATA SWEET  4X6X355,6
675,DADA LATA SWEET PINK 4X6X355,6
675,SMF  BC GRAPEF&LIME  LATA 4X6X473,6
675,SMF BC RUBYORANGE&LIME LATA 4X6X473,6
675,SMF ICE GREENAPPLE LAT 4X6X473,24
675,SMF ICE RED BERRIE LAT 4X6X473,72
675,SMIRNOFF 21 DO 12X700,-12
675,SMIRNOFF BC ORANGE & LIME 6X700,3
675,SMIRNOFF GREEN APPLE DO 6X700,9
675,SMIRNOFF ICE LATA 4X6X473,6
675,SMIRNOFF RASPBERRY DO 6X700,24
675,SMIRNOFF TROPICAL FRUITS 6X700,9
675,SMIRNOFF WATERMELON 6X700,-3
676,ALMA MORA MALBEC 6X750,6
676,ELEMENTOS TORRONTES 6X750 ,3
676,F.LAS MORAS MALBEC 6X750,12
676,SAN TELMO MALBEC X750,3
676,TRAPICHE ALARIS CHARDO 6X750 ,3
676,TRAPICHE ALARIS MALBEC 6X750,3
678,ALMA MORA CHARD 6X750,60
678,ALMA MORA MALBEC 6X750,1104
678,BAILEYS NUEVA BOTELLA 12x750,24
678,DADA ART MALBEC 6X750,240
678,DADA ESPUMANTE 6X750 ,300
678,DADA ESPUMANTE MARACUYA 6X750,150
678,DADA ESPUMANTE ROS6X750 ,150
678,DON DAVID MALBEC 6X750,180
678,ELEMENTOS MALBEC 6X750 ,840
678,FOND CAVE CHARD 6X750,30
678,FOND CAVE MALBEC 6X750 ,90
678,FRIZZE EVOL BLUE NEW X1000,1344
678,GORDON´S GIN 6x700,1140
678,GORDON´S PINK GIN 6X700,180
678,J WALKER BLUE LABEL 18 6x750,10
678,J&B RARE 12X750,300
678,JW BLACK LABEL 12x750,24
678,JW RED 12X750 UK,0
678,SHERIDANS 6X750,12
678,SMIRNOFF BC TANGE&LEMONGRASS 6X700,120
678,SMIRNOFF GREEN APPLE DO 6X700,1320
678,SMIRNOFF RASPBERRY DO 6X700,1740
678,SMIRNOFF TAMARINDO 6 X 700,300
678,SMIRNOFF WATERMELON 6X700,60
678,WHITE HORSE DO 12X750,360
680,ALMA MORA CABSAUV6X750 ,0
680,ALMA MORA MALBEC 6X750,0
680,LOS INTOCABLES MALBEC 6X750,0
680,SMIRNOFF RASPBERRY DO 6X700,0
680,TRAPICHE RESERVA MALBEC 6X750,0
681,ALMA MORA MALBEC 6X750,3
681,DADA ART MALBEC 6X750,3
681,DADA FMORAS N°1 6X750,3
681,ELEMENTOS MALBEC 6X750 ,3
681,F.LAS MORAS MALBEC 6X750,3
681,FRIZZE EVOL BLUE NEW X1000,6
681,GORDON´S GIN 6x700,3
681,LOS ARBOLES SEL MALBEC 6X750,3
681,SMIRNOFF RASPBERRY DO 6X700,3
681,TRAPICHE ALARIS MALBEC 6X750,3
682,ALMA MORA MALBEC 6X750,36
682,ELEMENTOS MALBEC 6X750 ,12
682,JW RED 12X1000 UK,1
682,JW RED 12X750 UK,1
682,SMIRNOFF BC GRAPEF.&LIME 6X700,6
682,SMIRNOFF BC TANGE&LEMONGRASS 6X700,3
682,SMIRNOFF GREEN APPLE DO 6X700,9
682,SMIRNOFF RASPBERRY DO 6X700,3
682,SMIRNOFF TAMARINDO 6 X 700,3
682,TANQUERAY DRY GIN X700,2
684,CAZADOR CAB. SAU 6X750,3
684,CAZADOR MALBEC 6X750,3
684,ELEMENTOS MALBEC 6X750 ,12
684,FRIZZE EVOL BLUE NEW X1000,3
684,GORDON´S TONIC 4X6X473,12
686,ALMA MORA MALBEC 6X750,3
687,FRIZZE EVOL BLUE NEW X1000,3
688,COLECCION PRIVADA MALBEC,3
688,DADA FMORAS N°1 6X750,3
688,F.LAS MORAS MALBEC 6X750,3
688,LOS INTOCABLES MALBEC 6X750,3
690,DADA ART MALBEC 6X750,3
690,FRIZZE EVOL BLUE NEW X1000,3
690,GORDON´S GIN 6x700,-3
690,SMIRNOFF RASPBERRY DO 6X700,3
690,TRAPICHE ALARIS MALBEC 6X750,3
691,ALMA MORA MALBEC 6X750,3
691,DADA ART MALBEC 6X750,3
691,DADA FMORAS N°1 6X750,3
691,F.LAS MORAS MALBEC 6X750,3
691,FRIZZE EVOL BLUE NEW X1000,6
691,GORDON´S GIN 6x700,-3
691,LOS ARBOLES SEL MALBEC 6X750,3
691,SMIRNOFF RASPBERRY DO 6X700,3
691,TRAPICHE ALARIS MALBEC 6X750,3
692,FRIZZE BLUE LATA X473,6
692,FRIZZE EVOL BLUE NEW X1000,24
692,FRIZZE ITAL LIMA LATA X473,6
692,FRIZZE POMELATA 6X473,0
692,GORDON´S GIN 6x700,5
692,GORDON´S PINK GIN 6X700,6
692,LOS INTOCABLES CAB.SAUV 6X750,-3
692,SMF ICE GREENAPPLE LAT 4X6X473,6
692,SMF ICE RED BERRIE LAT 4X6X473,6
692,SMIRNOFF BC GRAPEF.&LIME 6X700,12
692,SMIRNOFF GREEN APPLE DO 6X700,84
692,SMIRNOFF ICE LATA 4X6X473,6
692,SMIRNOFF RASPBERRY DO 6X700,78
692,SMIRNOFF TAMARINDO 6 X 700,6
692,SMIRNOFF TROPICAL FRUITS 6X700,18
692,SMIRNOFF WATERMELON 6X700,30
692,TRAPICHE ALARIS DULCE COSECHA 6X750,6
694,BAILEYS SALTED CARAMEL 12X750,1
694,DADA N°8 CHOCOLATE 6X750 ,3
695,ALMA MORA MALBEC 6X750,9
695,DADA ESPUMANTE 6X750 ,3
695,DADA FMORAS N°1 6X750,3
695,ELEMENTOS CHARDONNAY 6X750,3
695,ELEMENTOS MALBEC 6X750 ,9
695,F.LAS MORAS MALBEC 6X750,3
695,LOS ARBOLES SEL MALBEC 6X750,3
695,TRAPICHE ALARIS MALBEC 6X750,3
697,FRIZZE EVOL BLUE NEW X1000,3
698,ALMA MORA BLEND BLANCO 6X750,48
698,ALMA MORA CABSAUV6X750 ,12
698,ALMA MORA MALBEC 6X750,108
698,ANTARES IPA LATA 6X473 (NEW),42
698,ANTARES IPA SIN ALC LATA 6X473,12
698,ANTARES LAGER LATA 6X473,66
698,ANTARES LATA CARAVANA 6 X 473ML,30
698,ANTARES LATA HONEY 6 X 473ML,24
698,ANTARES LATA KOLSCH 6 X 473ML,126
698,ANTARES LATA SCOTCH 6 X 473ML,42
698,ANTARES PLAYA GRANDE 6 X 473ML,30
698,BAILEYS NUEVA BOTELLA 12x750,10
698,BAILEYS SALTED CARAMEL 12X750,4
698,CAZADOR BLANCO DULCE 6X750,6
698,CAZADOR CAB. SAU 6X750,6
698,COLECCION PRIVADA CHARD 6X750,3
698,COLECCION PRIVADA MALBEC,6
698,DADA 7 SWEET  6X750,6
698,DADA ART MALBEC 6X750,12
698,DADA ESPUMANTE 6X750 ,12
698,DADA ESPUMANTE MARACUYA 6X750,18
698,DADA ESPUMANTE ROS6X750 ,12
698,DADA FMORAS N°1 6X750,6
698,DADA FMORAS N°2 6X750 ,6
698,DADA FMORAS N°3 6X750,9
698,DADA LATA SWEET  4X6X355,6
698,DADA N6 HONEY X750,15
698,DADA N°8 CHOCOLATE 6X750 ,6
698,DADA SIDRA 6X750,21
698,DOLORES ESPUMANTE ROSE 6X750,24
698,DON DAVID CABERNET 6X750,12
698,DON DAVID CHARDONNAY 6X750,6
698,DON DAVID MALBEC 6X750,12
698,DON DAVID PINOT NOIR6X750,15
698,DON DAVID RESERVA MALBEC X750,12
698,DON DAVID SYRAH 6X750,3
698,DON DAVID TORRONTES 6X750,6
698,EL BAUTISMO BLEND B. DLCE 6X750 ,9
698,EL BAUTISMO BLEND TINTAS 6X750 ,3
698,EL BAUTISMO MALBEC 6X750 ,3
698,EL ESTECO BLANC DE BLANC  4X750,6
698,EL ESTECO CABERNET SAUV 6X750,3
698,EL ESTECO MALBEC 6X750,21
698,EL REGRESO SEM-CHEN  X750,6
698,ELEMENTOS CHARDONNAY 6X750,6
698,ELEMENTOS MALBEC 6X750 ,18
698,ELEMENTOS ROSADO TORRONT 6X750 ,3
698,ELEMENTOS TORRONTES DLCE6X750 ,3
698,F. LAS MORAS BCO DULCE 6X750 ,33
698,F. LAS MORAS ROSADO 6X750 ,6
698,F. LAS MORAS SAUV.BLANC 6X750 ,6
698,F.LAS MORAS MALBEC 6X750,30
698,FAIR FOR LIFE CHARDONNAY 6X750 ,6
698,FAIR FOR LIFE MALBEC 6X750 ,6
698,FINCA NOTABLES MALBEC .6X750 ,6
698,FOND CAV RESERVA CAB SAUV FRANCE X750,3
698,FOND CAVE CABSAU 6X750,15
698,FOND CAVE CHARD 6X750,6
698,FOND CAVE G. RVA CABSAU 6 X 750,6
698,FOND CAVE G. RVA MALBEC 6X750,15
698,FOND CAVE MALBEC 6X750 ,30
698,FOND CAVE RVA CABSAU 6X750,9
698,FOND CAVE RVA COS TARDIA 6 X 500,9
698,FOND CAVE RVA MALBEC 6X750,21
698,FRIZZE BLUE LATA X473,6
698,FRIZZE BUBBLE MOOD 6X1000,12
698,FRIZZE EVOL BLUE NEW X1000,12
698,GORDONS  TROPICAL FRUITS 6X700,3
698,GORDON´S GIN 6x700,21
698,GORDON´S PINK GIN 6X700,19
698,GORDON´S TONIC 4X6X473,12
698,GRAN MASCOTA MALBEC 6X750,9
698,GRAN MEDALLA PINOT NOIR 6X750,6
698,J DE DIOS NC BLEND,6
698,J WALKER 18 6x750,2
698,J WALKER BLACK ICON 12X700,1
698,J WALKER GREEN 6X750,1
698,J&B RARE 12X750,4
698,J&B YELLOW 6X750,2
698,JW BLACK LABEL 12x1000,11
698,JW BLACK LABEL 12x750,10
698,JW DOUBLE BLACK 6x750,2
698,JW GOLD RVE 6x750,2
698,JW RED 12X1000 UK,6
698,JW RED 12X750 UK,13
698,LA MASCOTA MALBEC 6X750,6
698,LA MASCOTA SPARK BL NOIR 6X750,6
698,LOS ARBOLES SEL CABERNET 6X750,12
698,LOS ARBOLES SEL CHARD 6X750,12
698,LOS ARBOLES SEL MALBEC 6X750,6
698,LOS INTOCABLES CHARD  6X750,3
698,LOS INTOCABLES MALBEC 6X750,6
698,LOS INTOCABLES RED BLEND 6X750,6
698,MARANTIQUA CHARDONNAY 6X750,6
698,MARANTIQUA MALBEC 6X750,6
698,MEDALLA MALBEC 6X750,3
698,MEDALLA TTO 6X750,6
698,MORA NEGRA MAL-BON 6X750,11
698,NC S E.BRUT4X6X355,18
698,NC SPARK BRUT ROSE 6X750,18
698,OLD PARR 12YO 12x750,4
698,ORIGEN BY TRAPICHE MALBEC 6X750,12
698,PAZ DE FLM CAB FRANC 6X750,9
698,PAZ DE FLM MALBEC 6X750,6
698,PAZ DE FLM SAUV BLANC 6X750,12
698,PERFILES MB TEXTURA FINA 6X 750,6
698,PIMMS BITTER 12X750,4
698,SAN TELMO MALBEC X750,6
698,SAN TELMO SPARK E.BRUT 6X750,30
698,SAN TELMO SPARK EXT DULCE 6X75 Ma,18
698,SHERIDANS 6X750,8
698,SINGLETON 12 YO 6X700,1
698,SINGLETON 15 YO 6X700,1
698,SMF  BC GRAPEF&LIME  LATA 4X6X473,12
698,SMF BC RUBYORANGE&LIME LATA 4X6X473,6
698,SMF ICE GREENAPPLE LAT 4X6X473,48
698,SMF ICE RED BERRIE LAT 4X6X473,66
698,SMIRNOFF 21 DO 12X700,63
698,SMIRNOFF BC GRAPEF.&LIME 6X700,60
698,SMIRNOFF BC ORANGE & LIME 6X700,6
698,SMIRNOFF BC TANGE&LEMONGRASS 6X700,6
698,SMIRNOFF GREEN APPLE DO 6X700,126
698,SMIRNOFF ICE LATA 4X6X473,18
698,SMIRNOFF RASPBERRY DO 6X700,561
698,SMIRNOFF TAMARINDO 6 X 700,21
698,SMIRNOFF TROPICAL FRUITS 6X700,63
698,SMIRNOFF WATERMELON 6X700,15
698,SUTER VARIETAL MALBEC 6X750,6
698,TANQUERAY DRY GIN X700,8
698,TANQUERAY ROYALE X750,4
698,TANQUERAY SEVILLA GIN X750,6
698,TERMIDOR 2021 TINTO  12X1L ,12
698,TERMIDOR BLANCO 12X1L ,12
698,TRAPICHE ALARIS DULCE COSECHA 6X750,24
698,TRAPICHE ALARIS TORRONTES 6X750 ,6
698,TRAPICHE D. COSECHA ROSE 6X750 ,6
698,TRAPICHE IMPURO MALBEC X750,6
698,TRAPICHE PURO CAB.SAUV 6X750,6
698,UNANIME TINTO 6X750,12
698,WHITE HORSE DO 12X750,20
699,FRIZZE EVOL BLUE NEW X1000,3
702,ALMA MORA BLEND DULCE 6X 750,3
702,ALMA MORA MALBEC 6X750,12
702,ANTARES LAGER LATA 6X473,6
702,DADA ART MALBEC 6X750,6
702,DADA SIDRA 6X750,6
702,F.LAS MORAS MALBEC 6X750,6
702,GORDON´S GIN 6x700,5
702,GORDON´S PINK GIN 6X700,5
702,GORDON´S TONIC 4X6X473,6
702,LOS ARBOLES SEL MALBEC 6X750,3
702,SHERIDANS 6X750,1
702,SMF BC RUBYORANGE&LIME LATA 4X6X473,6
702,SMF ICE GREENAPPLE LAT 4X6X473,18
702,SMF ICE RED BERRIE LAT 4X6X473,72
702,WHITE HORSE DO 12X750,3
703,FRIZZE EVOL BLUE NEW X1000,3
703,SMIRNOFF GREEN APPLE DO 6X700,3
704,ALMA MORA MALBEC 6X750,-6
706,COLECCION PRIVADA MALBEC,3
706,DADA FMORAS N°1 6X750,3
706,F.LAS MORAS MALBEC 6X750,3
706,LOS INTOCABLES MALBEC 6X750,3
706,SMIRNOFF BC GRAPEF.&LIME 6X700,90
706,SMIRNOFF BC ORANGE & LIME 6X700,90
706,SMIRNOFF BC TANGE&LEMONGRASS 6X700,90
706,SMIRNOFF GREEN APPLE DO 6X700,360
706,SMIRNOFF RASPBERRY DO 6X700,90
706,SMIRNOFF TROPICAL FRUITS 6X700,90
706,SMIRNOFF WATERMELON 6X700,90
707,ALMA MORA MALBEC 6X750,6
708,ALMA MORA MALBEC 6X750,3
708,DADA ART MALBEC 6X750,3
708,DADA EXTRA BRUT 6X750,6
708,DADA FMORAS N°2 6X750 ,3
708,DADA FMORAS N°3 6X750,3
708,ELEMENTOS MALBEC 6X750 ,6
708,F.LAS MORAS CABSAU 6X750 ,6
708,FRIZZE BUBBLE MOOD 6X1000,6
708,JW RED 12X750 UK,1
708,LOS ARBOLES SEL MALBEC 6X750,3
708,SAN TELMO MALBEC X750,3
708,SAN TELMO SPARK E.BRUT 6X750,18
710,FRIZZE EVOL BLUE NEW X1000,3
711,ALMA MORA MALBEC 6X750,0
711,DADA FMORAS N°1 6X750,0
711,ELEMENTOS MALBEC 6X750 ,0
711,F.LAS MORAS MALBEC 6X750,0
711,FOND CAVE MALBEC 6X750 ,0
711,LOS ARBOLES SEL MALBEC 6X750,0
711,ORIGEN BY TRAPICHE MALBEC 6X750,0
711,SMIRNOFF TAMARINDO 6 X 700,12
711,TRAPICHE ALARIS MALBEC 6X750,0
711,TRAPICHE RESERVA MALBEC 6X750,0
712,GORDON´S TONIC 4X6X473,6
712,SMF ICE GREENAPPLE LAT 4X6X473,6
712,SMF ICE RED BERRIE LAT 4X6X473,24
713,ALMA MORA MALBEC 6X750,21
713,DADA ART MALBEC 6X750,6
713,DADA FMORAS N°2 6X750 ,3
713,DADA FMORAS N°3 6X750,3
713,F.LAS MORAS CABSAU 6X750 ,3
714,FRIZZE EVOL BLUE NEW X1000,3
715,ALMA MORA MALBEC 6X750,18
715,EL BAUTISMO BLEND B. DLCE 6X750 ,6
715,ELEMENTOS MALBEC 6X750 ,6
715,F.LAS MORAS MALBEC 6X750,6
715,FOND CAVE MALBEC 6X750 ,6
715,GORDON´S GIN 6x700,1
715,SMF ICE RED BERRIE LAT 4X6X473,6
716,SMF ICE GREENAPPLE LAT 4X6X473,6
716,SMIRNOFF GREEN APPLE DO 6X700,3
718,ALMA MORA MALBEC 6X750,3
721,ALMA MORA CHARD 6X750,6
721,ALMA MORA MALBEC 6X750,18
721,ANTARES LAGER LATA 6X473,6
721,DADA ART MALBEC 6X750,6
721,F. LAS MORAS BCO DULCE 6X750 ,6
721,F.LAS MORAS CABSAU 6X750 ,6
721,FRIZZE EVOL BLUE NEW X1000,3
721,HEREFORD BCO 6X750,6
721,JW BLACK LABEL 12x750,3
721,JW RED 12X750 UK,1
721,ORIGEN BY TRAPICHE MALBEC 6X750,6
721,SAN TELMO MALBEC X750,18
721,SAN TELMO SPARK DULCE 6X750,6
721,TRAPICHE ALARIS DULCE COSECHA 6X750,6
724,FRIZZE EVOL BLUE NEW X1000,3
725,ALMA MORA MALBEC 6X750,3
725,DADA ESPUMANTE 6X750 ,3
725,TRAPICHE ALARIS MALBEC 6X750,3
726,FRIZZE EVOL BLUE NEW X1000,3
729,SMF  BC GRAPEF&LIME  LATA 4X6X473,6
729,SMF ICE GREENAPPLE LAT 4X6X473,18
729,SMF ICE RED BERRIE LAT 4X6X473,18
729,SMIRNOFF GREEN APPLE DO 6X700,9
729,SMIRNOFF ICE LATA 4X6X473,6
729,SMIRNOFF RASPBERRY DO 6X700,21
730,ALMA MORA MALBEC 6X750,3
730,ANTARES IPA LATA 6X473 (NEW),12
730,ANTARES IPA SIN ALC LATA 6X473,18
730,ANTARES LAGER LATA 6X473,18
730,ANTARES LATA HONEY 6 X 473ML,12
730,ANTARES LATA KOLSCH 6 X 473ML,6
730,ANTARES LATA SCOTCH 6 X 473ML,12
730,ANTARES PLAYA GRANDE 6 X 473ML,18
730,DADA ART CABERNET 6X750 ,3
730,DADA FMORAS N°1 6X750,3
730,DADA FMORAS N°2 6X750 ,3
730,DADA INCREDIBLENDS 1  X750,3
730,F. LAS MORAS BCO DULCE 6X750 ,9
730,F. LAS MORAS ROSADO 6X750 ,3
730,FRIZZE EVOL BLUE NEW X1000,6
730,SAN TELMO CAB-SAUV X750,3
730,SAN TELMO MALBEC X750,3
730,SMF ICE GREENAPPLE LAT 4X6X473,6
730,SMF ICE RED BERRIE LAT 4X6X473,6
730,TRAPICHE ALARIS DULCE COSECHA 6X750,6
731,COLECCION PRIVADA MALBEC,6
731,DADA ESPUMANTE 6X750 ,3
731,DADA ESPUMANTE MARACUYA 6X750,3
731,DADA N6 HONEY X750,3
731,EXPEDICION DEL SUR CABSUA 6 X 750,0
731,FOND CAVE RVA MALBEC 6X750,3
731,PAZ DE FLM MALBEC 6X750,3
731,TRAPICHE ALARIS DULCE COSECHA 6X750,6
731,TRAPICHE D. COSECHA ROSE 6X750 ,9
731,TRAPICHE IMPURO MALBEC X750,3
731,TRAPICHE PURO CAB.SAUV 6X750,3
732,ANTARES LATA IPA 6 X 473ML,24
732,CAZADOR MALBEC 6X750,6
732,EL BAUTISMO BLEND TINTAS 6X750 ,3
732,EL BAUTISMO MALBEC 6X750 ,3
732,GORDON´S TONIC 4X6X473,6
732,SMF ICE RED BERRIE LAT 4X6X473,6
732,TRAPICHE ALARIS DULCE COSECHA 6X750,3
735,DADA ART MALBEC 6X750,6
735,ELEMENTOS MALBEC 6X750 ,6
736,ALMA MORA MALBEC 6X750,6
736,DADA FMORAS N°1 6X750,0
736,DON DAVID CABERNET 6X750,6
736,DON DAVID MALBEC 6X750,18
736,EL REGRESO SEM-CHEN  X750,6
736,ELEMENTOS MALBEC 6X750 ,0
736,F.LAS MORAS MALBEC 6X750,0
736,FOND CAVE MALBEC 6X750 ,0
736,FRIZZE EVOL BLUE NEW X1000,18
736,GORDON´S GIN 6x700,3
736,GORDON´S PINK GIN 6X700,3
736,LOS ARBOLES SEL MALBEC 6X750,0
736,ORIGEN BY TRAPICHE MALBEC 6X750,0
736,SMF ICE RED BERRIE LAT 4X6X473,240
736,SMIRNOFF GREEN APPLE DO 6X700,300
736,SMIRNOFF RASPBERRY DO 6X700,180
736,TRAPICHE ALARIS DULCE COSECHA 6X750,6
736,TRAPICHE ALARIS MALBEC 6X750,0
736,TRAPICHE RESERVA MALBEC 6X750,0
738,DADA ESPUMANTE 6X750 ,0
738,DADA ESPUMANTE MARACUYA 6X750,0
738,SMF ICE RED BERRIE LAT 4X6X473,24
738,SMIRNOFF BC GRAPEF.&LIME 6X700,6
738,SMIRNOFF TROPICAL FRUITS 6X700,6
738,SMIRNOFF WATERMELON 6X700,6
739,ALMA MORA MALBEC 6X750,3
739,FRIZZE EVOL BLUE NEW X1000,3
739,SMIRNOFF RASPBERRY DO 6X700,3
739,TRAPICHE ALARIS MALBEC 6X750,3
742,ALMA MORA CABSAUV6X750 ,6
742,ALMA MORA MALBEC 6X750,12
742,CAZADOR MALBEC 6X750,6
742,F. LAS MORAS BCO DULCE 6X750 ,6
742,F.LAS MORAS CABSAU 6X750 ,6
742,F.LAS MORAS MALBEC 6X750,6
742,SUTER VARIETAL MALBEC 6X750,6
742,TRAPICHE ALARIS MALBEC 6X750,6
742,WHITE HORSE DO 12X750,4
743,ALMA MORA MALBEC 6X750,3
743,FRIZZE EVOL BLUE NEW X1000,3
743,SMIRNOFF RASPBERRY DO 6X700,3
743,TRAPICHE ALARIS MALBEC 6X750,3
744,ALMA MORA MALBEC 6X750,9
744,ANTARES MICRO IPA 25 AÑOS,6
744,DADA FMORAS N°1 6X750,3
744,ELEMENTOS MALBEC 6X750 ,3
744,F.LAS MORAS MALBEC 6X750,3
744,FRIZZE EVOL BLUE NEW X1000,3
744,GORDON´S GIN 6x700,3
744,LOS ARBOLES SEL MALBEC 6X750,3
746,ALMA MORA MALBEC 6X750,3
746,DADA ART MALBEC 6X750,3
746,ELEMENTOS MALBEC 6X750 ,6
746,FRIZZE EVOL BLUE NEW X1000,3
746,SMIRNOFF RASPBERRY DO 6X700,3
746,SUTER VARIETAL MALBEC 6X750,9
746,TRAPICHE ALARIS MALBEC 6X750,3
747,DADA ART MALBEC 6X750,3
747,FRIZZE EVOL BLUE NEW X1000,3
747,GORDON´S GIN 6x700,-3
747,SMIRNOFF GREEN APPLE DO 6X700,12
747,SMIRNOFF RASPBERRY DO 6X700,3
747,TRAPICHE ALARIS DULCE COSECHA 6X750,6
747,TRAPICHE ALARIS MALBEC 6X750,3
748,ALMA MORA MALBEC 6X750,6
748,DADA ESPUMANTE MARACUYA 6X750,4
748,F.LAS MORAS MALBEC 6X750,6
748,FRIZZE EVOL BLUE NEW X1000,2
748,SMF ICE RED BERRIE LAT 4X6X473,12
748,SMIRNOFF GREEN APPLE DO 6X700,66
748,SMIRNOFF ICE LATA 4X6X473,6
748,SMIRNOFF RASPBERRY DO 6X700,93
748,SMIRNOFF TROPICAL FRUITS 6X700,30
748,SUTER VARIETAL MALBEC 6X750,0
749,TRAPICHE ALARIS DULCE COSECHA 6X750,6
750,ALMA MORA MALBEC 6X750,15
750,CAZADOR CAB. SAU 6X750,3
750,CAZADOR MALBEC 6X750,3
750,DADA ART MALBEC 6X750,3
750,DADA FMORAS N°3 6X750,3
750,EL ESTECO MALBEC 6X750,6
750,ELEMENTOS MALBEC 6X750 ,12
750,F.LAS MORAS MALBEC 6X750,12
750,FOND CAV RESERVA CAB SAUV FRANCE X750,3
750,FOND CAVE CABSAU 6X750,3
750,FRIZZE EVOL BLUE NEW X1000,3
750,JW DOUBLE BLACK 6x750,1
750,LOS ARBOLES SEL MALBEC 6X750,3
750,SHERIDANS 6X750,1
750,SUTER VARIETAL CABERNET 6X750,3
750,SUTER VARIETAL MALBEC 6X750,6
750,TRAPICHE ALARIS DULCE COSECHA 6X750,6
750,TRAPICHE ALARIS MALBEC 6X750,6
751,ALMA MORA BLANCO DULCE LOW 6X750,3
751,ALMA MORA BLEND BLANCO 6X750,0
751,ALMA MORA BLEND DULCE 6X 750,6
751,ALMA MORA BLEND TINTO 6X750,9
751,ALMA MORA CABSAUV6X750 ,27
751,ALMA MORA MALBEC 6X750,39
751,ALMA MORA MERLOT 6X750,6
751,ALMA MORA SEL RVE MALBEC 6X750,18
751,ALMA MORA SYRAH 6X750,3
751,ALMA MORA SYRAH ROSE 6X750 ,0
751,ANTARES IPA LATA 6X473 (NEW),42
751,ANTARES IPA SIN ALC LATA 6X473,12
751,ANTARES LAGER LATA 6X473,36
751,ANTARES LATA SCOTCH 6 X 473ML,6
751,CAZADOR CAB. SAU 6X750,3
751,CAZADOR MALBEC 6X750,3
751,COLECCION PRIVADA MALBEC,9
751,DADA 7 SWEET  6X750,6
751,DADA ART CABERNET 6X750 ,12
751,DADA ART MALBEC 6X750,9
751,DADA FMORAS N°1 6X750,15
751,DADA FMORAS N°2 6X750 ,12
751,DADA FMORAS N°3 6X750,18
751,DADA INCREDIBLENDS 1  X750,0
751,DADA N6 HONEY X750,3
751,DADA N°8 CHOCOLATE 6X750 ,9
751,DADA SIDRA 6X750,3
751,DON DAVID CABERNET 6X750,12
751,DON DAVID MALBEC 6X750,27
751,ELEMENTOS CABSAUV 6X750 ,12
751,ELEMENTOS MALBEC 6X750 ,33
751,ELEMENTOS RED BLEND 6 X 750,9
751,ELEMENTOS ROSADO TORRONT 6X750 ,8
751,F. LAS MORAS BCO DULCE 6X750 ,3
751,F.LAS MORAS CABSAU 6X750 ,12
751,F.LAS MORAS MALBEC 6X750,33
751,FOND CAVE CABSAU 6X750,9
751,FOND CAVE MALBEC 6X750 ,21
751,FRIZZE EVOL BLUE NEW X1000,12
751,GORDON´S PINK GIN 6X700,5
751,GORDON´S TONIC 4X6X473,24
751,INTOCABLES DOUBLE OAK 6 X 750,3
751,JW RED 12X750 UK,2
751,LEGUI 40 AÑOS 12X750,3
751,LOS ARBOLES SEL CABERNET 6X750,21
751,LOS ARBOLES SEL MALBEC 6X750,27
751,LOS INTOCABLES MALBEC 6X750,3
751,NC S E.BRUT4X6X355,6
751,SAN TELMO MALBEC X750,6
751,SMF ICE GREENAPPLE LAT 4X6X473,18
751,SMF ICE RED BERRIE LAT 4X6X473,36
751,SMIRNOFF 21 DO 12X700,9
751,SMIRNOFF ICE LATA 4X6X473,24
751,TRAPICHE ALARIS CABSAUV 6X750 ,6
751,TRAPICHE ALARIS CHARDO 6X750 ,15
751,TRAPICHE ALARIS DULCE COSECHA 6X750,6
751,TRAPICHE ALARIS MALBEC 6X750,9
751,TRAPICHE RESERVA MALBEC 6X750,12
751,VAT 69 HONEY X700,-3
751,WHITE HORSE DO 12X750,1
753,DADA ART CABERNET 6X750 ,18
753,DADA ART MALBEC 6X750,24
753,DADA FMORAS N°1 6X750,6
754,ALMA MORA MALBEC 6X750,12
754,ANTARES MICRO IPA 25 AÑOS,6
754,DADA ART MALBEC 6X750,9
754,DADA ESPUMANTE MARACUYA 6X750,6
754,DADA FMORAS N°1 6X750,3
754,ELEMENTOS MALBEC 6X750 ,12
754,F.LAS MORAS MALBEC 6X750,3
754,FOND CAVE MALBEC 6X750 ,3
754,FRIZZE EVOL BLUE NEW X1000,189
754,GORDON´S GIN 6x700,9
754,LOS ARBOLES SEL MALBEC 6X750,12
754,LOS INTOCABLES MALBEC 6X750,3
754,NC SPARK EBRUT 6X750 estuche,6
754,ORIGEN BY TRAPICHE MALBEC 6X750,3
754,SAN TELMO SPARK DULCE 6X750,6
754,SMIRNOFF RASPBERRY DO 6X700,9
754,SMIRNOFF TAMARINDO 6 X 700,180
754,TRAPICHE ALARIS MALBEC 6X750,12
754,TRAPICHE RESERVA MALBEC 6X750,6
755,ALMA MORA MALBEC 6X750,3
755,DADA FMORAS N°1 6X750,3
755,ELEMENTOS MALBEC 6X750 ,3
755,F.LAS MORAS MALBEC 6X750,3
755,LOS ARBOLES SEL MALBEC 6X750,3
756,ALMA MORA MALBEC 6X750,3
756,DADA ART MALBEC 6X750,3
756,DADA FMORAS N°1 6X750,3
756,ELEMENTOS MALBEC 6X750 ,3
756,F.LAS MORAS MALBEC 6X750,3
756,FRIZZE EVOL BLUE NEW X1000,6
756,GORDON´S GIN 6x700,3
756,LOS ARBOLES SEL MALBEC 6X750,3
756,SMIRNOFF RASPBERRY DO 6X700,3
756,TRAPICHE ALARIS MALBEC 6X750,3
758,SMF  BC GRAPEF&LIME  LATA 4X6X473,0
758,SMF BC RUBYORANGE&LIME LATA 4X6X473,0
758,SMF ICE GREENAPPLE LAT 4X6X473,6
758,SMF ICE RED BERRIE LAT 4X6X473,6
758,SMIRNOFF GREEN APPLE DO 6X700,3
758,SMIRNOFF RASPBERRY DO 6X700,12
758,SMIRNOFF TROPICAL FRUITS 6X700,0
760,ALMA MORA MALBEC 6X750,3
760,DADA FMORAS N°1 6X750,3
760,LOS ARBOLES SEL MALBEC 6X750,3
763,ALMA MORA MALBEC 6X750,3
763,DADA FMORAS N°1 6X750,3
763,LOS ARBOLES SEL MALBEC 6X750,3
764,ALMA MORA MALBEC 6X750,18
764,F.LAS MORAS MALBEC 6X750,6
764,LEGUI 40 AÑOS 12X750,12
764,SHERIDANS 6X750,3
764,WHITE HORSE DO 12X750,3
767,ALMA MORA BLEND DULCE 6X 750,6
767,ANTARES IPA LATA 6X473 (NEW),6
767,DADA LATA SWEET  4X6X355,6
767,DADA LATA SWEET PINK 4X6X355,6
767,ELEMENTOS MALBEC 6X750 ,12
767,F. LAS MORAS BCO DULCE 6X750 ,6
767,F.LAS MORAS CABSAU 6X750 ,6
767,F.LAS MORAS MALBEC 6X750,6
767,GORDON´S TONIC 4X6X473,6
767,SMF  BC GRAPEF&LIME  LATA 4X6X473,6
767,SMF BC RUBYORANGE&LIME LATA 4X6X473,6
767,SMF ICE GREENAPPLE LAT 4X6X473,6
767,SMF ICE RED BERRIE LAT 4X6X473,48
767,SMIRNOFF ICE LATA 4X6X473,6
769,ALMA MORA CABSAUV6X750 ,9
769,ALMA MORA MALBEC 6X750,15
769,ALMA MORA SYRAH 6X750,6
769,DADA 7 SWEET  6X750,9
769,DADA ART CABERNET 6X750 ,3
769,DADA ART MALBEC 6X750,3
769,DADA ESPUMANTE ROS6X750 ,6
769,DADA FMORAS N°1 6X750,6
769,DADA FMORAS N°2 6X750 ,9
769,DADA FMORAS N°3 6X750,6
769,DADA N°8 CHOCOLATE 6X750 ,3
769,DADA WHITE MALBEC 6X750,3
769,DON DAVID MALBEC 6X750,9
769,DON DAVID RESERVA MALBEC X750,9
769,ELEMENTOS MALBEC 6X750 ,9
769,F.LAS MORAS CABSAU 6X750 ,6
769,F.LAS MORAS MALBEC 6X750,18
769,FOND CAVE MALBEC 6X750 ,12
769,FOND CAVE RVA MALBEC 6X750,6
769,FRIZZE EVOL BLUE NEW X1000,6
769,GORDONS  TROPICAL FRUITS 6X700,3
769,GORDON´S GIN 6x700,3
769,GORDON´S PINK GIN 6X700,3
769,GORDON´S TONIC 4X6X473,12
769,JW RED 12X1000 UK,1
769,LOS ARBOLES SEL CABERNET 6X750,6
769,LOS ARBOLES SEL MALBEC 6X750,9
769,LOS INTOCABLES CAB.SAUV 6X750,6
769,LOS INTOCABLES MALBEC 6X750,6
769,SMF ICE GREENAPPLE LAT 4X6X473,6
769,SMF ICE RED BERRIE LAT 4X6X473,6
769,SMIRNOFF BC GRAPEF.&LIME 6X700,3
769,SMIRNOFF GREEN APPLE DO 6X700,150
769,SMIRNOFF RASPBERRY DO 6X700,156
769,SMIRNOFF TROPICAL FRUITS 6X700,3
769,TRAPICHE ALARIS CABSAUV 6X750 ,3
769,TRAPICHE ALARIS MALBEC 6X750,3
769,WHITE HORSE DO 12X750,1
771,ALMA MORA BLEND DULCE 6X 750,3
771,ALMA MORA CABSAUV6X750 ,6
771,ALMA MORA MALBEC 6X750,3
771,ANTARES IPA SIN ALC LATA 6X473,6
771,DADA N6 HONEY X750,6
771,DADA N°8 CHOCOLATE 6X750 ,3
771,DADA WHITE MALBEC 6X750,6
771,ELEMENTOS CABSAUV 6X750 ,6
771,ELEMENTOS MALBEC 6X750 ,3
771,F. LAS MORAS BCO DULCE 6X750 ,6
771,F.LAS MORAS MALBEC 6X750,9
771,LOS ARBOLES SEL MALBEC 6X750,3
771,LOS INTOCABLES MALBEC 6X750,9
771,SMF  BC GRAPEF&LIME  LATA 4X6X473,6
771,TRAPICHE ALARIS CABSAUV 6X750 ,3
771,TRAPICHE ALARIS DULCE COSECHA 6X750,6
771,TRAPICHE ALARIS MALBEC 6X750,15
772,ALMA MORA MALBEC 6X750,3
772,DADA FMORAS N°1 6X750,3
772,LOS ARBOLES SEL MALBEC 6X750,3
773,ALMA MORA BLEND DULCE 6X 750,3
773,ALMA MORA MALBEC 6X750,12
773,ELEMENTOS MALBEC 6X750 ,16
773,F.LAS MORAS MALBEC 6X750,6
773,LEGUI 40 AÑOS 12X750,3
773,SAN TELMO MALBEC X750,3
773,WHITE HORSE DO 12X750,1
776,ALMA MORA CABSAUV6X750 ,3
776,ALMA MORA MERLOT 6X750,3
776,ALMA MORA SYRAH ROSE 6X750 ,3
776,DADA 7 SWEET  6X750,6
776,DADA FMORAS N°3 6X750,3
776,ELEMENTOS MALBEC 6X750 ,6
776,FRIZZE BLUE LATA X473,6
776,GORDON´S GIN 6x700,2
776,GORDON´S TONIC 4X6X473,6
776,SAN TELMO MALBEC X750,3
776,SMF ICE GREENAPPLE LAT 4X6X473,18
776,SMF ICE RED BERRIE LAT 4X6X473,12
776,SMIRNOFF ICE LATA 4X6X473,6
776,SMIRNOFF RASPBERRY DO 6X700,6
776,TRAPICHE ALARIS SYRAH 6X750 ,3
776,WHITE HORSE DO 12X750,3
778,WHITE HORSE DO 12X750,12
780,ALMA MORA MALBEC 6X750,9
784,ALMA MORA MALBEC 6X750,3
784,DADA ART MALBEC 6X750,3
784,DADA FMORAS N°1 6X750,3
784,ELEMENTOS MALBEC 6X750 ,3
784,F.LAS MORAS MALBEC 6X750,3
784,FRIZZE EVOL BLUE NEW X1000,6
784,GORDON´S GIN 6x700,3
784,LOS ARBOLES SEL MALBEC 6X750,3
784,SMIRNOFF RASPBERRY DO 6X700,3
784,TRAPICHE ALARIS MALBEC 6X750,3
785,ALMA MORA MALBEC 6X750,3
785,SMF ICE RED BERRIE LAT 4X6X473,18
785,SMIRNOFF BC GRAPEF.&LIME 6X700,12
785,SMIRNOFF BC TANGE&LEMONGRASS 6X700,3
785,SMIRNOFF GREEN APPLE DO 6X700,9
785,SMIRNOFF RASPBERRY DO 6X700,57
786,ALEGORIA MALBEC 6X750,12
786,ALMA MORA BLEND DULCE 6X 750,30
786,ALMA MORA CHARD 6X750,60
786,ALMA MORA SEL RVE BLEND 6X750,18
786,ALMA MORA SEL RVE CHARDO 6X750,30
786,BAILEYS NUEVA BOTELLA 12x750,600
786,BAILEYS SALTED CARAMEL 12X750,60
786,BUCHANANAS DELUXE 12X750,24
786,CAOL ILA 12 AÑOS 6X750,6
786,COLECCION PRIVADA CAB SAUV 6X750,18
786,COLECCION PRIVADA CHARD 6X750,30
786,DADA 7 ORANGE BITTER 6X750,414
786,DADA ESPUMANTE 6X750 ,1656
786,DADA ESPUMANTE MARACUYA 6X750,2070
786,DADA ESPUMANTE ROS6X750 ,828
786,DADA LATA SWEET  4X6X355,24
786,DADA LATA SWEET PINK 4X6X355,24
786,DON DAVID CABERNET 6X750,30
786,DON DAVID MALBEC 6X750,120
786,DON DAVID SYRAH 6X750,30
786,DON DAVID TORRONTES 6X750,60
786,EL BAUTISMO BLEND B. DLCE 6X750 ,60
786,EL BAUTISMO MALBEC 6X750 ,60
786,EL ESTECO CABERNET SAUV 6X750,-6
786,EL ESTECO MALBEC 6X750,-60
786,ELEMENTOS CHARDONNAY 6X750,90
786,ELEMENTOS MALBEC 6X750 ,840
786,ELEMENTOS SYRAH 6X750 ,30
786,ELEMENTOS TORRONTES 6X750 ,270
786,ELEMENTOS TORRONTES DLCE6X750 ,90
786,F. LAS MORAS BCO DULCE 6X750 ,60
786,F. LAS MORAS ROSADO 6X750 ,30
786,F. LAS MORAS SAUV.BLANC 6X750 ,120
786,FOND CAV RESERVA CAB SAUV FRANCE X750,60
786,FOND CAV RESERVA PET. VERDOT X750,18
786,FOND CAVE CHAMPAÑA 6X750,18
786,FOND CAVE CHARD 6X750,30
786,FOND CAVE G. RVA MALBEC 6X750,12
786,FOND CAVE MALBEC 6X750 ,144
786,FOND CAVE RVA CABSAU 6X750,18
786,FOND CAVE RVA SAUVIGNON 6X750,-12
786,GORDON´S GIN 6x700,90
786,GORDON´S TONIC 4X6X473,72
786,GRAN MASCOTA MALBEC 6X750,6
786,GRAN MEDALLA CABERN SAUV 6 X 750,6
786,J WALKER 18 6x750,12
786,J WALKER BLACK ICON 12X700,12
786,J WALKER GREEN 6X750,12
786,J&B RARE 12X750,468
786,JW BLACK LABEL 12x1000,120
786,JW BLACK LABEL 12x750,132
786,JW DOUBLE BLACK 6x750,42
786,JW GOLD RVE 6x750,6
786,JW RED 12X1000 UK,132
786,JW RED 12X750 UK,264
786,KETEL ONE 12 X 750,12
786,LA MASCOTA CAB. SAUV 6X750,30
786,LA MASCOTA SPARK BL NOIR 6X750,18
786,MEDALLA CABERNET SAUV 6X750,12
786,MEDALLA MALBEC 6X750,18
786,OLD PARR 12YO 12x750,24
786,PIMMS BITTER 12X750,24
786,SAN TELMO SPARK E.BRUT 6X750,60
786,SHERIDANS 6X750,60
786,SINGLETON 12 YO 6X700,18
786,SINGLETON 15 YO 6X700,-6
786,SINGLETON 18 YO 6X700,12
786,SMF  BC GRAPEF&LIME  LATA 4X6X473,0
786,SMF ICE GREENAPPLE LAT 4X6X473,240
786,SMF ICE RED BERRIE LAT 4X6X473,192
786,SMIRNOFF BC GRAPEF.&LIME 6X700,60
786,SMIRNOFF BC ORANGE & LIME 6X700,30
786,SMIRNOFF BC TANGE&LEMONGRASS 6X700,30
786,SMIRNOFF GREEN APPLE DO 6X700,1890
786,SMIRNOFF ICE LATA 4X6X473,192
786,SMIRNOFF RASPBERRY DO 6X700,2820
786,SMIRNOFF TROPICAL FRUITS 6X700,180
786,SMIRNOFF WATERMELON 6X700,90
786,TALISKER 10 AÑOS 6X750 ML,6
786,TANQUERAY ROYALE X750,12
786,TRAPICHE ALARIS CHARDO 6X750 ,60
786,TRAPICHE RESERVA MALBEC 6X750,-90
786,WHITE HORSE DO 12X750,120
786,ZACAPA CENT XO 6x750,6
786,ZACAPA CENTENARIO 6x750,6
787,FRIZZE EVOL BLUE NEW X1000,3
788,COLECCION PRIVADA MALBEC,3
788,DADA FMORAS N°1 6X750,3
788,F.LAS MORAS MALBEC 6X750,3
788,LOS INTOCABLES MALBEC 6X750,3
788,SMF ICE RED BERRIE LAT 4X6X473,6
789,ALMA MORA MALBEC 6X750,9
789,ANTARES MICRO IPA 25 AÑOS,6
789,DADA ART MALBEC 6X750,6
789,DADA ESPUMANTE MARACUYA 6X750,6
789,DADA FMORAS N°1 6X750,3
789,ELEMENTOS MALBEC 6X750 ,9
789,F.LAS MORAS MALBEC 6X750,3
789,FOND CAVE MALBEC 6X750 ,3
789,FRIZZE EVOL BLUE NEW X1000,6
789,GORDON´S GIN 6x700,6
789,LOS ARBOLES SEL MALBEC 6X750,9
789,LOS INTOCABLES MALBEC 6X750,3
789,NC SPARK EBRUT 6X750 estuche,6
789,ORIGEN BY TRAPICHE MALBEC 6X750,3
789,SAN TELMO SPARK DULCE 6X750,6
789,SMIRNOFF RASPBERRY DO 6X700,6
789,TRAPICHE ALARIS MALBEC 6X750,9
789,TRAPICHE RESERVA MALBEC 6X750,6
790,ALMA MORA MALBEC 6X750,3
791,COLECCION PRIVADA MALBEC,3
791,DADA FMORAS N°1 6X750,3
791,F.LAS MORAS MALBEC 6X750,3
791,LOS INTOCABLES MALBEC 6X750,3
792,ALMA MORA MALBEC 6X750,9
792,DADA ESPUMANTE 6X750 ,3
792,DADA FMORAS N°1 6X750,3
792,ELEMENTOS MALBEC 6X750 ,6
792,F.LAS MORAS MALBEC 6X750,3
792,LOS ARBOLES SEL MALBEC 6X750,3
792,TRAPICHE ALARIS MALBEC 6X750,3
794,ALMA MORA MALBEC 6X750,3
794,DADA ART MALBEC 6X750,3
794,DADA FMORAS N°1 6X750,3
794,F.LAS MORAS MALBEC 6X750,3
794,FRIZZE EVOL BLUE NEW X1000,6
794,GORDON´S GIN 6x700,-3
794,LOS ARBOLES SEL MALBEC 6X750,3
794,SMIRNOFF RASPBERRY DO 6X700,3
794,TRAPICHE ALARIS MALBEC 6X750,3
796,FRIZZE EVOL BLUE NEW X1000,3
797,ALMA MORA BLEND DULCE 6X 750,12
797,ALMA MORA MALBEC 6X750,6
797,ALMA MORA SYRAH ROSE 6X750 ,3
797,ANTARES IPA SIN ALC LATA 6X473,6
797,ANTARES LATA IPA 6 X 473ML,12
797,DADA 7 ORANGE BITTER 6X750,6
797,DADA ESPUMANTE 6X750 ,6
797,DADA ESPUMANTE MARACUYA 6X750,18
797,DADA ESPUMANTE ROS6X750 ,6
797,DADA EXTRA BRUT 6X750,6
797,DADA FMORAS N°2 6X750 ,3
797,DADA N°8 CHOCOLATE 6X750 ,12
797,DADA N°9 CARAMEL 6X750,6
797,FRIZZE EVOL BLUE NEW X1000,27
797,SAN TELMO SPARK EXT DULCE 6X75 Ma,6
797,SMF  BC GRAPEF&LIME  LATA 4X6X473,6
797,SMF ICE GREENAPPLE LAT 4X6X473,54
797,SMF ICE RED BERRIE LAT 4X6X473,54
797,SMIRNOFF BC ORANGE & LIME 6X700,12
797,SMIRNOFF GREEN APPLE DO 6X700,21
797,SMIRNOFF ICE LATA 4X6X473,24
797,SMIRNOFF RASPBERRY DO 6X700,15
797,TRAPICHE ALARIS DULCE COSECHA 6X750,9
797,TRAPICHE ALARIS MALBEC 6X750,3
799,ALMA MORA MALBEC 6X750,6
799,DADA ART CABERNET 6X750 ,3
799,F. LAS MORAS BCO DULCE 6X750 ,6
799,F.LAS MORAS MALBEC 6X750,6
799,FAIR FOR LIFE MALBEC 6X750 ,6
799,LOS ARBOLES SEL MALBEC 6X750,3
799,TRAPICHE ALARIS DULCE COSECHA 6X750,18
799,TRAPICHE ALARIS MALBEC 6X750,3
800,ALMA MORA MALBEC 6X750,6
800,DADA ART MALBEC 6X750,6
800,DADA ESPUMANTE 6X750 ,3
800,DADA ESPUMANTE MARACUYA 6X750,3
800,DADA ESPUMANTE ROS6X750 ,3
800,DADA LATA SWEET  4X6X355,6
800,ELEMENTOS CABSAUV 6X750 ,3
800,ELEMENTOS MALBEC 6X750 ,3
800,ELEMENTOS TORRONTES DLCE6X750 ,3
800,F LAS MORAS RED BLEND  6X 750,3
800,F. LAS MORAS BCO DULCE 6X750 ,3
800,F.LAS MORAS CABSAU 6X750 ,3
800,F.LAS MORAS MALBEC 6X750,15
800,FRIZZE BLUE LATA X473,6
800,LOS ARBOLES SEL MALBEC 6X750,6
800,LOS ARBOLES SEL RED BLEND 6X750,3
800,SAN TELMO MALBEC X750,12
800,SMF ICE GREENAPPLE LAT 4X6X473,18
800,SMF ICE RED BERRIE LAT 4X6X473,18
800,TRAPICHE ALARIS DULCE COSECHA 6X750,9
800,TRAPICHE ALARIS MALBEC 6X750,9
802,FRIZZE EVOL BLUE NEW X1000,3
802,SMIRNOFF GREEN APPLE DO 6X700,3
803,ALMA MORA MALBEC 6X750,3
803,DADA FMORAS N°1 6X750,3
803,LOS ARBOLES SEL MALBEC 6X750,3
804,DADA ART MALBEC 6X750,3
804,FRIZZE EVOL BLUE NEW X1000,3
804,SMIRNOFF 21 DO 12X700,-3
804,SMIRNOFF RASPBERRY DO 6X700,6
804,SMIRNOFF WATERMELON 6X700,3
804,TRAPICHE ALARIS MALBEC 6X750,3
806,COLECCION PRIVADA MALBEC,3
806,DADA FMORAS N°1 6X750,3
806,F.LAS MORAS MALBEC 6X750,3
806,LOS INTOCABLES MALBEC 6X750,3
809,ALMA MORA MALBEC 6X750,6
809,COLECCION PRIVADA MALBEC,3
809,DADA ART MALBEC 6X750,3
809,DADA FMORAS N°1 6X750,3
809,F.LAS MORAS MALBEC 6X750,15
809,LOS INTOCABLES MALBEC 6X750,3
810,DADA ART MALBEC 6X750,3
810,FRIZZE EVOL BLUE NEW X1000,3
810,SMIRNOFF 21 DO 12X700,-3
810,SMIRNOFF RASPBERRY DO 6X700,3
810,TRAPICHE ALARIS MALBEC 6X750,3
812,DADA ART MALBEC 6X750,3
812,FRIZZE EVOL BLUE NEW X1000,3
812,GORDON´S GIN 6x700,-3
812,SMIRNOFF RASPBERRY DO 6X700,3
812,TRAPICHE ALARIS MALBEC 6X750,3
813,FAIR FOR LIFE MALBEC 6X750 ,6
813,FRIZZE EVOL BLUE NEW X1000,3
813,SMIRNOFF GREEN APPLE DO 6X700,3
814,ALMA MORA MALBEC 6X750,3
815,ALMA MORA MALBEC 6X750,36
815,CAZADOR CAB. SAU 6X750,3
815,CAZADOR MALBEC 6X750,3
815,DADA ART MALBEC 6X750,3
815,DADA ESPUMANTE MARACUYA 6X750,6
815,DADA N°8 CHOCOLATE 6X750 ,3
815,DADA WHITE MALBEC 6X750,3
815,DON DAVID MALBEC 6X750,6
815,DON DAVID RESERVA MALBEC X750,3
815,ELEMENTOS CABSAUV 6X750 ,6
815,ELEMENTOS MALBEC 6X750 ,9
815,F. LAS MORAS BCO DULCE 6X750 ,3
815,F.LAS MORAS MALBEC 6X750,18
815,FOND CAVE RVA CABSAU 6X750,6
815,FOND CAVE RVA MALBEC 6X750,6
815,FRIZZE EVOL BLUE NEW X1000,3
815,LOS ARBOLES SEL MALBEC 6X750,3
815,SAN TELMO MALBEC X750,12
815,SMF ICE GREENAPPLE LAT 4X6X473,6
815,SMF ICE RED BERRIE LAT 4X6X473,18
815,SUTER VARIETAL MALBEC 6X750,3
815,TRAPICHE ALARIS CHARDO 6X750 ,0
815,TRAPICHE ALARIS DULCE COSECHA 6X750,3
815,TRAPICHE ALARIS MALBEC 6X750,6
816,ALMA MORA MALBEC 6X750,3
818,DADA ART MALBEC 6X750,3
818,FRIZZE EVOL BLUE NEW X1000,3
818,SMIRNOFF RASPBERRY DO 6X700,3
818,TRAPICHE ALARIS MALBEC 6X750,3
819,ALMA MORA MALBEC 6X750,3
819,ALMA MORA SYRAH 6X750,6
819,DADA ESPUMANTE MARACUYA 6X750,12
819,DADA FMORAS N°1 6X750,12
819,DADA FMORAS N°3 6X750,3
819,DON DAVID MALBEC 6X750,3
819,ELEMENTOS CHARDONNAY 6X750,3
819,FRIZZE EVOL BLUE NEW X1000,32
819,GORDONS  TROPICAL FRUITS 6X700,12
819,GORDON´S PINK GIN 6X700,12
819,SMF ICE GREENAPPLE LAT 4X6X473,48
819,SMF ICE RED BERRIE LAT 4X6X473,72
819,SMIRNOFF GREEN APPLE DO 6X700,90
819,SMIRNOFF RASPBERRY DO 6X700,150
819,SMIRNOFF TROPICAL FRUITS 6X700,30
820,DADA ART MALBEC 6X750,3
820,FRIZZE EVOL BLUE NEW X1000,3
820,SMIRNOFF RASPBERRY DO 6X700,3
820,TRAPICHE ALARIS MALBEC 6X750,3
822,SMF ICE GREENAPPLE LAT 4X6X473,18
822,SMF ICE RED BERRIE LAT 4X6X473,18
822,SMIRNOFF ICE LATA 4X6X473,18
823,FRIZZE EVOL BLUE NEW X1000,3
824,ALMA MORA MALBEC 6X750,3
824,DADA ART MALBEC 6X750,3
824,DADA FMORAS N°1 6X750,3
824,ELEMENTOS MALBEC 6X750 ,3
824,F.LAS MORAS MALBEC 6X750,3
824,FRIZZE EVOL BLUE NEW X1000,6
824,GORDON´S GIN 6x700,3
824,LOS ARBOLES SEL MALBEC 6X750,3
824,SMIRNOFF RASPBERRY DO 6X700,3
824,TRAPICHE ALARIS MALBEC 6X750,3
826,SMF ICE GREENAPPLE LAT 4X6X473,6
826,SMF ICE RED BERRIE LAT 4X6X473,12
826,SMIRNOFF 21 DO 12X700,3
826,SMIRNOFF RASPBERRY DO 6X700,6
826,SMIRNOFF TAMARINDO 6 X 700,3
829,ALMA MORA MALBEC 6X750,9
829,ANTARES MICRO IPA 25 AÑOS,0
829,DADA ART MALBEC 6X750,3
829,DADA ESPUMANTE MARACUYA 6X750,0
829,DADA FMORAS N°1 6X750,6
829,ELEMENTOS MALBEC 6X750 ,9
829,F.LAS MORAS MALBEC 6X750,6
829,FOND CAVE MALBEC 6X750 ,3
829,FRIZZE EVOL BLUE NEW X1000,3
829,GORDON´S GIN 6x700,3
829,LOS ARBOLES SEL MALBEC 6X750,9
829,LOS INTOCABLES MALBEC 6X750,0
829,NC SPARK EBRUT 6X750 estuche,0
829,ORIGEN BY TRAPICHE MALBEC 6X750,3
829,SAN TELMO SPARK DULCE 6X750,0
829,SMIRNOFF RASPBERRY DO 6X700,183
829,TRAPICHE ALARIS MALBEC 6X750,6
829,TRAPICHE RESERVA MALBEC 6X750,3
832,FRIZZE EVOL BLUE NEW X1000,3
834,ALMA MORA MALBEC 6X750,3
835,FRIZZE EVOL BLUE NEW X1000,3
837,ALMA MORA MALBEC 6X750,3
837,DADA ART MALBEC 6X750,3
837,DADA FMORAS N°1 6X750,3
837,F.LAS MORAS MALBEC 6X750,3
837,FRIZZE EVOL BLUE NEW X1000,6
837,GORDON´S GIN 6x700,-3
837,LOS ARBOLES SEL MALBEC 6X750,3
837,SMIRNOFF RASPBERRY DO 6X700,3
837,TRAPICHE ALARIS MALBEC 6X750,3
844,DADA ART MALBEC 6X750,3
844,FRIZZE EVOL BLUE NEW X1000,3
844,GORDON´S GIN 6x700,-3
844,SMIRNOFF RASPBERRY DO 6X700,3
844,TRAPICHE ALARIS MALBEC 6X750,3
847,ALMA MORA MALBEC 6X750,6
848,DADA ESPUMANTE ROS6X750 ,3
848,DON DAVID CABERNET 6X750,3
848,DON DAVID MALBEC 6X750,3
848,DON DAVID SYRAH 6X750,3
848,EL ULTIMO RIE MEJOR X750,3
848,FAIR FOR LIFE CHARDONNAY 6X750 ,3
848,FAIR FOR LIFE MALBEC 6X750 ,3
848,GORDON´S GIN 6x700,3
848,GORDON´S PINK GIN 6X700,6
848,J&B YELLOW 6X750,1
848,JW BLACK LABEL 12x750,2
848,JW DOUBLE BLACK 6x750,1
848,JW GOLD RVE 6x750,1
848,JW RED 12X1000 UK,2
848,JW RED 12X750 UK,5
848,LOS ARBOLES SEL CABERNET 6X750,3
848,LOS ARBOLES SEL MALBEC 6X750,27
848,LOS INTOCABLES CHARD  6X750,3
848,MEDALLA MALBEC 6X750,3
848,SAN TELMO CAB-SAUV X750,3
848,SAN TELMO MALBEC X750,3
848,SHERIDANS 6X750,2
848,SMF  BC GRAPEF&LIME  LATA 4X6X473,6
848,SMF ICE RED BERRIE LAT 4X6X473,6
848,SMIRNOFF 21 DO 12X700,12
848,SMIRNOFF GREEN APPLE DO 6X700,6
848,SMIRNOFF ICE LATA 4X6X473,0
848,SMIRNOFF RASPBERRY DO 6X700,42
848,SMIRNOFF TAMARINDO 6 X 700,6
848,SMIRNOFF TROPICAL FRUITS 6X700,24
848,TRAPICHE PURO MALBEC,3
848,VAT 69 APPLE X700,2
848,WHITE HORSE DO 12X750,2
849,ALMA MORA MALBEC 6X750,3
849,DADA FMORAS N°1 6X750,3
849,LOS ARBOLES SEL MALBEC 6X750,3
850,DADA ART MALBEC 6X750,3
850,F.LAS MORAS MALBEC 6X750,3
850,FRIZZE EVOL BLUE NEW X1000,3
850,SAN TELMO MALBEC X750,3
850,TRAPICHE ALARIS MALBEC 6X750,3
852,ALMA MORA MALBEC 6X750,3
852,ALMA MORA SEL RVE MALBEC 6X750,6
852,CAZADOR MALBEC 6X750,6
852,DADA ART CABERNET 6X750 ,6
852,DADA ART MALBEC 6X750,3
852,DADA INCREDIBLENDS 1  X750,3
852,ELEMENTOS CABSAUV 6X750 ,9
852,ELEMENTOS MALBEC 6X750 ,24
852,F.LAS MORAS CABSAU 6X750 ,3
852,F.LAS MORAS MALBEC 6X750,18
852,FOND CAVE MALBEC 6X750 ,3
852,LOS ARBOLES SEL MALBEC 6X750,3
852,SMF ICE RED BERRIE LAT 4X6X473,12
852,SMIRNOFF RASPBERRY DO 6X700,180
854,DADA ART MALBEC 6X750,3
854,FRIZZE EVOL BLUE NEW X1000,3
854,GORDON´S GIN 6x700,-3
854,GORDON´S TONIC 4X6X473,6
854,SMF  BC GRAPEF&LIME  LATA 4X6X473,6
854,SMF BC RUBYORANGE&LIME LATA 4X6X473,12
854,SMF ICE GREENAPPLE LAT 4X6X473,12
854,SMF ICE RED BERRIE LAT 4X6X473,2
854,SMIRNOFF ICE LATA 4X6X473,6
854,SMIRNOFF RASPBERRY DO 6X700,3
854,SMIRNOFF TROPICAL FRUITS 6X700,0
854,TRAPICHE ALARIS MALBEC 6X750,3
855,DADA ART MALBEC 6X750,3
855,FRIZZE BLUE LATA X473,6
855,FRIZZE EVOL BLUE NEW X1000,3
855,GORDON´S GIN 6x700,-3
855,SMF  BC GRAPEF&LIME  LATA 4X6X473,5
855,SMF BC RUBYORANGE&LIME LATA 4X6X473,5
855,SMF ICE GREENAPPLE LAT 4X6X473,6
855,SMF ICE RED BERRIE LAT 4X6X473,11
855,SMIRNOFF RASPBERRY DO 6X700,3
855,TRAPICHE ALARIS MALBEC 6X750,3
856,DADA ART MALBEC 6X750,3
856,FRIZZE EVOL BLUE NEW X1000,3
856,GORDON´S GIN 6x700,-3
856,SMIRNOFF RASPBERRY DO 6X700,3
856,TRAPICHE ALARIS MALBEC 6X750,3
858,FRIZZE EVOL BLUE NEW X1000,3
860,ALMA MORA MALBEC 6X750,9
863,ALMA MORA MALBEC 6X750,9
863,ANTARES IPA LATA 6X473 (NEW),6
863,ANTARES IPA SIN ALC LATA 6X473,6
863,ANTARES LAGER LATA 6X473,12
863,ANTARES LATA CARAVANA 6 X 473ML,6
863,ANTARES LATA HONEY 6 X 473ML,6
863,ANTARES LATA KOLSCH 6 X 473ML,6
863,ANTARES LATA SCOTCH 6 X 473ML,12
863,CAZADOR MALBEC 6X750,6
863,DADA ART MALBEC 6X750,3
863,DADA LATA SWEET  4X6X355,6
863,EL REGRESO SEM-CHEN  X750,6
863,ELEMENTOS MALBEC 6X750 ,3
863,F. LAS MORAS BCO DULCE 6X750 ,6
863,F.LAS MORAS MALBEC 6X750,6
863,FRIZZE BLUE LATA X473,18
863,FRIZZE BUBBLE MOOD 6X1000,6
863,FRIZZE EVOL BLUE NEW X1000,18
863,GORDONS  TROPICAL FRUITS 6X700,1
863,GORDON´S GIN 6x700,2
863,GORDON´S TONIC 4X6X473,18
863,LOS ARBOLES SEL MALBEC 6X750,6
863,SMF  BC GRAPEF&LIME  LATA 4X6X473,30
863,SMF BC RUBYORANGE&LIME LATA 4X6X473,12
863,SMF ICE GREENAPPLE LAT 4X6X473,102
863,SMF ICE RED BERRIE LAT 4X6X473,78
863,SMIRNOFF BC GRAPEF.&LIME 6X700,6
863,SMIRNOFF BC ORANGE & LIME 6X700,9
863,SMIRNOFF BC TANGE&LEMONGRASS 6X700,6
863,SMIRNOFF GREEN APPLE DO 6X700,87
863,SMIRNOFF ICE LATA 4X6X473,42
863,SMIRNOFF RASPBERRY DO 6X700,42
863,SMIRNOFF TROPICAL FRUITS 6X700,3
863,SMIRNOFF WATERMELON 6X700,15
863,TANQUERAY DRY GIN X700,1
863,TANQUERAY ROYALE X750,1
863,TRAPICHE ALARIS DULCE COSECHA 6X750,6
864,GORDON´S PINK GIN 6X700,3
864,GORDON´S TONIC 4X6X473,12
864,SMF ICE GREENAPPLE LAT 4X6X473,12
864,SMF ICE RED BERRIE LAT 4X6X473,48
864,SMIRNOFF BC GRAPEF.&LIME 6X700,3
864,SMIRNOFF BC ORANGE & LIME 6X700,3
866,ALMA MORA MALBEC 6X750,3
866,DADA FMORAS N°1 6X750,3
866,ELEMENTOS MALBEC 6X750 ,3
866,F.LAS MORAS MALBEC 6X750,3
866,LOS ARBOLES SEL MALBEC 6X750,3
867,ALMA MORA BLEND BLANCO 6X750,6
867,ALMA MORA MALBEC 6X750,6
867,ANTARES LAGER LATA 6X473,6
867,ANTARES LATA IPA 6 X 473ML,6
867,ANTARES LATA KOLSCH 6 X 473ML,6
867,CAZADOR MALBEC 6X750,3
867,DADA FMORAS N°1 6X750,6
867,ELEMENTOS MALBEC 6X750 ,6
867,FRIZZE EVOL BLUE NEW X1000,12
867,JW DOUBLE BLACK 6x750,3
867,LOS ARBOLES SEL MALBEC 6X750,12
867,LOS ARBOLES SEL RED BLEND 6X750,6
867,SAN TELMO MALBEC X750,6
867,SMF ICE RED BERRIE LAT 4X6X473,6
867,SMIRNOFF 21 DO 12X700,12
867,SMIRNOFF ICE LATA 4X6X473,6
867,TRAPICHE ALARIS MALBEC 6X750,6
867,TRAPICHE ALARIS TORRONTES 6X750 ,6
868,DADA ART MALBEC 6X750,3
868,FRIZZE EVOL BLUE NEW X1000,3
868,SMIRNOFF RASPBERRY DO 6X700,3
868,TRAPICHE ALARIS MALBEC 6X750,3
869,ALMA MORA MALBEC 6X750,3
869,DADA FMORAS N°1 6X750,3
869,LOS ARBOLES SEL MALBEC 6X750,3
870,ALMA MORA MALBEC 6X750,3
870,DADA FMORAS N°1 6X750,3
870,LOS ARBOLES SEL MALBEC 6X750,3
871,COLECCION PRIVADA MALBEC,3
871,DADA FMORAS N°1 6X750,3
871,F. LAS MORAS BCO DULCE 6X750 ,6
871,F.LAS MORAS MALBEC 6X750,3
871,LOS INTOCABLES MALBEC 6X750,3
873,ALMA MORA BLANCO DULCE LOW 6X750,6
873,ALMA MORA BLEND DULCE 6X 750,12
873,ALMA MORA CABSAUV6X750 ,18
873,ALMA MORA MALBEC 6X750,48
873,COLECCION PRIVADA MALBEC,3
873,DADA FMORAS N°1 6X750,9
873,DADA FMORAS N°2 6X750 ,3
873,DADA FMORAS N°3 6X750,6
873,DADA LATA SWEET  4X6X355,12
873,DADA LATA SWEET PINK 4X6X355,12
873,DADA N6 HONEY X750,6
873,DADA N°8 CHOCOLATE 6X750 ,18
873,DADA N°9 CARAMEL 6X750,3
873,F.LAS MORAS CABSAU 6X750 ,18
873,F.LAS MORAS MALBEC 6X750,27
873,GORDON´S GIN 6x700,6
873,GORDON´S PINK GIN 6X700,6
873,J&B YELLOW 6X750,3
873,JW RED 12X750 UK,2
873,LEGUI 40 AÑOS 12X750,3
873,LOS INTOCABLES MALBEC 6X750,3
873,SHERIDANS 6X750,3
873,SMF ICE GREENAPPLE LAT 4X6X473,12
873,SMF ICE RED BERRIE LAT 4X6X473,36
873,SMIRNOFF 21 DO 12X700,6
873,SMIRNOFF GREEN APPLE DO 6X700,15
873,SMIRNOFF RASPBERRY DO 6X700,33
873,SMIRNOFF TROPICAL FRUITS 6X700,3
873,SMIRNOFF WATERMELON 6X700,3
873,TRAPICHE RESERVA MALBEC 6X750,18
873,WHITE HORSE DO 12X750,3
874,ALMA MORA MALBEC 6X750,9
874,ALMA MORA SYRAH 6X750,6
874,ANTARES MICRO IPA 25 AÑOS,6
874,DADA ART MALBEC 6X750,6
874,DADA ESPUMANTE MARACUYA 6X750,18
874,DADA FMORAS N°1 6X750,15
874,DADA FMORAS N°3 6X750,3
874,DON DAVID MALBEC 6X750,3
874,ELEMENTOS CHARDONNAY 6X750,3
874,ELEMENTOS MALBEC 6X750 ,9
874,F. LAS MORAS SAUV.BLANC 6X750 ,5
874,F.LAS MORAS CABSAU 6X750 ,12
874,F.LAS MORAS MALBEC 6X750,3
874,FOND CAVE MALBEC 6X750 ,3
874,FRIZZE EVOL BLUE NEW X1000,36
874,GORDONS  TROPICAL FRUITS 6X700,12
874,GORDON´S GIN 6x700,6
874,GORDON´S PINK GIN 6X700,12
874,LOS ARBOLES SEL MALBEC 6X750,9
874,LOS INTOCABLES MALBEC 6X750,3
874,NC SPARK EBRUT 6X750 estuche,6
874,ORIGEN BY TRAPICHE MALBEC 6X750,3
874,SAN TELMO SPARK DULCE 6X750,6
874,SMF ICE GREENAPPLE LAT 4X6X473,48
874,SMF ICE RED BERRIE LAT 4X6X473,60
874,SMIRNOFF GREEN APPLE DO 6X700,90
874,SMIRNOFF RASPBERRY DO 6X700,156
874,SMIRNOFF TROPICAL FRUITS 6X700,30
874,TRAPICHE ALARIS MALBEC 6X750,9
874,TRAPICHE RESERVA MALBEC 6X750,6
874,WHITE HORSE DO 12X750,78
875,ALMA MORA MALBEC 6X750,9
875,FRIZZE EVOL BLUE NEW X1000,3
875,TRAPICHE ALARIS MALBEC 6X750,3
877,DADA FMORAS N°2 6X750 ,3
877,DADA FMORAS N°3 6X750,3
877,DADA INCREDIBLENDS 1  X750,3
877,DADA N6 HONEY X750,3
877,LEGUI 40 AÑOS 12X750,3
877,SMIRNOFF BC TANGE&LEMONGRASS 6X700,3
877,SMIRNOFF GREEN APPLE DO 6X700,12
877,SMIRNOFF RASPBERRY DO 6X700,9
877,SMIRNOFF TROPICAL FRUITS 6X700,6
878,ALMA MORA CABSAUV6X750 ,3
878,ALMA MORA MALBEC 6X750,9
878,COLECCION PRIVADA MALBEC,3
878,DADA ART MALBEC 6X750,6
878,DADA ESPUMANTE 6X750 ,3
878,DADA ESPUMANTE MARACUYA 6X750,3
878,DADA FMORAS N°1 6X750,6
878,DADA N6 HONEY X750,3
878,DADA N°8 CHOCOLATE 6X750 ,6
878,DON DAVID MALBEC 6X750,3
878,EL BAUTISMO MALBEC 6X750 ,6
878,ELEMENTOS MALBEC 6X750 ,9
878,F. LAS MORAS BCO DULCE 6X750 ,3
878,F.LAS MORAS MALBEC 6X750,6
878,FAIR FOR LIFE MALBEC 6X750 ,6
878,LOS ARBOLES SEL MALBEC 6X750,9
878,LOS ARBOLES SEL RED BLEND 6X750,3
878,LOS INTOCABLES MALBEC 6X750,3
878,ORIGEN BY TRAPICHE MALBEC 6X750,3
878,SAN TELMO MALBEC X750,6
878,TRAPICHE ALARIS MALBEC 6X750,6
879,ALMA MORA MALBEC 6X750,3
879,DADA FMORAS N°1 6X750,3
879,LOS ARBOLES SEL MALBEC 6X750,3
880,ALMA MORA MALBEC 6X750,9
880,DADA FMORAS N°3 6X750,3
880,F.LAS MORAS MALBEC 6X750,3
880,SMF ICE RED BERRIE LAT 4X6X473,12
880,TRAPICHE ALARIS MALBEC 6X750,3
881,ALMA MORA MALBEC 6X750,3
881,DADA FMORAS N°1 6X750,3
881,LOS ARBOLES SEL MALBEC 6X750,3
882,ALMA MORA BLEND BLANCO 6X750,6
882,ALMA MORA MALBEC 6X750,6
882,DADA FMORAS N°3 6X750,6
882,F.LAS MORAS MALBEC 6X750,6
882,LOS INTOCABLES MALBEC 6X750,6
882,TRAPICHE ALARIS MALBEC 6X750,6
883,ALMA MORA MALBEC 6X750,15
883,DADA ART MALBEC 6X750,9
883,DADA ESPUMANTE 6X750 ,3
883,DADA FMORAS N°1 6X750,3
883,EL BAUTISMO MALBEC 6X750 ,3
883,ELEMENTOS MALBEC 6X750 ,9
883,F.LAS MORAS MALBEC 6X750,6
883,FAIR FOR LIFE MALBEC 6X750 ,3
883,LOS ARBOLES SEL MALBEC 6X750,12
883,LOS ARBOLES SEL RED BLEND 6X750,3
883,SAN TELMO MALBEC X750,3
883,TRAPICHE ALARIS MALBEC 6X750,12
884,ALMA MORA MALBEC 6X750,3
884,DADA FMORAS N°1 6X750,3
884,LOS ARBOLES SEL MALBEC 6X750,3
886,ALMA MORA BLANCO DULCE LOW 6X750,3
886,ALMA MORA BLEND BLANCO 6X750,3
886,COLECCION PRIVADA MALBEC,3
886,DADA 7 ORANGE BITTER 6X750,6
886,DADA 7 SWEET  6X750,3
886,DADA ART MALBEC 6X750,6
886,DADA ESPUMANTE 6X750 ,3
886,DADA ESPUMANTE MARACUYA 6X750,3
886,DADA ESPUMANTE ROS6X750 ,9
886,DADA EXTRA BRUT 6X750,3
886,DADA N6 HONEY X750,3
886,DADA N°8 CHOCOLATE 6X750 ,3
886,DADA N°9 CARAMEL 6X750,6
886,DON DAVID MALBEC 6X750,2
886,EL BAUTISMO BLEND B. DLCE 6X750 ,6
886,EL BAUTISMO MALBEC 6X750 ,9
886,EL REGRESO SEM-CHEN  X750,3
886,ELEMENTOS MALBEC 6X750 ,15
886,F. LAS MORAS BCO DULCE 6X750 ,3
886,F.LAS MORAS MALBEC 6X750,12
886,FAIR FOR LIFE MALBEC 6X750 ,3
886,FOND CAVE MALBEC 6X750 ,3
886,FOND CAVE RVA MALBEC 6X750,3
886,FRIZZE BLUE LATA X473,18
886,FRIZZE BUBBLE MOOD 6X1000,6
886,FRIZZE EVOL BLUE NEW X1000,54
886,FRIZZE ITAL LIMA LATA X473,0
886,GORDON´S TONIC 4X6X473,36
886,HEREFORD BCO 6X750,6
886,JW BLACK LABEL 12x1000,2
886,JW RED 12X750 UK,3
886,LOS ARBOLES SEL MALBEC 6X750,9
886,ORIGEN BY TRAPICHE MALBEC 6X750,9
886,SAN TELMO MALBEC X750,12
886,SHERIDANS 6X750,2
886,SMF  BC GRAPEF&LIME  LATA 4X6X473,24
886,SMF BC RUBYORANGE&LIME LATA 4X6X473,18
886,SMF ICE GREENAPPLE LAT 4X6X473,114
886,SMF ICE RED BERRIE LAT 4X6X473,185
886,SMIRNOFF BC GRAPEF.&LIME 6X700,3
886,SMIRNOFF GREEN APPLE DO 6X700,6
886,SMIRNOFF ICE LATA 4X6X473,24
886,SMIRNOFF RASPBERRY DO 6X700,12
886,SMIRNOFF TAMARINDO 6 X 700,3
886,SUTER ETIQ MARRON NEW PIN 6X750,6
886,TRAPICHE ALARIS DULCE COSECHA 6X750,3
886,TRAPICHE ALARIS MALBEC 6X750,18
886,TRAPICHE RESERVA MALBEC 6X750,3
886,WHITE HORSE DO 12X750,12
887,ALMA MORA MALBEC 6X750,12
887,ANTARES MICRO IPA 25 AÑOS,6
887,DADA FMORAS N°1 6X750,3
887,ELEMENTOS MALBEC 6X750 ,3
887,F.LAS MORAS MALBEC 6X750,3
887,FRIZZE EVOL BLUE NEW X1000,3
887,GORDON´S GIN 6x700,3
887,LOS ARBOLES SEL MALBEC 6X750,3
887,SMIRNOFF GREEN APPLE DO 6X700,3
887,SMIRNOFF RASPBERRY DO 6X700,6
889,ALMA MORA BLEND TINTO 6X750,12
889,ALMA MORA CABSAUV6X750 ,30
889,ALMA MORA MALBEC 6X750,60
889,DADA ART MALBEC 6X750,24
889,DADA FMORAS N°1 6X750,6
889,DADA FMORAS N°3 6X750,12
889,DADA N6 HONEY X750,12
889,SAN TELMO MALBEC X750,-60
890,DADA ART MALBEC 6X750,3
890,FRIZZE EVOL BLUE NEW X1000,3
890,SMIRNOFF 21 DO 12X700,-3
890,SMIRNOFF RASPBERRY DO 6X700,3
890,TRAPICHE ALARIS MALBEC 6X750,3
891,DADA ART MALBEC 6X750,3
891,FRIZZE EVOL BLUE NEW X1000,3
891,SMIRNOFF RASPBERRY DO 6X700,3
891,TRAPICHE ALARIS MALBEC 6X750,3
892,DADA ART MALBEC 6X750,3
892,FRIZZE EVOL BLUE NEW X1000,3
892,GORDON´S GIN 6x700,-3
892,SMIRNOFF RASPBERRY DO 6X700,3
892,TRAPICHE ALARIS MALBEC 6X750,3
896,DADA ART MALBEC 6X750,3
896,FRIZZE EVOL BLUE NEW X1000,3
896,SMIRNOFF 21 DO 12X700,-3
896,SMIRNOFF RASPBERRY DO 6X700,3
896,TRAPICHE ALARIS MALBEC 6X750,3
897,SMIRNOFF GREEN APPLE DO 6X700,3
898,GORDON´S TONIC 4X6X473,6
898,SMF  BC GRAPEF&LIME  LATA 4X6X473,6
898,SMF BC RUBYORANGE&LIME LATA 4X6X473,6
898,SMF ICE GREENAPPLE LAT 4X6X473,6
898,SMF ICE RED BERRIE LAT 4X6X473,6
898,SMIRNOFF 21 DO 12X700,6
898,SMIRNOFF BC GRAPEF.&LIME 6X700,6
898,SMIRNOFF GREEN APPLE DO 6X700,12
898,SMIRNOFF RASPBERRY DO 6X700,36
898,SMIRNOFF TAMARINDO 6 X 700,6
898,SMIRNOFF TROPICAL FRUITS 6X700,24
898,SMIRNOFF WATERMELON 6X700,6
899,ALMA MORA MALBEC 6X750,9
899,DADA ESPUMANTE 6X750 ,3
899,DADA FMORAS N°1 6X750,3
899,ELEMENTOS MALBEC 6X750 ,6
899,F.LAS MORAS MALBEC 6X750,3
899,LOS ARBOLES SEL MALBEC 6X750,3
899,TRAPICHE ALARIS MALBEC 6X750,3
901,ALMA MORA MALBEC 6X750,9
901,DADA ESPUMANTE 6X750 ,3
901,DADA FMORAS N°1 6X750,3
901,ELEMENTOS MALBEC 6X750 ,6
901,F.LAS MORAS MALBEC 6X750,3
901,LOS ARBOLES SEL MALBEC 6X750,3
901,TRAPICHE ALARIS MALBEC 6X750,3
902,ALMA MORA MALBEC 6X750,3
902,FRIZZE EVOL BLUE NEW X1000,3
902,TRAPICHE ALARIS MALBEC 6X750,3
903,ALMA MORA MALBEC 6X750,3
904,ALMA MORA MALBEC 6X750,3
904,DADA FMORAS N°1 6X750,3
904,ELEMENTOS MALBEC 6X750 ,3
904,F.LAS MORAS MALBEC 6X750,3
904,LOS ARBOLES SEL MALBEC 6X750,3
907,FRIZZE BLUE LATA X473,0
907,SMIRNOFF BC GRAPEF.&LIME 6X700,0
907,SMIRNOFF BC ORANGE & LIME 6X700,0
907,SMIRNOFF BC TANGE&LEMONGRASS 6X700,0
907,SMIRNOFF ICE LATA 4X6X473,0
907,SMIRNOFF TROPICAL FRUITS 6X700,0
909,ALMA MORA MALBEC 6X750,9
909,SUTER VARIETAL MALBEC 6X750,6
912,ALMA MORA MALBEC 6X750,126
912,DADA ART MALBEC 6X750,12
912,ELEMENTOS TORRONTES 6X750 ,42
912,TRAPICHE ALARIS CHARDO 6X750 ,12
912,TRAPICHE ALARIS MALBEC 6X750,18
912,TRAPICHE ALARIS TORRONTES 6X750 ,36
913,FRIZZE EVOL BLUE NEW X1000,3
919,FRIZZE EVOL BLUE NEW X1000,3
921,ALMA MORA MALBEC 6X750,3
921,DADA ART MALBEC 6X750,3
921,DADA FMORAS N°1 6X750,3
921,ELEMENTOS MALBEC 6X750 ,3
921,F.LAS MORAS MALBEC 6X750,3
921,FRIZZE EVOL BLUE NEW X1000,6
921,LOS ARBOLES SEL MALBEC 6X750,3
921,SMIRNOFF RASPBERRY DO 6X700,3
921,TRAPICHE ALARIS MALBEC 6X750,3
922,ALMA MORA MALBEC 6X750,6
922,DADA FMORAS N°1 6X750,3
922,ELEMENTOS MALBEC 6X750 ,6
922,F.LAS MORAS MALBEC 6X750,3
922,LOS ARBOLES SEL MALBEC 6X750,3
924,ALMA MORA MALBEC 6X750,18
924,DADA ART MALBEC 6X750,3
924,DADA ESPUMANTE 6X750 ,3
924,DADA FMORAS N°1 6X750,3
924,ELEMENTOS MALBEC 6X750 ,15
924,F. LAS MORAS BCO DULCE 6X750 ,3
924,F.LAS MORAS MALBEC 6X750,12
924,FRIZZE EVOL BLUE NEW X1000,3
924,HEREFORD BCO 6X750,3
924,LOS ARBOLES SEL MALBEC 6X750,9
924,SAN TELMO MALBEC X750,3
924,SUTER VARIETAL MALBEC 6X750,12
924,TRAPICHE ALARIS CHARDO 6X750 ,3
924,TRAPICHE ALARIS MALBEC 6X750,15
925,ALMA MORA MALBEC 6X750,3
925,DADA ART MALBEC 6X750,3
925,FRIZZE EVOL BLUE NEW X1000,6
925,SMIRNOFF RASPBERRY DO 6X700,3
925,TRAPICHE ALARIS MALBEC 6X750,6
928,ELEMENTOS MALBEC 6X750 ,6
929,DADA ART MALBEC 6X750,3
929,FRIZZE EVOL BLUE NEW X1000,3
929,SMIRNOFF 21 DO 12X700,-3
929,SMIRNOFF RASPBERRY DO 6X700,3
929,TRAPICHE ALARIS MALBEC 6X750,3
930,ALMA MORA MALBEC 6X750,3
930,ANTARES MICRO IPA 25 AÑOS,6
930,DADA ART MALBEC 6X750,3
930,DADA FMORAS N°1 6X750,3
930,ELEMENTOS MALBEC 6X750 ,3
930,F.LAS MORAS MALBEC 6X750,3
930,FRIZZE EVOL BLUE NEW X1000,6
930,GORDON´S GIN 6x700,3
930,LOS ARBOLES SEL MALBEC 6X750,3
930,SMIRNOFF RASPBERRY DO 6X700,3
930,TRAPICHE ALARIS MALBEC 6X750,3
931,ALMA MORA MALBEC 6X750,27
931,BAILEYS NUEVA BOTELLA 12x750,1
931,DON DAVID TORRONTES 6X750,6
931,ELEMENTOS CHARDONNAY 6X750,18
931,ELEMENTOS MALBEC 6X750 ,12
931,F. LAS MORAS BCO DULCE 6X750 ,6
931,F. LAS MORAS ROSADO 6X750 ,6
931,F. LAS MORAS SAUV.BLANC 6X750 ,6
931,F.LAS MORAS MALBEC 6X750,12
931,GORDON´S GIN 6x700,1
931,GORDON´S PINK GIN 6X700,1
931,INTOCABLES DOUBLE OAK 6 X 750,6
931,LOS INTOCABLES CHARD  6X750,0
931,SMIRNOFF GREEN APPLE DO 6X700,3
931,TRAPICHE ALARIS CHARDO 6X750 ,18
931,TRAPICHE ALARIS DULCE COSECHA 6X750,24
931,TRAPICHE ALARIS MALBEC 6X750,6
931,TRAPICHE RESERVA CHARD 6X750 ,6
931,WHITE HORSE DO 12X750,6
932,ALMA MORA MALBEC 6X750,21
932,ANTARES IPA LATA 6X473 (NEW),12
932,ANTARES IPA SIN ALC LATA 6X473,60
932,ANTARES LAGER LATA 6X473,48
932,ANTARES LATA CARAVANA 6 X 473ML,29
932,ANTARES LATA HONEY 6 X 473ML,30
932,ANTARES LATA IPA 6 X 473ML,12
932,ANTARES LATA KOLSCH 6 X 473ML,6
932,ANTARES LATA SCOTCH 6 X 473ML,6
932,ANTARES PLAYA GRANDE 6 X 473ML,18
932,DADA 7 SWEET  6X750,12
932,DADA ART MALBEC 6X750,6
932,DADA ESPUMANTE 6X750 ,12
932,DADA ESPUMANTE MARACUYA 6X750,3
932,DADA ESPUMANTE ROS6X750 ,3
932,DADA FMORAS N°1 6X750,3
932,ELEMENTOS MALBEC 6X750 ,9
932,F.LAS MORAS MALBEC 6X750,3
932,FOND CAVE MALBEC 6X750 ,3
932,FRIZZE EVOL BLUE NEW X1000,6
932,GORDON´S GIN 6x700,18
932,GORDON´S PINK GIN 6X700,3
932,GORDON´S TONIC 4X6X473,35
932,LOS ARBOLES SEL MALBEC 6X750,9
932,ORIGEN BY TRAPICHE MALBEC 6X750,3
932,SMF  BC GRAPEF&LIME  LATA 4X6X473,-24
932,SMF BC RUBYORANGE&LIME LATA 4X6X473,18
932,SMF ICE GREENAPPLE LAT 4X6X473,12
932,SMF ICE RED BERRIE LAT 4X6X473,84
932,SMIRNOFF GREEN APPLE DO 6X700,186
932,SMIRNOFF RASPBERRY DO 6X700,24
932,TRAPICHE ALARIS MALBEC 6X750,9
932,TRAPICHE RESERVA MALBEC 6X750,3
932,WHITE HORSE DO 12X750,2
933,ALMA MORA MALBEC 6X750,3
933,DADA ART MALBEC 6X750,3
933,DADA FMORAS N°1 6X750,3
933,FRIZZE EVOL BLUE NEW X1000,3
933,SMF ICE GREENAPPLE LAT 4X6X473,6
933,SMF ICE RED BERRIE LAT 4X6X473,6
933,SMIRNOFF RASPBERRY DO 6X700,3
933,TRAPICHE ALARIS MALBEC 6X750,3
934,ALMA MORA MALBEC 6X750,6
934,COLECCION PRIVADA MALBEC,3
934,DADA FMORAS N°1 6X750,3
934,ELEMENTOS MALBEC 6X750 ,3
934,F.LAS MORAS MALBEC 6X750,3
934,LOS INTOCABLES MALBEC 6X750,3
934,TRAPICHE RESERVA MALBEC 6X750,3
937,ALARIS D.COSECHA TINTO 6X750,6
937,ALMA MORA CABSAUV6X750 ,6
937,ALMA MORA MALBEC 6X750,18
937,ANTARES IPA LATA 6X473 (NEW),12
937,ANTARES LAGER LATA 6X473,12
937,ANTARES LATA HONEY 6 X 473ML,6
937,ANTARES LATA SCOTCH 6 X 473ML,6
937,COLECCION PRIVADA MALBEC,6
937,DADA 7 SWEET  6X750,6
937,DADA ESPUMANTE MARACUYA 6X750,6
937,DADA ESPUMANTE ROS6X750 ,12
937,DADA SIDRA 6X750,6
937,ELEMENTOS MALBEC 6X750 ,24
937,F.LAS MORAS MALBEC 6X750,12
937,FOND CAV RESERVA CAB SAUV FRANCE X750,9
937,FOND CAVE MALBEC 6X750 ,48
937,FOND CAVE RVA MALBEC 6X750,9
937,FRIZZE EVOL BLUE NEW X1000,6
937,GORDONS  TROPICAL FRUITS 6X700,3
937,GORDON´S GIN 6x700,9
937,GORDON´S PINK GIN 6X700,39
937,GORDON´S TONIC 4X6X473,12
937,JW BLACK LABEL 12x750,1
937,JW RED 12X750 UK,2
937,LOS ARBOLES SEL MALBEC 6X750,6
937,NC S E.BRUT4X6X355,6
937,NC SPARK EBRUT 6X750 nuevo,12
937,SHERIDANS 6X750,1
937,SMF ICE GREENAPPLE LAT 4X6X473,90
937,SMF ICE RED BERRIE LAT 4X6X473,132
937,SMIRNOFF BC GRAPEF.&LIME 6X700,6
937,SMIRNOFF BC ORANGE & LIME 6X700,6
937,SMIRNOFF BC TANGE&LEMONGRASS 6X700,6
937,SMIRNOFF GREEN APPLE DO 6X700,12
937,SMIRNOFF ICE LATA 4X6X473,12
937,SMIRNOFF RASPBERRY DO 6X700,78
937,SMIRNOFF TROPICAL FRUITS 6X700,72
937,SMIRNOFF WATERMELON 6X700,12
937,TRAPICHE ALARIS DULCE COSECHA 6X750,6
937,TRAPICHE RESERVA MALBEC 6X750,6
937,WHITE HORSE DO 12X750,2
938,ALMA MORA BLEND DULCE 6X 750,90
938,ALMA MORA BLEND TINTO 6X750,120
938,ALMA MORA CHARD 6X750,360
938,ALMA MORA MALBEC 6X750,1290
938,ALMA MORA SEL RVE CABER 6X750,120
938,ALMA MORA SEL RVE CHARDO 6X750,60
938,ALMA MORA SEL RVE MALBEC 6X750,390
938,ALMA MORA SYRAH 6X750,120
938,ALMA MORA SYRAH ROSE 6X750 ,30
938,BAILEYS NUEVA BOTELLA 12x750,120
938,COLECCION PRIVADA BLEND 6X750,24
938,COLECCION PRIVADA CAB SAUV 6X750,48
938,COLECCION PRIVADA CHARD 6X750,12
938,COLECCION PRIVADA MALBEC,96
938,DADA ART MALBEC 6X750,60
938,DADA ESPUMANTE ROS6X750 ,42
938,DADA FMORAS N°1 6X750,-6
938,DADA FMORAS N°3 6X750,240
938,DADA LATA SWEET PINK 4X6X355,-72
938,DOLORES ESPUMANTE ROSE 6X750,24
938,DON DAVID CABERNET 6X750,156
938,DON DAVID CHARDONNAY 6X750,150
938,DON DAVID MALBEC 6X750,240
938,EL BAUTISMO BLEND TINTAS 6X750 ,-12
938,EL BAUTISMO MALBEC 6X750 ,60
938,ELEMENTOS CHARDONNAY 6X750,240
938,ELEMENTOS MALBEC 6X750 ,2340
938,ELEMENTOS TANNAT 6X750 ,168
938,ELEMENTOS TORRONTES 6X750 ,654
938,F. LAS MORAS BCO DULCE 6X750 ,234
938,F. LAS MORAS SAUV.BLANC 6X750 ,492
938,F.LAS MORAS MALBEC 6X750,360
938,F.LAS MORAS SYRAH 6X750 ,-60
938,FOND CAVE CABSAU 6X750,84
938,FOND CAVE CHARD 6X750,36
938,FOND CAVE G. RVA MALBEC 6X750,24
938,FOND CAVE MALBEC 6X750 ,474
938,FOND CAVE RVA MALBEC 6X750,72
938,FRIZZE BLUE LATA X473,576
938,FRIZZE EVOL BLUE NEW X1000,6048
938,J&B RARE 12X750,240
938,JW BLACK LABEL 12x1000,24
938,JW BLACK LABEL 12x750,-12
938,JW RED 12X1000 UK,168
938,JW RED 12X750 UK,180
938,LOS ARBOLES SEL CABERNET 6X750,240
938,LOS ARBOLES SEL CHARD 6X750,18
938,LOS ARBOLES SEL MALBEC 6X750,600
938,LOS INTOCABLES CAB.SAUV 6X750,36
938,LOS INTOCABLES MALBEC 6X750,120
938,NC DOLORES CABERNET 6X750,-60
938,NC RESERVA MALBEC 6X750,30
938,OLD PARR 12YO 12x750,12
938,PAZ DE FLM MALBEC 6X750,42
938,SAN TELMO CAB-SAUV X750,180
938,SAN TELMO MALBEC X750,420
938,SAN TELMO SEL CHARDONNA  X750,60
938,SHERIDANS 6X750,0
938,SMF ICE GREENAPPLE LAT 4X6X473,864
938,SMF ICE RED BERRIE LAT 4X6X473,912
938,SMIRNOFF 21 DO 12X700,552
938,SMIRNOFF BC GRAPEF.&LIME 6X700,258
938,SMIRNOFF BC ORANGE & LIME 6X700,120
938,SMIRNOFF BC TANGE&LEMONGRASS 6X700,180
938,SMIRNOFF GREEN APPLE DO 6X700,900
938,SMIRNOFF ICE LATA 4X6X473,438
938,SMIRNOFF RASPBERRY DO 6X700,1800
938,SMIRNOFF TAMARINDO 6 X 700,120
938,SMIRNOFF TROPICAL FRUITS 6X700,300
938,SMIRNOFF WATERMELON 6X700,162
938,SUTER ETIQ MARRON DNAT 6X750,-90
938,SUTER ETIQ MARRON NEW PIN 6X750,-300
938,TANQUERAY SEVILLA GIN X750,30
938,TRAPICHE RESERVA CABSAU 6X750 ,36
938,TRAPICHE RESERVA CHARD 6X750 ,36
938,TRAPICHE RESERVA MALBEC 6X750,120
939,ALMA MORA MALBEC 6X750,6
939,DADA ESPUMANTE 6X750 ,3
939,DADA FMORAS N°1 6X750,3
939,ELEMENTOS MALBEC 6X750 ,6
939,F.LAS MORAS MALBEC 6X750,3
939,FRIZZE BUBBLE MOOD 6X1000,12
939,FRIZZE EVOL BLUE NEW X1000,0
939,LOS ARBOLES SEL MALBEC 6X750,3
939,TRAPICHE ALARIS MALBEC 6X750,3
940,ALMA MORA MALBEC 6X750,9
941,SMF  BC GRAPEF&LIME  LATA 4X6X473,24
941,SMF ICE GREENAPPLE LAT 4X6X473,246
941,SMF ICE RED BERRIE LAT 4X6X473,330
941,SMIRNOFF GREEN APPLE DO 6X700,6
941,SMIRNOFF ICE LATA 4X6X473,198
941,SMIRNOFF RASPBERRY DO 6X700,18
941,SMIRNOFF TROPICAL FRUITS 6X700,12
941,WHITE HORSE DO 12X750,3
943,ALMA MORA MALBEC 6X750,9
943,DADA ESPUMANTE 6X750 ,3
943,DADA FMORAS N°1 6X750,3
943,ELEMENTOS MALBEC 6X750 ,6
943,F.LAS MORAS MALBEC 6X750,3
943,LOS ARBOLES SEL MALBEC 6X750,3
943,TRAPICHE ALARIS MALBEC 6X750,3
945,ALMA MORA MALBEC 6X750,9
945,FRIZZE EVOL BLUE NEW X1000,3
945,TRAPICHE ALARIS MALBEC 6X750,3
947,ALMA MORA MALBEC 6X750,9
947,DADA ESPUMANTE 6X750 ,3
947,DADA FMORAS N°1 6X750,3
947,ELEMENTOS MALBEC 6X750 ,6
947,F.LAS MORAS MALBEC 6X750,3
947,LOS ARBOLES SEL MALBEC 6X750,3
947,TRAPICHE ALARIS MALBEC 6X750,3
948,ALMA MORA MALBEC 6X750,9
948,DADA ESPUMANTE 6X750 ,3
948,DADA FMORAS N°1 6X750,3
948,ELEMENTOS MALBEC 6X750 ,6
948,F.LAS MORAS MALBEC 6X750,3
948,LOS ARBOLES SEL MALBEC 6X750,3
948,TRAPICHE ALARIS MALBEC 6X750,3
950,SMIRNOFF RASPBERRY DO 6X700,3
951,ALMA MORA MALBEC 6X750,9
951,DADA ESPUMANTE 6X750 ,3
951,DADA FMORAS N°1 6X750,3
951,ELEMENTOS MALBEC 6X750 ,6
951,F.LAS MORAS MALBEC 6X750,3
951,LOS ARBOLES SEL MALBEC 6X750,3
951,TRAPICHE ALARIS MALBEC 6X750,3
953,ALMA MORA MALBEC 6X750,9
956,ALMA MORA MALBEC 6X750,6
956,DADA ESPUMANTE 6X750 ,3
956,DADA FMORAS N°1 6X750,3
956,ELEMENTOS MALBEC 6X750 ,6
956,F.LAS MORAS MALBEC 6X750,3
956,LOS ARBOLES SEL MALBEC 6X750,3
956,TRAPICHE ALARIS MALBEC 6X750,3
957,ALMA MORA MALBEC 6X750,3
957,DADA FMORAS N°1 6X750,3
957,ELEMENTOS MALBEC 6X750 ,3
957,F.LAS MORAS MALBEC 6X750,3
957,LOS ARBOLES SEL MALBEC 6X750,3
959,ALMA MORA BLEND BLANCO 6X750,3
959,ALMA MORA CABSAUV6X750 ,6
959,ALMA MORA MALBEC 6X750,6
959,ALMA MORA SYRAH ROSE 6X750 ,3
959,DADA ESPUMANTE 6X750 ,3
959,DADA ESPUMANTE ROS6X750 ,3
959,DADA N°8 CHOCOLATE 6X750 ,3
959,EL BAUTISMO BLEND B. DLCE 6X750 ,3
959,EL BAUTISMO MALBEC 6X750 ,18
959,ELEMENTOS CABSAUV 6X750 ,9
959,ELEMENTOS MALBEC 6X750 ,6
959,F.LAS MORAS MALBEC 6X750,3
959,LOS ARBOLES SEL CABERNET 6X750,3
959,LOS ARBOLES SEL MALBEC 6X750,6
959,LOS ARBOLES SEL RED BLEND 6X750,3
959,SAN TELMO MALBEC X750,6
959,TRAPICHE ALARIS DULCE COSECHA 6X750,3
960,SMIRNOFF RASPBERRY DO 6X700,3
961,DADA ESPUMANTE 6X750 ,3
961,DADA ESPUMANTE MARACUYA 6X750,3
961,FRIZZE BLUE LATA X473,6
961,FRIZZE EVOL BLUE NEW X1000,6
961,GORDON´S TONIC 4X6X473,6
961,SMF ICE GREENAPPLE LAT 4X6X473,24
961,SMF ICE RED BERRIE LAT 4X6X473,18
962,FRIZZE EVOL BLUE NEW X1000,3
964,DADA ART MALBEC 6X750,3
964,FRIZZE EVOL BLUE NEW X1000,3
964,SMIRNOFF 21 DO 12X700,-3
964,SMIRNOFF RASPBERRY DO 6X700,3
964,TRAPICHE ALARIS MALBEC 6X750,3
965,ALMA MORA CABSAUV6X750 ,6
965,ALMA MORA MALBEC 6X750,24
965,DADA FMORAS N°1 6X750,12
965,DADA FMORAS N°2 6X750 ,6
965,DADA FMORAS N°3 6X750,6
965,ELEMENTOS CABSAUV 6X750 ,6
965,F.LAS MORAS MALBEC 6X750,6
965,FOND CAVE MALBEC 6X750 ,6
965,SUTER VARIETAL MALBEC 6X750,6
965,TRAPICHE ALARIS MALBEC 6X750,6
966,DADA ART MALBEC 6X750,3
966,FRIZZE EVOL BLUE NEW X1000,3
966,SMIRNOFF RASPBERRY DO 6X700,3
966,TRAPICHE ALARIS MALBEC 6X750,3
968,ALMA MORA MALBEC 6X750,3
968,ANTARES MICRO IPA 25 AÑOS,6
968,DADA FMORAS N°1 6X750,3
968,ELEMENTOS MALBEC 6X750 ,3
968,F.LAS MORAS MALBEC 6X750,3
968,FRIZZE EVOL BLUE NEW X1000,3
968,GORDON´S GIN 6x700,3
968,LOS ARBOLES SEL MALBEC 6X750,3
969,ALMA MORA MALBEC 6X750,18
969,ELEMENTOS MALBEC 6X750 ,6
969,F. LAS MORAS BCO DULCE 6X750 ,6
969,F.LAS MORAS MALBEC 6X750,-3
969,SMIRNOFF BC GRAPEF.&LIME 6X700,0
969,SMIRNOFF GREEN APPLE DO 6X700,3
969,TRAPICHE ALARIS DULCE COSECHA 6X750,12
969,TRAPICHE ALARIS MALBEC 6X750,12
969,WHITE HORSE DO 12X750,-3
972,FRIZZE BLUE LATA X473,12
972,FRIZZE EVOL BLUE NEW X1000,6
972,SMF ICE GREENAPPLE LAT 4X6X473,24
972,SMF ICE RED BERRIE LAT 4X6X473,60
974,ALMA MORA MALBEC 6X750,9
974,SMF ICE GREENAPPLE LAT 4X6X473,6
974,SMF ICE RED BERRIE LAT 4X6X473,11
975,FRIZZE EVOL BLUE NEW X1000,3
976,ALMA MORA MALBEC 6X750,3
976,ANTARES MICRO IPA 25 AÑOS,6
976,DADA ART MALBEC 6X750,3
976,DADA FMORAS N°1 6X750,3
976,ELEMENTOS MALBEC 6X750 ,3
976,F.LAS MORAS MALBEC 6X750,3
976,FRIZZE EVOL BLUE NEW X1000,6
976,GORDON´S GIN 6x700,3
976,LOS ARBOLES SEL MALBEC 6X750,3
976,SMIRNOFF RASPBERRY DO 6X700,3
976,TRAPICHE ALARIS MALBEC 6X750,3
977,ALMA MORA MALBEC 6X750,12
977,DADA ESPUMANTE ROS6X750 ,6
977,DADA SIDRA 6X750,6
977,DON DAVID MALBEC 6X750,3
977,FOND CAVE MALBEC 6X750 ,12
977,LOS ARBOLES SEL MALBEC 6X750,9
977,LOS ARBOLES SEL RED BLEND 6X750,6
977,SHERIDANS 6X750,1
977,SMF ICE GREENAPPLE LAT 4X6X473,6
977,SMF ICE RED BERRIE LAT 4X6X473,6
977,SMIRNOFF 21 DO 12X700,-3
977,SMIRNOFF RASPBERRY DO 6X700,-3
977,TRAPICHE ALARIS MALBEC 6X750,6
977,VAT 69 HONEY X700,3
978,ALMA MORA MALBEC 6X750,12
978,BAILEYS NUEVA BOTELLA 12x750,3
978,DADA 7 ORANGE BITTER 6X750,3
978,DADA ESPUMANTE MARACUYA 6X750,3
978,EL BAUTISMO BLEND B. DLCE 6X750 ,6
978,F.LAS MORAS MALBEC 6X750,6
978,FRIZZE EVOL BLUE NEW X1000,3
978,GORDON´S PINK GIN 6X700,21
978,JW BLACK LABEL 12x750,3
978,JW RED 12X750 UK,3
978,SMF ICE GREENAPPLE LAT 4X6X473,6
978,SMIRNOFF 21 DO 12X700,48
978,SMIRNOFF BC GRAPEF.&LIME 6X700,18
978,SMIRNOFF GREEN APPLE DO 6X700,21
978,SMIRNOFF RASPBERRY DO 6X700,201
978,SMIRNOFF TAMARINDO 6 X 700,3
978,SMIRNOFF TROPICAL FRUITS 6X700,195
978,TRAPICHE ALARIS MALBEC 6X750,3
978,WHITE HORSE DO 12X750,2
980,ALMA MORA MALBEC 6X750,3
980,ANTARES MICRO IPA 25 AÑOS,6
980,DADA ART MALBEC 6X750,3
980,DADA FMORAS N°1 6X750,3
980,ELEMENTOS MALBEC 6X750 ,3
980,F.LAS MORAS MALBEC 6X750,3
980,FRIZZE EVOL BLUE NEW X1000,6
980,GORDON´S GIN 6x700,3
980,LOS ARBOLES SEL MALBEC 6X750,3
980,SMIRNOFF RASPBERRY DO 6X700,3
980,TRAPICHE ALARIS MALBEC 6X750,3
981,ALARIS D.COSECHA TINTO 6X750,3
981,ALMA MORA CABSAUV6X750 ,6
981,ALMA MORA CHARD 6X750,3
981,ALMA MORA MALBEC 6X750,21
981,CAZADOR BLANCO DULCE 6X750,3
981,DADA ART MALBEC 6X750,9
981,DADA ESPUMANTE MARACUYA 6X750,3
981,DADA FMORAS N°1 6X750,3
981,DADA WHITE MALBEC 6X750,9
981,EL BAUTISMO MALBEC 6X750 ,15
981,ELEMENTOS CHARDONNAY 6X750,3
981,ELEMENTOS MALBEC 6X750 ,15
981,ELEMENTOS TORRONTES 6X750 ,3
981,ELEMENTOS TORRONTES DLCE6X750 ,3
981,F. LAS MORAS BCO DULCE 6X750 ,3
981,F. LAS MORAS ROSADO 6X750 ,3
981,F.LAS MORAS CABSAU 6X750 ,3
981,F.LAS MORAS MALBEC 6X750,21
981,F.LAS MORAS SYRAH 6X750 ,3
981,FRIZZE BLUE LATA X473,12
981,FRIZZE BUBBLE MOOD 6X1000,6
981,FRIZZE EVOL BLUE NEW X1000,24
981,FRIZZE IT LIM NEW X 1000,6
981,FRIZZE ITAL LIMA LATA X473,6
981,LOS ARBOLES SEL CHARD 6X750,9
981,LOS ARBOLES SEL MALBEC 6X750,3
981,SMF  BC GRAPEF&LIME  LATA 4X6X473,0
981,SMF BC RUBYORANGE&LIME LATA 4X6X473,12
981,SMF ICE GREENAPPLE LAT 4X6X473,12
981,SMF ICE RED BERRIE LAT 4X6X473,18
981,SMIRNOFF GREEN APPLE DO 6X700,9
981,SMIRNOFF ICE LATA 4X6X473,12
981,SMIRNOFF RASPBERRY DO 6X700,9
981,SUTER VARIETAL MALBEC 6X750,3
981,TRAPICHE ALARIS CHARDO 6X750 ,3
981,TRAPICHE ALARIS DULCE COSECHA 6X750,9
981,TRAPICHE ALARIS MALBEC 6X750,12
981,TRAPICHE ALARIS TORRONTES 6X750 ,3
988,ALMA MORA MALBEC 6X750,9
989,ALMA MORA MALBEC 6X750,12
989,DADA ART MALBEC 6X750,3
990,DADA ART MALBEC 6X750,3
990,FRIZZE EVOL BLUE NEW X1000,3
990,SMIRNOFF RASPBERRY DO 6X700,3
990,TRAPICHE ALARIS MALBEC 6X750,3
991,ALMA MORA MALBEC 6X750,3
991,FRIZZE EVOL BLUE NEW X1000,3
991,SMIRNOFF RASPBERRY DO 6X700,3
991,TRAPICHE ALARIS MALBEC 6X750,3
994,ALMA MORA MALBEC 6X750,3
994,DADA ART MALBEC 6X750,3
994,FRIZZE EVOL BLUE NEW X1000,6
994,SMIRNOFF RASPBERRY DO 6X700,3
994,TRAPICHE ALARIS MALBEC 6X750,6
995,BAILEYS NUEVA BOTELLA 12x750,36
995,FRIZZE BLUE LATA X473,6
995,FRIZZE POMELATA 6X473,6
995,SMF  BC GRAPEF&LIME  LATA 4X6X473,12
995,SMF BC RUBYORANGE&LIME LATA 4X6X473,24
995,SMF ICE GREENAPPLE LAT 4X6X473,30
995,SMF ICE RED BERRIE LAT 4X6X473,24
995,SMIRNOFF GREEN APPLE DO 6X700,6
995,SMIRNOFF RASPBERRY DO 6X700,6
995,SMIRNOFF TROPICAL FRUITS 6X700,6
997,ALMA MORA BLANCO DULCE LOW 6X750,3
997,ALMA MORA MALBEC 6X750,18
997,ALMA MORA SYRAH 6X750,6
997,ANTARES IPA SIN ALC LATA 6X473,6
997,ANTARES LAGER LATA 6X473,6
997,ANTARES LATA KOLSCH 6 X 473ML,12
997,ANTARES MICRO IPA 25 AÑOS,6
997,CAZADOR MALBEC 6X750,6
997,DADA 7 SWEET  6X750,6
997,DADA ART MALBEC 6X750,6
997,DADA ESPUMANTE MARACUYA 6X750,22
997,DADA FMORAS N°1 6X750,6
997,DADA FMORAS N°2 6X750 ,3
997,DADA N°9 CARAMEL 6X750,6
997,DON DAVID CABERNET 6X750,6
997,ELEMENTOS CHARDONNAY 6X750,3
997,ELEMENTOS MALBEC 6X750 ,12
997,ELEMENTOS TORRONTES DLCE6X750 ,3
997,F.LAS MORAS CABSAU 6X750 ,6
997,F.LAS MORAS MALBEC 6X750,6
997,FAIR FOR LIFE CAB.SAUV 6X750 ,6
997,FOND CAVE MALBEC 6X750 ,3
997,FOND CAVE RVA MALBEC 6X750,6
997,FRIZZE BLUE LATA X473,6
997,FRIZZE EVOL BLUE NEW X1000,46
997,GORDON´S GIN 6x700,6
997,GORDON´S TONIC 4X6X473,6
997,JW RED 12X1000 UK,0
997,JW RED 12X750 UK,1
997,LOS ARBOLES SEL CHARD 6X750,6
997,LOS ARBOLES SEL MALBEC 6X750,18
997,LOS INTOCABLES MALBEC 6X750,3
997,NC SPARK EBRUT 6X750 estuche,6
997,ORIGEN BY TRAPICHE MALBEC 6X750,3
997,SAN TELMO CAB-SAUV X750,6
997,SAN TELMO SPARK DULCE 6X750,6
997,SHERIDANS 6X750,1
997,SMF ICE GREENAPPLE LAT 4X6X473,12
997,SMF ICE RED BERRIE LAT 4X6X473,30
997,SMIRNOFF 21 DO 12X700,3
997,SMIRNOFF GREEN APPLE DO 6X700,60
997,SMIRNOFF RASPBERRY DO 6X700,279
997,SMIRNOFF TROPICAL FRUITS 6X700,30
997,TRAPICHE ALARIS CABSAUV 6X750 ,6
997,TRAPICHE ALARIS DULCE COSECHA 6X750,6
997,TRAPICHE ALARIS MALBEC 6X750,9
997,TRAPICHE ALARIS TORRONTES 6X750 ,12
997,TRAPICHE RESERVA MALBEC 6X750,6
998,ALMA MORA MALBEC 6X750,3
998,SMF ICE GREENAPPLE LAT 4X6X473,6
998,SMF ICE RED BERRIE LAT 4X6X473,6
999,ALMA MORA MALBEC 6X750,3
999,FRIZZE EVOL BLUE NEW X1000,3
999,SMIRNOFF RASPBERRY DO 6X700,3
999,TRAPICHE ALARIS MALBEC 6X750,3
1001,ALMA MORA MALBEC 6X750,3
1003,SMF ICE GREENAPPLE LAT 4X6X473,12
1003,SMF ICE RED BERRIE LAT 4X6X473,12
1003,SMIRNOFF ICE LATA 4X6X473,12
1003,SMIRNOFF RASPBERRY DO 6X700,6
1004,ANTARES IPA LATA 6X473 (NEW),6
1004,FRIZZE BLUE LATA X473,30
1004,FRIZZE EVOL BLUE NEW X1000,45
1004,GORDON´S GIN 6x700,3
1004,GORDON´S PINK GIN 6X700,3
1004,GORDON´S TONIC 4X6X473,6
1004,SMF  BC GRAPEF&LIME  LATA 4X6X473,12
1004,SMF BC RUBYORANGE&LIME LATA 4X6X473,18
1004,SMF ICE GREENAPPLE LAT 4X6X473,48
1004,SMF ICE RED BERRIE LAT 4X6X473,66
1004,SMIRNOFF 21 DO 12X700,12
1004,SMIRNOFF GREEN APPLE DO 6X700,12
1004,SMIRNOFF ICE LATA 4X6X473,30
1004,SMIRNOFF RASPBERRY DO 6X700,42
1004,SMIRNOFF WATERMELON 6X700,6
1006,ALMA MORA BLANCO DULCE LOW 6X750,6
1006,ALMA MORA BLEND BLANCO 6X750,6
1006,ALMA MORA BLEND DULCE 6X 750,36
1006,ALMA MORA MALBEC 6X750,6
1006,ALMA MORA MERLOT 6X750,6
1006,ALMA MORA SEL RVE CABER 6X750,6
1006,ALMA MORA SEL RVE MALBEC 6X750,6
1006,ANTARES IPA LATA 6X473 (NEW),6
1006,DADA ART MALBEC 6X750,12
1006,DADA FMORAS N°2 6X750 ,6
1006,DADA N6 HONEY X750,6
1006,DADA WHITE MALBEC 6X750,6
1006,DON DAVID CABERNET 6X750,6
1006,DON DAVID MALBEC 6X750,6
1006,EL BAUTISMO CABERNET 6X750,6
1006,EL BAUTISMO MALBEC 6X750 ,0
1006,EL REGRESO SEM-CHEN  X750,6
1006,ELEMENTOS ROSADO TORRONT 6X750 ,6
1006,F.LAS MORAS MALBEC 6X750,6
1006,FAIR FOR LIFE MALBEC 6X750 ,3
1006,FOND CAVE CABSAU 6X750,12
1006,FRIZZE EVOL BLUE NEW X1000,24
1006,FRIZZE ITAL LIMA LATA X473,0
1006,LOS INTOCABLES CAB.SAUV 6X750,3
1006,LOS INTOCABLES MALBEC 6X750,3
1006,ORIGEN BY TRAPICHE MALBEC 6X750,3
1006,SMF ICE RED BERRIE LAT 4X6X473,12
1006,SMIRNOFF ICE LATA 4X6X473,6
1006,TRAPICHE ALARIS CHARDO 6X750 ,6
1006,TRAPICHE ALARIS DULCE COSECHA 6X750,35
1006,TRAPICHE ALARIS TORRONTES 6X750 ,6
1006,TRAPICHE D. COSECHA ROSE 6X750 ,12
1006,WHITE HORSE DO 12X750,6
1007,ALMA MORA MALBEC 6X750,3
1007,DADA ART MALBEC 6X750,3
1007,DADA FMORAS N°1 6X750,3
1007,ELEMENTOS MALBEC 6X750 ,3
1007,F.LAS MORAS MALBEC 6X750,3
1007,FRIZZE EVOL BLUE NEW X1000,6
1007,GORDON´S GIN 6x700,3
1007,LOS ARBOLES SEL MALBEC 6X750,3
1007,SMIRNOFF RASPBERRY DO 6X700,3
1007,TRAPICHE ALARIS MALBEC 6X750,3
1009,ALMA MORA MALBEC 6X750,12
1009,ANTARES MICRO IPA 25 AÑOS,6
1009,DADA ART MALBEC 6X750,9
1009,DADA ESPUMANTE MARACUYA 6X750,6
1009,DADA FMORAS N°1 6X750,3
1009,ELEMENTOS MALBEC 6X750 ,12
1009,F.LAS MORAS MALBEC 6X750,3
1009,FOND CAVE MALBEC 6X750 ,3
1009,FRIZZE EVOL BLUE NEW X1000,189
1009,GORDON´S GIN 6x700,9
1009,LOS ARBOLES SEL MALBEC 6X750,12
1009,LOS INTOCABLES MALBEC 6X750,3
1009,NC SPARK EBRUT 6X750 estuche,6
1009,ORIGEN BY TRAPICHE MALBEC 6X750,3
1009,SAN TELMO SPARK DULCE 6X750,6
1009,SMIRNOFF GREEN APPLE DO 6X700,180
1009,SMIRNOFF RASPBERRY DO 6X700,189
1009,SMIRNOFF TAMARINDO 6 X 700,60
1009,SMIRNOFF TROPICAL FRUITS 6X700,60
1009,TRAPICHE ALARIS MALBEC 6X750,12
1009,TRAPICHE RESERVA MALBEC 6X750,6
1009,WHITE HORSE DO 12X750,1764
1012,ALMA MORA CABSAUV6X750 ,6
1012,ALMA MORA MALBEC 6X750,18
1012,CAZADOR BLANCO DULCE 6X750,6
1012,CAZADOR CAB. SAU 6X750,6
1012,CAZADOR MALBEC 6X750,6
1012,DADA ART CABERNET 6X750 ,12
1012,DADA ART MALBEC 6X750,6
1012,DADA N°8 CHOCOLATE 6X750 ,6
1012,DADA WHITE MALBEC 6X750,6
1012,EL BAUTISMO MALBEC 6X750 ,6
1012,ELEMENTOS CABSAUV 6X750 ,12
1012,ELEMENTOS MALBEC 6X750 ,6
1012,ELEMENTOS TORRONTES 6X750 ,6
1012,F. LAS MORAS BCO DULCE 6X750 ,6
1012,F. LAS MORAS SAUV.BLANC 6X750 ,6
1012,F.LAS MORAS CABSAU 6X750 ,12
1012,F.LAS MORAS MALBEC 6X750,30
1012,LOS ARBOLES SEL MALBEC 6X750,6
1012,SAN TELMO MALBEC X750,6
1012,SMIRNOFF GREEN APPLE DO 6X700,3
1012,SUTER VARIETAL MALBEC 6X750,6
1012,TRAPICHE ALARIS DULCE COSECHA 6X750,12
1013,BAILEYS NUEVA BOTELLA 12x750,1
1013,GORDON´S PINK GIN 6X700,30
1013,JW BLACK LABEL 12x1000,1
1013,JW DOUBLE BLACK 6x750,1
1014,ALMA MORA MALBEC 6X750,6
1014,ALMA MORA SEL RVE BLEND 6X750,3
1014,DADA FMORAS N°1 6X750,3
1014,EL BAUTISMO MALBEC 6X750 ,3
1014,ELEMENTOS MALBEC 6X750 ,6
1014,LOS ARBOLES SEL MALBEC 6X750,3
1014,SAN TELMO MALBEC X750,3
1014,SMIRNOFF 21 DO 12X700,-3
1014,TRAPICHE ALARIS SBLANC 6X750,3
1016,FRIZZE EVOL BLUE NEW X1000,3
1017,FRIZZE BUBBLE MOOD 6X1000,6
1017,FRIZZE EVOL BLUE NEW X1000,12
1017,GORDON´S GIN 6x700,3
1017,GORDON´S PINK GIN 6X700,14
1017,GORDON´S TONIC 4X6X473,12
1017,SAN TELMO SPARK DULCE 6X750,3
1017,SAN TELMO SPARK E.BRUT 6X750,3
1017,SMF  BC GRAPEF&LIME  LATA 4X6X473,3
1017,SMF BC RUBYORANGE&LIME LATA 4X6X473,6
1017,SMF ICE GREENAPPLE LAT 4X6X473,42
1017,SMF ICE RED BERRIE LAT 4X6X473,78
1017,SMIRNOFF BC GRAPEF.&LIME 6X700,3
1017,SMIRNOFF BC ORANGE & LIME 6X700,27
1017,SMIRNOFF BC TANGE&LEMONGRASS 6X700,9
1017,SMIRNOFF GREEN APPLE DO 6X700,36
1017,SMIRNOFF RASPBERRY DO 6X700,24
1017,SMIRNOFF TROPICAL FRUITS 6X700,9
1017,SMIRNOFF WATERMELON 6X700,3
1018,FRIZZE EVOL BLUE NEW X1000,3
1019,ALMA MORA MALBEC 6X750,3
1019,FRIZZE EVOL BLUE NEW X1000,3
1019,SMIRNOFF RASPBERRY DO 6X700,3
1019,TRAPICHE ALARIS MALBEC 6X750,3
1020,COLECCION PRIVADA MALBEC,3
1020,DADA FMORAS N°1 6X750,3
1020,F.LAS MORAS MALBEC 6X750,3
1020,LOS INTOCABLES MALBEC 6X750,3
1021,FRIZZE EVOL BLUE NEW X1000,3
1023,ALMA MORA MALBEC 6X750,3
1024,ALMA MORA MALBEC 6X750,3
1024,EL BAUTISMO MALBEC 6X750 ,3
1024,F.LAS MORAS MALBEC 6X750,3
1024,LOS ARBOLES SEL MALBEC 6X750,6
1024,TRAPICHE ALARIS DULCE COSECHA 6X750,3
1024,TRAPICHE ALARIS MALBEC 6X750,3
1026,ALMA MORA BLANCO DULCE LOW 6X750,3
1026,ALMA MORA BLEND BLANCO 6X750,3
1026,ALMA MORA BLEND DULCE 6X 750,3
1026,ALMA MORA CABSAUV6X750 ,6
1026,ALMA MORA MALBEC 6X750,198
1026,ANTARES IPA LATA 6X473 (NEW),6
1026,ANTARES LAGER LATA 6X473,12
1026,ANTARES LATA SCOTCH 6 X 473ML,6
1026,BAILEYS NUEVA BOTELLA 12x750,2
1026,COLECCION PRIVADA MALBEC,6
1026,COLECCION PRIVADA PINOT 6X750,3
1026,DADA 7 ORANGE BITTER 6X750,3
1026,DADA ART MALBEC 6X750,12
1026,DADA ESPUMANTE 6X750 ,24
1026,DADA ESPUMANTE ROS6X750 ,3
1026,DADA FMORAS N°1 6X750,9
1026,DADA INCREDIBLENDS 2  X750,6
1026,DON DAVID MALBEC 6X750,9
1026,DON DAVID RESERVA MALBEC X750,3
1026,DON DAVID TORRONTES 6X750,6
1026,EL BAUTISMO BLEND B. DLCE 6X750 ,3
1026,EL BAUTISMO MALBEC 6X750 ,9
1026,EL ULTIMO RIE MEJOR X750,6
1026,ELEMENTOS CHARDONNAY 6X750,12
1026,ELEMENTOS MALBEC 6X750 ,18
1026,EXPEDICION DEL SUR CABSUA 6 X 750,3
1026,F.LAS MORAS MALBEC 6X750,18
1026,FAIR FOR LIFE MALBEC 6X750 ,6
1026,FOND CAVE MALBEC 6X750 ,6
1026,FOND CAVE RVA MALBEC 6X750,3
1026,FRIZZE BLUE LATA X473,24
1026,FRIZZE EVOL BLUE NEW X1000,135
1026,GORDON´S GIN 6x700,8
1026,GORDON´S PINK GIN 6X700,6
1026,GORDON´S TONIC 4X6X473,6
1026,LA MASCOTA MALBEC 6X750,3
1026,LOS ARBOLES SEL CABERNET 6X750,3
1026,LOS ARBOLES SEL MALBEC 6X750,21
1026,LOS ARBOLES SEL RED BLEND 6X750,3
1026,LOS INTOCABLES MALBEC 6X750,6
1026,SAN TELMO MALBEC X750,6
1026,SMF  BC GRAPEF&LIME  LATA 4X6X473,6
1026,SMF BC RUBYORANGE&LIME LATA 4X6X473,6
1026,SMF ICE GREENAPPLE LAT 4X6X473,24
1026,SMF ICE RED BERRIE LAT 4X6X473,12
1026,SMIRNOFF 21 DO 12X700,6
1026,SMIRNOFF BC GRAPEF.&LIME 6X700,3
1026,SMIRNOFF BC TANGE&LEMONGRASS 6X700,3
1026,SMIRNOFF GREEN APPLE DO 6X700,72
1026,SMIRNOFF ICE LATA 4X6X473,6
1026,SMIRNOFF RASPBERRY DO 6X700,411
1026,SMIRNOFF TROPICAL FRUITS 6X700,6
1026,SUTER VARIETAL CABERNET 6X750,3
1026,SUTER VARIETAL MALBEC 6X750,6
1026,TRAPICHE ALARIS DULCE COSECHA 6X750,12
1026,TRAPICHE ALARIS MALBEC 6X750,9
1026,TRAPICHE D. COSECHA ROSE 6X750 ,3
1026,TRAPICHE PURO CAB.SAUV 6X750,3
1026,TRAPICHE PURO MALBEC,3
1026,TRAPICHE RESERVA MALBEC 6X750,9
1026,WHITE HORSE DO 12X750,2
1027,ALMA MORA MALBEC 6X750,3
1027,ANTARES MICRO IPA 25 AÑOS,3
1027,DADA FMORAS N°1 6X750,3
1027,ELEMENTOS MALBEC 6X750 ,3
1027,F.LAS MORAS MALBEC 6X750,3
1027,FRIZZE EVOL BLUE NEW X1000,3
1027,GORDON´S GIN 6x700,3
1027,LOS ARBOLES SEL MALBEC 6X750,3
1028,SMIRNOFF RASPBERRY DO 6X700,3
1029,ALMA MORA MALBEC 6X750,3
1029,FRIZZE EVOL BLUE NEW X1000,3
1029,SMIRNOFF RASPBERRY DO 6X700,3
1029,TRAPICHE ALARIS MALBEC 6X750,3
1030,DADA ART MALBEC 6X750,3
1030,FRIZZE EVOL BLUE NEW X1000,3
1030,SMIRNOFF RASPBERRY DO 6X700,3
1030,TRAPICHE ALARIS MALBEC 6X750,3
1031,ALMA MORA MALBEC 6X750,9
1033,ALMA MORA MALBEC 6X750,6
1033,DADA ART MALBEC 6X750,3
1033,DADA ESPUMANTE MARACUYA 6X750,6
1033,DON DAVID CABERNET 6X750,6
1033,DON DAVID MALBEC 6X750,3
1033,FOND CAVE MALBEC 6X750 ,3
1033,GORDON´S GIN 6x700,12
1033,GORDON´S PINK GIN 6X700,18
1033,SAN TELMO MALBEC X750,6
1033,SMF ICE GREENAPPLE LAT 4X6X473,18
1033,SMF ICE RED BERRIE LAT 4X6X473,18
1033,SMIRNOFF BC TANGE&LEMONGRASS 6X700,12
1033,SMIRNOFF GREEN APPLE DO 6X700,84
1033,SMIRNOFF RASPBERRY DO 6X700,114
1033,SMIRNOFF TAMARINDO 6 X 700,18
1033,SMIRNOFF TROPICAL FRUITS 6X700,78
1033,TRAPICHE ALARIS DULCE COSECHA 6X750,3
1033,TRAPICHE ALARIS MALBEC 6X750,3
1033,TRAPICHE RESERVA MALBEC 6X750,3
1033,WHITE HORSE DO 12X750,3
1035,ALMA MORA MALBEC 6X750,3
1035,DADA ART MALBEC 6X750,3
1035,DADA FMORAS N°1 6X750,3
1035,ELEMENTOS MALBEC 6X750 ,3
1035,F.LAS MORAS MALBEC 6X750,3
1035,FRIZZE EVOL BLUE NEW X1000,6
1035,GORDON´S GIN 6x700,3
1035,LOS ARBOLES SEL MALBEC 6X750,3
1035,SMIRNOFF RASPBERRY DO 6X700,3
1035,TRAPICHE ALARIS MALBEC 6X750,3
1036,DADA ART MALBEC 6X750,3
1036,FRIZZE EVOL BLUE NEW X1000,3
1036,SMIRNOFF 21 DO 12X700,-3
1036,SMIRNOFF RASPBERRY DO 6X700,3
1036,TRAPICHE ALARIS MALBEC 6X750,3
1038,DADA ART MALBEC 6X750,3
1038,FRIZZE EVOL BLUE NEW X1000,3
1038,SMIRNOFF RASPBERRY DO 6X700,3
1038,TRAPICHE ALARIS MALBEC 6X750,3
1039,ALMA MORA MALBEC 6X750,63
1039,COLECCION PRIVADA MALBEC,18
1039,DADA ART MALBEC 6X750,9
1039,DADA FMORAS N°2 6X750 ,6
1039,DADA N°8 CHOCOLATE 6X750 ,12
1039,DADA WHITE MALBEC 6X750,3
1039,DON DAVID MALBEC 6X750,15
1039,EL BAUTISMO BLEND TINTAS 6X750 ,6
1039,EL BAUTISMO MALBEC 6X750 ,12
1039,ELEMENTOS MALBEC 6X750 ,42
1039,ELEMENTOS TORRONTES DLCE6X750 ,6
1039,F.LAS MORAS MALBEC 6X750,30
1039,FAIR FOR LIFE MALBEC 6X750 ,24
1039,FOND CAVE MALBEC 6X750 ,30
1039,FOND CAVE RVA MALBEC 6X750,12
1039,GORDON´S TONIC 4X6X473,24
1039,LOS ARBOLES SEL MALBEC 6X750,18
1039,ORIGEN BY TRAPICHE MALBEC 6X750,18
1039,SAN TELMO MALBEC X750,12
1039,SMF  BC GRAPEF&LIME  LATA 4X6X473,12
1039,SMF BC RUBYORANGE&LIME LATA 4X6X473,6
1039,SMF ICE GREENAPPLE LAT 4X6X473,42
1039,SMF ICE RED BERRIE LAT 4X6X473,48
1039,SMIRNOFF ICE LATA 4X6X473,12
1039,SUTER VARIETAL CABERNET 6X750,3
1039,TRAPICHE ALARIS DULCE COSECHA 6X750,36
1039,TRAPICHE ALARIS MALBEC 6X750,6
1039,TRAPICHE RESERVA MALBEC 6X750,39
1040,ALMA MORA MALBEC 6X750,15
1040,CAZADOR MALBEC 6X750,3
1040,DADA ART MALBEC 6X750,6
1040,EL BAUTISMO MALBEC 6X750 ,3
1040,ELEMENTOS MALBEC 6X750 ,6
1040,F.LAS MORAS CABSAU 6X750 ,3
1040,F.LAS MORAS MALBEC 6X750,6
1040,LOS ARBOLES SEL MALBEC 6X750,9
1040,SMF ICE GREENAPPLE LAT 4X6X473,6
1040,SMF ICE RED BERRIE LAT 4X6X473,6
1040,SUTER VARIETAL MALBEC 6X750,3
1040,TRAPICHE ALARIS MALBEC 6X750,3
1042,DADA ART MALBEC 6X750,3
1042,SMIRNOFF RASPBERRY DO 6X700,3
1042,WHITE HORSE DO 12X750,4
1043,ALMA MORA CABSAUV6X750 ,3
1043,ALMA MORA MALBEC 6X750,3
1043,DADA ART MALBEC 6X750,6
1043,DADA FMORAS N°1 6X750,9
1043,DADA N°8 CHOCOLATE 6X750 ,3
1043,ELEMENTOS CABSAUV 6X750 ,3
1043,ELEMENTOS MALBEC 6X750 ,3
1043,FOND CAVE MALBEC 6X750 ,3
1043,TRAPICHE RESERVA CABSAU 6X750 ,3
1045,ALMA MORA MALBEC 6X750,3
1047,ALMA MORA MALBEC 6X750,12
1047,ANTARES MICRO IPA 25 AÑOS,6
1047,DADA FMORAS N°1 6X750,3
1047,ELEMENTOS MALBEC 6X750 ,3
1047,F.LAS MORAS MALBEC 6X750,3
1047,FRIZZE EVOL BLUE NEW X1000,3
1047,GORDON´S GIN 6x700,3
1047,LOS ARBOLES SEL MALBEC 6X750,3
1048,ALMA MORA MALBEC 6X750,3
1048,BAILEYS NUEVA BOTELLA 12x750,2
1048,DADA ART MALBEC 6X750,3
1048,DON DAVID MALBEC 6X750,3
1048,ELEMENTOS MALBEC 6X750 ,3
1048,F.LAS MORAS MALBEC 6X750,3
1048,FOND CAVE MALBEC 6X750 ,3
1048,SMF ICE GREENAPPLE LAT 4X6X473,24
1048,SMF ICE RED BERRIE LAT 4X6X473,48
1048,SMIRNOFF GREEN APPLE DO 6X700,24
1048,SMIRNOFF RASPBERRY DO 6X700,48
1048,SMIRNOFF TROPICAL FRUITS 6X700,6
1048,SMIRNOFF WATERMELON 6X700,18
1048,TRAPICHE ALARIS MALBEC 6X750,3
1049,FRIZZE EVOL BLUE NEW X1000,3
1052,ALMA MORA CABSAUV6X750 ,3
1052,ANTARES IPA LATA 6X473 (NEW),12
1052,ANTARES IPA SIN ALC LATA 6X473,18
1052,ANTARES LAGER LATA 6X473,6
1052,ANTARES PLAYA GRANDE 6 X 473ML,6
1052,F.LAS MORAS MALBEC 6X750,3
1052,FRIZZE BLUE LATA X473,6
1052,FRIZZE EVOL BLUE NEW X1000,6
1052,GORDON´S GIN 6x700,3
1052,SMF  BC GRAPEF&LIME  LATA 4X6X473,12
1052,SMF BC RUBYORANGE&LIME LATA 4X6X473,12
1052,SMF ICE GREENAPPLE LAT 4X6X473,48
1052,SMF ICE RED BERRIE LAT 4X6X473,23
1052,SMIRNOFF BC GRAPEF.&LIME 6X700,6
1052,SMIRNOFF GREEN APPLE DO 6X700,9
1052,SMIRNOFF ICE LATA 4X6X473,29
1052,SMIRNOFF RASPBERRY DO 6X700,6
1052,SMIRNOFF TROPICAL FRUITS 6X700,3
1054,DADA ESPUMANTE MARACUYA 6X750,16
1054,FRIZZE EVOL BLUE NEW X1000,40
1054,SMF ICE RED BERRIE LAT 4X6X473,24
1054,SMIRNOFF GREEN APPLE DO 6X700,60
1054,SMIRNOFF RASPBERRY DO 6X700,90
1054,SMIRNOFF TROPICAL FRUITS 6X700,30
1055,ALMA MORA MALBEC 6X750,6
1056,ALMA MORA CABSAUV6X750 ,9
1056,ALMA MORA MALBEC 6X750,30
1056,DADA ART CABERNET 6X750 ,3
1056,DADA ART MALBEC 6X750,9
1056,DADA ESPUMANTE 6X750 ,3
1056,SAN TELMO CAB-SAUV X750,1
1056,SAN TELMO MALBEC X750,11
1056,SMF ICE GREENAPPLE LAT 4X6X473,30
1056,SMF ICE RED BERRIE LAT 4X6X473,47
1056,SMIRNOFF GREEN APPLE DO 6X700,39
1056,SMIRNOFF RASPBERRY DO 6X700,24
1056,SMIRNOFF TAMARINDO 6 X 700,6
1056,SUTER VARIETAL CABERNET 6X750,12
1056,SUTER VARIETAL MALBEC 6X750,15
1056,TRAPICHE ALARIS DULCE COSECHA 6X750,6
1056,TRAPICHE ALARIS MALBEC 6X750,3
1058,ALMA MORA MALBEC 6X750,6
1058,ELEMENTOS MALBEC 6X750 ,3
1060,ALMA MORA MALBEC 6X750,12
1060,ELEMENTOS MALBEC 6X750 ,3
1060,F.LAS MORAS MALBEC 6X750,6
1060,SMIRNOFF RASPBERRY DO 6X700,1
1060,SMIRNOFF WATERMELON 6X700,-1
1060,TRAPICHE ALARIS DULCE COSECHA 6X750,6
1061,FRIZZE BUBBLE MOOD 6X1000,36
1061,GORDON´S TONIC 4X6X473,6
1061,SMF  BC GRAPEF&LIME  LATA 4X6X473,12
1061,SMF BC RUBYORANGE&LIME LATA 4X6X473,6
1061,SMF ICE GREENAPPLE LAT 4X6X473,12
1061,SMF ICE RED BERRIE LAT 4X6X473,6
1061,SMIRNOFF BC ORANGE & LIME 6X700,18
1061,SMIRNOFF ICE LATA 4X6X473,12
1062,ALMA MORA MALBEC 6X750,9
1062,DADA ART MALBEC 6X750,6
1062,DADA ESPUMANTE ROS6X750 ,6
1062,DADA FMORAS N°2 6X750 ,6
1062,ELEMENTOS CABSAUV 6X750 ,3
1062,F.LAS MORAS MALBEC 6X750,3
1062,FRIZZE EVOL BLUE NEW X1000,42
1062,SMF ICE GREENAPPLE LAT 4X6X473,90
1062,SMF ICE RED BERRIE LAT 4X6X473,144
1062,SMIRNOFF GREEN APPLE DO 6X700,24
1062,SMIRNOFF RASPBERRY DO 6X700,48
1062,SMIRNOFF TROPICAL FRUITS 6X700,24
1063,ALMA MORA MALBEC 6X750,0
1063,DADA FMORAS N°1 6X750,0
1063,ELEMENTOS MALBEC 6X750 ,0
1063,F.LAS MORAS MALBEC 6X750,0
1063,FOND CAVE MALBEC 6X750 ,0
1063,LOS ARBOLES SEL MALBEC 6X750,0
1063,ORIGEN BY TRAPICHE MALBEC 6X750,0
1063,TRAPICHE ALARIS MALBEC 6X750,0
1063,TRAPICHE RESERVA MALBEC 6X750,0
1064,DADA ART MALBEC 6X750,3
1064,FRIZZE EVOL BLUE NEW X1000,3
1064,SMIRNOFF 21 DO 12X700,-3
1064,SMIRNOFF RASPBERRY DO 6X700,3
1064,TRAPICHE ALARIS MALBEC 6X750,3
1065,ALMA MORA MALBEC 6X750,6
1065,DADA ART MALBEC 6X750,3
1065,DADA FMORAS N°1 6X750,6
1065,ELEMENTOS MALBEC 6X750 ,6
1065,FRIZZE EVOL BLUE NEW X1000,3
1065,GORDON´S TONIC 4X6X473,6
1065,SAN TELMO MALBEC X750,18
1065,SMF  BC GRAPEF&LIME  LATA 4X6X473,6
1065,SMIRNOFF 21 DO 12X700,-3
1065,SMIRNOFF RASPBERRY DO 6X700,3
1065,TRAPICHE ALARIS MALBEC 6X750,3
1067,ALMA MORA MALBEC 6X750,3
1067,DADA ART MALBEC 6X750,3
1067,DADA FMORAS N°1 6X750,3
1067,ELEMENTOS MALBEC 6X750 ,3
1067,F.LAS MORAS MALBEC 6X750,3
1067,FRIZZE EVOL BLUE NEW X1000,6
1067,GORDON´S GIN 6x700,-3
1067,LOS ARBOLES SEL MALBEC 6X750,3
1067,SMIRNOFF RASPBERRY DO 6X700,3
1067,TRAPICHE ALARIS MALBEC 6X750,3
1068,ALMA MORA MALBEC 6X750,3
1068,ANTARES MICRO IPA 25 AÑOS,3
1068,DADA FMORAS N°1 6X750,3
1068,ELEMENTOS MALBEC 6X750 ,3
1068,F.LAS MORAS MALBEC 6X750,3
1068,FRIZZE EVOL BLUE NEW X1000,3
1068,GORDON´S GIN 6x700,3
1068,LOS ARBOLES SEL MALBEC 6X750,3
1069,DADA ART MALBEC 6X750,3
1069,FRIZZE EVOL BLUE NEW X1000,3
1069,SMIRNOFF RASPBERRY DO 6X700,3
1069,TRAPICHE ALARIS MALBEC 6X750,3
1070,DADA ART MALBEC 6X750,3
1070,FRIZZE EVOL BLUE NEW X1000,3
1070,SMIRNOFF 21 DO 12X700,-3
1070,SMIRNOFF RASPBERRY DO 6X700,3
1070,TRAPICHE ALARIS MALBEC 6X750,3
1071,DADA ART MALBEC 6X750,3
1071,FRIZZE EVOL BLUE NEW X1000,3
1071,SMIRNOFF 21 DO 12X700,-3
1071,SMIRNOFF RASPBERRY DO 6X700,3
1071,TRAPICHE ALARIS MALBEC 6X750,3
1072,ALMA MORA MALBEC 6X750,6
1072,DADA ESPUMANTE 6X750 ,3
1072,DADA FMORAS N°1 6X750,3
1072,ELEMENTOS MALBEC 6X750 ,6
1072,F.LAS MORAS MALBEC 6X750,3
1072,FRIZZE BLUE LATA X473,6
1072,LOS ARBOLES SEL MALBEC 6X750,3
1072,SMF ICE RED BERRIE LAT 4X6X473,6
1072,TRAPICHE ALARIS MALBEC 6X750,3
1073,ALMA MORA MALBEC 6X750,9
1073,EL BAUTISMO BLEND B. DLCE 6X750 ,6
1073,EL BAUTISMO MALBEC 6X750 ,6
1073,ELEMENTOS MALBEC 6X750 ,3
1073,ELEMENTOS TORRONTES 6X750 ,6
1073,F.LAS MORAS MALBEC 6X750,6
1073,TRAPICHE ALARIS DULCE COSECHA 6X750,3
1075,ALMA MORA MALBEC 6X750,3
1075,DADA ART MALBEC 6X750,6
1075,DADA FMORAS N°1 6X750,3
1075,F. LAS MORAS BCO DULCE 6X750 ,3
1075,F.LAS MORAS MALBEC 6X750,6
1075,FRIZZE BLUE LATA X473,48
1075,FRIZZE BUBBLE MOOD 6X1000,18
1075,FRIZZE EVOL BLUE NEW X1000,24
1075,FRIZZE IT LIM NEW X 1000,6
1075,LOS ARBOLES SEL MALBEC 6X750,6
1075,LOS ARBOLES SEL RED BLEND 6X750,0
1075,SMF BC RUBYORANGE&LIME LATA 4X6X473,6
1075,SMF ICE GREENAPPLE LAT 4X6X473,36
1075,SMF ICE RED BERRIE LAT 4X6X473,78
1075,SMIRNOFF GREEN APPLE DO 6X700,6
1075,SMIRNOFF RASPBERRY DO 6X700,27
1077,COLECCION PRIVADA MALBEC,3
1077,DADA FMORAS N°1 6X750,3
1077,F.LAS MORAS MALBEC 6X750,3
1077,LOS INTOCABLES MALBEC 6X750,3
1078,ALMA MORA MALBEC 6X750,150
1078,BAILEYS NUEVA BOTELLA 12x750,72
1078,BAILEYS SALTED CARAMEL 12X750,48
1078,COLECCION PRIVADA MALBEC,21
1078,DADA ART MALBEC 6X750,36
1078,DADA ESPUMANTE 6X750 ,30
1078,DADA ESPUMANTE MARACUYA 6X750,30
1078,DADA ESPUMANTE ROS6X750 ,30
1078,DADA FMORAS N°1 6X750,21
1078,DON DAVID MALBEC 6X750,18
1078,ELEMENTOS CABSAUV 6X750 ,12
1078,ELEMENTOS MALBEC 6X750 ,36
1078,F.LAS MORAS MALBEC 6X750,39
1078,JW BLACK LABEL 12x750,12
1078,LOS ARBOLES SEL CABERNET 6X750,12
1078,LOS ARBOLES SEL MALBEC 6X750,48
1078,LOS INTOCABLES MALBEC 6X750,3
1078,SAN TELMO MALBEC X750,30
1078,SMIRNOFF GREEN APPLE DO 6X700,180
1078,SMIRNOFF RASPBERRY DO 6X700,420
1078,SMIRNOFF TROPICAL FRUITS 6X700,60
1081,ALMA MORA MALBEC 6X750,3
1081,DADA ESPUMANTE 6X750 ,3
1081,SMIRNOFF GREEN APPLE DO 6X700,3
1081,TRAPICHE ALARIS MALBEC 6X750,3
1082,ALARIS D.COSECHA TINTO 6X750,3
1082,ALMA MORA BLEND DULCE 6X 750,3
1082,ALMA MORA CABSAUV6X750 ,6
1082,ALMA MORA MALBEC 6X750,12
1082,ALMA MORA SEL RVE MALBEC 6X750,3
1082,CAZADOR BLANCO DULCE 6X750,3
1082,CAZADOR MALBEC 6X750,12
1082,DADA ART MALBEC 6X750,15
1082,DADA FMORAS N°1 6X750,3
1082,DADA N6 HONEY X750,3
1082,DADA N°8 CHOCOLATE 6X750 ,24
1082,DADA N°9 CARAMEL 6X750,3
1082,DADA SIDRA 6X750,6
1082,DON DAVID MALBEC 6X750,9
1082,DON DAVID RESERVA MALBEC X750,3
1082,EL BAUTISMO CABERNET 6X750,3
1082,ELEMENTOS MALBEC 6X750 ,9
1082,F.LAS MORAS MALBEC 6X750,9
1082,FOND CAVE MALBEC 6X750 ,6
1082,FOND CAVE RVA MALBEC 6X750,9
1082,J&B YELLOW 6X750,3
1082,JW RED 12X750 UK,3
1082,LOS ARBOLES SEL MALBEC 6X750,9
1082,LOS INTOCABLES CAB.SAUV 6X750,3
1082,LOS INTOCABLES MALBEC 6X750,3
1082,NC SPARK EBRUT 6X750 nuevo,3
1082,SHERIDANS 6X750,5
1082,SMF ICE GREENAPPLE LAT 4X6X473,6
1082,SMF ICE RED BERRIE LAT 4X6X473,6
1082,SMIRNOFF RASPBERRY DO 6X700,3
1082,TRAPICHE ALARIS CHARDO 6X750 ,3
1082,TRAPICHE ALARIS DULCE COSECHA 6X750,6
1082,TRAPICHE ALARIS MALBEC 6X750,12
1082,WHITE HORSE DO 12X750,3
1084,ELEMENTOS MALBEC 6X750 ,6
1084,LEGUI 40 AÑOS 12X750,6
1084,LOS ARBOLES SEL CABERNET 6X750,3
1084,LOS ARBOLES SEL MALBEC 6X750,3
1084,WHITE HORSE DO 12X750,1
1085,ALMA MORA MALBEC 6X750,3
1085,F.LAS MORAS MALBEC 6X750,3
1085,FOND CAVE MALBEC 6X750 ,3
1085,GORDON´S PINK GIN 6X700,3
1085,GORDON´S TONIC 4X6X473,12
1085,SMF ICE GREENAPPLE LAT 4X6X473,12
1085,SMF ICE RED BERRIE LAT 4X6X473,36
1085,WHITE HORSE DO 12X750,3
1086,ALMA MORA BLEND TINTO 6X750,6
1086,ALMA MORA MALBEC 6X750,12
1086,DADA 7 ORANGE BITTER 6X750,0
1086,DADA ESPUMANTE MARACUYA 6X750,6
1086,DADA FMORAS N°2 6X750 ,3
1086,DADA FMORAS N°3 6X750,3
1086,DADA INCREDIBLENDS 1  X750,12
1086,DADA N°8 CHOCOLATE 6X750 ,6
1086,ELEMENTOS CABSAUV 6X750 ,6
1086,ELEMENTOS MALBEC 6X750 ,9
1086,F.LAS MORAS CABSAU 6X750 ,3
1086,F.LAS MORAS MALBEC 6X750,18
1086,TRAPICHE ALARIS CABSAUV 6X750 ,3
1086,TRAPICHE ALARIS MALBEC 6X750,3
1086,TRAPICHE RESERVA CABSAU 6X750 ,3
1086,TRAPICHE RESERVA MALBEC 6X750,3
1089,ALARIS D.COSECHA TINTO 6X750,6
1089,ALMA MORA BLANCO DULCE LOW 6X750,6
1089,ALMA MORA BLEND DULCE 6X 750,12
1089,ALMA MORA CABSAUV6X750 ,-120
1089,ALMA MORA MALBEC 6X750,-300
1089,ALMA MORA SEL RVE BLEND 6X750,6
1089,ALMA MORA SEL RVE MALBEC 6X750,9
1089,ANTARES IPA LATA 6X473 (NEW),30
1089,ANTARES LAGER LATA 6X473,18
1089,ANTARES LATA KOLSCH 6 X 473ML,6
1089,ANTARES LATA SCOTCH 6 X 473ML,12
1089,BAILEYS NUEVA BOTELLA 12x750,5
1089,CAZADOR MALBEC 6X750,6
1089,COLECCION PRIVADA MALBEC,9
1089,DADA 7 ORANGE BITTER 6X750,12
1089,DADA 7 SWEET  6X750,12
1089,DADA ART MALBEC 6X750,5
1089,DADA ESPUMANTE MARACUYA 6X750,6
1089,DADA ESPUMANTE ROS6X750 ,18
1089,DADA EXTRA BRUT 6X750,12
1089,DADA FMORAS N°2 6X750 ,6
1089,DADA N°8 CHOCOLATE 6X750 ,3
1089,DADA N°9 CARAMEL 6X750,12
1089,DADA SIDRA 6X750,6
1089,DON DAVID CABERNET 6X750,15
1089,DON DAVID MALBEC 6X750,30
1089,DON DAVID RESERVA MALBEC X750,6
1089,EL BAUTISMO CABERNET 6X750,6
1089,EL BAUTISMO MALBEC 6X750 ,6
1089,ELEMENTOS CABSAUV 6X750 ,84
1089,ELEMENTOS CHARDONNAY 6X750,12
1089,ELEMENTOS MALBEC 6X750 ,42
1089,ELEMENTOS RED BLEND 6 X 750,12
1089,ELEMENTOS ROSADO TORRONT 6X750 ,4
1089,ELEMENTOS TANNAT 6X750 ,6
1089,ELEMENTOS TORRONTES DLCE6X750 ,6
1089,F.LAS MORAS CABSAU 6X750 ,-54
1089,F.LAS MORAS MALBEC 6X750,-102
1089,FAIR FOR LIFE MALBEC 6X750 ,12
1089,FOND CAV RESERVA CAB SAUV FRANCE X750,12
1089,FOND CAVE CABSAU 6X750,4
1089,FOND CAVE MALBEC 6X750 ,15
1089,FOND CAVE RVA MALBEC 6X750,6
1089,FRIZZE BLUE LATA X473,6
1089,FRIZZE BUBBLE MOOD 6X1000,18
1089,FRIZZE EVOL BLUE NEW X1000,12
1089,GORDONS  TROPICAL FRUITS 6X700,3
1089,GORDON´S GIN 6x700,15
1089,GORDON´S PINK GIN 6X700,12
1089,GORDON´S TONIC 4X6X473,24
1089,J WALKER GREEN 6X750,0
1089,JW RED 12X750 UK,1
1089,LOS ARBOLES SEL CABERNET 6X750,6
1089,LOS ARBOLES SEL MALBEC 6X750,18
1089,LOS INTOCABLES CAB.SAUV 6X750,6
1089,NC SPARK EBRUT 6X750 nuevo,36
1089,SAN TELMO MALBEC X750,21
1089,SHERIDANS 6X750,1
1089,SMF  BC GRAPEF&LIME  LATA 4X6X473,48
1089,SMF BC RUBYORANGE&LIME LATA 4X6X473,42
1089,SMF ICE GREENAPPLE LAT 4X6X473,36
1089,SMF ICE RED BERRIE LAT 4X6X473,67
1089,SMIRNOFF 21 DO 12X700,31
1089,SMIRNOFF GREEN APPLE DO 6X700,225
1089,SMIRNOFF ICE LATA 4X6X473,14
1089,SMIRNOFF RASPBERRY DO 6X700,198
1089,SMIRNOFF TAMARINDO 6 X 700,6
1089,SMIRNOFF TROPICAL FRUITS 6X700,36
1089,TRAPICHE ALARIS CABSAUV 6X750 ,6
1089,TRAPICHE ALARIS DULCE COSECHA 6X750,24
1089,TRAPICHE ALARIS MALBEC 6X750,30
1089,TRAPICHE ALARIS MERLOT 6X750 ,6
1089,TRAPICHE ALARIS TORRONTES 6X750 ,6
1089,WHITE HORSE DO 12X750,42
1090,SMF ICE RED BERRIE LAT 4X6X473,6
1091,DADA ART MALBEC 6X750,6
1091,ELEMENTOS MALBEC 6X750 ,12
1091,F.LAS MORAS MALBEC 6X750,12
1091,LOS ARBOLES SEL MALBEC 6X750,12
1091,SMIRNOFF GREEN APPLE DO 6X700,6
1091,SMIRNOFF RASPBERRY DO 6X700,18
1093,ALMA MORA SEL RVE MALBEC 6X750,6
1093,ANTARES IPA LATA 6X473 (NEW),6
1093,COLECCION PRIVADA MALBEC,30
1093,DADA LATA SWEET  4X6X355,6
1093,DADA LATA SWEET PINK 4X6X355,6
1093,DON DAVID RESERVA MALBEC X750,6
1093,F.LAS MORAS MALBEC 6X750,3
1093,FAIR FOR LIFE MALBEC 6X750 ,3
1093,FOND CAVE MALBEC 6X750 ,18
1093,FOND CAVE RVA MALBEC 6X750,6
1093,GORDONS  TROPICAL FRUITS 6X700,6
1093,GORDON´S GIN 6x700,6
1093,GORDON´S PINK GIN 6X700,6
1093,LOS ARBOLES SEL MALBEC 6X750,15
1093,ORIGEN BY TRAPICHE MALBEC 6X750,9
1093,SMF ICE GREENAPPLE LAT 4X6X473,30
1093,SMF ICE RED BERRIE LAT 4X6X473,30
1093,SMIRNOFF RASPBERRY DO 6X700,180
1093,TRAPICHE ALARIS MALBEC 6X750,18
1093,TRAPICHE RESERVA MALBEC 6X750,12
1094,ANTARES IPA LATA 6X473 (NEW),6
1094,ANTARES IPA SIN ALC LATA 6X473,12
1094,ANTARES LATA KOLSCH 6 X 473ML,6
1094,DON DAVID MALBEC 6X750,3
1094,F. LAS MORAS BCO DULCE 6X750 ,3
1094,GORDON´S TONIC 4X6X473,6
1094,SMF ICE RED BERRIE LAT 4X6X473,6
1096,ELEMENTOS MALBEC 6X750 ,9
1096,F.LAS MORAS MALBEC 6X750,6
1096,FRIZZE EVOL BLUE NEW X1000,6
1096,LOS ARBOLES SEL MALBEC 6X750,3
1096,SMF ICE RED BERRIE LAT 4X6X473,6
1097,ALMA MORA MALBEC 6X750,6
1097,ELEMENTOS MALBEC 6X750 ,3
1097,F.LAS MORAS CABSAU 6X750 ,3
1097,F.LAS MORAS MALBEC 6X750,3
1097,LOS ARBOLES SEL MALBEC 6X750,12
1097,TRAPICHE ALARIS TORRONTES 6X750 ,18
1098,ALMA MORA BLEND BLANCO 6X750,3
1098,ALMA MORA BLEND DULCE 6X 750,3
1098,ALMA MORA MALBEC 6X750,6
1098,ALMA MORA MERLOT 6X750,2
1098,ALMA MORA SYRAH ROSE 6X750 ,3
1098,DADA FMORAS N°1 6X750,6
1098,DADA FMORAS N°2 6X750 ,3
1098,DADA FMORAS N°3 6X750,3
1098,DADA N6 HONEY X750,3
1098,DADA N°9 CARAMEL 6X750,3
1098,EL BAUTISMO BLEND B. DLCE 6X750 ,3
1098,EL BAUTISMO BLEND TINTAS 6X750 ,3
1098,EL BAUTISMO CABERNET 6X750,3
1098,EL BAUTISMO MALBEC 6X750 ,6
1098,ELEMENTOS MALBEC 6X750 ,3
1098,F. LAS MORAS BCO DULCE 6X750 ,3
1098,F. LAS MORAS ROSADO 6X750 ,3
1098,F.LAS MORAS CABSAU 6X750 ,3
1098,F.LAS MORAS MALBEC 6X750,6
1098,FOND CAVE MALBEC 6X750 ,3
1098,FRIZZE BUBBLE MOOD 6X1000,6
1098,FRIZZE EVOL BLUE NEW X1000,6
1098,LOS ARBOLES SEL MALBEC 6X750,3
1098,LOS INTOCABLES MALBEC 6X750,6
1098,SAN TELMO CAB-SAUV X750,3
1098,SMF ICE RED BERRIE LAT 4X6X473,6
1098,SMIRNOFF RASPBERRY DO 6X700,3
1098,TRAPICHE ALARIS CABSAUV 6X750 ,3
1098,TRAPICHE ALARIS DULCE COSECHA 6X750,3
1098,TRAPICHE ALARIS MALBEC 6X750,3
1100,ALMA MORA CABSAUV6X750 ,0
1100,ALMA MORA MALBEC 6X750,3
1100,DADA FMORAS N°1 6X750,3
1100,DADA FMORAS N°2 6X750 ,3
1100,ELEMENTOS CABSAUV 6X750 ,0
1100,ELEMENTOS MALBEC 6X750 ,0
1100,ELEMENTOS TORRONTES DLCE6X750 ,0
1100,F. LAS MORAS BCO DULCE 6X750 ,0
1100,F.LAS MORAS MALBEC 6X750,0
1100,TRAPICHE ALARIS MALBEC 6X750,3
1101,ALMA MORA BLEND BLANCO 6X750,6
1101,ALMA MORA MALBEC 6X750,18
1103,JW RED 12X750 UK,-2
1103,SMF ICE RED BERRIE LAT 4X6X473,12
1104,ALMA MORA MALBEC 6X750,9
1104,DADA INCREDIBLENDS 1  X750,6
1104,DADA N6 HONEY X750,6
1104,DADA N°8 CHOCOLATE 6X750 ,5
1104,ELEMENTOS MALBEC 6X750 ,6
1104,GORDON´S GIN 6x700,2
1104,GORDON´S PINK GIN 6X700,5
1104,GORDON´S TONIC 4X6X473,18
1104,LOS INTOCABLES MALBEC 6X750,6
1104,SMF ICE RED BERRIE LAT 4X6X473,24
1104,SMIRNOFF 21 DO 12X700,12
1104,SMIRNOFF RASPBERRY DO 6X700,24
1104,TRAPICHE ALARIS DULCE COSECHA 6X750,3
1105,ALMA MORA MALBEC 6X750,3
1105,DADA N°8 CHOCOLATE 6X750 ,3
1105,F.LAS MORAS MALBEC 6X750,3
1105,SMF ICE RED BERRIE LAT 4X6X473,12
1105,TRAPICHE ALARIS DULCE COSECHA 6X750,3
1107,ALMA MORA MALBEC 6X750,3
1111,ALMA MORA MALBEC 6X750,3
1111,ELEMENTOS CHARDONNAY 6X750,3
1111,ELEMENTOS MALBEC 6X750 ,6
1111,F.LAS MORAS MALBEC 6X750,3
1111,LOS ARBOLES SEL CHARD 6X750,3
1111,SMF ICE RED BERRIE LAT 4X6X473,6
1111,TRAPICHE ALARIS DULCE COSECHA 6X750,3
1112,SMF ICE RED BERRIE LAT 4X6X473,6
1112,SMIRNOFF ICE LATA 4X6X473,6
1113,ALMA MORA MALBEC 6X750,3
1113,SMF ICE GREENAPPLE LAT 4X6X473,6
1113,SMF ICE RED BERRIE LAT 4X6X473,6
1115,ALMA MORA MALBEC 6X750,-6
1115,DADA FMORAS N°2 6X750 ,3
1115,F.LAS MORAS MALBEC 12x375,3
1115,F.LAS MORAS MALBEC 6X750,6
1115,LOS ARBOLES SEL MALBEC 6X750,6
1115,SAN TELMO MALBEC X750,6
1116,SMF ICE GREENAPPLE LAT 4X6X473,6
1116,SMF ICE RED BERRIE LAT 4X6X473,18
1117,ANTARES IPA LATA 6X473 (NEW),-6
1117,SMIRNOFF GREEN APPLE DO 6X700,18
1118,ALMA MORA MALBEC 6X750,3
1119,SMF ICE RED BERRIE LAT 4X6X473,0
1119,SMIRNOFF GREEN APPLE DO 6X700,0
1119,SMIRNOFF TROPICAL FRUITS 6X700,0
1120,SMF ICE RED BERRIE LAT 4X6X473,6
1122,SMF ICE RED BERRIE LAT 4X6X473,12
1124,ALMA MORA MALBEC 6X750,3
1124,DADA FMORAS N°3 6X750,3
1125,ALARIS D.COSECHA TINTO 6X750,6
1125,ALMA MORA BLEND BLANCO 6X750,12
1125,ALMA MORA CABSAUV6X750 ,6
1125,ALMA MORA MALBEC 6X750,27
1125,CAZADOR MALBEC 6X750,6
1125,DADA ART MALBEC 6X750,12
1125,DADA FMORAS N°2 6X750 ,6
1125,DADA N°8 CHOCOLATE 6X750 ,12
1125,DADA N°9 CARAMEL 6X750,6
1125,ELEMENTOS MALBEC 6X750 ,6
1125,ELEMENTOS RED BLEND 6 X 750,3
1125,F. LAS MORAS BCO DULCE 6X750 ,6
1125,F.LAS MORAS CABSAU 6X750 ,6
1125,F.LAS MORAS MALBEC 6X750,12
1125,FOND CAVE MALBEC 6X750 ,3
1125,INTOCABLES DOUBLE OAK 6 X 750,6
1125,LOS INTOCABLES MALBEC 6X750,12
1125,TRAPICHE ALARIS MALBEC 6X750,6
1129,SMIRNOFF BC TANGE&LEMONGRASS 6X700,-3
1129,SMIRNOFF GREEN APPLE DO 6X700,-3
1129,SMIRNOFF RASPBERRY DO 6X700,-3
1129,SMIRNOFF TROPICAL FRUITS 6X700,-3
1130,ALMA MORA CABSAUV6X750 ,6
1130,ALMA MORA MALBEC 6X750,6
1130,DADA ART CABERNET 6X750 ,3
1130,DADA ART MALBEC 6X750,3
1130,DADA N°8 CHOCOLATE 6X750 ,3
1130,ELEMENTOS CABSAUV 6X750 ,6
1130,ELEMENTOS MALBEC 6X750 ,9
1130,FRIZZE EVOL BLUE NEW X1000,6
1130,LOS ARBOLES SEL CABERNET 6X750,3
1130,LOS ARBOLES SEL MALBEC 6X750,3
1130,SMF ICE RED BERRIE LAT 4X6X473,6
1130,SMIRNOFF RASPBERRY DO 6X700,6
1130,TRAPICHE RESERVA MALBEC 6X750,3
1130,WHITE HORSE DO 12X750,3
1131,F. LAS MORAS BCO DULCE 6X750 ,9
1131,F.LAS MORAS MALBEC 6X750,9
1131,FRIZZE EVOL BLUE NEW X1000,12
1131,SMF ICE GREENAPPLE LAT 4X6X473,30
1131,SMF ICE RED BERRIE LAT 4X6X473,24
1131,SMIRNOFF GREEN APPLE DO 6X700,15
1131,SMIRNOFF ICE LATA 4X6X473,6
1131,SMIRNOFF RASPBERRY DO 6X700,9
1131,TRAPICHE ALARIS DULCE COSECHA 6X750,12
1132,SMIRNOFF GREEN APPLE DO 6X700,12
1133,ALMA MORA MALBEC 6X750,12
1135,ALMA MORA BLEND BLANCO 6X750,3
1135,ALMA MORA MALBEC 6X750,3
1135,ALMA MORA SEL RVE BLEND 6X750,3
1135,ALMA MORA SEL RVE MALBEC 6X750,9
1135,COLECCION PRIVADA MALBEC,3
1135,DADA ART MALBEC 6X750,3
1135,DADA LATA SWEET  4X6X355,6
1135,DADA LATA SWEET PINK 4X6X355,6
1135,DON DAVID MALBEC 6X750,9
1135,F. LAS MORAS BCO DULCE 6X750 ,6
1135,FOND CAVE MALBEC 6X750 ,6
1135,LOS ARBOLES SEL MALBEC 6X750,3
1135,SMF  BC GRAPEF&LIME  LATA 4X6X473,6
1135,SMF ICE RED BERRIE LAT 4X6X473,18
1135,TRAPICHE ALARIS DULCE COSECHA 6X750,3
1136,DADA ART MALBEC 6X750,6
1136,DADA FMORAS N°2 6X750 ,6
1136,FRIZZE BLUE LATA X473,6
1136,FRIZZE BUBBLE MOOD 6X1000,6
1136,SMF ICE GREENAPPLE LAT 4X6X473,12
1136,SMF ICE RED BERRIE LAT 4X6X473,6
1137,ALMA MORA MALBEC 6X750,120
1137,DADA ART MALBEC 6X750,120
1137,ELEMENTOS MALBEC 6X750 ,72
1137,F.LAS MORAS MALBEC 6X750,138
1137,FRIZZE EVOL BLUE NEW X1000,120
1137,SMIRNOFF GREEN APPLE DO 6X700,180
1138,COLECCION PRIVADA MALBEC,3
1138,DADA ART CABERNET 6X750 ,3
1138,F.LAS MORAS MALBEC 6X750,3
1138,SAN TELMO MALBEC X750,3
1138,SMF ICE GREENAPPLE LAT 4X6X473,6
1138,SMIRNOFF ICE LATA 4X6X473,6
1139,ALARIS D.COSECHA TINTO 6X750,3
1139,ALMA MORA BLEND DULCE 6X 750,3
1139,ALMA MORA MALBEC 6X750,9
1139,DADA 7 SWEET  6X750,6
1139,DADA ART CABERNET 6X750 ,6
1139,DADA ESPUMANTE MARACUYA 6X750,6
1139,DADA FMORAS N°2 6X750 ,-3
1139,ELEMENTOS CABSAUV 6X750 ,6
1139,ELEMENTOS MALBEC 6X750 ,6
1139,F.LAS MORAS MALBEC 6X750,3
1139,FOND CAVE MALBEC 6X750 ,6
1139,LOS ARBOLES SEL CABERNET 6X750,3
1139,LOS INTOCABLES MALBEC 6X750,6
1139,SMF ICE GREENAPPLE LAT 4X6X473,6
1139,SMF ICE RED BERRIE LAT 4X6X473,6
1139,SMIRNOFF 21 DO 12X700,12
1139,SMIRNOFF BC GRAPEF.&LIME 6X700,6
1139,SMIRNOFF BC ORANGE & LIME 6X700,6
1139,SMIRNOFF GREEN APPLE DO 6X700,15
1139,SMIRNOFF RASPBERRY DO 6X700,18
1139,SMIRNOFF TAMARINDO 6 X 700,6
1139,SMIRNOFF WATERMELON 6X700,6
1139,TRAPICHE ALARIS DULCE COSECHA 6X750,6
1139,WHITE HORSE DO 12X750,2
1140,SMF ICE RED BERRIE LAT 4X6X473,6
1141,ALMA MORA MALBEC 6X750,3
1141,DADA ESPUMANTE MARACUYA 6X750,12
1141,EL BAUTISMO MALBEC 6X750 ,3
1141,ELEMENTOS MALBEC 6X750 ,3
1141,F.LAS MORAS MALBEC 6X750,3
1141,FRIZZE BUBBLE MOOD 6X1000,6
1141,FRIZZE EVOL BLUE NEW X1000,6
1142,F.LAS MORAS MALBEC 6X750,120
1143,ANTARES IPA LATA 6X473 (NEW),6
1143,ANTARES LATA KOLSCH 6 X 473ML,6
1143,FRIZZE BLUE LATA X473,6
1143,GORDON´S GIN 6x700,20
1143,SMF ICE GREENAPPLE LAT 4X6X473,30
1143,SMF ICE RED BERRIE LAT 4X6X473,12
1143,SMIRNOFF GREEN APPLE DO 6X700,6
1143,SMIRNOFF ICE LATA 4X6X473,12
1143,SMIRNOFF RASPBERRY DO 6X700,9
1143,SMIRNOFF TROPICAL FRUITS 6X700,3
1144,ANTARES IPA LATA 6X473 (NEW),-6
1147,ALMA MORA MALBEC 6X750,3
1147,FRIZZE EVOL BLUE NEW X1000,3
1147,TRAPICHE ALARIS MALBEC 6X750,3
1149,ANTARES IPA LATA 6X473 (NEW),-6
1150,ALMA MORA MALBEC 6X750,-6
1150,F. LAS MORAS BCO DULCE 6X750 ,6
1150,F.LAS MORAS CABSAU 6X750 ,6
1150,F.LAS MORAS MALBEC 6X750,48
1150,FOND CAVE MALBEC 6X750 ,6
1150,TRAPICHE ALARIS DULCE COSECHA 6X750,6
1151,ALMA MORA MALBEC 6X750,3
1151,DADA ART MALBEC 6X750,3
1151,SAN TELMO MALBEC X750,3
1151,SMIRNOFF GREEN APPLE DO 6X700,6
1151,SMIRNOFF RASPBERRY DO 6X700,6
1153,SMF ICE GREENAPPLE LAT 4X6X473,6
1153,SMF ICE RED BERRIE LAT 4X6X473,6
1153,SMIRNOFF ICE LATA 4X6X473,6
1154,ELEMENTOS MALBEC 6X750 ,3
1154,F.LAS MORAS MALBEC 6X750,3
1155,ALMA MORA CABSAUV6X750 ,6
1155,DADA 7 SWEET  6X750,6
1155,DADA ESPUMANTE MARACUYA 6X750,6
1155,DADA ESPUMANTE ROS6X750 ,6
1155,DADA EXTRA BRUT 6X750,6
1155,DADA FMORAS N°1 6X750,6
1155,DADA FMORAS N°2 6X750 ,6
1155,DADA FMORAS N°3 6X750,6
1155,ELEMENTOS MALBEC 6X750 ,6
1155,F.LAS MORAS CABSAU 6X750 ,6
1155,F.LAS MORAS MALBEC 6X750,6
1155,FOND CAVE MALBEC 6X750 ,6
1155,SMF ICE RED BERRIE LAT 4X6X473,24
1155,TRAPICHE RESERVA MALBEC 6X750,6
1157,ELEMENTOS TORRONTES DLCE6X750 ,3
1157,F.LAS MORAS MALBEC 6X750,3
1157,SUTER VARIETAL MALBEC 6X750,3
1157,TRAPICHE ALARIS DULCE COSECHA 6X750,3
1158,COLECCION PRIVADA MALBEC,12
1158,DADA ART CABERNET 6X750 ,6
1158,DADA ESPUMANTE MARACUYA 6X750,6
1158,DADA FMORAS N°3 6X750,6
1158,DADA INCREDIBLENDS 1  X750,6
1158,DADA N6 HONEY X750,6
1158,DADA WHITE MALBEC 6X750,6
1158,ELEMENTOS MALBEC 6X750 ,12
1158,ELEMENTOS ROSADO TORRONT 6X750 ,6
1158,SMF ICE RED BERRIE LAT 4X6X473,6
1158,SMIRNOFF GREEN APPLE DO 6X700,6
1158,SMIRNOFF RASPBERRY DO 6X700,18
1158,WHITE HORSE DO 12X750,6
1159,ALMA MORA MALBEC 6X750,15
1159,F.LAS MORAS MALBEC 6X750,3
1159,SMF  BC GRAPEF&LIME  LATA 4X6X473,6
1159,SMF BC RUBYORANGE&LIME LATA 4X6X473,6
1159,SMF ICE GREENAPPLE LAT 4X6X473,24
1159,SMF ICE RED BERRIE LAT 4X6X473,6
1161,ALMA MORA CABSAUV6X750 ,3
1161,ALMA MORA MALBEC 6X750,9
1161,ALMA MORA SEL RVE MALBEC 6X750,3
1161,ANTARES IPA LATA 6X473 (NEW),6
1161,ANTARES LAGER LATA 6X473,6
1161,ANTARES LATA KOLSCH 6 X 473ML,6
1161,COLECCION PRIVADA MALBEC,3
1161,DADA ART CABERNET 6X750 ,3
1161,DADA ART MALBEC 6X750,3
1161,DADA ESPUMANTE MARACUYA 6X750,6
1161,DADA FMORAS N°1 6X750,3
1161,DADA FMORAS N°2 6X750 ,3
1161,DADA N°9 CARAMEL 6X750,3
1161,DON DAVID MALBEC 6X750,9
1161,DON DAVID RESERVA MALBEC X750,6
1161,EL BAUTISMO MALBEC 6X750 ,6
1161,ELEMENTOS CABSAUV 6X750 ,3
1161,ELEMENTOS MALBEC 6X750 ,6
1161,EXPEDICION DEL SUR CABSUA 6 X 750,6
1161,F. LAS MORAS SAUV.BLANC 6X750 ,6
1161,F.LAS MORAS MALBEC 6X750,9
1161,FAIR FOR LIFE MALBEC 6X750 ,6
1161,FLM GRAN SYRAH 6X750,3
1161,FOND CAVE CABSAU 6X750,6
1161,FOND CAVE MALBEC 6X750 ,3
1161,FOND CAVE RVA MALBEC 6X750,9
1161,FRIZZE BUBBLE MOOD 6X1000,6
1161,FRIZZE EVOL BLUE NEW X1000,78
1161,GORDON´S GIN 6x700,3
1161,GORDON´S PINK GIN 6X700,3
1161,GORDON´S TONIC 4X6X473,6
1161,JW BLACK LABEL 12x750,1
1161,JW RED 12X1000 UK,2
1161,LA MASCOTA MALBEC 6X750,3
1161,LOS ARBOLES SEL CABERNET 6X750,3
1161,LOS ARBOLES SEL CHARD 6X750,3
1161,LOS ARBOLES SEL MALBEC 6X750,3
1161,LOS INTOCABLES CAB.SAUV 6X750,3
1161,LOS INTOCABLES MALBEC 6X750,6
1161,ORIGEN BY TRAPICHE MALBEC 6X750,6
1161,PAZ DE FLM MALBEC 6X750,6
1161,SAN TELMO MALBEC X750,9
1161,SAN TELMO SEL CHARDONNA  X750,3
1161,SMF BC RUBYORANGE&LIME LATA 4X6X473,6
1161,SMF ICE GREENAPPLE LAT 4X6X473,18
1161,SMF ICE RED BERRIE LAT 4X6X473,30
1161,SMIRNOFF 21 DO 12X700,6
1161,SMIRNOFF GREEN APPLE DO 6X700,12
1161,SMIRNOFF ICE LATA 4X6X473,18
1161,SMIRNOFF TROPICAL FRUITS 6X700,6
1161,TRAPICHE ALARIS MALBEC 6X750,3
1161,TRAPICHE ALARIS TORRONTES 6X750 ,6
1161,TRAPICHE IMPURO MALBEC X750,3
1161,TRAPICHE PURO CAB.SAUV 6X750,3
1161,TRAPICHE RESERVA MALBEC 6X750,6
1161,WHITE HORSE DO 12X750,2
1162,ALMA MORA BLEND DULCE 6X 750,3
1162,ALMA MORA MALBEC 6X750,9
1162,ALMA MORA SEL RVE MALBEC 6X750,3
1162,CAZADOR BLANCO DULCE 6X750,3
1162,ELEMENTOS CABSAUV 6X750 ,3
1162,ELEMENTOS MALBEC 6X750 ,6
1162,ELEMENTOS TORRONTES DLCE6X750 ,3
1162,F. LAS MORAS BCO DULCE 6X750 ,15
1162,F.LAS MORAS CABSAU 6X750 ,3
1162,F.LAS MORAS MALBEC 6X750,15
1162,LOS ARBOLES SEL MALBEC 6X750,12
1162,SHERIDANS 6X750,1
1162,SMF BC RUBYORANGE&LIME LATA 4X6X473,6
1162,SMF ICE GREENAPPLE LAT 4X6X473,12
1162,TRAPICHE ALARIS DULCE COSECHA 6X750,9
1162,TRAPICHE ALARIS MALBEC 6X750,3
1162,TRAPICHE RESERVA CABSAU 6X750 ,3
1162,WHITE HORSE DO 12X750,2
1163,ALMA MORA MALBEC 6X750,6
1163,DADA ART MALBEC 6X750,3
1163,DADA N6 HONEY X750,3
1163,DADA N°8 CHOCOLATE 6X750 ,3
1163,ELEMENTOS MALBEC 6X750 ,6
1163,F.LAS MORAS MALBEC 6X750,3
1163,LOS ARBOLES SEL CABERNET 6X750,3
1163,LOS ARBOLES SEL MALBEC 6X750,3
1164,ALMA MORA MALBEC 6X750,12
1164,ELEMENTOS MALBEC 6X750 ,18
1164,ELEMENTOS TORRONTES 6X750 ,6
1164,FOND CAVE CABSAU 6X750,3
1164,FRIZZE BLUE LATA X473,12
1164,SMF BC RUBYORANGE&LIME LATA 4X6X473,12
1164,SMF ICE GREENAPPLE LAT 4X6X473,18
1164,SMF ICE RED BERRIE LAT 4X6X473,24
1164,SMIRNOFF ICE LATA 4X6X473,24
1164,TRAPICHE ALARIS MALBEC 6X750,3
1165,ALARIS D.COSECHA TINTO 6X750,3
1165,ALMA MORA MALBEC 6X750,18
1165,DADA ART MALBEC 6X750,3
1165,DADA N°8 CHOCOLATE 6X750 ,3
1165,ELEMENTOS MALBEC 6X750 ,9
1165,F.LAS MORAS MALBEC 6X750,3
1165,GORDON´S PINK GIN 6X700,1
1165,GORDON´S TONIC 4X6X473,6
1165,LOS ARBOLES SEL MALBEC 6X750,3
1165,SMF BC RUBYORANGE&LIME LATA 4X6X473,6
1165,SMF ICE GREENAPPLE LAT 4X6X473,12
1165,SMF ICE RED BERRIE LAT 4X6X473,12
1165,SMIRNOFF GREEN APPLE DO 6X700,6
1165,SMIRNOFF RASPBERRY DO 6X700,3
1165,SMIRNOFF TAMARINDO 6 X 700,3
1166,SMF BC RUBYORANGE&LIME LATA 4X6X473,6
1166,SMF ICE RED BERRIE LAT 4X6X473,6
1168,ALMA MORA MALBEC 6X750,6
1168,DADA FMORAS N°2 6X750 ,3
1168,DADA FMORAS N°3 6X750,3
1171,ALMA MORA MALBEC 6X750,6
1171,DADA ART MALBEC 6X750,3
1171,DADA ESPUMANTE ROS6X750 ,3
1171,DADA EXTRA BRUT 6X750,3
1171,DADA LATA SWEET  4X6X355,6
1171,DADA LATA SWEET PINK 4X6X355,6
1171,DADA N6 HONEY X750,3
1171,FOND CAVE RVA MALBEC 6X750,3
1171,FRIZZE BUBBLE MOOD 6X1000,6
1171,GORDONS  TROPICAL FRUITS 6X700,3
1171,GORDON´S PINK GIN 6X700,3
1171,SMF ICE RED BERRIE LAT 4X6X473,12
1171,SMIRNOFF GREEN APPLE DO 6X700,3
1171,SMIRNOFF RASPBERRY DO 6X700,3
1171,TRAPICHE ALARIS DULCE COSECHA 6X750,3
1174,ALMA MORA BLEND BLANCO 6X750,6
1174,ALMA MORA MALBEC 6X750,3
1174,DADA ART MALBEC 6X750,6
1174,DADA ESPUMANTE MARACUYA 6X750,6
1174,DADA LATA SWEET  4X6X355,-6
1174,EL BAUTISMO MALBEC 6X750 ,3
1174,FRIZZE EVOL BLUE NEW X1000,6
1174,LOS ARBOLES SEL MALBEC 6X750,3
1174,SMF ICE GREENAPPLE LAT 4X6X473,36
1174,SMF ICE RED BERRIE LAT 4X6X473,18
1174,SMIRNOFF 21 DO 12X700,3
1174,SMIRNOFF BC GRAPEF.&LIME 6X700,12
1174,SMIRNOFF GREEN APPLE DO 6X700,3
1174,SMIRNOFF RASPBERRY DO 6X700,9
1174,SMIRNOFF TROPICAL FRUITS 6X700,3
1175,ALMA MORA MALBEC 6X750,3
1175,ELEMENTOS MALBEC 6X750 ,6
1176,ALMA MORA MALBEC 6X750,6
1176,ELEMENTOS MALBEC 6X750 ,6
1176,LOS ARBOLES SEL RED BLEND 6X750,6
1176,SMF ICE RED BERRIE LAT 4X6X473,6
1176,SMIRNOFF RASPBERRY DO 6X700,3
1178,ALMA MORA MALBEC 6X750,12
1178,ALMA MORA SEL RVE CHARDO 6X750,3
1178,ALMA MORA SEL RVE MALBEC 6X750,3
1178,ANTARES LAGER LATA 6X473,6
1178,ANTARES LATA KOLSCH 6 X 473ML,6
1178,CAZADOR CAB. SAU 6X750,3
1178,DADA ART MALBEC 6X750,6
1178,DADA ESPUMANTE MARACUYA 6X750,19
1178,DADA ESPUMANTE ROS6X750 ,3
1178,DADA EXTRA BRUT 6X750,3
1178,DADA FMORAS N°1 6X750,6
1178,DADA N°8 CHOCOLATE 6X750 ,3
1178,DON DAVID MALBEC 6X750,9
1178,DON DAVID PINOT NOIR6X750,6
1178,DON DAVID RESERVA MALBEC X750,3
1178,ELEMENTOS MALBEC 6X750 ,6
1178,ELEMENTOS TORRONTES DLCE6X750 ,3
1178,F.LAS MORAS MALBEC 6X750,12
1178,FAIR FOR LIFE MALBEC 6X750 ,3
1178,FOND CAVE RVA MALBEC 6X750,3
1178,FRIZZE BLUE LATA X473,11
1178,FRIZZE EVOL BLUE NEW X1000,40
1178,GORDON´S PINK GIN 6X700,3
1178,LOS ARBOLES SEL RED BLEND 6X750,3
1178,NC SPARK EBRUT 6X750 nuevo,3
1178,SMF  BC GRAPEF&LIME  LATA 4X6X473,12
1178,SMF BC RUBYORANGE&LIME LATA 4X6X473,12
1178,SMF ICE GREENAPPLE LAT 4X6X473,12
1178,SMF ICE RED BERRIE LAT 4X6X473,48
1178,SMIRNOFF 21 DO 12X700,12
1178,SMIRNOFF GREEN APPLE DO 6X700,66
1178,SMIRNOFF ICE LATA 4X6X473,18
1178,SMIRNOFF RASPBERRY DO 6X700,96
1178,SMIRNOFF TROPICAL FRUITS 6X700,30
1178,SUTER CHAMPAÑA E.BRUT 6X750,3
1178,TRAPICHE ALARIS DULCE COSECHA 6X750,3
1178,TRAPICHE RESERVA MALBEC 6X750,3
1178,WHITE HORSE DO 12X750,2
1180,TERMIDOR 2021 TINTO  12X1L ,12
1180,TERMIDOR BLANCO 12X1L ,12
1182,ANTARES LAGER LATA 6X473,24
1182,ANTARES LATA CARAVANA 6 X 473ML,24
1182,ANTARES LATA HONEY 6 X 473ML,21
1182,ANTARES LATA SCOTCH 6 X 473ML,23
1182,ANTARES PLAYA GRANDE 6 X 473ML,24
1182,CAZADOR BLANCO DULCE 6X750,6
1182,CAZADOR MALBEC 6X750,12
1182,EL ESTECO MALBEC 6X750,6
1182,FOND CAVE RVA MALBEC 6X750,6
1182,NC S E.BRUT4X6X355,24
1183,ANTARES IPA LATA 6X473 (NEW),-6
1184,ANTARES IPA LATA 6X473 (NEW),-6
1186,ALMA MORA CABSAUV6X750 ,3
1186,ALMA MORA MALBEC 6X750,3
1186,CAZADOR MALBEC 6X750,6
1186,DADA FMORAS N°1 6X750,6
1186,DADA FMORAS N°2 6X750 ,3
1186,DADA N°8 CHOCOLATE 6X750 ,6
1186,F.LAS MORAS MALBEC 6X750,3
1186,LOS INTOCABLES CAB.SAUV 6X750,3
1186,LOS INTOCABLES MALBEC 6X750,3
1187,ALMA MORA CABSAUV6X750 ,3
1187,ALMA MORA MALBEC 6X750,0
1187,CAZADOR CAB. SAU 6X750,-3
1187,CAZADOR MALBEC 6X750,-3
1187,LOS ARBOLES SEL MALBEC 6X750,-3
1187,TRAPICHE ALARIS MALBEC 6X750,-3
1187,TRAPICHE RESERVA CABSAU 6X750 ,3
1187,TRAPICHE RESERVA MALBEC 6X750,3
1188,ALMA MORA MALBEC 6X750,6
1188,DADA FMORAS N°1 6X750,3
1188,DADA FMORAS N°3 6X750,6
1188,F.LAS MORAS MALBEC 6X750,6
1188,SMIRNOFF GREEN APPLE DO 6X700,3
1188,SMIRNOFF RASPBERRY DO 6X700,3
1189,ALMA MORA MALBEC 6X750,6
1189,CAZADOR MALBEC 6X750,6
1189,DADA ART MALBEC 6X750,12
1189,ELEMENTOS MALBEC 6X750 ,0
1189,F LAS MORAS RED BLEND  6X 750,6
1189,F. LAS MORAS BCO DULCE 6X750 ,12
1189,SMF ICE RED BERRIE LAT 4X6X473,-6
1190,DADA FMORAS N°3 6X750,6
1190,EL BAUTISMO BLEND B. DLCE 6X750 ,3
1190,EL BAUTISMO MALBEC 6X750 ,3
1190,ELEMENTOS CABSAUV 6X750 ,3
1190,ELEMENTOS MALBEC 6X750 ,3
1191,ALMA MORA MALBEC 6X750,15
1191,DADA 7 SWEET  6X750,6
1191,DADA ART MALBEC 6X750,6
1191,JW DOUBLE BLACK 6x750,1
1191,LOS ARBOLES SEL MALBEC 6X750,3
1191,SMIRNOFF RASPBERRY DO 6X700,6
1192,ALMA MORA SEL RVE MALBEC 6X750,-3
1192,DADA FMORAS N°3 6X750,3
1192,DON DAVID MALBEC 6X750,0
1192,ELEMENTOS MALBEC 6X750 ,3
1192,F.LAS MORAS MALBEC 6X750,0
1193,ALARIS D.COSECHA TINTO 6X750,-3
1193,ALMA MORA MALBEC 6X750,3
1193,ANTARES IPA SIN ALC LATA 6X473,18
1193,BAILEYS NUEVA BOTELLA 12x750,1
1193,DADA N6 HONEY X750,9
1193,DON DAVID RESERVA MALBEC X750,6
1193,ELEMENTOS MALBEC 6X750 ,-6
1193,F.LAS MORAS MALBEC 6X750,-6
1193,GORDON´S PINK GIN 6X700,1
1193,JW RED 12X750 UK,1
1193,LOS ARBOLES SEL MALBEC 6X750,0
1193,LOS INTOCABLES MALBEC 6X750,24
1193,SHERIDANS 6X750,2
1193,SMF ICE GREENAPPLE LAT 4X6X473,6
1193,SMF ICE RED BERRIE LAT 4X6X473,6
1193,SMIRNOFF 21 DO 12X700,12
1193,SMIRNOFF GREEN APPLE DO 6X700,9
1193,SMIRNOFF RASPBERRY DO 6X700,3
1193,TRAPICHE ALARIS DULCE COSECHA 6X750,-6
1194,ALMA MORA MALBEC 6X750,24
1194,DADA ART MALBEC 6X750,24
1194,F.LAS MORAS MALBEC 6X750,6
1194,INTOCABLES DOUBLE OAK 6 X 750,6
1194,LOS ARBOLES SEL MALBEC 6X750,12
1194,LOS INTOCABLES MALBEC 6X750,3
1194,SMIRNOFF GREEN APPLE DO 6X700,3
1194,SMIRNOFF RASPBERRY DO 6X700,3
1194,TRAPICHE ALARIS MALBEC 6X750,12
1194,TRAPICHE RESERVA MALBEC 6X750,6
1196,ALMA MORA MALBEC 6X750,3
1196,COLECCION PRIVADA MALBEC,3
1196,DADA ART CABERNET 6X750 ,3
1196,DADA ART MALBEC 6X750,3
1196,DADA N6 HONEY X750,3
1196,DON DAVID MALBEC 6X750,3
1196,EL BAUTISMO BLEND B. DLCE 6X750 ,3
1196,F. LAS MORAS BCO DULCE 6X750 ,3
1196,F.LAS MORAS MALBEC 6X750,6
1196,GORDON´S TONIC 4X6X473,6
1196,LOS ARBOLES SEL MALBEC 6X750,21
1196,SMF ICE RED BERRIE LAT 4X6X473,6
1196,TRAPICHE RESERVA MALBEC 6X750,3
1197,ANTARES IPA SIN ALC LATA 6X473,6
1197,ANTARES LATA CARAVANA 6 X 473ML,6
1197,ANTARES LATA SCOTCH 6 X 473ML,6
1197,FOND CAVE MALBEC 6X750 ,3
1197,FOND CAVE RVA MALBEC 6X750,3
1197,LOS INTOCABLES MALBEC 6X750,6
1197,ORIGEN BY TRAPICHE MALBEC 6X750,3
1197,WHITE HORSE DO 12X750,2
1199,ALMA MORA SEL RVE MALBEC 6X750,-3
1199,ALMA MORA SYRAH ROSE 6X750 ,3
1199,DADA ESPUMANTE ROS6X750 ,3
1199,DADA N°8 CHOCOLATE 6X750 ,-3
1199,DON DAVID MALBEC 6X750,-3
1199,ELEMENTOS MALBEC 6X750 ,3
1199,F. LAS MORAS ROSADO 6X750 ,3
1199,F.LAS MORAS MALBEC 6X750,3
1199,FOND CAVE MALBEC 6X750 ,9
1199,LOS ARBOLES SEL MALBEC 6X750,3
1199,ORIGEN BY TRAPICHE MALBEC 6X750,12
1199,SAN TELMO MALBEC X750,3
1199,TRAPICHE ALARIS DULCE COSECHA 6X750,3
1199,TRAPICHE ALARIS MALBEC 6X750,-3
1199,TRAPICHE RESERVA MALBEC 6X750,6
1201,ALMA MORA MALBEC 6X750,3
1201,FRIZZE EVOL BLUE NEW X1000,3
1201,TRAPICHE ALARIS MALBEC 6X750,3
1202,ALMA MORA MALBEC 6X750,6
1202,DADA FMORAS N°1 6X750,3
1202,DADA FMORAS N°3 6X750,6
1202,DADA N°8 CHOCOLATE 6X750 ,3
1202,ELEMENTOS MALBEC 6X750 ,6
1202,ELEMENTOS ROSADO TORRONT 6X750 ,6
1202,F.LAS MORAS MALBEC 6X750,6
1202,FOND CAVE MALBEC 6X750 ,3
1202,TRAPICHE RESERVA MALBEC 6X750,3
1205,ALMA MORA MALBEC 6X750,3
1205,FOND CAVE MALBEC 6X750 ,6
1205,LOS ARBOLES SEL MALBEC 6X750,6
1205,SMF ICE GREENAPPLE LAT 4X6X473,6
1205,SMF ICE RED BERRIE LAT 4X6X473,12
1205,SMIRNOFF BC ORANGE & LIME 6X700,3
1205,SMIRNOFF GREEN APPLE DO 6X700,96
1205,SMIRNOFF RASPBERRY DO 6X700,90
1205,SMIRNOFF TROPICAL FRUITS 6X700,15
1205,WHITE HORSE DO 12X750,2
1207,SMIRNOFF GREEN APPLE DO 6X700,72
1207,SMIRNOFF RASPBERRY DO 6X700,222
1207,WHITE HORSE DO 12X750,48
1208,ALMA MORA MALBEC 6X750,6
1208,DADA FMORAS N°2 6X750 ,6
1209,F.LAS MORAS CABSAU 6X750 ,3
1209,F.LAS MORAS MALBEC 6X750,3
1209,TRAPICHE ALARIS DULCE COSECHA 6X750,3
1210,SMIRNOFF 21 DO 12X700,12
1210,SMIRNOFF BC GRAPEF.&LIME 6X700,6
1210,SMIRNOFF GREEN APPLE DO 6X700,9
1210,SMIRNOFF RASPBERRY DO 6X700,3
1210,SMIRNOFF TAMARINDO 6 X 700,9
1210,SMIRNOFF TROPICAL FRUITS 6X700,3
1210,SMIRNOFF WATERMELON 6X700,9
1211,FRIZZE BLUE LATA X473,6
1211,SMF ICE GREENAPPLE LAT 4X6X473,6
1211,SMF ICE RED BERRIE LAT 4X6X473,6
1212,ALMA MORA CABSAUV6X750 ,3
1212,ALMA MORA MALBEC 6X750,6
1212,DADA FMORAS N°1 6X750,3
1212,DADA N°8 CHOCOLATE 6X750 ,3
1212,ELEMENTOS CABSAUV 6X750 ,3
1212,ELEMENTOS MALBEC 6X750 ,6
1212,F. LAS MORAS BCO DULCE 6X750 ,3
1212,F.LAS MORAS CABSAU 6X750 ,6
1212,F.LAS MORAS MALBEC 6X750,6
1212,LOS ARBOLES SEL MALBEC 6X750,3
1213,ALMA MORA CABSAUV6X750 ,3
1213,ALMA MORA MALBEC 6X750,6
1213,ELEMENTOS CABSAUV 6X750 ,3
1213,TRAPICHE ALARIS DULCE COSECHA 6X750,3
1214,ALMA MORA MALBEC 6X750,3
1214,FRIZZE EVOL BLUE NEW X1000,3
1214,TRAPICHE ALARIS MALBEC 6X750,3
1215,F.LAS MORAS MALBEC 6X750,6
1217,ALMA MORA MALBEC 6X750,6
1217,ALMA MORA MERLOT 6X750,6
1217,DADA ART MALBEC 6X750,3
1217,DADA FMORAS N°1 6X750,9
1217,ELEMENTOS MALBEC 6X750 ,12
1217,F.LAS MORAS MALBEC 6X750,6
1217,SMIRNOFF BC ORANGE & LIME 6X700,3
1217,SMIRNOFF TAMARINDO 6 X 700,3
1217,TRAPICHE ALARIS DULCE COSECHA 6X750,24
1219,ALMA MORA BLANCO DULCE LOW 6X750,3
1219,ALMA MORA CABSAUV6X750 ,3
1219,ALMA MORA MALBEC 6X750,12
1219,DADA ART MALBEC 6X750,3
1219,DADA FMORAS N°3 6X750,3
1219,ELEMENTOS CABSAUV 6X750 ,3
1219,ELEMENTOS MALBEC 6X750 ,3
1219,F. LAS MORAS ROSADO 6X750 ,3
1219,F.LAS MORAS MALBEC 6X750,6
1219,GORDON´S GIN 6x700,18
1219,SMIRNOFF GREEN APPLE DO 6X700,3
1219,SMIRNOFF RASPBERRY DO 6X700,3
1222,F.LAS MORAS MALBEC 6X750,6
1222,SAN TELMO MALBEC X750,6
1222,SMIRNOFF RASPBERRY DO 6X700,3
1222,SMIRNOFF TROPICAL FRUITS 6X700,3
1223,DADA ESPUMANTE MARACUYA 6X750,16
1223,FRIZZE EVOL BLUE NEW X1000,40
1223,SMF ICE RED BERRIE LAT 4X6X473,24
1223,SMIRNOFF GREEN APPLE DO 6X700,60
1223,SMIRNOFF RASPBERRY DO 6X700,90
1223,SMIRNOFF TROPICAL FRUITS 6X700,30
1224,ALMA MORA CABSAUV6X750 ,3
1224,ALMA MORA MALBEC 6X750,3
1224,DADA ART MALBEC 6X750,3
1224,DADA FMORAS N°2 6X750 ,3
1224,SMF ICE RED BERRIE LAT 4X6X473,12
1227,SMF  BC GRAPEF&LIME  LATA 4X6X473,6
1227,SMF BC RUBYORANGE&LIME LATA 4X6X473,6
1227,SMF ICE GREENAPPLE LAT 4X6X473,6
1227,SMIRNOFF ICE LATA 4X6X473,6
1229,FRIZZE BUBBLE MOOD 6X1000,12
1229,SMF ICE GREENAPPLE LAT 4X6X473,6
1229,SMF ICE RED BERRIE LAT 4X6X473,30
1229,SMIRNOFF GREEN APPLE DO 6X700,24
1229,SMIRNOFF ICE LATA 4X6X473,6
1229,SMIRNOFF RASPBERRY DO 6X700,36
1230,ALMA MORA MALBEC 6X750,12
1230,F.LAS MORAS MALBEC 6X750,6
1230,SMF ICE RED BERRIE LAT 4X6X473,6
1236,ALMA MORA BLEND TINTO 6X750,6
1236,ALMA MORA MALBEC 6X750,12
1236,CAZADOR MALBEC 6X750,12
1236,F. LAS MORAS BCO DULCE 6X750 ,3
1236,F.LAS MORAS MALBEC 6X750,6
1236,FRIZZE BUBBLE MOOD 6X1000,0
1236,FRIZZE EVOL BLUE NEW X1000,0
1236,SAN TELMO MALBEC X750,6
1236,SMIRNOFF RASPBERRY DO 6X700,6
1237,ALMA MORA BLEND DULCE 6X 750,3
1237,FRIZZE EVOL BLUE NEW X1000,6
1237,SMIRNOFF ICE LATA 4X6X473,6
1237,TRAPICHE ALARIS DULCE COSECHA 6X750,3
1238,ALMA MORA MALBEC 6X750,6
1239,ALMA MORA MALBEC 6X750,30
1239,DADA ART MALBEC 6X750,210
1239,DADA ESPUMANTE MARACUYA 6X750,24
1239,DADA ESPUMANTE ROS6X750 ,18
1239,DADA EXTRA BRUT 6X750,18
1239,DADA FMORAS N°2 6X750 ,6
1239,ELEMENTOS MALBEC 6X750 ,23
1239,FRIZZE BUBBLE MOOD 6X1000,54
1239,FRIZZE EVOL BLUE NEW X1000,60
1239,LOS ARBOLES SEL MALBEC 6X750,36
1239,NC SPARK BRUT ROSE 6X750,12
1239,NC SPARK NATURE 6X750 PREM ,12
1240,FRIZZE BLUE LATA X473,5
1240,FRIZZE EVOL BLUE NEW X1000,12
1240,SMF ICE GREENAPPLE LAT 4X6X473,12
1240,SMF ICE RED BERRIE LAT 4X6X473,24
1240,SMIRNOFF GREEN APPLE DO 6X700,6
1240,SMIRNOFF RASPBERRY DO 6X700,6
1241,FRIZZE BLUE LATA X473,6
1241,FRIZZE BUBBLE MOOD 6X1000,6
1241,SMF ICE GREENAPPLE LAT 4X6X473,6
1241,SMF ICE RED BERRIE LAT 4X6X473,6
1241,SMIRNOFF ICE LATA 4X6X473,6
1241,SMIRNOFF RASPBERRY DO 6X700,3
1243,LOS ARBOLES SEL MALBEC 6X750,3
1243,SAN TELMO MALBEC X750,3
1245,SMF ICE RED BERRIE LAT 4X6X473,6
1246,SMF ICE GREENAPPLE LAT 4X6X473,6
1246,SMIRNOFF GREEN APPLE DO 6X700,6
1246,SMIRNOFF RASPBERRY DO 6X700,6
1248,DADA ART MALBEC 6X750,3
1248,DADA FMORAS N°2 6X750 ,3
1251,SMIRNOFF BC ORANGE & LIME 6X700,6
1251,SMIRNOFF GREEN APPLE DO 6X700,36
1251,SMIRNOFF RASPBERRY DO 6X700,66
1251,SMIRNOFF TROPICAL FRUITS 6X700,6
1254,DADA ESPUMANTE MARACUYA 6X750,16
1254,FRIZZE EVOL BLUE NEW X1000,40
1254,SMF ICE RED BERRIE LAT 4X6X473,24
1254,SMIRNOFF GREEN APPLE DO 6X700,60
1254,SMIRNOFF RASPBERRY DO 6X700,90
1254,SMIRNOFF TROPICAL FRUITS 6X700,30
1255,CAZADOR MALBEC 6X750,6
1255,DADA 7 ORANGE BITTER 6X750,6
1255,DADA ART CABERNET 6X750 ,6
1255,DADA ART MALBEC 6X750,12
1255,DADA ESPUMANTE MARACUYA 6X750,16
1255,DADA FMORAS N°1 6X750,6
1255,DADA N°9 CARAMEL 6X750,6
1255,DADA SIDRA 6X750,6
1255,DADA WHITE MALBEC 6X750,6
1255,DOLORES ESPUMANTE ROSE 6X750,0
1255,ELEMENTOS CABSAUV 6X750 ,9
1255,ELEMENTOS MALBEC 6X750 ,6
1255,F.LAS MORAS CABSAU 6X750 ,6
1255,F.LAS MORAS MALBEC 6X750,18
1255,FRIZZE EVOL BLUE NEW X1000,46
1255,GORDONS  TROPICAL FRUITS 6X700,3
1255,INTOCABLES DOUBLE OAK 6 X 750,6
1255,LOS ARBOLES SEL MALBEC 6X750,6
1255,SMF ICE GREENAPPLE LAT 4X6X473,48
1255,SMF ICE RED BERRIE LAT 4X6X473,72
1255,SMIRNOFF GREEN APPLE DO 6X700,66
1255,SMIRNOFF RASPBERRY DO 6X700,90
1255,SMIRNOFF TROPICAL FRUITS 6X700,30
1255,TRAPICHE ALARIS MALBEC 6X750,6
1259,SMF ICE GREENAPPLE LAT 4X6X473,24
1260,FRIZZE BUBBLE MOOD 6X1000,6
1260,FRIZZE EVOL BLUE NEW X1000,12
1260,GORDON´S PINK GIN 6X700,2
1260,SMF ICE GREENAPPLE LAT 4X6X473,6
1260,SMF ICE RED BERRIE LAT 4X6X473,18
1261,DON DAVID MALBEC 6X750,6
1261,ELEMENTOS MALBEC 6X750 ,6
1261,F.LAS MORAS MALBEC 6X750,12
1261,FOND CAVE MALBEC 6X750 ,6
1261,JW BLACK LABEL 12x750,2
1261,LOS ARBOLES SEL MALBEC 6X750,6
1261,LOS INTOCABLES MALBEC 6X750,6
1261,TANQUERAY DRY GIN X700,1
1262,ALMA MORA CABSAUV6X750 ,24
1262,ALMA MORA MALBEC 6X750,24
1262,DADA FMORAS N°2 6X750 ,12
1262,DADA FMORAS N°3 6X750,12
1262,DADA N°8 CHOCOLATE 6X750 ,12
1262,DADA N°9 CARAMEL 6X750,6
1262,DON DAVID CABERNET 6X750,12
1262,DON DAVID MALBEC 6X750,12
1262,ELEMENTOS MALBEC 6X750 ,12
1262,LOS INTOCABLES CAB.SAUV 6X750,3
1262,LOS INTOCABLES MALBEC 6X750,3
1262,SMIRNOFF RASPBERRY DO 6X700,360
1263,ALMA MORA MALBEC 6X750,3
1263,DADA ART MALBEC 6X750,3
1263,F.LAS MORAS MALBEC 6X750,3
1265,ALMA MORA MALBEC 6X750,3
1265,ALMA MORA SYRAH 6X750,6
1265,DADA ART MALBEC 6X750,3
1265,DADA FMORAS N°3 6X750,3
1265,ELEMENTOS MALBEC 6X750 ,3
1265,F.LAS MORAS MALBEC 6X750,3
1265,TRAPICHE RESERVA MALBEC 6X750,3
1267,ALMA MORA MALBEC 6X750,3
1267,FRIZZE EVOL BLUE NEW X1000,3
1267,SMF ICE GREENAPPLE LAT 4X6X473,6
1267,SMF ICE RED BERRIE LAT 4X6X473,12
1267,SMIRNOFF GREEN APPLE DO 6X700,6
1267,SMIRNOFF RASPBERRY DO 6X700,6
1267,TRAPICHE ALARIS MALBEC 6X750,3
1273,ALMA MORA MALBEC 6X750,3
1273,FRIZZE EVOL BLUE NEW X1000,3
1273,SMF ICE GREENAPPLE LAT 4X6X473,12
1273,SMF ICE RED BERRIE LAT 4X6X473,12
1273,TRAPICHE ALARIS MALBEC 6X750,3
1274,DADA ART MALBEC 6X750,6
1274,SMF ICE GREENAPPLE LAT 4X6X473,6
1274,SMF ICE RED BERRIE LAT 4X6X473,30
1277,DADA ESPUMANTE 6X750 ,3
1277,DADA ESPUMANTE MARACUYA 6X750,3
1277,SAN TELMO SPARK DULCE 6X750,6
1277,SAN TELMO SPARK E.BRUT 6X750,6
1277,SMIRNOFF GREEN APPLE DO 6X700,3
1277,SMIRNOFF RASPBERRY DO 6X700,3
1278,J WALKER BLUE LABEL 18 6x750,-1
1278,J WALKER GREEN 6X750,-1
1278,JW BLACK LABEL 12x750,-3
1278,JW DOUBLE BLACK 6x750,-3
1278,TANQUERAY SEVILLA GIN X750,-6
1280,ALMA MORA MALBEC 6X750,6
1280,DON DAVID MALBEC 6X750,3
1280,ELEMENTOS MALBEC 6X750 ,3
1280,F.LAS MORAS MALBEC 6X750,6
1284,ALMA MORA MALBEC 6X750,3
1284,FRIZZE EVOL BLUE NEW X1000,3
1284,TRAPICHE ALARIS MALBEC 6X750,3
1285,CAZADOR MALBEC 6X750,6
1285,DADA 7 SWEET  6X750,3
1285,DADA ESPUMANTE MARACUYA 6X750,3
1285,DADA N6 HONEY X750,3
1285,FRIZZE BUBBLE MOOD 6X1000,6
1285,FRIZZE EVOL BLUE NEW X1000,6
1285,GORDON´S GIN 6x700,3
1285,GORDON´S PINK GIN 6X700,6
1285,GORDON´S TONIC 4X6X473,6
1285,LOS ARBOLES SEL MALBEC 6X750,3
1285,SMF  BC GRAPEF&LIME  LATA 4X6X473,12
1285,SMF ICE GREENAPPLE LAT 4X6X473,24
1285,SMF ICE RED BERRIE LAT 4X6X473,42
1285,SMIRNOFF 21 DO 12X700,-3
1285,SMIRNOFF BC ORANGE & LIME 6X700,3
1285,SMIRNOFF BC TANGE&LEMONGRASS 6X700,3
1285,SMIRNOFF GREEN APPLE DO 6X700,15
1285,SMIRNOFF ICE LATA 4X6X473,12
1285,SMIRNOFF RASPBERRY DO 6X700,21
1285,SMIRNOFF TROPICAL FRUITS 6X700,3
1285,TRAPICHE ALARIS MALBEC 6X750,3
1285,WHITE HORSE DO 12X750,3
1288,ALMA MORA BLANCO DULCE LOW 6X750,6
1288,ALMA MORA BLEND BLANCO 6X750,12
1288,ALMA MORA CABSAUV6X750 ,12
1288,ALMA MORA MALBEC 6X750,12
1288,ALMA MORA SYRAH 6X750,6
1288,DADA ESPUMANTE MARACUYA 6X750,28
1288,DADA FMORAS N°1 6X750,12
1288,DADA FMORAS N°3 6X750,3
1288,DADA N6 HONEY X750,6
1288,DON DAVID MALBEC 6X750,3
1288,ELEMENTOS CHARDONNAY 6X750,3
1288,ELEMENTOS MALBEC 6X750 ,6
1288,FRIZZE EVOL BLUE NEW X1000,70
1288,GORDONS  TROPICAL FRUITS 6X700,12
1288,GORDON´S PINK GIN 6X700,12
1288,SMF ICE GREENAPPLE LAT 4X6X473,48
1288,SMF ICE RED BERRIE LAT 4X6X473,90
1288,SMIRNOFF GREEN APPLE DO 6X700,108
1288,SMIRNOFF RASPBERRY DO 6X700,150
1288,SMIRNOFF TROPICAL FRUITS 6X700,48
1288,SMIRNOFF WATERMELON 6X700,0
1288,TRAPICHE ALARIS CABSAUV 6X750 ,6
1288,TRAPICHE ALARIS CHARDO 6X750 ,6
1288,TRAPICHE ALARIS MALBEC 6X750,6
1288,TRAPICHE D. COSECHA ROSE 6X750 ,6
1288,TRAPICHE RESERVA MALBEC 6X750,6
1289,SMF ICE GREENAPPLE LAT 4X6X473,12
1289,SMF ICE RED BERRIE LAT 4X6X473,24
1291,ALMA MORA MALBEC 6X750,3
1291,ANTARES IPA LATA 6X473 (NEW),6
1291,ANTARES LAGER LATA 6X473,6
1291,ANTARES LATA CARAVANA 6 X 473ML,12
1291,ANTARES LATA HONEY 6 X 473ML,6
1291,ANTARES LATA KOLSCH 6 X 473ML,12
1291,ANTARES LATA SCOTCH 6 X 473ML,6
1291,ANTARES PLAYA GRANDE 6 X 473ML,6
1293,DON DAVID CHARDONNAY 6X750,3
1293,DON DAVID MALBEC 6X750,9
1293,JW BLACK LABEL 12x750,2
1296,ALMA MORA MALBEC 6X750,3
1296,DADA FMORAS N°1 6X750,6
1296,DADA FMORAS N°2 6X750 ,3
1296,DADA FMORAS N°3 6X750,3
1296,ELEMENTOS MALBEC 6X750 ,3
1299,ALMA MORA MALBEC 6X750,3
1299,DADA ART MALBEC 6X750,3
1299,DADA FMORAS N°2 6X750 ,3
1299,F.LAS MORAS MALBEC 6X750,3
1299,LOS ARBOLES SEL MALBEC 6X750,3
1299,TRAPICHE ALARIS MALBEC 6X750,3
1299,TRAPICHE RESERVA MALBEC 6X750,3
1300,ALMA MORA MALBEC 6X750,6
1300,SMF ICE RED BERRIE LAT 4X6X473,6
1302,ALMA MORA MALBEC 6X750,3
1302,FRIZZE EVOL BLUE NEW X1000,3
1302,TRAPICHE ALARIS MALBEC 6X750,3
1306,FRIZZE BUBBLE MOOD 6X1000,6
1306,GORDON´S PINK GIN 6X700,3
1306,SMF ICE RED BERRIE LAT 4X6X473,6
1308,ALMA MORA MALBEC 6X750,3
1308,FOND CAVE CABSAU 6X750,18
1308,FOND CAVE SYRAH 6X750 ,6
1308,FRIZZE EVOL BLUE NEW X1000,3
1308,TRAPICHE ALARIS MALBEC 6X750,3
1308,TRAPICHE RESERVA MALBEC 6X750,-1
1309,ANTARES IPA LATA 6X473 (NEW),6
1309,ANTARES IPA SIN ALC LATA 6X473,6
1309,ANTARES LAGER LATA 6X473,6
1309,ANTARES LATA CARAVANA 6 X 473ML,6
1309,ANTARES LATA HONEY 6 X 473ML,6
1309,ANTARES LATA KOLSCH 6 X 473ML,6
1309,ANTARES LATA SCOTCH 6 X 473ML,6
1309,ANTARES PLAYA GRANDE 6 X 473ML,6
1309,DADA FMORAS N°2 6X750 ,3
1309,DADA WHITE MALBEC 6X750,3
1309,F LAS MORAS RED BLEND  6X 750,3
1309,F.LAS MORAS SYRAH 6X750 ,3
1309,TRAPICHE ALARIS CABSAUV 6X750 ,3
1309,TRAPICHE ALARIS MALBEC 6X750,3
1310,ALMA MORA MALBEC 6X750,6
1310,CAZADOR BLANCO DULCE 6X750,6
1310,DADA ART MALBEC 6X750,6
1310,DADA ESPUMANTE MARACUYA 6X750,6
1310,DADA N6 HONEY X750,6
1310,ELEMENTOS TORRONTES DLCE6X750 ,6
1310,EXPEDICION DEL SUR CABSUA 6 X 750,12
1310,FOND CAVE RVA MALBEC 6X750,12
1310,INTOCABLES DOUBLE OAK 6 X 750,12
1310,LOS INTOCABLES MALBEC 6X750,6
1310,NC SPARK BRUT ROSE 6X750,12
1310,NC SPARK DLCE 6X750,6
1310,TRAPICHE RESERVA MALBEC 6X750,6
1311,SMF ICE GREENAPPLE LAT 4X6X473,12
1311,SMF ICE RED BERRIE LAT 4X6X473,12
1313,ALARIS D.COSECHA TINTO 6X750,3
1313,ALMA MORA MALBEC 6X750,6
1313,DADA ART MALBEC 6X750,3
1313,EL BAUTISMO MALBEC 6X750 ,3
1313,ELEMENTOS TORRONTES 6X750 ,3
1313,ELEMENTOS TORRONTES DLCE6X750 ,3
1313,F.LAS MORAS CABSAU 6X750 ,3
1313,LOS ARBOLES SEL MALBEC 6X750,6
1313,SAN TELMO MALBEC X750,3
1313,SMIRNOFF GREEN APPLE DO 6X700,3
1313,SMIRNOFF RASPBERRY DO 6X700,3
1313,TRAPICHE ALARIS DULCE COSECHA 6X750,3
1313,TRAPICHE ALARIS MALBEC 6X750,6
1314,SMIRNOFF GREEN APPLE DO 6X700,12
1314,SMIRNOFF RASPBERRY DO 6X700,12
1320,DADA LATA SWEET  4X6X355,12
1320,FRIZZE BUBBLE MOOD 6X1000,24
1320,SMF ICE GREENAPPLE LAT 4X6X473,72
1320,SMF ICE RED BERRIE LAT 4X6X473,24
1320,SMIRNOFF ICE LATA 4X6X473,18
1320,SMIRNOFF TROPICAL FRUITS 6X700,36
1320,SMIRNOFF WATERMELON 6X700,36
1327,DADA LATA SWEET PINK 4X6X355,6
1327,TRAPICHE ALARIS DULCE COSECHA 6X750,6
1330,ALMA MORA MALBEC 6X750,3
1330,FRIZZE EVOL BLUE NEW X1000,3
1330,TRAPICHE ALARIS MALBEC 6X750,3
1331,FRIZZE BLUE LATA X473,0
1331,SMF ICE GREENAPPLE LAT 4X6X473,6
1331,SMF ICE RED BERRIE LAT 4X6X473,6
1332,SMF ICE GREENAPPLE LAT 4X6X473,6
1332,SMF ICE RED BERRIE LAT 4X6X473,6
1336,SMIRNOFF GREEN APPLE DO 6X700,6
1338,SMIRNOFF GREEN APPLE DO 6X700,6
1338,SMIRNOFF TAMARINDO 6 X 700,3
1339,CAZADOR BLANCO DULCE 6X750,3
1339,CAZADOR MALBEC 6X750,3
1346,SMF  BC GRAPEF&LIME  LATA 4X6X473,5
1347,GORDON´S GIN 6x700,3
1349,SMF ICE GREENAPPLE LAT 4X6X473,6
1349,SMF ICE RED BERRIE LAT 4X6X473,6
1352,ALMA MORA SYRAH 6X750,6
1352,DADA ESPUMANTE MARACUYA 6X750,12
1352,DADA FMORAS N°1 6X750,12
1352,DADA FMORAS N°3 6X750,3
1352,DON DAVID MALBEC 6X750,3
1352,ELEMENTOS CHARDONNAY 6X750,3
1352,FRIZZE EVOL BLUE NEW X1000,30
1352,GORDONS  TROPICAL FRUITS 6X700,12
1352,GORDON´S PINK GIN 6X700,12
1352,SMF ICE GREENAPPLE LAT 4X6X473,48
1352,SMF ICE RED BERRIE LAT 4X6X473,60
1352,SMIRNOFF GREEN APPLE DO 6X700,30
1352,SMIRNOFF RASPBERRY DO 6X700,60
1357,ALMA MORA MALBEC 6X750,3
1357,ANTARES PLAYA GRANDE 6 X 473ML,6
1357,F.LAS MORAS MALBEC 6X750,3
1357,LOS ARBOLES SEL CHARD 6X750,3
1357,TRAPICHE ALARIS CHARDO 6X750 ,3
1360,CAZADOR MALBEC 6X750,6
1360,DADA N°8 CHOCOLATE 6X750 ,6
1360,GORDONS  TROPICAL FRUITS 6X700,3
1360,GORDON´S PINK GIN 6X700,3
1360,SAN TELMO MALBEC X750,6
1360,SMF ICE RED BERRIE LAT 4X6X473,6
1360,SMIRNOFF RASPBERRY DO 6X700,6
1360,SMIRNOFF TAMARINDO 6 X 700,6
1360,TRAPICHE ALARIS CHARDO 6X750 ,6
1361,SMF ICE GREENAPPLE LAT 4X6X473,6
1361,SMF ICE RED BERRIE LAT 4X6X473,6
1362,GORDON´S GIN 6x700,3
1362,GORDON´S TONIC 4X6X473,6
1365,F.LAS MORAS MALBEC 6X750,30
1365,GORDON´S GIN 6x700,6
1365,TRAPICHE ALARIS DULCE COSECHA 6X750,12
1378,SMIRNOFF RASPBERRY DO 6X700,-3
1379,ALMA MORA MALBEC 6X750,6
1379,ELEMENTOS MALBEC 6X750 ,6
1381,SMIRNOFF BC ORANGE & LIME 6X700,6
1381,SMIRNOFF GREEN APPLE DO 6X700,18
1381,SMIRNOFF RASPBERRY DO 6X700,42
1381,SMIRNOFF TROPICAL FRUITS 6X700,6
2000,ALMA MORA MALBEC 6X750,9
2000,DADA ESPUMANTE 6X750 ,3
2000,DADA FMORAS N°1 6X750,3
2000,ELEMENTOS MALBEC 6X750 ,6
2000,F.LAS MORAS MALBEC 6X750,3
2000,FRIZZE EVOL BLUE NEW X1000,3
2000,LOS ARBOLES SEL MALBEC 6X750,3
2000,TRAPICHE ALARIS MALBEC 6X750,6
2003,ALMA MORA MALBEC 6X750,6
2005,ALMA MORA MALBEC 6X750,9
2010,SMIRNOFF RASPBERRY DO 6X700,3
2010,SMIRNOFF TROPICAL FRUITS 6X700,3
2011,ALARIS D.COSECHA TINTO 6X750,3
2011,ALMA MORA BLANCO DULCE LOW 6X750,3
2011,ALMA MORA BLEND BLANCO 6X750,3
2011,ALMA MORA BLEND DULCE 6X 750,6
2011,ALMA MORA CHARD 6X750,6
2011,ALMA MORA MALBEC 6X750,15
2011,ALMA MORA SEL RVE MALBEC 6X750,3
2011,ALMA MORA SYRAH ROSE 6X750 ,3
2011,CAZADOR BLANCO DULCE 6X750,3
2011,COLECCION PRIVADA MALBEC,3
2011,DADA ART MALBEC 6X750,9
2011,DADA FMORAS N°1 6X750,9
2011,DADA FMORAS N°2 6X750 ,6
2011,DADA N°8 CHOCOLATE 6X750 ,6
2011,DON DAVID MALBEC 6X750,3
2011,EL BAUTISMO MALBEC 6X750 ,9
2011,EL BAUTISMO ROSADO 6X750 ,3
2011,EL ULTIMO RIE MEJOR X750,6
2011,ELEMENTOS CHARDONNAY 6X750,3
2011,ELEMENTOS MALBEC 6X750 ,9
2011,ELEMENTOS ROSADO TORRONT 6X750 ,6
2011,ELEMENTOS TORRONTES 6X750 ,6
2011,ELEMENTOS TORRONTES DLCE6X750 ,3
2011,F. LAS MORAS BCO DULCE 6X750 ,3
2011,F. LAS MORAS ROSADO 6X750 ,6
2011,F. LAS MORAS SAUV.BLANC 6X750 ,3
2011,F.LAS MORAS MALBEC 6X750,18
2011,FAIR FOR LIFE MALBEC 6X750 ,6
2011,FOND CAVE CABSAU 6X750,3
2011,FRIZZE BLUE LATA X473,6
2011,HEREFORD BCO 6X750,3
2011,LA GRAN NACHA X750,6
2011,LOS ARBOLES SEL CHARD 6X750,6
2011,LOS ARBOLES SEL MALBEC 6X750,6
2011,ORIGEN BY TRAPICHE MALBEC 6X750,3
2011,SAN TELMO MALBEC X750,6
2011,SAN TELMO SEL CHARDONNA  X750,6
2011,SMF ICE GREENAPPLE LAT 4X6X473,6
2011,SMF ICE RED BERRIE LAT 4X6X473,6
2011,SMIRNOFF GREEN APPLE DO 6X700,3
2011,SUTER ETIQ MARRON BLANC DE BLANCO 6X 750,3
2011,SUTER VARIETAL MALBEC 6X750,6
2011,TRAPICHE ALARIS DULCE COSECHA 6X750,9
2011,TRAPICHE ALARIS MALBEC 6X750,6
2011,TRAPICHE ALARIS TORRONTES 6X750 ,9
2011,TRAPICHE D. COSECHA ROSE 6X750 ,3
2011,WHITE HORSE DO 12X750,3
2012,ALMA MORA BLEND BLANCO 6X750,6
2012,ALMA MORA CABSAUV6X750 ,12
2012,ALMA MORA MALBEC 6X750,6
2012,DADA FMORAS N°1 6X750,6
2012,DADA FMORAS N°3 6X750,24
2012,DADA WHITE MALBEC 6X750,3
2012,JW BLACK LABEL 12x750,1
2012,WHITE HORSE DO 12X750,2
2015,ALMA MORA MALBEC 6X750,3
2015,DADA FMORAS N°1 6X750,3
2015,ELEMENTOS MALBEC 6X750 ,3
2015,F.LAS MORAS MALBEC 6X750,3
2015,LOS ARBOLES SEL MALBEC 6X750,3
2016,ALMA MORA MALBEC 6X750,9
2016,DADA ESPUMANTE 6X750 ,3
2016,DADA FMORAS N°1 6X750,3
2016,ELEMENTOS MALBEC 6X750 ,6
2016,F.LAS MORAS MALBEC 6X750,3
2016,FRIZZE EVOL BLUE NEW X1000,3
2016,LOS ARBOLES SEL MALBEC 6X750,3
2016,TRAPICHE ALARIS MALBEC 6X750,6
2017,SMF  BC GRAPEF&LIME  LATA 4X6X473,24
2017,SMF BC RUBYORANGE&LIME LATA 4X6X473,48
2017,SMF ICE GREENAPPLE LAT 4X6X473,204
2017,SMF ICE RED BERRIE LAT 4X6X473,168
2017,SMIRNOFF ICE LATA 4X6X473,96
2018,ALMA MORA MALBEC 6X750,9
2018,ANTARES MICRO IPA 25 AÑOS,6
2018,DADA ART MALBEC 6X750,6
2018,DADA ESPUMANTE MARACUYA 6X750,6
2018,DADA FMORAS N°1 6X750,3
2018,ELEMENTOS MALBEC 6X750 ,9
2018,ELEMENTOS RED BLEND 6 X 750,6
2018,F.LAS MORAS MALBEC 6X750,9
2018,FAIR FOR LIFE MALBEC 6X750 ,6
2018,FRIZZE EVOL BLUE NEW X1000,36
2018,GORDON´S GIN 6x700,6
2018,GORDON´S TONIC 4X6X473,6
2018,LOS ARBOLES SEL MALBEC 6X750,15
2018,LOS INTOCABLES MALBEC 6X750,3
2018,NC SPARK EBRUT 6X750 estuche,6
2018,SAN TELMO MALBEC X750,6
2018,SAN TELMO SPARK DULCE 6X750,6
2018,SMF BC RUBYORANGE&LIME LATA 4X6X473,6
2018,SMF ICE GREENAPPLE LAT 4X6X473,6
2018,SMF ICE RED BERRIE LAT 4X6X473,6
2018,SMIRNOFF 21 DO 12X700,3
2018,SMIRNOFF BC GRAPEF.&LIME 6X700,3
2018,SMIRNOFF BC TANGE&LEMONGRASS 6X700,3
2018,SMIRNOFF GREEN APPLE DO 6X700,3
2018,SMIRNOFF RASPBERRY DO 6X700,189
2018,SMIRNOFF TAMARINDO 6 X 700,3
2018,SMIRNOFF TROPICAL FRUITS 6X700,3
2018,SMIRNOFF WATERMELON 6X700,3
2018,TRAPICHE ALARIS DULCE COSECHA 6X750,6
2018,TRAPICHE ALARIS MALBEC 6X750,6
2018,TRAPICHE RESERVA MALBEC 6X750,9
2021,ALMA MORA BLEND DULCE 6X 750,6
2021,ALMA MORA MALBEC 6X750,24
2021,DADA ESPUMANTE 6X750 ,3
2021,DADA FMORAS N°1 6X750,6
2021,DADA FMORAS N°2 6X750 ,15
2021,DADA N6 HONEY X750,3
2021,EL BAUTISMO MALBEC 6X750 ,6
2021,ELEMENTOS MALBEC 6X750 ,9
2021,ELEMENTOS RED BLEND 6 X 750,3
2021,ELEMENTOS ROSADO TORRONT 6X750 ,3
2021,F.LAS MORAS MALBEC 6X750,3
2021,FRIZZE BLUE LATA X473,30
2021,FRIZZE EVOL BLUE NEW X1000,12
2021,FRIZZE IT LIM NEW X 1000,6
2021,LOS ARBOLES SEL MALBEC 6X750,3
2021,SMF  BC GRAPEF&LIME  LATA 4X6X473,6
2021,SMF BC RUBYORANGE&LIME LATA 4X6X473,6
2021,SMF ICE GREENAPPLE LAT 4X6X473,30
2021,SMF ICE RED BERRIE LAT 4X6X473,36
2021,SMIRNOFF RASPBERRY DO 6X700,6
2021,SUTER VARIETAL MALBEC 6X750,3
2021,TRAPICHE ALARIS MALBEC 6X750,6
2025,ALMA MORA MALBEC 6X750,3
2025,DADA FMORAS N°1 6X750,3
2025,ELEMENTOS MALBEC 6X750 ,6
2025,F.LAS MORAS MALBEC 6X750,3
2025,LOS ARBOLES SEL MALBEC 6X750,3
2027,ALMA MORA MALBEC 6X750,3
2027,FRIZZE EVOL BLUE NEW X1000,3
2027,SMF ICE RED BERRIE LAT 4X6X473,89
2027,SMIRNOFF ICE LATA 4X6X473,30
2027,TRAPICHE ALARIS MALBEC 6X750,3
2028,ALMA MORA MALBEC 6X750,9
2028,DADA ESPUMANTE 6X750 ,3
2028,DADA FMORAS N°1 6X750,3
2028,ELEMENTOS MALBEC 6X750 ,6
2028,F.LAS MORAS MALBEC 6X750,3
2028,LOS ARBOLES SEL MALBEC 6X750,3
2028,TRAPICHE ALARIS MALBEC 6X750,3
2034,ALMA MORA MALBEC 6X750,6
2034,DADA ESPUMANTE 6X750 ,3
2034,DADA FMORAS N°1 6X750,3
2034,ELEMENTOS MALBEC 6X750 ,3
2034,F.LAS MORAS MALBEC 6X750,6
2034,LOS ARBOLES SEL MALBEC 6X750,3
2034,SAN TELMO MALBEC X750,3
2034,SUTER VARIETAL MALBEC 6X750,3
2034,TRAPICHE ALARIS DULCE COSECHA 6X750,9
2034,TRAPICHE ALARIS MALBEC 6X750,9
2038,ALMA MORA MALBEC 6X750,96
2038,ANTARES MICRO IPA 25 AÑOS,6
2038,DADA ART MALBEC 6X750,21
2038,DADA ESPUMANTE MARACUYA 6X750,6
2038,DADA FMORAS N°1 6X750,15
2038,DADA FMORAS N°2 6X750 ,12
2038,DADA FMORAS N°3 6X750,12
2038,DADA N6 HONEY X750,6
2038,DADA N°8 CHOCOLATE 6X750 ,6
2038,EL BAUTISMO MALBEC 6X750 ,12
2038,ELEMENTOS MALBEC 6X750 ,132
2038,ELEMENTOS TORRONTES 6X750 ,528
2038,F.LAS MORAS MALBEC 6X750,51
2038,FOND CAVE MALBEC 6X750 ,3
2038,FRIZZE BLUE LATA X473,72
2038,FRIZZE EVOL BLUE NEW X1000,42
2038,GORDON´S GIN 6x700,21
2038,GORDON´S TONIC 4X6X473,6
2038,JW BLACK LABEL 12x750,12
2038,JW RED 12X750 UK,12
2038,LOS ARBOLES SEL MALBEC 6X750,30
2038,LOS INTOCABLES MALBEC 6X750,6
2038,NC SPARK EBRUT 6X750 estuche,6
2038,ORIGEN BY TRAPICHE MALBEC 6X750,21
2038,SAN TELMO MALBEC X750,30
2038,SAN TELMO SPARK DULCE 6X750,6
2038,SMF ICE GREENAPPLE LAT 4X6X473,168
2038,SMF ICE RED BERRIE LAT 4X6X473,72
2038,SMIRNOFF 21 DO 12X700,12
2038,SMIRNOFF BC GRAPEF.&LIME 6X700,42
2038,SMIRNOFF GREEN APPLE DO 6X700,300
2038,SMIRNOFF ICE LATA 4X6X473,6
2038,SMIRNOFF RASPBERRY DO 6X700,795
2038,SMIRNOFF TAMARINDO 6 X 700,45
2038,SMIRNOFF TROPICAL FRUITS 6X700,180
2038,SMIRNOFF WATERMELON 6X700,6
2038,TRAPICHE ALARIS DULCE COSECHA 6X750,6
2038,TRAPICHE ALARIS MALBEC 6X750,18
2038,TRAPICHE RESERVA MALBEC 6X750,6
2038,WHITE HORSE DO 12X750,84
2042,FRIZZE BLUE LATA X473,6
2042,SMF ICE GREENAPPLE LAT 4X6X473,6
2042,SMF ICE RED BERRIE LAT 4X6X473,18
2042,SMIRNOFF ICE LATA 4X6X473,6
2043,ALMA MORA MALBEC 6X750,12
2043,DADA ART MALBEC 6X750,6
2043,DADA ESPUMANTE 6X750 ,3
2043,DADA FMORAS N°1 6X750,6
2043,DADA FMORAS N°2 6X750 ,6
2043,ELEMENTOS MALBEC 6X750 ,3
2043,FRIZZE BUBBLE MOOD 6X1000,18
2043,FRIZZE EVOL BLUE NEW X1000,3
2043,SMF BC RUBYORANGE&LIME LATA 4X6X473,6
2043,SMF ICE GREENAPPLE LAT 4X6X473,36
2043,SMF ICE RED BERRIE LAT 4X6X473,36
2043,SMIRNOFF BC ORANGE & LIME 6X700,6
2043,SMIRNOFF BC TANGE&LEMONGRASS 6X700,6
2043,SMIRNOFF GREEN APPLE DO 6X700,3
2043,SMIRNOFF RASPBERRY DO 6X700,6
2043,SMIRNOFF WATERMELON 6X700,6
2043,TRAPICHE ALARIS MALBEC 6X750,6
2046,ALMA MORA MALBEC 6X750,6
2049,ALMA MORA MALBEC 6X750,12
2049,FRIZZE EVOL BLUE NEW X1000,3
2049,TRAPICHE ALARIS MALBEC 6X750,3
2051,FRIZZE BLUE LATA X473,6
2051,FRIZZE EVOL BLUE NEW X1000,12
2051,SMF ICE GREENAPPLE LAT 4X6X473,6
2051,SMF ICE RED BERRIE LAT 4X6X473,42
2051,SMIRNOFF GREEN APPLE DO 6X700,6
2051,SMIRNOFF RASPBERRY DO 6X700,15
2051,SMIRNOFF TAMARINDO 6 X 700,3
2052,ALMA MORA CABSAUV6X750 ,-3
2052,ALMA MORA MALBEC 6X750,12
2052,ELEMENTOS CHARDONNAY 6X750,-3
2052,F.LAS MORAS MALBEC 6X750,-3
2052,FRIZZE EVOL BLUE NEW X1000,3
2052,LOS ARBOLES SEL CHARD 6X750,-3
2052,TRAPICHE ALARIS MALBEC 6X750,3
2053,ALMA MORA MALBEC 6X750,3
2053,DADA ESPUMANTE 6X750 ,3
2053,TRAPICHE ALARIS MALBEC 6X750,3
2057,ALMA MORA MALBEC 6X750,9
2060,ALMA MORA MALBEC 6X750,12
2060,ALMA MORA SEL RVE MALBEC 6X750,9
2060,ALMA MORA SYRAH ROSE 6X750 ,0
2060,ANTARES IPA LATA 6X473 (NEW),0
2060,ANTARES LAGER LATA 6X473,6
2060,ANTARES LATA IPA 6 X 473ML,6
2060,ANTARES MICRO IPA 25 AÑOS,6
2060,COLECCION PRIVADA MALBEC,12
2060,DADA ART MALBEC 6X750,12
2060,DADA ESPUMANTE MARACUYA 6X750,6
2060,DADA FMORAS N°1 6X750,3
2060,DADA INCREDIBLENDS 2  X750,6
2060,DON DAVID MALBEC 6X750,6
2060,ELEMENTOS CABSAUV 6X750 ,3
2060,ELEMENTOS MALBEC 6X750 ,15
2060,F.LAS MORAS MALBEC 6X750,3
2060,FAIR FOR LIFE MALBEC 6X750 ,6
2060,FOND CAVE MALBEC 6X750 ,6
2060,FRIZZE EVOL BLUE NEW X1000,189
2060,GORDON´S GIN 6x700,9
2060,LOS ARBOLES SEL MALBEC 6X750,12
2060,LOS INTOCABLES MALBEC 6X750,3
2060,LOS INTOCABLES RED BLEND 6X750,6
2060,NC SPARK EBRUT 6X750 estuche,6
2060,ORIGEN BY TRAPICHE MALBEC 6X750,3
2060,PAZ DE FLM CAB FRANC 6X750,6
2060,SAN TELMO SPARK DULCE 6X750,6
2060,SMF  BC GRAPEF&LIME  LATA 4X6X473,6
2060,SMF BC RUBYORANGE&LIME LATA 4X6X473,6
2060,SMF ICE GREENAPPLE LAT 4X6X473,6
2060,SMF ICE RED BERRIE LAT 4X6X473,6
2060,SMIRNOFF RASPBERRY DO 6X700,9
2060,SMIRNOFF TAMARINDO 6 X 700,180
2060,TRAPICHE ALARIS DULCE COSECHA 6X750,3
2060,TRAPICHE ALARIS MALBEC 6X750,12
2060,TRAPICHE IMPURO CAB.SAUV 6X750,6
2060,TRAPICHE RESERVA MALBEC 6X750,6
2061,ALMA MORA MALBEC 6X750,24
2061,DADA ART MALBEC 6X750,3
2061,DADA ESPUMANTE 6X750 ,3
2061,DADA ESPUMANTE MARACUYA 6X750,3
2061,EL BAUTISMO MALBEC 6X750 ,3
2061,ELEMENTOS MALBEC 6X750 ,3
2063,ALMA MORA MALBEC 6X750,6
2065,ALMA MORA MALBEC 6X750,6
2066,ALMA MORA MALBEC 6X750,6
2066,TRAPICHE ALARIS DULCE COSECHA 6X750,6
2068,ALMA MORA BLEND BLANCO 6X750,6
2068,ALMA MORA MALBEC 6X750,15
2068,F.LAS MORAS CABSAU 6X750 ,6
2068,F.LAS MORAS MALBEC 6X750,6
2068,FOND CAVE MALBEC 6X750 ,6
2068,ORIGEN BY TRAPICHE MALBEC 6X750,6
2068,SAN TELMO CAB-SAUV X750,6
2068,SAN TELMO MALBEC X750,6
2068,SMIRNOFF RASPBERRY DO 6X700,6
2068,TRAPICHE ALARIS DULCE COSECHA 6X750,6
2068,TRAPICHE ALARIS MALBEC 6X750,6
2083,ALMA MORA MALBEC 6X750,9
2083,ALMA MORA SYRAH 6X750,6
2083,ANTARES MICRO IPA 25 AÑOS,6
2083,DADA ART MALBEC 6X750,6
2083,DADA ESPUMANTE MARACUYA 6X750,34
2083,DADA FMORAS N°1 6X750,15
2083,DADA FMORAS N°3 6X750,3
2083,DON DAVID MALBEC 6X750,3
2083,ELEMENTOS CHARDONNAY 6X750,3
2083,ELEMENTOS MALBEC 6X750 ,9
2083,F.LAS MORAS MALBEC 6X750,3
2083,FOND CAVE MALBEC 6X750 ,0
2083,FRIZZE EVOL BLUE NEW X1000,76
2083,GORDONS  TROPICAL FRUITS 6X700,12
2083,GORDON´S GIN 6x700,6
2083,GORDON´S PINK GIN 6X700,12
2083,LOS ARBOLES SEL MALBEC 6X750,9
2083,LOS INTOCABLES MALBEC 6X750,3
2083,NC SPARK EBRUT 6X750 estuche,6
2083,ORIGEN BY TRAPICHE MALBEC 6X750,0
2083,SAN TELMO SPARK DULCE 6X750,6
2083,SMF ICE GREENAPPLE LAT 4X6X473,48
2083,SMF ICE RED BERRIE LAT 4X6X473,84
2083,SMIRNOFF GREEN APPLE DO 6X700,102
2083,SMIRNOFF RASPBERRY DO 6X700,336
2083,SMIRNOFF TROPICAL FRUITS 6X700,30
2083,TRAPICHE ALARIS MALBEC 6X750,6
2083,TRAPICHE RESERVA MALBEC 6X750,3
2096,ALMA MORA MALBEC 6X750,12
2096,DADA ESPUMANTE 6X750 ,3
2096,DADA FMORAS N°1 6X750,3
2096,ELEMENTOS MALBEC 6X750 ,6
2096,F.LAS MORAS MALBEC 6X750,3
2096,FRIZZE EVOL BLUE NEW X1000,3
2096,LOS ARBOLES SEL MALBEC 6X750,3
2096,TRAPICHE ALARIS MALBEC 6X750,6
2100,ALMA MORA MALBEC 6X750,3
2100,DADA ESPUMANTE 6X750 ,3
2100,SMIRNOFF GREEN APPLE DO 6X700,3
2100,TRAPICHE ALARIS MALBEC 6X750,3
2101,ALMA MORA MALBEC 6X750,3
2101,DADA ESPUMANTE 6X750 ,3
2101,DADA LATA SWEET  4X6X355,6
2101,FRIZZE BLUE LATA X473,24
2101,FRIZZE BUBBLE MOOD 6X1000,12
2101,NC S E.BRUT4X6X355,6
2101,SMF  BC GRAPEF&LIME  LATA 4X6X473,12
2101,SMF BC RUBYORANGE&LIME LATA 4X6X473,6
2101,SMF ICE GREENAPPLE LAT 4X6X473,30
2101,SMF ICE RED BERRIE LAT 4X6X473,24
2101,SMIRNOFF GREEN APPLE DO 6X700,3
2101,SMIRNOFF ICE LATA 4X6X473,12
2101,SMIRNOFF RASPBERRY DO 6X700,3
2101,SMIRNOFF TAMARINDO 6 X 700,6
2101,SMIRNOFF TROPICAL FRUITS 6X700,3
2101,TRAPICHE ALARIS MALBEC 6X750,3
2102,ALMA MORA MALBEC 6X750,3
2102,DADA ESPUMANTE 6X750 ,3
2102,LOS ARBOLES SEL MALBEC 6X750,3
2102,SMF ICE RED BERRIE LAT 4X6X473,6
2102,SMIRNOFF GREEN APPLE DO 6X700,3
2102,TRAPICHE ALARIS MALBEC 6X750,3
2108,ALMA MORA MALBEC 6X750,3
2108,DADA ESPUMANTE 6X750 ,3
2108,ELEMENTOS MALBEC 6X750 ,3
2108,SMIRNOFF GREEN APPLE DO 6X700,3
2108,TRAPICHE ALARIS MALBEC 6X750,3
2109,ALMA MORA MALBEC 6X750,15
2109,ALMA MORA SYRAH 6X750,6
2109,ANTARES MICRO IPA 25 AÑOS,6
2109,DADA ART MALBEC 6X750,3
2109,DADA ESPUMANTE MARACUYA 6X750,88
2109,DADA ESPUMANTE ROS6X750 ,24
2109,DADA EXTRA BRUT 6X750,12
2109,DADA FMORAS N°1 6X750,12
2109,DADA FMORAS N°3 6X750,3
2109,DON DAVID MALBEC 6X750,3
2109,ELEMENTOS CHARDONNAY 6X750,3
2109,ELEMENTOS MALBEC 6X750 ,3
2109,F.LAS MORAS MALBEC 6X750,0
2109,FOND CAVE MALBEC 6X750 ,0
2109,FRIZZE EVOL BLUE NEW X1000,73
2109,GORDONS  TROPICAL FRUITS 6X700,12
2109,GORDON´S GIN 6x700,3
2109,GORDON´S PINK GIN 6X700,12
2109,LOS ARBOLES SEL MALBEC 6X750,87
2109,LOS ARBOLES SEL RED BLEND 6X750,12
2109,LOS INTOCABLES MALBEC 6X750,3
2109,NC SPARK EBRUT 6X750 estuche,6
2109,ORIGEN BY TRAPICHE MALBEC 6X750,0
2109,SAN TELMO SPARK DULCE 6X750,6
2109,SMF ICE GREENAPPLE LAT 4X6X473,48
2109,SMF ICE RED BERRIE LAT 4X6X473,84
2109,SMIRNOFF GREEN APPLE DO 6X700,93
2109,SMIRNOFF RASPBERRY DO 6X700,333
2109,SMIRNOFF TROPICAL FRUITS 6X700,30
2109,TRAPICHE ALARIS MALBEC 6X750,3
2109,TRAPICHE RESERVA MALBEC 6X750,3
2121,ALMA MORA MALBEC 6X750,9
2121,DADA ART CABERNET 6X750 ,6
2121,DADA ART MALBEC 6X750,6
2121,DADA FMORAS N°1 6X750,3
2121,DADA FMORAS N°2 6X750 ,3
2121,DADA FMORAS N°3 6X750,3
2121,DADA N6 HONEY X750,3
2121,DADA N°8 CHOCOLATE 6X750 ,3
2121,ELEMENTOS MALBEC 6X750 ,6
2121,F.LAS MORAS MALBEC 6X750,12
2121,FRIZZE BLUE LATA X473,18
2121,FRIZZE BUBBLE MOOD 6X1000,6
2121,FRIZZE EVOL BLUE NEW X1000,6
2121,LOS ARBOLES SEL MALBEC 6X750,3
2121,SMF  BC GRAPEF&LIME  LATA 4X6X473,12
2121,SMF BC RUBYORANGE&LIME LATA 4X6X473,12
2121,SMF ICE GREENAPPLE LAT 4X6X473,6
2121,SMF ICE RED BERRIE LAT 4X6X473,18
2121,SUTER VARIETAL MALBEC 6X750,3
2123,ALMA MORA MALBEC 6X750,3
2123,DADA FMORAS N°1 6X750,3
2123,ELEMENTOS MALBEC 6X750 ,3
2123,F.LAS MORAS MALBEC 6X750,3
2123,LOS ARBOLES SEL MALBEC 6X750,3
2129,ALMA MORA MALBEC 6X750,9
2130,ALMA MORA BLEND DULCE 6X 750,0
2130,ALMA MORA CABSAUV6X750 ,24
2130,ALMA MORA CHARD 6X750,6
2130,ALMA MORA MALBEC 6X750,51
2130,ALMA MORA SEL RVE CABER 6X750,6
2130,ANTARES MICRO IPA 25 AÑOS,6
2130,DADA ART MALBEC 6X750,9
2130,DADA ESPUMANTE MARACUYA 6X750,6
2130,DADA FMORAS N°1 6X750,6
2130,DADA FMORAS N°2 6X750 ,6
2130,ELEMENTOS CABSAUV 6X750 ,12
2130,ELEMENTOS MALBEC 6X750 ,21
2130,ELEMENTOS TORRONTES 6X750 ,6
2130,ELEMENTOS TORRONTES DLCE6X750 ,9
2130,F. LAS MORAS BCO DULCE 6X750 ,6
2130,F.LAS MORAS CABSAU 6X750 ,6
2130,F.LAS MORAS MALBEC 6X750,6
2130,FOND CAVE MALBEC 6X750 ,6
2130,FOND CAVE RVA MALBEC 6X750,6
2130,FRIZZE EVOL BLUE NEW X1000,9
2130,GORDON´S GIN 6x700,9
2130,LOS ARBOLES SEL MALBEC 6X750,9
2130,LOS INTOCABLES MALBEC 6X750,3
2130,NC SPARK EBRUT 6X750 estuche,6
2130,SAN TELMO SPARK DULCE 6X750,6
2130,SMIRNOFF RASPBERRY DO 6X700,15
2130,TRAPICHE ALARIS MALBEC 6X750,9
2130,TRAPICHE RESERVA MALBEC 6X750,9
2132,ALMA MORA MALBEC 6X750,9
2132,DADA ESPUMANTE 6X750 ,3
2132,DADA FMORAS N°1 6X750,3
2132,ELEMENTOS MALBEC 6X750 ,6
2132,F.LAS MORAS MALBEC 6X750,3
2132,LOS ARBOLES SEL MALBEC 6X750,3
2132,TRAPICHE ALARIS MALBEC 6X750,3
2133,ALMA MORA MALBEC 6X750,3
2133,DADA ESPUMANTE 6X750 ,3
2133,ELEMENTOS MALBEC 6X750 ,3
2133,SMIRNOFF GREEN APPLE DO 6X700,3
2133,TRAPICHE ALARIS MALBEC 6X750,3
2134,DADA ESPUMANTE 6X750 ,3
2134,DADA ESPUMANTE ROS6X750 ,9
2134,DADA EXTRA BRUT 6X750,3
2134,ELEMENTOS MALBEC 6X750 ,3
2134,FRIZZE BLUE LATA X473,12
2134,FRIZZE BUBBLE MOOD 6X1000,18
2134,GORDON´S PINK GIN 6X700,1
2134,GORDON´S TONIC 4X6X473,6
2134,SMF ICE GREENAPPLE LAT 4X6X473,42
2134,SMF ICE RED BERRIE LAT 4X6X473,96
2134,SMIRNOFF BC ORANGE & LIME 6X700,12
2134,SMIRNOFF GREEN APPLE DO 6X700,93
2134,SMIRNOFF ICE LATA 4X6X473,6
2134,SMIRNOFF RASPBERRY DO 6X700,90
2134,SMIRNOFF TROPICAL FRUITS 6X700,30
2135,ALMA MORA MALBEC 6X750,3
2135,DADA ESPUMANTE 6X750 ,3
2135,ELEMENTOS MALBEC 6X750 ,3
2135,SMF ICE RED BERRIE LAT 4X6X473,6
2135,SMIRNOFF GREEN APPLE DO 6X700,3
2135,SMIRNOFF RASPBERRY DO 6X700,6
2135,TRAPICHE ALARIS MALBEC 6X750,3
2136,ALMA MORA MALBEC 6X750,18
2136,DADA ART MALBEC 6X750,15
2136,DADA ESPUMANTE 6X750 ,3
2136,DADA FMORAS N°1 6X750,3
2136,DADA N°9 CARAMEL 6X750,3
2136,EL BAUTISMO MALBEC 6X750 ,6
2136,ELEMENTOS MALBEC 6X750 ,6
2136,F LAS MORAS RED BLEND  6X 750,6
2136,F. LAS MORAS SAUV.BLANC 6X750 ,3
2136,F.LAS MORAS MALBEC 6X750,15
2136,FAIR FOR LIFE MALBEC 6X750 ,6
2136,FOND CAVE CABSAU 6X750,12
2136,LOS ARBOLES SEL CABERNET 6X750,6
2136,LOS ARBOLES SEL MALBEC 6X750,3
2136,LOS ARBOLES SEL RED BLEND 6X750,6
2136,ORIGEN BY TRAPICHE MALBEC 6X750,6
2136,SAN TELMO MALBEC X750,6
2136,SMF ICE GREENAPPLE LAT 4X6X473,12
2136,SMF ICE RED BERRIE LAT 4X6X473,12
2136,SUTER VARIETAL MALBEC 6X750,6
2136,TRAPICHE ALARIS CHARDO 6X750 ,3
2136,TRAPICHE ALARIS MALBEC 6X750,15
2137,SMIRNOFF GREEN APPLE DO 6X700,3
2138,ALMA MORA BLEND BLANCO 6X750,6
2138,ALMA MORA BLEND DULCE 6X 750,3
2138,ALMA MORA MALBEC 6X750,9
2138,ANTARES LAGER LATA 6X473,18
2138,ANTARES LATA SCOTCH 6 X 473ML,12
2138,DADA ART CABERNET 6X750 ,3
2138,DADA ART MALBEC 6X750,15
2138,DADA N°9 CARAMEL 6X750,3
2138,ELEMENTOS MALBEC 6X750 ,12
2138,F.LAS MORAS CABSAU 6X750 ,3
2138,F.LAS MORAS MALBEC 6X750,6
2138,FRIZZE BLUE LATA X473,42
2138,FRIZZE BUBBLE MOOD 6X1000,6
2138,FRIZZE EVOL BLUE NEW X1000,12
2138,FRIZZE ITAL LIMA LATA X473,6
2138,GORDON´S TONIC 4X6X473,18
2138,SAN TELMO MALBEC X750,3
2138,SMF  BC GRAPEF&LIME  LATA 4X6X473,18
2138,SMF BC RUBYORANGE&LIME LATA 4X6X473,12
2138,SMF ICE GREENAPPLE LAT 4X6X473,54
2138,SMF ICE RED BERRIE LAT 4X6X473,78
2138,SMIRNOFF GREEN APPLE DO 6X700,12
2138,SMIRNOFF ICE LATA 4X6X473,18
2138,SMIRNOFF RASPBERRY DO 6X700,18
2138,SMIRNOFF TROPICAL FRUITS 6X700,6
2138,TRAPICHE ALARIS CABSAUV 6X750 ,3
2138,TRAPICHE ALARIS CHARDO 6X750 ,3
2138,TRAPICHE ALARIS MALBEC 6X750,6
2139,ALMA MORA MALBEC 6X750,3
2139,DADA ESPUMANTE 6X750 ,3
2139,SMIRNOFF GREEN APPLE DO 6X700,3
2139,TRAPICHE ALARIS MALBEC 6X750,3
2140,ALMA MORA BLEND BLANCO 6X750,6
2140,ALMA MORA BLEND DULCE 6X 750,6
2140,ALMA MORA MALBEC 6X750,21
2140,DADA ART MALBEC 6X750,12
2140,DADA ESPUMANTE 6X750 ,3
2140,DON DAVID MALBEC 6X750,12
2140,FOND CAVE MALBEC 6X750 ,12
2140,SMIRNOFF GREEN APPLE DO 6X700,3
2140,SMIRNOFF RASPBERRY DO 6X700,3
2140,SMIRNOFF TAMARINDO 6 X 700,3
2140,TRAPICHE ALARIS MALBEC 6X750,3
2141,ALMA MORA MALBEC 6X750,9
2143,ALMA MORA MALBEC 6X750,3
2143,DADA FMORAS N°1 6X750,3
2143,ELEMENTOS MALBEC 6X750 ,3
2143,F.LAS MORAS MALBEC 6X750,3
2143,LOS ARBOLES SEL MALBEC 6X750,3
2144,ALMA MORA MALBEC 6X750,9
2145,ALMA MORA MALBEC 6X750,93
2145,DADA ART MALBEC 6X750,9
2145,DADA FMORAS N°1 6X750,6
2145,DADA FMORAS N°2 6X750 ,3
2145,EL BAUTISMO MALBEC 6X750 ,24
2145,ELEMENTOS MALBEC 6X750 ,24
2145,LOS ARBOLES SEL MALBEC 6X750,6
2145,SMIRNOFF BC GRAPEF.&LIME 6X700,3
2145,SMIRNOFF GREEN APPLE DO 6X700,3
2145,TRAPICHE ALARIS DULCE COSECHA 6X750,6
2145,TRAPICHE ALARIS TORRONTES 6X750 ,24
2145,WHITE HORSE DO 12X750,2
2151,CAZADOR MALBEC 6X750,3
2151,DADA ART CABERNET 6X750 ,3
2151,SMIRNOFF RASPBERRY DO 6X700,3
2151,TRAPICHE ALARIS MALBEC 6X750,3
2158,ALMA MORA MALBEC 6X750,3
2158,DADA ART MALBEC 6X750,3
2158,ELEMENTOS MALBEC 6X750 ,6
2158,F.LAS MORAS MALBEC 6X750,3
2158,LOS ARBOLES SEL MALBEC 6X750,6
2162,ALMA MORA MALBEC 6X750,9
2162,DADA ART MALBEC 6X750,3
2162,ELEMENTOS CHARDONNAY 6X750,3
2162,F.LAS MORAS MALBEC 6X750,3
2162,FRIZZE BUBBLE MOOD 6X1000,6
2169,ALMA MORA MALBEC 6X750,9
2169,DADA ART MALBEC 6X750,6
2169,DADA ESPUMANTE 6X750 ,3
2169,F.LAS MORAS MALBEC 6X750,6
2169,LOS ARBOLES SEL MALBEC 6X750,3
2169,SAN TELMO MALBEC X750,3
2169,SUTER VARIETAL MALBEC 6X750,3
2169,TRAPICHE ALARIS MALBEC 6X750,3
2186,SMIRNOFF RASPBERRY DO 6X700,3
2190,SMIRNOFF RASPBERRY DO 6X700,3
2191,ALMA MORA MALBEC 6X750,30
2191,DADA ART MALBEC 6X750,12
2191,DADA ESPUMANTE 6X750 ,3
2191,DADA FMORAS N°1 6X750,9
2191,DADA FMORAS N°2 6X750 ,6
2191,DADA FMORAS N°3 6X750,6
2191,EL BAUTISMO MALBEC 6X750 ,18
2191,ELEMENTOS MALBEC 6X750 ,3
2191,F.LAS MORAS MALBEC 6X750,12
2191,FAIR FOR LIFE MALBEC 6X750 ,6
2191,FRIZZE BUBBLE MOOD 6X1000,30
2191,LOS ARBOLES SEL MALBEC 6X750,3
2191,ORIGEN BY TRAPICHE MALBEC 6X750,6
2191,SAN TELMO MALBEC X750,6
2191,SMF BC RUBYORANGE&LIME LATA 4X6X473,72
2191,SMF ICE GREENAPPLE LAT 4X6X473,324
2191,SMF ICE RED BERRIE LAT 4X6X473,96
2191,SMIRNOFF GREEN APPLE DO 6X700,36
2191,SMIRNOFF RASPBERRY DO 6X700,30
2191,SMIRNOFF TAMARINDO 6 X 700,6
2191,SUTER VARIETAL MALBEC 6X750,6
2191,TRAPICHE ALARIS DULCE COSECHA 6X750,6
2191,TRAPICHE ALARIS MALBEC 6X750,33
2200,GORDON´S GIN 6x700,6
2200,SMIRNOFF RASPBERRY DO 6X700,6
2201,ALARIS D.COSECHA TINTO 6X750,6
2201,BAILEYS NUEVA BOTELLA 12x750,1
2201,BAILEYS SALTED CARAMEL 12X750,1
2201,DADA ESPUMANTE MARACUYA 6X750,12
2201,ELEMENTOS MALBEC 6X750 ,6
2201,F.LAS MORAS CABSAU 6X750 ,6
2201,FRIZZE BLUE LATA X473,6
2201,FRIZZE EVOL BLUE NEW X1000,36
2201,FRIZZE IT LIM NEW X 1000,6
2201,GORDONS  TROPICAL FRUITS 6X700,1
2201,GORDON´S GIN 6x700,3
2201,GORDON´S PINK GIN 6X700,10
2201,GORDON´S TONIC 4X6X473,6
2201,SMF  BC GRAPEF&LIME  LATA 4X6X473,6
2201,SMF BC RUBYORANGE&LIME LATA 4X6X473,6
2201,SMF ICE GREENAPPLE LAT 4X6X473,72
2201,SMF ICE RED BERRIE LAT 4X6X473,102
2201,SMIRNOFF 21 DO 12X700,30
2201,SMIRNOFF BC GRAPEF.&LIME 6X700,6
2201,SMIRNOFF GREEN APPLE DO 6X700,150
2201,SMIRNOFF RASPBERRY DO 6X700,138
2201,SMIRNOFF TAMARINDO 6 X 700,6
2201,SMIRNOFF TROPICAL FRUITS 6X700,42
2201,TRAPICHE ALARIS DULCE COSECHA 6X750,6
2201,TRAPICHE ALARIS MALBEC 6X750,6
2201,TRAPICHE RESERVA MALBEC 6X750,0
2201,WHITE HORSE DO 12X750,5
2202,ALMA MORA MALBEC 6X750,9
2202,DADA ART MALBEC 6X750,3
2202,DADA ESPUMANTE 6X750 ,3
2202,DADA FMORAS N°1 6X750,3
2202,DADA LATA SWEET PINK 4X6X355,0
2202,ELEMENTOS MALBEC 6X750 ,6
2202,F.LAS MORAS CABSAU 6X750 ,3
2202,F.LAS MORAS MALBEC 6X750,0
2202,FRIZZE BLUE LATA X473,12
2202,LOS ARBOLES SEL MALBEC 6X750,6
2202,ORIGEN BY TRAPICHE MALBEC 6X750,3
2202,SMF ICE GREENAPPLE LAT 4X6X473,6
2202,TRAPICHE ALARIS DULCE COSECHA 6X750,6
2202,TRAPICHE ALARIS MALBEC 6X750,9
2203,ALMA MORA MALBEC 6X750,6
2203,DADA ESPUMANTE 6X750 ,3
2203,DADA FMORAS N°1 6X750,3
2203,ELEMENTOS MALBEC 6X750 ,3
2203,F.LAS MORAS MALBEC 6X750,3
2203,LOS ARBOLES SEL MALBEC 6X750,3
2203,TRAPICHE ALARIS MALBEC 6X750,3
2204,ALMA MORA MALBEC 6X750,3
2204,ELEMENTOS MALBEC 6X750 ,15
2204,FRIZZE BLUE LATA X473,12
2204,GORDON´S TONIC 4X6X473,12
2204,SMF ICE GREENAPPLE LAT 4X6X473,35
2204,SMF ICE RED BERRIE LAT 4X6X473,198
2207,ALMA MORA CABSAUV6X750 ,6
2207,ALMA MORA MALBEC 6X750,15
2207,DADA ART MALBEC 6X750,6
2207,FRIZZE EVOL BLUE NEW X1000,3
2207,TRAPICHE ALARIS MALBEC 6X750,3
2208,ALMA MORA MALBEC 6X750,6
2208,FRIZZE BLUE LATA X473,6
2208,SMF ICE GREENAPPLE LAT 4X6X473,6
2211,ALMA MORA BLANCO DULCE LOW 6X750,3
2211,ALMA MORA BLEND BLANCO 6X750,3
2211,ALMA MORA MALBEC 6X750,102
2211,ALMA MORA MERLOT 6X750,3
2211,ALMA MORA SEL RVE MALBEC 6X750,3
2211,ALMA MORA SYRAH 6X750,3
2211,ALMA MORA SYRAH ROSE 6X750 ,3
2211,ANTARES IPA LATA 6X473 (NEW),12
2211,ANTARES LAGER LATA 6X473,6
2211,ANTARES LATA KOLSCH 6 X 473ML,12
2211,ANTARES MICRO IPA 25 AÑOS,6
2211,COLECCION PRIVADA MALBEC,12
2211,DADA ART MALBEC 6X750,12
2211,DADA ESPUMANTE MARACUYA 6X750,22
2211,DADA ESPUMANTE ROS6X750 ,12
2211,DADA EXTRA BRUT 6X750,-3
2211,DADA FMORAS N°1 6X750,6
2211,DADA FMORAS N°2 6X750 ,6
2211,DADA N°8 CHOCOLATE 6X750 ,30
2211,DON DAVID CABERNET 6X750,6
2211,DON DAVID MALBEC 6X750,9
2211,DON DAVID RESERVA MALBEC X750,3
2211,EL BAUTISMO BLEND TINTAS 6X750 ,3
2211,EL BAUTISMO MALBEC 6X750 ,3
2211,ELEMENTOS CABSAUV 6X750 ,12
2211,ELEMENTOS MALBEC 6X750 ,12
2211,ELEMENTOS RED BLEND 6 X 750,6
2211,ELEMENTOS ROSADO TORRONT 6X750 ,3
2211,F. LAS MORAS BCO DULCE 6X750 ,3
2211,F.LAS MORAS CABSAU 6X750 ,3
2211,F.LAS MORAS MALBEC 6X750,48
2211,FAIR FOR LIFE CAB.SAUV 6X750 ,3
2211,FAIR FOR LIFE MALBEC 6X750 ,3
2211,FOND CAVE MALBEC 6X750 ,3
2211,FOND CAVE RVA MALBEC 6X750,6
2211,FRIZZE BLUE LATA X473,71
2211,FRIZZE BUBBLE MOOD 6X1000,6
2211,FRIZZE EVOL BLUE NEW X1000,133
2211,GORDONS  TROPICAL FRUITS 6X700,0
2211,GORDON´S GIN 6x700,14
2211,GORDON´S PINK GIN 6X700,24
2211,GORDON´S TONIC 4X6X473,6
2211,JW BLACK LABEL 12x750,12
2211,JW RED 12X750 UK,12
2211,LOS ARBOLES SEL CABERNET 6X750,3
2211,LOS ARBOLES SEL MALBEC 6X750,27
2211,LOS ARBOLES SEL RED BLEND 6X750,3
2211,LOS INTOCABLES MALBEC 6X750,12
2211,NC SPARK EBRUT 6X750 estuche,6
2211,ORIGEN BY TRAPICHE MALBEC 6X750,3
2211,SAN TELMO CAB-SAUV X750,3
2211,SAN TELMO MALBEC X750,3
2211,SAN TELMO SPARK DULCE 6X750,6
2211,SAN TELMO SPARK E.BRUT 6X750,3
2211,SAN TELMO SPARK EXT DULCE 6X75 Ma,3
2211,SMF  BC GRAPEF&LIME  LATA 4X6X473,6
2211,SMF BC RUBYORANGE&LIME LATA 4X6X473,6
2211,SMF ICE GREENAPPLE LAT 4X6X473,192
2211,SMF ICE RED BERRIE LAT 4X6X473,144
2211,SMIRNOFF 21 DO 12X700,12
2211,SMIRNOFF BC GRAPEF.&LIME 6X700,6
2211,SMIRNOFF BC ORANGE & LIME 6X700,12
2211,SMIRNOFF GREEN APPLE DO 6X700,486
2211,SMIRNOFF ICE LATA 4X6X473,12
2211,SMIRNOFF RASPBERRY DO 6X700,786
2211,SMIRNOFF TAMARINDO 6 X 700,51
2211,SMIRNOFF TROPICAL FRUITS 6X700,60
2211,SMIRNOFF WATERMELON 6X700,12
2211,SUTER VARIETAL CABERNET 6X750,6
2211,SUTER VARIETAL MALBEC 6X750,3
2211,TRAPICHE ALARIS CABSAUV 6X750 ,3
2211,TRAPICHE ALARIS DULCE COSECHA 6X750,15
2211,TRAPICHE ALARIS MALBEC 6X750,12
2211,TRAPICHE ALARIS TORRONTES 6X750 ,3
2211,TRAPICHE RESERVA MALBEC 6X750,15
2211,WHITE HORSE DO 12X750,132
2223,ALMA MORA MALBEC 6X750,3
2223,DADA FMORAS N°1 6X750,3
2223,ELEMENTOS MALBEC 6X750 ,3
2223,F.LAS MORAS MALBEC 6X750,3
2223,LOS ARBOLES SEL MALBEC 6X750,3
2224,ALMA MORA MALBEC 6X750,9
2233,GORDON´S TONIC 4X6X473,11
2233,SMF  BC GRAPEF&LIME  LATA 4X6X473,42
2233,SMF BC RUBYORANGE&LIME LATA 4X6X473,42
2233,SMF ICE GREENAPPLE LAT 4X6X473,30
2233,SMF ICE RED BERRIE LAT 4X6X473,108
2233,SMIRNOFF GREEN APPLE DO 6X700,6
2233,SMIRNOFF RASPBERRY DO 6X700,21
2233,SMIRNOFF TAMARINDO 6 X 700,3
2233,SMIRNOFF TROPICAL FRUITS 6X700,3
2237,ALMA MORA MALBEC 6X750,6
2237,DADA FMORAS N°1 6X750,3
2237,ELEMENTOS MALBEC 6X750 ,3
2237,F.LAS MORAS MALBEC 6X750,3
2237,FRIZZE BLUE LATA X473,30
2237,FRIZZE BUBBLE MOOD 6X1000,12
2237,FRIZZE EVOL BLUE NEW X1000,42
2237,GORDON´S TONIC 4X6X473,22
2237,LOS ARBOLES SEL MALBEC 6X750,3
2237,SMF ICE GREENAPPLE LAT 4X6X473,84
2237,SMF ICE RED BERRIE LAT 4X6X473,66
2237,SMIRNOFF GREEN APPLE DO 6X700,9
2237,SMIRNOFF RASPBERRY DO 6X700,15
2237,SUTER VARIETAL MALBEC 6X750,3
2239,ALARIS D.COSECHA TINTO 6X750,3
2239,ALMA MORA CABSAUV6X750 ,3
2239,ALMA MORA MALBEC 6X750,6
2239,DADA FMORAS N°1 6X750,3
2239,F.LAS MORAS MALBEC 6X750,6
2239,SMF ICE GREENAPPLE LAT 4X6X473,12
2239,SMF ICE RED BERRIE LAT 4X6X473,30
2246,ALMA MORA MALBEC 6X750,9
2246,FRIZZE EVOL BLUE NEW X1000,3
2246,TRAPICHE ALARIS MALBEC 6X750,3
2250,ALMA MORA CABSAUV6X750 ,6
2250,ALMA MORA MALBEC 6X750,21
2250,CAZADOR MALBEC 6X750,3
2250,DADA ART MALBEC 6X750,9
2250,DADA FMORAS N°1 6X750,6
2250,DADA FMORAS N°2 6X750 ,6
2250,DADA FMORAS N°3 6X750,6
2250,ELEMENTOS CABSAUV 6X750 ,6
2250,ELEMENTOS MALBEC 6X750 ,6
2250,F.LAS MORAS MALBEC 6X750,12
2250,FOND CAVE MALBEC 6X750 ,6
2250,FRIZZE EVOL BLUE NEW X1000,3
2250,LOS ARBOLES SEL MALBEC 6X750,3
2250,SUTER VARIETAL MALBEC 6X750,9
2250,TRAPICHE ALARIS MALBEC 6X750,15
2255,ALMA MORA MALBEC 6X750,3
2255,DADA ESPUMANTE 6X750 ,3
2255,TRAPICHE ALARIS MALBEC 6X750,3
2256,ALMA MORA BLEND BLANCO 6X750,3
2256,ALMA MORA BLEND DULCE 6X 750,3
2256,ALMA MORA MALBEC 6X750,12
2256,DADA ART MALBEC 6X750,6
2256,DADA FMORAS N°1 6X750,3
2256,DADA FMORAS N°2 6X750 ,3
2256,DADA N6 HONEY X750,3
2256,ELEMENTOS CABSAUV 6X750 ,3
2256,ELEMENTOS MALBEC 6X750 ,6
2256,F. LAS MORAS BCO DULCE 6X750 ,9
2256,F.LAS MORAS MALBEC 6X750,9
2256,FRIZZE BUBBLE MOOD 6X1000,6
2256,FRIZZE EVOL BLUE NEW X1000,6
2256,LOS ARBOLES SEL CABERNET 6X750,3
2256,LOS ARBOLES SEL MALBEC 6X750,12
2256,SAN TELMO MALBEC X750,6
2256,SMF  BC GRAPEF&LIME  LATA 4X6X473,6
2256,SMF BC RUBYORANGE&LIME LATA 4X6X473,6
2256,SMF ICE GREENAPPLE LAT 4X6X473,30
2256,SMF ICE RED BERRIE LAT 4X6X473,36
2256,SMIRNOFF 21 DO 12X700,3
2256,SMIRNOFF BC GRAPEF.&LIME 6X700,3
2256,SMIRNOFF RASPBERRY DO 6X700,6
2256,SMIRNOFF WATERMELON 6X700,3
2256,SUTER VARIETAL MALBEC 6X750,9
2256,TRAPICHE ALARIS DULCE COSECHA 6X750,6
2256,TRAPICHE ALARIS MALBEC 6X750,15
2262,DADA LATA SWEET  4X6X355,6
2262,GORDON´S TONIC 4X6X473,6
2262,SMF ICE RED BERRIE LAT 4X6X473,0
2264,ALMA MORA MALBEC 6X750,9
2264,DADA ESPUMANTE 6X750 ,3
2264,DADA FMORAS N°1 6X750,6
2264,ELEMENTOS MALBEC 6X750 ,9
2264,F.LAS MORAS MALBEC 6X750,6
2264,FRIZZE BLUE LATA X473,6
2264,LOS ARBOLES SEL MALBEC 6X750,6
2264,SMF ICE GREENAPPLE LAT 4X6X473,18
2264,SMF ICE RED BERRIE LAT 4X6X473,12
2264,SMIRNOFF ICE LATA 4X6X473,6
2264,TRAPICHE ALARIS MALBEC 6X750,3
2265,FRIZZE EVOL BLUE NEW X1000,6
2265,SMF ICE GREENAPPLE LAT 4X6X473,0
2265,SMF ICE RED BERRIE LAT 4X6X473,0
2265,SMIRNOFF ICE LATA 4X6X473,6
2272,ALMA MORA MALBEC 6X750,9
2272,ALMA MORA MERLOT 6X750,0
2272,DADA ESPUMANTE 6X750 ,3
2272,TRAPICHE ALARIS MALBEC 6X750,3
2281,ALMA MORA MALBEC 6X750,12
2281,DADA ART MALBEC 6X750,3
2281,DADA ESPUMANTE 6X750 ,3
2281,DADA FMORAS N°1 6X750,3
2281,ELEMENTOS MALBEC 6X750 ,3
2281,F.LAS MORAS MALBEC 6X750,3
2281,LOS ARBOLES SEL MALBEC 6X750,3
2281,TRAPICHE ALARIS MALBEC 6X750,6
2281,WHITE HORSE DO 12X750,0
2290,SMIRNOFF RASPBERRY DO 6X700,3
2291,ALMA MORA MALBEC 6X750,3
2291,DADA FMORAS N°1 6X750,3
2291,ELEMENTOS MALBEC 6X750 ,3
2291,F.LAS MORAS MALBEC 6X750,3
2291,LOS ARBOLES SEL MALBEC 6X750,3
2292,ALMA MORA BLEND BLANCO 6X750,6
2292,ALMA MORA BLEND DULCE 6X 750,24
2292,ALMA MORA CABSAUV6X750 ,6
2292,ALMA MORA MALBEC 6X750,9
2292,DADA 7 ORANGE BITTER 6X750,6
2292,DADA 7 SWEET  6X750,6
2292,DADA ART MALBEC 6X750,6
2292,DADA ESPUMANTE 6X750 ,3
2292,DADA EXTRA BRUT 6X750,6
2292,DADA FMORAS N°1 6X750,3
2292,DADA N6 HONEY X750,3
2292,LOS INTOCABLES MALBEC 6X750,12
2292,SMF  BC GRAPEF&LIME  LATA 4X6X473,18
2292,SMF BC RUBYORANGE&LIME LATA 4X6X473,18
2292,SMF ICE GREENAPPLE LAT 4X6X473,18
2292,SMIRNOFF ICE LATA 4X6X473,18
2292,TRAPICHE ALARIS MALBEC 6X750,3
2293,ALMA MORA MALBEC 6X750,9
2293,DADA ART MALBEC 6X750,3
2293,DADA ESPUMANTE 6X750 ,3
2293,DADA FMORAS N°1 6X750,3
2293,ELEMENTOS MALBEC 6X750 ,3
2293,F.LAS MORAS MALBEC 6X750,3
2293,LOS ARBOLES SEL MALBEC 6X750,9
2293,TRAPICHE ALARIS MALBEC 6X750,3
2297,ALMA MORA MALBEC 6X750,9
2297,ANTARES MICRO IPA 25 AÑOS,6
2297,DADA ART MALBEC 6X750,6
2297,DADA ESPUMANTE MARACUYA 6X750,60
2297,DADA FMORAS N°1 6X750,3
2297,ELEMENTOS MALBEC 6X750 ,9
2297,F.LAS MORAS MALBEC 6X750,3
2297,FOND CAVE MALBEC 6X750 ,3
2297,FRIZZE EVOL BLUE NEW X1000,6
2297,GORDON´S GIN 6x700,6
2297,LOS ARBOLES SEL MALBEC 6X750,9
2297,LOS INTOCABLES MALBEC 6X750,3
2297,NC SPARK EBRUT 6X750 estuche,6
2297,ORIGEN BY TRAPICHE MALBEC 6X750,3
2297,SAN TELMO SPARK DULCE 6X750,6
2297,SMIRNOFF RASPBERRY DO 6X700,9
2297,TRAPICHE ALARIS MALBEC 6X750,9
2297,TRAPICHE RESERVA MALBEC 6X750,6
2304,ALMA MORA MALBEC 6X750,3
2304,DADA FMORAS N°1 6X750,3
2304,ELEMENTOS MALBEC 6X750 ,3
2304,F.LAS MORAS MALBEC 6X750,3
2304,LOS ARBOLES SEL MALBEC 6X750,3
2316,SMIRNOFF RASPBERRY DO 6X700,3
2321,ALMA MORA MALBEC 6X750,3
2321,DADA ESPUMANTE 6X750 ,3
2321,TRAPICHE ALARIS MALBEC 6X750,3
2323,ALMA MORA MALBEC 6X750,3
2323,DADA ESPUMANTE 6X750 ,3
2323,ELEMENTOS MALBEC 6X750 ,3
2323,SMIRNOFF GREEN APPLE DO 6X700,3
2323,TRAPICHE ALARIS MALBEC 6X750,3
2324,ALMA MORA MALBEC 6X750,3
2324,DADA ESPUMANTE 6X750 ,3
2324,TRAPICHE ALARIS MALBEC 6X750,3
2325,COLECCION PRIVADA MALBEC,3
2325,DADA ART MALBEC 6X750,6
2325,F.LAS MORAS CABSAU 6X750 ,6
2325,SMF ICE GREENAPPLE LAT 4X6X473,6
2325,SMF ICE RED BERRIE LAT 4X6X473,6
2325,SMIRNOFF GREEN APPLE DO 6X700,3
2325,SMIRNOFF ICE LATA 4X6X473,6
2325,SMIRNOFF RASPBERRY DO 6X700,3
2325,SUTER VARIETAL MALBEC 6X750,6
2326,DADA ESPUMANTE ROS6X750 ,6
2326,FRIZZE BLUE LATA X473,72
2326,FRIZZE EVOL BLUE NEW X1000,18
2326,GORDON´S GIN 6x700,24
2326,GORDON´S PINK GIN 6X700,21
2326,GORDON´S TONIC 4X6X473,30
2326,SMF  BC GRAPEF&LIME  LATA 4X6X473,36
2326,SMF BC RUBYORANGE&LIME LATA 4X6X473,36
2326,SMF ICE GREENAPPLE LAT 4X6X473,246
2326,SMF ICE RED BERRIE LAT 4X6X473,456
2326,SMIRNOFF TAMARINDO 6 X 700,6
2326,SMIRNOFF TROPICAL FRUITS 6X700,0
2327,ALMA MORA MALBEC 6X750,9
2327,ANTARES LAGER LATA 6X473,12
2327,DADA ESPUMANTE 6X750 ,3
2327,DADA EXTRA BRUT 6X750,3
2327,DADA FMORAS N°1 6X750,3
2327,ELEMENTOS MALBEC 6X750 ,3
2327,F.LAS MORAS MALBEC 6X750,3
2327,FRIZZE BLUE LATA X473,6
2327,FRIZZE BUBBLE MOOD 6X1000,6
2327,FRIZZE EVOL BLUE NEW X1000,24
2327,LOS ARBOLES SEL MALBEC 6X750,3
2327,SMF ICE RED BERRIE LAT 4X6X473,12
2327,TRAPICHE ALARIS MALBEC 6X750,3
2330,ALMA MORA MALBEC 6X750,12
2330,FRIZZE EVOL BLUE NEW X1000,3
2330,TRAPICHE ALARIS MALBEC 6X750,3
2331,ALARIS RED BLEND 6 X750,3
2331,ALMA MORA MALBEC 6X750,27
2331,ALMA MORA SYRAH 6X750,6
2331,ANTARES MICRO IPA 25 AÑOS,6
2331,DADA ART MALBEC 6X750,24
2331,DADA ESPUMANTE MARACUYA 6X750,34
2331,DADA FMORAS N°1 6X750,18
2331,DADA FMORAS N°2 6X750 ,6
2331,DADA FMORAS N°3 6X750,3
2331,DADA N6 HONEY X750,6
2331,DADA WHITE MALBEC 6X750,6
2331,DON DAVID MALBEC 6X750,3
2331,ELEMENTOS CHARDONNAY 6X750,3
2331,ELEMENTOS MALBEC 6X750 ,9
2331,F.LAS MORAS MALBEC 6X750,0
2331,FOND CAVE MALBEC 6X750 ,0
2331,FRIZZE EVOL BLUE NEW X1000,76
2331,GORDONS  TROPICAL FRUITS 6X700,12
2331,GORDON´S GIN 6x700,6
2331,GORDON´S PINK GIN 6X700,12
2331,HEREFORD BCO 6X750,3
2331,LOS ARBOLES SEL MALBEC 6X750,6
2331,LOS INTOCABLES MALBEC 6X750,3
2331,NC SPARK EBRUT 6X750 estuche,6
2331,ORIGEN BY TRAPICHE MALBEC 6X750,0
2331,SAN TELMO SPARK DULCE 6X750,6
2331,SMF ICE GREENAPPLE LAT 4X6X473,48
2331,SMF ICE RED BERRIE LAT 4X6X473,84
2331,SMIRNOFF GREEN APPLE DO 6X700,102
2331,SMIRNOFF RASPBERRY DO 6X700,342
2331,SMIRNOFF TROPICAL FRUITS 6X700,30
2331,SUTER VARIETAL MALBEC 6X750,3
2331,TRAPICHE ALARIS CABSAUV 6X750 ,3
2331,TRAPICHE ALARIS DULCE COSECHA 6X750,3
2331,TRAPICHE ALARIS MALBEC 6X750,12
2331,TRAPICHE RESERVA MALBEC 6X750,3
2332,ANTARES IPA SIN ALC LATA 6X473,6
2332,ANTARES LATA SCOTCH 6 X 473ML,6
2332,FRIZZE EVOL BLUE NEW X1000,6
2332,GORDONS  TROPICAL FRUITS 6X700,0
2332,NC SPARK DLCE 6X750,0
2332,SMF BC RUBYORANGE&LIME LATA 4X6X473,6
2332,SMF ICE GREENAPPLE LAT 4X6X473,78
2332,SMF ICE RED BERRIE LAT 4X6X473,54
2332,SMIRNOFF GREEN APPLE DO 6X700,18
2332,SMIRNOFF RASPBERRY DO 6X700,36
2332,SMIRNOFF TAMARINDO 6 X 700,6
2334,ALMA MORA BLEND BLANCO 6X750,6
2334,ALMA MORA BLEND DULCE 6X 750,18
2334,ALMA MORA CABSAUV6X750 ,12
2334,ALMA MORA CHARD 6X750,12
2334,ALMA MORA MALBEC 6X750,18
2334,ALMA MORA MERLOT 6X750,6
2334,ANTARES LAGER LATA 6X473,12
2334,ANTARES LATA IPA 6 X 473ML,6
2334,ANTARES MICRO IPA 25 AÑOS,6
2334,COLECCION PRIVADA MALBEC,1
2334,DADA ART MALBEC 6X750,21
2334,DADA ESPUMANTE 6X750 ,132
2334,DADA ESPUMANTE MARACUYA 6X750,6
2334,DADA FMORAS N°1 6X750,15
2334,DADA FMORAS N°2 6X750 ,18
2334,DADA FMORAS N°3 6X750,6
2334,DADA INCREDIBLENDS 1  X750,6
2334,DADA N6 HONEY X750,18
2334,DADA N°8 CHOCOLATE 6X750 ,12
2334,DON DAVID CABERNET 6X750,0
2334,DON DAVID MALBEC 6X750,6
2334,EL BAUTISMO BLEND TINTAS 6X750 ,12
2334,EL BAUTISMO MALBEC 6X750 ,18
2334,ELEMENTOS CABSAUV 6X750 ,6
2334,ELEMENTOS CHARDONNAY 6X750,6
2334,ELEMENTOS MALBEC 6X750 ,15
2334,ELEMENTOS SYRAH 6X750 ,3
2334,ELEMENTOS TORRONTES 6X750 ,18
2334,F. LAS MORAS BCO DULCE 6X750 ,18
2334,F.LAS MORAS CABSAU 6X750 ,18
2334,F.LAS MORAS MALBEC 6X750,15
2334,FOND CAVE MALBEC 6X750 ,3
2334,FRIZZE BLUE LATA X473,294
2334,FRIZZE EVOL BLUE NEW X1000,87
2334,GORDON´S GIN 6x700,9
2334,GORDON´S PINK GIN 6X700,63
2334,GORDON´S TONIC 4X6X473,6
2334,JW RED 12X1000 UK,6
2334,LOS ARBOLES SEL CABERNET 6X750,24
2334,LOS ARBOLES SEL MALBEC 6X750,36
2334,LOS INTOCABLES MALBEC 6X750,12
2334,NC SPARK EBRUT 6X750 estuche,6
2334,ORIGEN BY TRAPICHE MALBEC 6X750,3
2334,SAN TELMO CAB-SAUV X750,12
2334,SAN TELMO MALBEC X750,6
2334,SAN TELMO SPARK DULCE 6X750,6
2334,SMF BC RUBYORANGE&LIME LATA 4X6X473,6
2334,SMF ICE GREENAPPLE LAT 4X6X473,114
2334,SMF ICE RED BERRIE LAT 4X6X473,300
2334,SMIRNOFF 21 DO 12X700,12
2334,SMIRNOFF BC GRAPEF.&LIME 6X700,6
2334,SMIRNOFF BC ORANGE & LIME 6X700,6
2334,SMIRNOFF GREEN APPLE DO 6X700,18
2334,SMIRNOFF ICE LATA 4X6X473,6
2334,SMIRNOFF RASPBERRY DO 6X700,36
2334,SMIRNOFF TAMARINDO 6 X 700,66
2334,SMIRNOFF TROPICAL FRUITS 6X700,6
2334,SMIRNOFF WATERMELON 6X700,6
2334,SUTER VARIETAL CABERNET 6X750,6
2334,SUTER VARIETAL MALBEC 6X750,1
2334,TRAPICHE ALARIS CABSAUV 6X750 ,6
2334,TRAPICHE ALARIS CHARDO 6X750 ,6
2334,TRAPICHE ALARIS DULCE COSECHA 6X750,36
2334,TRAPICHE ALARIS MALBEC 6X750,30
2334,TRAPICHE ALARIS TORRONTES 6X750 ,30
2334,TRAPICHE RESERVA MALBEC 6X750,9
2335,ALMA MORA MALBEC 6X750,6
2335,DADA ESPUMANTE 6X750 ,3
2335,DADA FMORAS N°1 6X750,3
2335,ELEMENTOS MALBEC 6X750 ,6
2335,F.LAS MORAS MALBEC 6X750,3
2335,LOS ARBOLES SEL MALBEC 6X750,3
2335,SMF BC RUBYORANGE&LIME LATA 4X6X473,6
2335,SMF ICE GREENAPPLE LAT 4X6X473,24
2335,SMF ICE RED BERRIE LAT 4X6X473,24
2335,TRAPICHE ALARIS MALBEC 6X750,3
2340,ALMA MORA MALBEC 6X750,6
2340,ANTARES MICRO IPA 25 AÑOS,6
2340,COLECCION PRIVADA MALBEC,3
2340,DADA ART MALBEC 6X750,12
2340,DADA ESPUMANTE MARACUYA 6X750,6
2340,DADA FMORAS N°1 6X750,0
2340,DON DAVID MALBEC 6X750,3
2340,EL BAUTISMO MALBEC 6X750 ,3
2340,ELEMENTOS MALBEC 6X750 ,9
2340,F.LAS MORAS MALBEC 6X750,0
2340,FOND CAVE MALBEC 6X750 ,0
2340,FRIZZE EVOL BLUE NEW X1000,6
2340,GORDON´S GIN 6x700,6
2340,LOS ARBOLES SEL MALBEC 6X750,6
2340,LOS INTOCABLES MALBEC 6X750,3
2340,NC SPARK EBRUT 6X750 estuche,6
2340,ORIGEN BY TRAPICHE MALBEC 6X750,0
2340,SAN TELMO MALBEC X750,3
2340,SAN TELMO SPARK DULCE 6X750,6
2340,SMIRNOFF RASPBERRY DO 6X700,186
2340,SUTER VARIETAL CABERNET 6X750,6
2340,SUTER VARIETAL TARDIO6X750,3
2340,TRAPICHE ALARIS DULCE COSECHA 6X750,6
2340,TRAPICHE ALARIS MALBEC 6X750,12
2340,TRAPICHE D. COSECHA ROSE 6X750 ,3
2340,TRAPICHE RESERVA MALBEC 6X750,3
2353,ALMA MORA BLEND BLANCO 6X750,6
2353,ALMA MORA BLEND DULCE 6X 750,6
2353,ALMA MORA CABSAUV6X750 ,12
2353,ALMA MORA MALBEC 6X750,126
2353,ALMA MORA SEL RVE CABER 6X750,6
2353,ALMA MORA SYRAH 6X750,6
2353,ALMA MORA SYRAH ROSE 6X750 ,6
2353,ANTARES IPA LATA 6X473 (NEW),6
2353,ANTARES LAGER LATA 6X473,12
2353,ANTARES LATA KOLSCH 6 X 473ML,10
2353,ANTARES MICRO IPA 25 AÑOS,6
2353,CAZADOR CAB. SAU 6X750,6
2353,CAZADOR MALBEC 6X750,30
2353,COLECCION PRIVADA MALBEC,12
2353,DADA ART MALBEC 6X750,18
2353,DADA ESPUMANTE MARACUYA 6X750,76
2353,DADA ESPUMANTE ROS6X750 ,30
2353,DADA EXTRA BRUT 6X750,12
2353,DADA FMORAS N°1 6X750,6
2353,DADA FMORAS N°2 6X750 ,6
2353,DADA FMORAS N°3 6X750,0
2353,DADA N°9 CARAMEL 6X750,6
2353,DON DAVID MALBEC 6X750,6
2353,DON DAVID RESERVA MALBEC X750,12
2353,ELEMENTOS MALBEC 6X750 ,18
2353,F.LAS MORAS MALBEC 6X750,48
2353,FOND CAVE CABSAU 6X750,0
2353,FOND CAVE MALBEC 6X750 ,6
2353,FOND CAVE RVA MALBEC 6X750,6
2353,FRIZZE BLUE LATA X473,78
2353,FRIZZE BUBBLE MOOD 6X1000,6
2353,FRIZZE EVOL BLUE NEW X1000,79
2353,FRIZZE IT LIM NEW X 1000,6
2353,GORDON´S GIN 6x700,6
2353,GORDON´S PINK GIN 6X700,12
2353,J&B RARE 12X750,2
2353,JW BLACK LABEL 12x1000,1
2353,JW BLACK LABEL 12x750,12
2353,JW RED 12X750 UK,12
2353,LOS ARBOLES SEL CABERNET 6X750,24
2353,LOS ARBOLES SEL CHARD 6X750,12
2353,LOS ARBOLES SEL MALBEC 6X750,6
2353,LOS ARBOLES SEL RED BLEND 6X750,36
2353,LOS INTOCABLES MALBEC 6X750,3
2353,NC SPARK EBRUT 6X750 estuche,6
2353,ORIGEN BY TRAPICHE MALBEC 6X750,0
2353,SAN TELMO MALBEC X750,6
2353,SAN TELMO SPARK DULCE 6X750,6
2353,SHERIDANS 6X750,1
2353,SMF ICE GREENAPPLE LAT 4X6X473,174
2353,SMF ICE RED BERRIE LAT 4X6X473,120
2353,SMIRNOFF GREEN APPLE DO 6X700,330
2353,SMIRNOFF ICE LATA 4X6X473,6
2353,SMIRNOFF RASPBERRY DO 6X700,552
2353,SMIRNOFF TAMARINDO 6 X 700,45
2353,SMIRNOFF TROPICAL FRUITS 6X700,30
2353,SMIRNOFF WATERMELON 6X700,6
2353,TERMIDOR 2021 TINTO  12X1L ,24
2353,TRAPICHE ALARIS CABSAUV 6X750 ,-6
2353,TRAPICHE ALARIS DULCE COSECHA 6X750,18
2353,TRAPICHE ALARIS MALBEC 6X750,12
2353,TRAPICHE D. COSECHA ROSE 6X750 ,6
2353,TRAPICHE RESERVA MALBEC 6X750,9
2353,WHITE HORSE DO 12X750,180
2357,ALMA MORA BLEND BLANCO 6X750,6
2357,ALMA MORA CABSAUV6X750 ,30
2357,ALMA MORA MALBEC 6X750,138
2357,ALMA MORA MERLOT 6X750,6
2357,ALMA MORA SEL RVE BLEND 6X750,9
2357,ALMA MORA SEL RVE CABER 6X750,3
2357,ALMA MORA SEL RVE CHARDO 6X750,3
2357,ALMA MORA SEL RVE MALBEC 6X750,12
2357,ALMA MORA SYRAH 6X750,24
2357,ALMA MORA SYRAH ROSE 6X750 ,0
2357,ANTARES IPA LATA 6X473 (NEW),6
2357,ANTARES IPA SIN ALC LATA 6X473,6
2357,ANTARES LAGER LATA 6X473,6
2357,ANTARES LATA KOLSCH 6 X 473ML,6
2357,BAILEYS NUEVA BOTELLA 12x750,1
2357,BAILEYS SALTED CARAMEL 12X750,-1
2357,CAZADOR CAB. SAU 6X750,12
2357,CAZADOR MALBEC 6X750,24
2357,COLECCION PRIVADA MALBEC,9
2357,DADA 7 ORANGE BITTER 6X750,30
2357,DADA ART MALBEC 6X750,18
2357,DADA ESPUMANTE 6X750 ,66
2357,DADA ESPUMANTE MARACUYA 6X750,112
2357,DADA ESPUMANTE ROS6X750 ,42
2357,DADA EXTRA BRUT 6X750,90
2357,DADA FMORAS N°1 6X750,39
2357,DADA FMORAS N°2 6X750 ,42
2357,DADA FMORAS N°3 6X750,18
2357,DADA INCREDIBLENDS 1  X750,6
2357,DADA INCREDIBLENDS 2  X750,9
2357,DADA N6 HONEY X750,15
2357,DADA N°8 CHOCOLATE 6X750 ,18
2357,DADA N°9 CARAMEL 6X750,12
2357,DON DAVID CABERNET 6X750,3
2357,DON DAVID MALBEC 6X750,6
2357,DON DAVID RESERVA MALBEC X750,9
2357,DON DAVID TORRONTES 6X750,3
2357,EL BAUTISMO BLEND TINTAS 6X750 ,9
2357,EL BAUTISMO MALBEC 6X750 ,21
2357,ELEMENTOS CHARDONNAY 6X750,3
2357,ELEMENTOS MALBEC 6X750 ,6
2357,F LAS MORAS RED BLEND  6X 750,6
2357,F.LAS MORAS CABSAU 6X750 ,6
2357,F.LAS MORAS MALBEC 6X750,54
2357,FAIR FOR LIFE MALBEC 6X750 ,3
2357,FOND CAVE CABSAU 6X750,9
2357,FOND CAVE MALBEC 6X750 ,12
2357,FOND CAVE RVA MALBEC 6X750,12
2357,FRIZZE BLUE LATA X473,81
2357,FRIZZE EVOL BLUE NEW X1000,145
2357,FRIZZE ITAL LIMA LATA X473,12
2357,GORDONS  TROPICAL FRUITS 6X700,20
2357,GORDON´S GIN 6x700,6
2357,GORDON´S PINK GIN 6X700,35
2357,GORDON´S TONIC 4X6X473,12
2357,INTOCABLES DOUBLE OAK 6 X 750,3
2357,JW BLACK LABEL 12x1000,2
2357,JW BLACK LABEL 12x750,17
2357,JW RED 12X1000 UK,6
2357,JW RED 12X750 UK,24
2357,LOS ARBOLES SEL CABERNET 6X750,12
2357,LOS ARBOLES SEL MALBEC 6X750,48
2357,LOS ARBOLES SEL RED BLEND 6X750,9
2357,LOS INTOCABLES CAB.SAUV 6X750,0
2357,LOS INTOCABLES MALBEC 6X750,9
2357,NC S E.BRUT4X6X355,6
2357,ORIGEN BY TRAPICHE MALBEC 6X750,12
2357,SAN TELMO CAB-SAUV X750,6
2357,SAN TELMO MALBEC X750,6
2357,SHERIDANS 6X750,8
2357,SMF  BC GRAPEF&LIME  LATA 4X6X473,18
2357,SMF BC RUBYORANGE&LIME LATA 4X6X473,22
2357,SMF ICE GREENAPPLE LAT 4X6X473,266
2357,SMF ICE RED BERRIE LAT 4X6X473,228
2357,SMIRNOFF 21 DO 12X700,102
2357,SMIRNOFF BC GRAPEF.&LIME 6X700,18
2357,SMIRNOFF BC ORANGE & LIME 6X700,36
2357,SMIRNOFF BC TANGE&LEMONGRASS 6X700,30
2357,SMIRNOFF GREEN APPLE DO 6X700,1338
2357,SMIRNOFF ICE LATA 4X6X473,36
2357,SMIRNOFF RASPBERRY DO 6X700,1716
2357,SMIRNOFF TAMARINDO 6 X 700,93
2357,SMIRNOFF TROPICAL FRUITS 6X700,174
2357,SMIRNOFF WATERMELON 6X700,30
2357,TERMIDOR BLANCO 12X1L ,12
2357,TRAPICHE ALARIS DULCE COSECHA 6X750,18
2357,TRAPICHE D. COSECHA ROSE 6X750 ,6
2357,TRAPICHE RESERVA MALBEC 6X750,6
2357,WHITE HORSE DO 12X750,156
2363,ALMA MORA MALBEC 6X750,6
2363,DADA ESPUMANTE 6X750 ,3
2363,DADA FMORAS N°1 6X750,3
2363,ELEMENTOS MALBEC 6X750 ,3
2363,F.LAS MORAS MALBEC 6X750,3
2363,LOS ARBOLES SEL MALBEC 6X750,3
2363,TRAPICHE ALARIS MALBEC 6X750,3
2366,ALMA MORA MALBEC 6X750,12
2366,DADA ART MALBEC 6X750,21
2366,DADA ESPUMANTE 6X750 ,3
2366,DADA FMORAS N°1 6X750,15
2366,DADA N°9 CARAMEL 6X750,3
2366,ELEMENTOS MALBEC 6X750 ,9
2366,F.LAS MORAS MALBEC 6X750,15
2366,LOS ARBOLES SEL MALBEC 6X750,6
2366,LOS INTOCABLES MALBEC 6X750,3
2366,SUTER VARIETAL MALBEC 6X750,3
2366,TERMIDOR BLANCO 12X1L ,12
2366,TRAPICHE ALARIS DULCE COSECHA 6X750,6
2366,TRAPICHE ALARIS MALBEC 6X750,9
2370,ALMA MORA MALBEC 6X750,6
2370,DADA ESPUMANTE 6X750 ,3
2370,DADA FMORAS N°1 6X750,3
2370,ELEMENTOS MALBEC 6X750 ,6
2370,F.LAS MORAS MALBEC 6X750,3
2370,LOS ARBOLES SEL MALBEC 6X750,3
2370,TRAPICHE ALARIS MALBEC 6X750,3
2376,ALMA MORA BLEND DULCE 6X 750,3
2376,ALMA MORA MALBEC 6X750,15
2376,CAZADOR BLANCO DULCE 6X750,3
2376,DADA ART MALBEC 6X750,6
2376,ELEMENTOS MALBEC 6X750 ,3
2376,F. LAS MORAS BCO DULCE 6X750 ,3
2376,F.LAS MORAS MALBEC 6X750,12
2376,LOS ARBOLES SEL MALBEC 6X750,3
2376,SUTER VARIETAL MALBEC 6X750,6
2376,TRAPICHE ALARIS DULCE COSECHA 6X750,3
2376,TRAPICHE ALARIS MERLOT 6X750 ,3
2377,ALMA MORA MALBEC 6X750,6
2377,DADA ESPUMANTE 6X750 ,3
2377,DADA FMORAS N°1 6X750,3
2377,ELEMENTOS MALBEC 6X750 ,3
2377,F.LAS MORAS MALBEC 6X750,3
2377,LOS ARBOLES SEL MALBEC 6X750,3
2377,TRAPICHE ALARIS MALBEC 6X750,3
2378,ALMA MORA MALBEC 6X750,6
2378,DADA ESPUMANTE 6X750 ,3
2378,DADA FMORAS N°1 6X750,3
2378,ELEMENTOS MALBEC 6X750 ,3
2378,F.LAS MORAS MALBEC 6X750,3
2378,GORDON´S TONIC 4X6X473,6
2378,LOS ARBOLES SEL MALBEC 6X750,3
2378,SMF BC RUBYORANGE&LIME LATA 4X6X473,6
2378,SMF ICE GREENAPPLE LAT 4X6X473,12
2378,SMF ICE RED BERRIE LAT 4X6X473,12
2378,TRAPICHE ALARIS MALBEC 6X750,3
2379,ALMA MORA MALBEC 6X750,9
2379,ANTARES MICRO IPA 25 AÑOS,6
2379,DADA ART MALBEC 6X750,6
2379,DADA ESPUMANTE MARACUYA 6X750,6
2379,DADA FMORAS N°1 6X750,3
2379,ELEMENTOS MALBEC 6X750 ,9
2379,F.LAS MORAS MALBEC 6X750,3
2379,FOND CAVE MALBEC 6X750 ,0
2379,FRIZZE EVOL BLUE NEW X1000,6
2379,GORDON´S GIN 6x700,6
2379,LOS ARBOLES SEL MALBEC 6X750,9
2379,LOS INTOCABLES MALBEC 6X750,3
2379,NC SPARK EBRUT 6X750 estuche,6
2379,ORIGEN BY TRAPICHE MALBEC 6X750,0
2379,SAN TELMO SPARK DULCE 6X750,6
2379,SMIRNOFF RASPBERRY DO 6X700,186
2379,TRAPICHE ALARIS MALBEC 6X750,6
2379,TRAPICHE RESERVA MALBEC 6X750,3
2380,ALMA MORA MALBEC 6X750,3
2380,COLECCION PRIVADA MALBEC,9
2380,DADA ART MALBEC 6X750,9
2380,DADA FMORAS N°1 6X750,3
2380,DADA N°9 CARAMEL 6X750,9
2380,DON DAVID CABERNET 6X750,3
2380,DON DAVID MALBEC 6X750,24
2380,EL BAUTISMO MALBEC 6X750 ,18
2380,ELEMENTOS MALBEC 6X750 ,9
2380,F.LAS MORAS CABSAU 6X750 ,3
2380,F.LAS MORAS MALBEC 6X750,12
2380,FOND CAVE MALBEC 6X750 ,6
2380,INTOCABLES DOUBLE OAK 6 X 750,3
2380,LA GRAN NACHA X750,3
2380,LOS ARBOLES SEL CABERNET 6X750,3
2380,LOS ARBOLES SEL MALBEC 6X750,18
2380,LOS INTOCABLES MALBEC 6X750,6
2380,ORIGEN BY TRAPICHE MALBEC 6X750,12
2380,PAZ DE FLM MALBEC 6X750,3
2380,SAN TELMO MALBEC X750,18
2380,SMF ICE GREENAPPLE LAT 4X6X473,6
2380,SMIRNOFF RASPBERRY DO 6X700,6
2380,SUTER VARIETAL MALBEC 6X750,3
2380,TRAPICHE ALARIS DULCE COSECHA 6X750,6
2380,TRAPICHE ALARIS MALBEC 6X750,18
2380,TRAPICHE RESERVA MALBEC 6X750,9
2380,WHITE HORSE DO 12X750,2
2388,ALMA MORA MALBEC 6X750,6
2388,DADA ESPUMANTE 6X750 ,3
2388,DADA FMORAS N°1 6X750,3
2388,ELEMENTOS MALBEC 6X750 ,6
2388,F. LAS MORAS BCO DULCE 6X750 ,0
2388,F.LAS MORAS MALBEC 6X750,3
2388,LOS ARBOLES SEL MALBEC 6X750,3
2388,SAN TELMO MALBEC X750,0
2388,TRAPICHE ALARIS MALBEC 6X750,3
2390,ALMA MORA MALBEC 6X750,12
2390,ANTARES MICRO IPA 25 AÑOS,6
2390,DADA ART MALBEC 6X750,6
2390,DADA ESPUMANTE MARACUYA 6X750,6
2390,DADA FMORAS N°1 6X750,6
2390,ELEMENTOS MALBEC 6X750 ,12
2390,F.LAS MORAS MALBEC 6X750,6
2390,FOND CAVE MALBEC 6X750 ,3
2390,FRIZZE EVOL BLUE NEW X1000,6
2390,GORDON´S GIN 6x700,6
2390,LOS ARBOLES SEL MALBEC 6X750,12
2390,LOS INTOCABLES MALBEC 6X750,3
2390,NC SPARK EBRUT 6X750 estuche,6
2390,ORIGEN BY TRAPICHE MALBEC 6X750,3
2390,SAN TELMO SPARK DULCE 6X750,6
2390,SMIRNOFF RASPBERRY DO 6X700,186
2390,TRAPICHE ALARIS MALBEC 6X750,9
2390,TRAPICHE RESERVA MALBEC 6X750,6
2392,ALMA MORA BLEND BLANCO 6X750,0
2392,ALMA MORA BLEND DULCE 6X 750,6
2392,ALMA MORA CABSAUV6X750 ,12
2392,ALMA MORA CHARD 6X750,6
2392,ALMA MORA MERLOT 6X750,12
2392,ALMA MORA SEL RVE MALBEC 6X750,12
2392,ALMA MORA SYRAH 6X750,6
2392,DADA ART MALBEC 6X750,6
2392,DADA ESPUMANTE MARACUYA 6X750,36
2392,DADA FMORAS N°2 6X750 ,6
2392,DADA FMORAS N°3 6X750,6
2392,DON DAVID CABERNET 6X750,12
2392,DON DAVID MALBEC 6X750,12
2392,DON DAVID SYRAH 6X750,6
2392,DON DAVID TORRONTES 6X750,18
2392,EL BAUTISMO BLEND TINTAS 6X750 ,6
2392,EL BAUTISMO MALBEC 6X750 ,12
2392,ELEMENTOS CABSAUV 6X750 ,12
2392,ELEMENTOS CHARDONNAY 6X750,18
2392,ELEMENTOS MALBEC 6X750 ,6
2392,ELEMENTOS SYRAH 6X750 ,12
2392,ELEMENTOS TORRONTES 6X750 ,198
2392,FOND CAVE CABSAU 6X750,6
2392,FOND CAVE CHARD 6X750,6
2392,FOND CAVE MALBEC 6X750 ,36
2392,FOND CAVE SYRAH 6X750 ,12
2392,FRIZZE BLUE LATA X473,6
2392,GORDON´S GIN 6x700,48
2392,JW BLACK LABEL 12x1000,6
2392,JW BLACK LABEL 12x750,2
2392,JW RED 12X750 UK,6
2392,SHERIDANS 6X750,5
2392,SMF ICE GREENAPPLE LAT 4X6X473,6
2392,SMF ICE RED BERRIE LAT 4X6X473,12
2392,SMIRNOFF 21 DO 12X700,12
2392,SMIRNOFF BC GRAPEF.&LIME 6X700,12
2392,SMIRNOFF RASPBERRY DO 6X700,312
2392,SMIRNOFF TAMARINDO 6 X 700,6
2392,SMIRNOFF TROPICAL FRUITS 6X700,204
2392,WHITE HORSE DO 12X750,168
2393,ALMA MORA MALBEC 6X750,9
2393,ANTARES MICRO IPA 25 AÑOS,6
2393,DADA ART MALBEC 6X750,6
2393,DADA ESPUMANTE MARACUYA 6X750,6
2393,DADA FMORAS N°1 6X750,3
2393,ELEMENTOS MALBEC 6X750 ,9
2393,F.LAS MORAS MALBEC 6X750,3
2393,FOND CAVE MALBEC 6X750 ,3
2393,FRIZZE EVOL BLUE NEW X1000,6
2393,GORDON´S GIN 6x700,6
2393,LOS ARBOLES SEL MALBEC 6X750,9
2393,LOS INTOCABLES MALBEC 6X750,3
2393,NC SPARK EBRUT 6X750 estuche,6
2393,ORIGEN BY TRAPICHE MALBEC 6X750,3
2393,SAN TELMO SPARK DULCE 6X750,6
2393,SMIRNOFF RASPBERRY DO 6X700,186
2393,TRAPICHE ALARIS MALBEC 6X750,9
2393,TRAPICHE RESERVA MALBEC 6X750,6
2394,ALMA MORA MALBEC 6X750,3
2394,DADA FMORAS N°1 6X750,3
2394,ELEMENTOS MALBEC 6X750 ,3
2394,F.LAS MORAS MALBEC 6X750,3
2394,LOS ARBOLES SEL MALBEC 6X750,3
2410,ALMA MORA BLEND BLANCO 6X750,24
2410,ALMA MORA BLEND DULCE 6X 750,18
2410,ALMA MORA CABSAUV6X750 ,66
2410,ALMA MORA MALBEC 6X750,372
2410,ALMA MORA MERLOT 6X750,54
2410,ALMA MORA SEL RVE BLEND 6X750,6
2410,ALMA MORA SEL RVE MALBEC 6X750,27
2410,ALMA MORA SYRAH 6X750,30
2410,ALMA MORA SYRAH ROSE 6X750 ,18
2410,ANTARES IPA LATA 6X473 (NEW),0
2410,ANTARES IPA SIN ALC LATA 6X473,6
2410,ANTARES LAGER LATA 6X473,12
2410,ANTARES LATA HONEY 6 X 473ML,6
2410,ANTARES LATA KOLSCH 6 X 473ML,12
2410,ANTARES LATA SCOTCH 6 X 473ML,6
2410,BAILEYS NUEVA BOTELLA 12x750,6
2410,CAZADOR MALBEC 6X750,3
2410,COLECCION PRIVADA MALBEC,24
2410,DADA 7 ORANGE BITTER 6X750,18
2410,DADA ART CABERNET 6X750 ,24
2410,DADA ART MALBEC 6X750,126
2410,DADA ESPUMANTE 6X750 ,30
2410,DADA ESPUMANTE MARACUYA 6X750,58
2410,DADA ESPUMANTE ROS6X750 ,42
2410,DADA EXTRA BRUT 6X750,6
2410,DADA FMORAS N°1 6X750,18
2410,DADA FMORAS N°2 6X750 ,18
2410,DADA FMORAS N°3 6X750,15
2410,DADA INCREDIBLENDS 1  X750,12
2410,DADA INCREDIBLENDS 2  X750,12
2410,DADA N6 HONEY X750,12
2410,DADA N°8 CHOCOLATE 6X750 ,24
2410,DADA N°9 CARAMEL 6X750,12
2410,DON DAVID CABERNET 6X750,18
2410,DON DAVID MALBEC 6X750,33
2410,DON DAVID RESERVA MALBEC X750,18
2410,EL BAUTISMO BLEND B. DLCE 6X750 ,6
2410,EL BAUTISMO BLEND TINTAS 6X750 ,12
2410,EL BAUTISMO CABERNET 6X750,6
2410,EL BAUTISMO MALBEC 6X750 ,36
2410,ELEMENTOS CHARDONNAY 6X750,3
2410,ELEMENTOS MALBEC 6X750 ,60
2410,ELEMENTOS TORRONTES DLCE6X750 ,12
2410,F.LAS MORAS CABSAU 6X750 ,36
2410,F.LAS MORAS MALBEC 6X750,126
2410,FAIR FOR LIFE MALBEC 6X750 ,6
2410,FOND CAVE CABSAU 6X750,6
2410,FOND CAVE MALBEC 6X750 ,18
2410,FOND CAVE RVA MALBEC 6X750,12
2410,FRIZZE BLUE LATA X473,90
2410,FRIZZE BUBBLE MOOD 6X1000,6
2410,FRIZZE EVOL BLUE NEW X1000,115
2410,FRIZZE POMELATA 6X473,6
2410,GORDONS  TROPICAL FRUITS 6X700,12
2410,GORDON´S GIN 6x700,18
2410,GORDON´S PINK GIN 6X700,42
2410,GORDON´S TONIC 4X6X473,12
2410,JW BLACK LABEL 12x1000,1
2410,JW BLACK LABEL 12x750,18
2410,JW RED 12X1000 UK,5
2410,JW RED 12X750 UK,12
2410,LA MASCOTA MALBEC 6X750,3
2410,LOS ARBOLES SEL CABERNET 6X750,18
2410,LOS ARBOLES SEL CHARD 6X750,12
2410,LOS ARBOLES SEL MALBEC 6X750,180
2410,LOS ARBOLES SEL RED BLEND 6X750,30
2410,LOS INTOCABLES CAB.SAUV 6X750,12
2410,LOS INTOCABLES MALBEC 6X750,6
2410,ORIGEN BY TRAPICHE MALBEC 6X750,42
2410,SAN TELMO MALBEC X750,48
2410,SMF  BC GRAPEF&LIME  LATA 4X6X473,12
2410,SMF BC RUBYORANGE&LIME LATA 4X6X473,6
2410,SMF ICE GREENAPPLE LAT 4X6X473,228
2410,SMF ICE RED BERRIE LAT 4X6X473,180
2410,SMIRNOFF 21 DO 12X700,18
2410,SMIRNOFF BC GRAPEF.&LIME 6X700,12
2410,SMIRNOFF BC ORANGE & LIME 6X700,6
2410,SMIRNOFF GREEN APPLE DO 6X700,432
2410,SMIRNOFF ICE LATA 4X6X473,30
2410,SMIRNOFF RASPBERRY DO 6X700,695
2410,SMIRNOFF TAMARINDO 6 X 700,57
2410,SMIRNOFF TROPICAL FRUITS 6X700,60
2410,SMIRNOFF WATERMELON 6X700,6
2410,SUTER VARIETAL CABERNET 6X750,6
2410,SUTER VARIETAL MALBEC 6X750,18
2410,TRAPICHE ALARIS CABSAUV 6X750 ,6
2410,TRAPICHE ALARIS DULCE COSECHA 6X750,42
2410,TRAPICHE ALARIS MALBEC 6X750,48
2410,TRAPICHE ALARIS MERLOT 6X750 ,6
2410,TRAPICHE RES  RED BLEND 6 X 750,6
2410,TRAPICHE RESERVA MALBEC 6X750,24
2410,WHITE HORSE DO 12X750,132
2414,ALMA MORA MALBEC 6X750,9
2414,DADA ESPUMANTE 6X750 ,3
2414,DADA FMORAS N°1 6X750,3
2414,ELEMENTOS MALBEC 6X750 ,6
2414,F.LAS MORAS MALBEC 6X750,3
2414,LOS ARBOLES SEL MALBEC 6X750,3
2414,SMF ICE GREENAPPLE LAT 4X6X473,24
2414,SMF ICE RED BERRIE LAT 4X6X473,60
2414,SMIRNOFF GREEN APPLE DO 6X700,18
2414,SMIRNOFF RASPBERRY DO 6X700,24
2414,SMIRNOFF TROPICAL FRUITS 6X700,6
2414,TRAPICHE ALARIS MALBEC 6X750,3
2418,ALMA MORA MALBEC 6X750,9
2418,DADA ESPUMANTE 6X750 ,3
2418,DADA FMORAS N°1 6X750,3
2418,ELEMENTOS MALBEC 6X750 ,6
2418,F.LAS MORAS MALBEC 6X750,3
2418,LOS ARBOLES SEL MALBEC 6X750,3
2418,TRAPICHE ALARIS MALBEC 6X750,3
2420,ALMA MORA MALBEC 6X750,12
2420,ANTARES MICRO IPA 25 AÑOS,6
2420,DADA ART MALBEC 6X750,9
2420,DADA ESPUMANTE MARACUYA 6X750,6
2420,DADA FMORAS N°1 6X750,3
2420,ELEMENTOS MALBEC 6X750 ,12
2420,F.LAS MORAS MALBEC 6X750,3
2420,FOND CAVE MALBEC 6X750 ,3
2420,FRIZZE EVOL BLUE NEW X1000,9
2420,GORDON´S GIN 6x700,9
2420,LOS ARBOLES SEL MALBEC 6X750,12
2420,LOS INTOCABLES MALBEC 6X750,3
2420,NC SPARK EBRUT 6X750 estuche,6
2420,ORIGEN BY TRAPICHE MALBEC 6X750,3
2420,SAN TELMO SPARK DULCE 6X750,6
2420,SMIRNOFF RASPBERRY DO 6X700,9
2420,SMIRNOFF TROPICAL FRUITS 6X700,180
2420,TRAPICHE ALARIS MALBEC 6X750,12
2420,TRAPICHE RESERVA MALBEC 6X750,6
2421,ALMA MORA MALBEC 6X750,3
2421,DADA FMORAS N°1 6X750,3
2421,ELEMENTOS MALBEC 6X750 ,3
2421,F.LAS MORAS MALBEC 6X750,3
2421,LOS ARBOLES SEL MALBEC 6X750,3
2425,ALMA MORA MALBEC 6X750,9
2425,ANTARES MICRO IPA 25 AÑOS,6
2425,DADA ESPUMANTE 6X750 ,3
2425,DADA FMORAS N°1 6X750,3
2425,ELEMENTOS MALBEC 6X750 ,6
2425,F.LAS MORAS MALBEC 6X750,3
2425,FRIZZE EVOL BLUE NEW X1000,6
2425,GORDON´S GIN 6x700,3
2425,LOS ARBOLES SEL MALBEC 6X750,3
2425,TRAPICHE ALARIS MALBEC 6X750,6
2428,ALMA MORA MALBEC 6X750,9
2428,DADA ESPUMANTE 6X750 ,3
2428,ELEMENTOS MALBEC 6X750 ,3
2428,FRIZZE EVOL BLUE NEW X1000,9
2428,SAN TELMO MALBEC X750,3
2428,SMF  BC GRAPEF&LIME  LATA 4X6X473,6
2428,SMF BC RUBYORANGE&LIME LATA 4X6X473,6
2428,SMF ICE GREENAPPLE LAT 4X6X473,6
2428,SMF ICE RED BERRIE LAT 4X6X473,12
2428,SUTER VARIETAL MALBEC 6X750,3
2428,TRAPICHE ALARIS DULCE COSECHA 6X750,6
2428,TRAPICHE ALARIS MALBEC 6X750,6
2430,ALMA MORA CABSAUV6X750 ,12
2430,ALMA MORA CHARD 6X750,3
2430,ALMA MORA MALBEC 6X750,27
2430,DADA ART MALBEC 6X750,6
2430,DADA ESPUMANTE MARACUYA 6X750,6
2430,DADA ESPUMANTE ROS6X750 ,3
2430,DADA EXTRA BRUT 6X750,3
2430,DADA FMORAS N°1 6X750,6
2430,DADA FMORAS N°2 6X750 ,9
2430,DADA FMORAS N°3 6X750,9
2430,EL BAUTISMO MALBEC 6X750 ,6
2430,JW BLACK LABEL 12x750,3
2430,SMF ICE RED BERRIE LAT 4X6X473,6
2430,SMIRNOFF 21 DO 12X700,3
2430,SMIRNOFF GREEN APPLE DO 6X700,9
2430,SMIRNOFF RASPBERRY DO 6X700,24
2430,TRAPICHE ALARIS DULCE COSECHA 6X750,15
2430,TRAPICHE ALARIS TORRONTES 6X750 ,3
2437,ALMA MORA MALBEC 6X750,6
2437,DADA ART MALBEC 6X750,12
2437,DADA FMORAS N°1 6X750,6
2439,ALMA MORA MALBEC 6X750,3
2439,ANTARES MICRO IPA 25 AÑOS,6
2439,DADA FMORAS N°1 6X750,3
2439,ELEMENTOS MALBEC 6X750 ,3
2439,F.LAS MORAS MALBEC 6X750,3
2439,FRIZZE EVOL BLUE NEW X1000,3
2439,GORDON´S GIN 6x700,3
2439,LOS ARBOLES SEL MALBEC 6X750,3
2440,ALMA MORA MALBEC 6X750,12
2440,DADA ESPUMANTE 6X750 ,3
2440,DADA FMORAS N°1 6X750,3
2440,ELEMENTOS MALBEC 6X750 ,6
2440,F.LAS MORAS MALBEC 6X750,3
2440,FRIZZE EVOL BLUE NEW X1000,3
2440,LOS ARBOLES SEL MALBEC 6X750,3
2440,TRAPICHE ALARIS MALBEC 6X750,6
2441,ALMA MORA BLEND BLANCO 6X750,18
2441,ALMA MORA BLEND DULCE 6X 750,12
2441,ALMA MORA CABSAUV6X750 ,66
2441,ALMA MORA MALBEC 6X750,132
2441,ALMA MORA MERLOT 6X750,12
2441,ALMA MORA SYRAH 6X750,12
2441,ANTARES MICRO IPA 25 AÑOS,6
2441,DADA ART CABERNET 6X750 ,42
2441,DADA ART MALBEC 6X750,129
2441,DADA ESPUMANTE MARACUYA 6X750,40
2441,DADA ESPUMANTE ROS6X750 ,6
2441,DADA FMORAS N°1 6X750,51
2441,DADA FMORAS N°2 6X750 ,48
2441,DADA FMORAS N°3 6X750,39
2441,DADA INCREDIBLENDS 1  X750,1
2441,DADA N6 HONEY X750,6
2441,DADA N°9 CARAMEL 6X750,6
2441,DADA WHITE MALBEC 6X750,6
2441,DON DAVID MALBEC 6X750,3
2441,ELEMENTOS CHARDONNAY 6X750,3
2441,ELEMENTOS MALBEC 6X750 ,6
2441,F. LAS MORAS SAUV.BLANC 6X750 ,24
2441,F.LAS MORAS CABSAU 6X750 ,12
2441,F.LAS MORAS MALBEC 6X750,39
2441,FOND CAVE MALBEC 6X750 ,18
2441,FRIZZE EVOL BLUE NEW X1000,103
2441,GORDONS  TROPICAL FRUITS 6X700,12
2441,GORDON´S GIN 6x700,3
2441,GORDON´S PINK GIN 6X700,12
2441,INTOCABLES DOUBLE OAK 6 X 750,6
2441,JW BLACK LABEL 12x750,3
2441,JW RED 12X750 UK,6
2441,LOS ARBOLES SEL MALBEC 6X750,6
2441,LOS INTOCABLES MALBEC 6X750,3
2441,NC SPARK EBRUT 6X750 estuche,6
2441,SAN TELMO SPARK DULCE 6X750,6
2441,SMF ICE GREENAPPLE LAT 4X6X473,48
2441,SMF ICE RED BERRIE LAT 4X6X473,84
2441,SMIRNOFF 21 DO 12X700,12
2441,SMIRNOFF BC GRAPEF.&LIME 6X700,6
2441,SMIRNOFF GREEN APPLE DO 6X700,90
2441,SMIRNOFF RASPBERRY DO 6X700,351
2441,SMIRNOFF TROPICAL FRUITS 6X700,48
2441,SMIRNOFF WATERMELON 6X700,6
2441,TANQUERAY DRY GIN X700,4
2441,TRAPICHE ALARIS CABSAUV 6X750 ,12
2441,TRAPICHE ALARIS DULCE COSECHA 6X750,18
2441,TRAPICHE ALARIS MALBEC 6X750,21
2441,TRAPICHE RESERVA MALBEC 6X750,33
2441,WHITE HORSE DO 12X750,45
2443,ALMA MORA MALBEC 6X750,3
2443,EL ULTIMO RIE MEJOR X750,3
2443,F.LAS MORAS MALBEC 6X750,3
2443,FRIZZE BLUE LATA X473,30
2443,FRIZZE EVOL BLUE NEW X1000,12
2443,GORDON´S PINK GIN 6X700,2
2443,GORDON´S TONIC 4X6X473,6
2443,SAN TELMO MALBEC X750,3
2443,SMF  BC GRAPEF&LIME  LATA 4X6X473,24
2443,SMF BC RUBYORANGE&LIME LATA 4X6X473,24
2443,SMF ICE GREENAPPLE LAT 4X6X473,51
2443,SMF ICE RED BERRIE LAT 4X6X473,48
2443,SMIRNOFF BC TANGE&LEMONGRASS 6X700,3
2443,SMIRNOFF ICE LATA 4X6X473,6
2443,SMIRNOFF RASPBERRY DO 6X700,3
2443,SMIRNOFF TAMARINDO 6 X 700,3
2443,SMIRNOFF TROPICAL FRUITS 6X700,3
2443,SMIRNOFF WATERMELON 6X700,3
2443,TRAPICHE ALARIS DULCE COSECHA 6X750,6
2443,WHITE HORSE DO 12X750,6
2444,ALMA MORA MALBEC 6X750,18
2444,DADA ART MALBEC 6X750,6
2444,DADA ESPUMANTE 6X750 ,3
2444,DADA FMORAS N°1 6X750,3
2444,ELEMENTOS MALBEC 6X750 ,3
2444,F.LAS MORAS MALBEC 6X750,3
2444,FRIZZE EVOL BLUE NEW X1000,3
2444,LOS ARBOLES SEL MALBEC 6X750,3
2444,TERMIDOR 2021 TINTO  12X1L ,12
2444,TERMIDOR BLANCO 12X1L ,12
2444,TRAPICHE ALARIS MALBEC 6X750,6
2446,ALMA MORA MALBEC 6X750,12
2446,ANTARES MICRO IPA 25 AÑOS,6
2446,DADA ART MALBEC 6X750,9
2446,DADA ESPUMANTE MARACUYA 6X750,6
2446,DADA FMORAS N°1 6X750,3
2446,ELEMENTOS MALBEC 6X750 ,12
2446,F.LAS MORAS MALBEC 6X750,3
2446,FOND CAVE MALBEC 6X750 ,3
2446,FRIZZE EVOL BLUE NEW X1000,9
2446,GORDON´S GIN 6x700,9
2446,LOS ARBOLES SEL MALBEC 6X750,12
2446,LOS INTOCABLES MALBEC 6X750,3
2446,NC SPARK EBRUT 6X750 estuche,6
2446,ORIGEN BY TRAPICHE MALBEC 6X750,3
2446,SAN TELMO SPARK DULCE 6X750,6
2446,SMIRNOFF RASPBERRY DO 6X700,9
2446,TRAPICHE ALARIS MALBEC 6X750,12
2446,TRAPICHE RESERVA MALBEC 6X750,6
2446,WHITE HORSE DO 12X750,360
2449,ALMA MORA CABSAUV6X750 ,3
2449,ALMA MORA MALBEC 6X750,15
2449,DADA ART CABERNET 6X750 ,3
2449,DADA ART MALBEC 6X750,9
2449,DADA ESPUMANTE 6X750 ,3
2449,ELEMENTOS MALBEC 6X750 ,6
2449,F LAS MORAS RED BLEND  6X 750,3
2449,F.LAS MORAS MALBEC 6X750,6
2449,FRIZZE EVOL BLUE NEW X1000,3
2449,LOS ARBOLES SEL RED BLEND 6X750,3
2449,SUTER ETIQ MARRON BLANC DE BLANCO 6X 750,3
2449,SUTER VARIETAL CABERNET 6X750,3
2449,SUTER VARIETAL MALBEC 6X750,3
2449,SUTER VARIETAL TARDIO6X750,9
2449,TRAPICHE ALARIS MALBEC 6X750,9
2450,ALMA MORA MALBEC 6X750,12
2450,ANTARES MICRO IPA 25 AÑOS,6
2450,DADA ART MALBEC 6X750,6
2450,DADA ESPUMANTE MARACUYA 6X750,6
2450,DADA FMORAS N°1 6X750,6
2450,ELEMENTOS MALBEC 6X750 ,12
2450,F.LAS MORAS MALBEC 6X750,6
2450,FOND CAVE MALBEC 6X750 ,3
2450,FRIZZE EVOL BLUE NEW X1000,6
2450,GORDON´S GIN 6x700,6
2450,LOS ARBOLES SEL MALBEC 6X750,12
2450,LOS INTOCABLES MALBEC 6X750,3
2450,NC SPARK EBRUT 6X750 estuche,6
2450,ORIGEN BY TRAPICHE MALBEC 6X750,3
2450,SAN TELMO SPARK DULCE 6X750,6
2450,SMIRNOFF RASPBERRY DO 6X700,186
2450,TRAPICHE ALARIS MALBEC 6X750,9
2450,TRAPICHE RESERVA MALBEC 6X750,6
2459,ALMA MORA MALBEC 6X750,3
2459,DADA FMORAS N°1 6X750,3
2459,ELEMENTOS MALBEC 6X750 ,3
2459,F.LAS MORAS MALBEC 6X750,3
2459,LOS ARBOLES SEL MALBEC 6X750,3
2465,ALMA MORA MALBEC 6X750,3
2465,DADA ESPUMANTE 6X750 ,3
2465,TRAPICHE ALARIS MALBEC 6X750,3
2466,ALMA MORA MALBEC 6X750,6
2466,DADA ART CABERNET 6X750 ,3
2466,DADA ART MALBEC 6X750,3
2466,DADA ESPUMANTE 6X750 ,3
2466,DADA FMORAS N°1 6X750,3
2466,ELEMENTOS MALBEC 6X750 ,6
2466,F.LAS MORAS MALBEC 6X750,3
2466,FRIZZE EVOL BLUE NEW X1000,0
2466,LOS ARBOLES SEL MALBEC 6X750,3
2466,SMF ICE RED BERRIE LAT 4X6X473,18
2466,TRAPICHE ALARIS MALBEC 6X750,3
2466,WHITE HORSE DO 12X750,6
2468,ALMA MORA MALBEC 6X750,3
2468,DADA FMORAS N°1 6X750,3
2468,ELEMENTOS MALBEC 6X750 ,6
2468,F.LAS MORAS MALBEC 6X750,3
2468,LOS ARBOLES SEL MALBEC 6X750,3
2470,ALMA MORA MALBEC 6X750,6
2471,ALMA MORA MALBEC 6X750,9
2471,ANTARES MICRO IPA 25 AÑOS,6
2471,DADA ART MALBEC 6X750,9
2471,DADA ESPUMANTE MARACUYA 6X750,6
2471,DADA WHITE MALBEC 6X750,6
2471,EL BAUTISMO MALBEC 6X750 ,6
2471,ELEMENTOS MALBEC 6X750 ,3
2471,F.LAS MORAS MALBEC 6X750,6
2471,FRIZZE EVOL BLUE NEW X1000,3
2471,GORDON´S GIN 6x700,3
2471,LOS ARBOLES SEL MALBEC 6X750,3
2471,LOS INTOCABLES MALBEC 6X750,3
2471,NC SPARK EBRUT 6X750 estuche,6
2471,SAN TELMO SPARK DULCE 6X750,6
2471,SMIRNOFF RASPBERRY DO 6X700,3
2471,TRAPICHE ALARIS CABSAUV 6X750 ,6
2471,TRAPICHE ALARIS DULCE COSECHA 6X750,6
2471,TRAPICHE ALARIS MALBEC 6X750,3
2471,TRAPICHE ALARIS TORRONTES 6X750 ,6
2471,TRAPICHE RESERVA MALBEC 6X750,3
2473,ALMA MORA MALBEC 6X750,6
2473,DADA ESPUMANTE 6X750 ,3
2473,DADA FMORAS N°1 6X750,3
2473,ELEMENTOS MALBEC 6X750 ,6
2473,F.LAS MORAS MALBEC 6X750,3
2473,LOS ARBOLES SEL MALBEC 6X750,3
2473,TRAPICHE ALARIS MALBEC 6X750,3
2483,ALMA MORA MALBEC 6X750,6
2483,DADA ESPUMANTE 6X750 ,3
2483,DADA ESPUMANTE MARACUYA 6X750,3
2483,DADA FMORAS N°1 6X750,3
2483,ELEMENTOS MALBEC 6X750 ,6
2483,F.LAS MORAS MALBEC 6X750,3
2483,LOS ARBOLES SEL MALBEC 6X750,3
2483,TRAPICHE ALARIS MALBEC 6X750,3
2487,ALMA MORA MALBEC 6X750,6
2487,DADA ESPUMANTE 6X750 ,3
2487,DADA FMORAS N°1 6X750,3
2487,ELEMENTOS MALBEC 6X750 ,6
2487,F.LAS MORAS MALBEC 6X750,3
2487,LOS ARBOLES SEL MALBEC 6X750,3
2487,TRAPICHE ALARIS MALBEC 6X750,3
2488,ALMA MORA MALBEC 6X750,6
2488,DADA FMORAS N°1 6X750,3
2488,ELEMENTOS MALBEC 6X750 ,6
2488,F.LAS MORAS MALBEC 6X750,3
2488,LOS ARBOLES SEL MALBEC 6X750,3
2496,ALMA MORA MALBEC 6X750,6
2496,DADA ESPUMANTE 6X750 ,3
2496,DADA FMORAS N°1 6X750,3
2496,ELEMENTOS MALBEC 6X750 ,6
2496,F.LAS MORAS MALBEC 6X750,3
2496,LOS ARBOLES SEL MALBEC 6X750,3
2496,TRAPICHE ALARIS MALBEC 6X750,3
2497,ALMA MORA MALBEC 6X750,6
2497,DADA ART MALBEC 6X750,3
2497,DADA ESPUMANTE 6X750 ,3
2497,F.LAS MORAS MALBEC 6X750,3
2497,FRIZZE BLUE LATA X473,6
2497,FRIZZE BUBBLE MOOD 6X1000,0
2497,FRIZZE EVOL BLUE NEW X1000,6
2497,LOS ARBOLES SEL MALBEC 6X750,3
2497,SMIRNOFF ICE LATA 4X6X473,0
2497,TRAPICHE ALARIS DULCE COSECHA 6X750,6
2497,TRAPICHE ALARIS MALBEC 6X750,6
2501,ALMA MORA MALBEC 6X750,9
2503,ALMA MORA MALBEC 6X750,12
2503,DADA ESPUMANTE 6X750 ,3
2503,DADA FMORAS N°1 6X750,3
2503,ELEMENTOS MALBEC 6X750 ,6
2503,F.LAS MORAS MALBEC 6X750,3
2503,FRIZZE EVOL BLUE NEW X1000,3
2503,LOS ARBOLES SEL MALBEC 6X750,3
2503,TRAPICHE ALARIS MALBEC 6X750,6
2506,ALMA MORA MALBEC 6X750,6
2506,DADA ESPUMANTE 6X750 ,3
2506,DADA FMORAS N°1 6X750,3
2506,ELEMENTOS MALBEC 6X750 ,6
2506,F.LAS MORAS MALBEC 6X750,3
2506,LOS ARBOLES SEL MALBEC 6X750,3
2506,TRAPICHE ALARIS MALBEC 6X750,3
2507,ALMA MORA MALBEC 6X750,6
2507,DADA ESPUMANTE 6X750 ,3
2507,DADA FMORAS N°1 6X750,3
2507,ELEMENTOS MALBEC 6X750 ,6
2507,F.LAS MORAS MALBEC 6X750,3
2507,LOS ARBOLES SEL MALBEC 6X750,3
2507,TRAPICHE ALARIS MALBEC 6X750,3
2512,ALMA MORA MALBEC 6X750,6
2512,DADA ESPUMANTE 6X750 ,3
2512,DADA FMORAS N°1 6X750,3
2512,ELEMENTOS MALBEC 6X750 ,6
2512,F.LAS MORAS MALBEC 6X750,3
2512,LOS ARBOLES SEL MALBEC 6X750,3
2512,TRAPICHE ALARIS MALBEC 6X750,3
2519,ALMA MORA MALBEC 6X750,3
2519,DADA ESPUMANTE 6X750 ,3
2519,TRAPICHE ALARIS MALBEC 6X750,3
2520,ALMA MORA MALBEC 6X750,15
2520,DADA ART MALBEC 6X750,3
2520,ELEMENTOS MALBEC 6X750 ,9
2520,F. LAS MORAS BCO DULCE 6X750 ,3
2520,F. LAS MORAS ROSADO 6X750 ,3
2520,F.LAS MORAS MALBEC 6X750,9
2520,FRIZZE BLUE LATA X473,22
2520,FRIZZE BUBBLE MOOD 6X1000,12
2520,FRIZZE EVOL BLUE NEW X1000,48
2520,LOS ARBOLES SEL MALBEC 6X750,3
2520,SMF ICE GREENAPPLE LAT 4X6X473,6
2520,SMF ICE RED BERRIE LAT 4X6X473,66
2520,SMIRNOFF TAMARINDO 6 X 700,3
2520,SMIRNOFF TROPICAL FRUITS 6X700,12
2520,TRAPICHE ALARIS DULCE COSECHA 6X750,6
2520,TRAPICHE ALARIS MALBEC 6X750,12
2520,TRAPICHE ALARIS TORRONTES 6X750 ,6
2523,ALMA MORA MALBEC 6X750,6
2523,DADA ESPUMANTE 6X750 ,3
2523,DADA FMORAS N°1 6X750,3
2523,ELEMENTOS MALBEC 6X750 ,3
2523,F.LAS MORAS MALBEC 6X750,3
2523,LOS ARBOLES SEL MALBEC 6X750,3
2523,SMF ICE RED BERRIE LAT 4X6X473,12
2523,TRAPICHE ALARIS MALBEC 6X750,3
2530,ALMA MORA MALBEC 6X750,6
2530,DADA ESPUMANTE 6X750 ,3
2530,DADA FMORAS N°1 6X750,3
2530,ELEMENTOS MALBEC 6X750 ,6
2530,F.LAS MORAS MALBEC 6X750,3
2530,LOS ARBOLES SEL MALBEC 6X750,3
2530,TRAPICHE ALARIS MALBEC 6X750,3
2534,ALMA MORA MALBEC 6X750,18
2534,DADA ART MALBEC 6X750,6
2534,DADA ESPUMANTE 6X750 ,3
2534,ELEMENTOS MALBEC 6X750 ,12
2534,F. LAS MORAS SAUV.BLANC 6X750 ,3
2534,F.LAS MORAS MALBEC 6X750,6
2534,FOND CAVE MALBEC 6X750 ,3
2534,LOS ARBOLES SEL MALBEC 6X750,3
2534,SAN TELMO MALBEC X750,6
2534,SUTER VARIETAL MALBEC 6X750,9
2534,SUTER VARIETAL TARDIO6X750,9
2534,TRAPICHE ALARIS MALBEC 6X750,6
2534,TRAPICHE ALARIS TORRONTES 6X750 ,6
2536,FRIZZE BLUE LATA X473,0
2536,SMF ICE GREENAPPLE LAT 4X6X473,0
2539,ALMA MORA MALBEC 6X750,9
2539,ANTARES MICRO IPA 25 AÑOS,6
2539,DADA ART MALBEC 6X750,6
2539,DADA ESPUMANTE MARACUYA 6X750,6
2539,DADA FMORAS N°1 6X750,3
2539,ELEMENTOS MALBEC 6X750 ,21
2539,F.LAS MORAS MALBEC 6X750,3
2539,FRIZZE EVOL BLUE NEW X1000,6
2539,GORDON´S GIN 6x700,18
2539,GORDON´S PINK GIN 6X700,18
2539,LOS ARBOLES SEL MALBEC 6X750,9
2539,LOS INTOCABLES MALBEC 6X750,3
2539,NC SPARK EBRUT 6X750 estuche,6
2539,SAN TELMO SPARK DULCE 6X750,6
2539,SMIRNOFF RASPBERRY DO 6X700,186
2539,TERMIDOR 2021 TINTO  12X1L ,60
2539,TERMIDOR BLANCO 12X1L ,60
2539,TRAPICHE ALARIS MALBEC 6X750,6
2539,TRAPICHE RESERVA MALBEC 6X750,3
2540,ALMA MORA MALBEC 6X750,6
2540,DADA ART MALBEC 6X750,6
2540,EL BAUTISMO MALBEC 6X750 ,6
2557,ALMA MORA MALBEC 6X750,6
2574,ALMA MORA MALBEC 6X750,6
2577,ALMA MORA MALBEC 6X750,6
2577,SMIRNOFF BC GRAPEF.&LIME 6X700,3
2577,SMIRNOFF RASPBERRY DO 6X700,3
2582,ALMA MORA MALBEC 6X750,3
2582,DADA ESPUMANTE 6X750 ,3
2582,ELEMENTOS MALBEC 6X750 ,3
2582,TRAPICHE ALARIS MALBEC 6X750,3
2589,ALMA MORA MALBEC 6X750,3
2589,DADA ESPUMANTE 6X750 ,3
2589,TRAPICHE ALARIS MALBEC 6X750,3
2598,ALMA MORA MALBEC 6X750,6
2602,ALMA MORA MALBEC 6X750,12
2602,ANTARES MICRO IPA 25 AÑOS,6
2602,DADA ART MALBEC 6X750,9
2602,DADA ESPUMANTE MARACUYA 6X750,6
2602,DADA FMORAS N°1 6X750,3
2602,DADA FMORAS N°2 6X750 ,24
2602,DADA N6 HONEY X750,24
2602,DADA WHITE MALBEC 6X750,24
2602,ELEMENTOS MALBEC 6X750 ,12
2602,F.LAS MORAS MALBEC 6X750,3
2602,FOND CAVE MALBEC 6X750 ,3
2602,FRIZZE EVOL BLUE NEW X1000,9
2602,GORDON´S GIN 6x700,9
2602,LOS ARBOLES SEL MALBEC 6X750,12
2602,LOS INTOCABLES MALBEC 6X750,3
2602,NC SPARK EBRUT 6X750 estuche,6
2602,ORIGEN BY TRAPICHE MALBEC 6X750,3
2602,SAN TELMO SPARK DULCE 6X750,6
2602,SMIRNOFF 21 DO 12X700,12
2602,SMIRNOFF GREEN APPLE DO 6X700,186
2602,SMIRNOFF RASPBERRY DO 6X700,15
2602,SMIRNOFF TROPICAL FRUITS 6X700,6
2602,TRAPICHE ALARIS MALBEC 6X750,12
2602,TRAPICHE RESERVA MALBEC 6X750,6
2606,ALMA MORA MALBEC 6X750,15
2606,DADA ART MALBEC 6X750,6
2606,DADA FMORAS N°1 6X750,18
2606,ELEMENTOS MALBEC 6X750 ,6
2606,ELEMENTOS TANNAT 6X750 ,12
2606,LOS ARBOLES SEL MALBEC 6X750,6
2606,TRAPICHE ALARIS CHARDO 6X750 ,6
2606,TRAPICHE ALARIS TORRONTES 6X750 ,12
2610,ALMA MORA MALBEC 6X750,6
2610,SMF  BC GRAPEF&LIME  LATA 4X6X473,6
2610,SMF ICE GREENAPPLE LAT 4X6X473,12
2610,SMF ICE RED BERRIE LAT 4X6X473,36
2611,ALMA MORA BLEND DULCE 6X 750,6
2611,ELEMENTOS MALBEC 6X750 ,6
2611,F.LAS MORAS MALBEC 6X750,6
2611,SMIRNOFF RASPBERRY DO 6X700,6
2611,SMIRNOFF WATERMELON 6X700,6
2616,JW BLACK LABEL 12x750,1
2616,SMF  BC GRAPEF&LIME  LATA 4X6X473,6
2616,SMF BC RUBYORANGE&LIME LATA 4X6X473,6
2616,SMF ICE GREENAPPLE LAT 4X6X473,6
2616,SMF ICE RED BERRIE LAT 4X6X473,6
2616,SMIRNOFF TAMARINDO 6 X 700,9
2629,DADA SIDRA 6X750,12
2630,ALMA MORA MALBEC 6X750,12
2630,BAILEYS NUEVA BOTELLA 12x750,2
2630,DADA 7 SWEET  6X750,30
2630,DADA ART CABERNET 6X750 ,21
2630,DADA ART MALBEC 6X750,66
2630,DADA ESPUMANTE ROS6X750 ,6
2630,DADA FMORAS N°1 6X750,78
2630,DADA FMORAS N°2 6X750 ,36
2630,DADA FMORAS N°3 6X750,66
2630,DADA N°8 CHOCOLATE 6X750 ,144
2630,DON DAVID MALBEC 6X750,18
2630,EL BAUTISMO MALBEC 6X750 ,12
2630,ELEMENTOS CABSAUV 6X750 ,36
2630,ELEMENTOS CHARDONNAY 6X750,42
2630,ELEMENTOS MALBEC 6X750 ,114
2630,ELEMENTOS RED BLEND 6 X 750,12
2630,ELEMENTOS ROSADO TORRONT 6X750 ,6
2630,ELEMENTOS TORRONTES 6X750 ,66
2630,F.LAS MORAS CABSAU 6X750 ,6
2630,F.LAS MORAS MALBEC 6X750,12
2630,FRIZZE BLUE LATA X473,18
2630,FRIZZE EVOL BLUE NEW X1000,66
2630,GORDON´S GIN 6x700,102
2630,GORDON´S PINK GIN 6X700,6
2630,JW BLACK LABEL 12x1000,5
2630,JW BLACK LABEL 12x750,7
2630,JW DOUBLE BLACK 6x750,3
2630,JW GOLD RVE 6x750,3
2630,JW RED 12X750 UK,5
2630,SHERIDANS 6X750,2
2630,SMIRNOFF BC GRAPEF.&LIME 6X700,18
2630,SMIRNOFF GREEN APPLE DO 6X700,102
2630,SMIRNOFF RASPBERRY DO 6X700,162
2630,SMIRNOFF TROPICAL FRUITS 6X700,6
2630,TRAPICHE ALARIS CABSAUV 6X750 ,12
2630,TRAPICHE ALARIS MALBEC 6X750,24
2630,WHITE HORSE DO 12X750,444
2633,ALMA MORA MALBEC 6X750,24
2633,ALMA MORA MERLOT 6X750,3
2633,DADA ART MALBEC 6X750,18
2633,DADA ESPUMANTE 6X750 ,3
2633,DON DAVID MALBEC 6X750,3
2633,EL ULTIMO RIE MEJOR X750,6
2633,ELEMENTOS MALBEC 6X750 ,12
2633,F. LAS MORAS BCO DULCE 6X750 ,3
2633,F.LAS MORAS MALBEC 6X750,3
2633,FOND CAVE MALBEC 6X750 ,6
2633,FOND CAVE RVA MALBEC 6X750,3
2633,FRIZZE BUBBLE MOOD 6X1000,0
2633,GORDON´S PINK GIN 6X700,2
2633,LA MASCOTA MALBEC 6X750,6
2633,PAZ DE FLM MALBEC 6X750,3
2633,SAN TELMO SEL CHARDONNA  X750,6
2633,SMF ICE RED BERRIE LAT 4X6X473,0
2633,SMIRNOFF RASPBERRY DO 6X700,3
2633,TANQUERAY DRY GIN X700,1
2633,TRAPICHE ALARIS DULCE COSECHA 6X750,12
2633,TRAPICHE ALARIS MALBEC 6X750,3
2633,WHITE HORSE DO 12X750,3
2635,ALMA MORA MALBEC 6X750,3
2635,DADA ESPUMANTE 6X750 ,3
2635,TRAPICHE ALARIS MALBEC 6X750,3
2636,ALMA MORA MALBEC 6X750,6
2636,ELEMENTOS MALBEC 6X750 ,3
2636,SMIRNOFF RASPBERRY DO 6X700,12
2640,ALMA MORA MALBEC 6X750,6
2646,ALMA MORA MALBEC 6X750,12
2646,ANTARES MICRO IPA 25 AÑOS,6
2646,DADA ART MALBEC 6X750,9
2646,DADA ESPUMANTE MARACUYA 6X750,6
2646,DADA FMORAS N°1 6X750,3
2646,ELEMENTOS MALBEC 6X750 ,12
2646,F.LAS MORAS MALBEC 6X750,3
2646,FOND CAVE MALBEC 6X750 ,3
2646,FRIZZE EVOL BLUE NEW X1000,9
2646,GORDON´S GIN 6x700,9
2646,LOS ARBOLES SEL MALBEC 6X750,12
2646,LOS INTOCABLES MALBEC 6X750,3
2646,NC SPARK EBRUT 6X750 estuche,6
2646,ORIGEN BY TRAPICHE MALBEC 6X750,3
2646,SAN TELMO SPARK DULCE 6X750,6
2646,SMIRNOFF BC GRAPEF.&LIME 6X700,6
2646,SMIRNOFF BC ORANGE & LIME 6X700,6
2646,SMIRNOFF BC TANGE&LEMONGRASS 6X700,6
2646,SMIRNOFF GREEN APPLE DO 6X700,18
2646,SMIRNOFF RASPBERRY DO 6X700,105
2646,TRAPICHE ALARIS MALBEC 6X750,12
2646,TRAPICHE RESERVA MALBEC 6X750,6
2647,ALMA MORA CABSAUV6X750 ,6
2647,ALMA MORA CHARD 6X750,6
2647,ALMA MORA MALBEC 6X750,45
2647,COLECCION PRIVADA MALBEC,3
2647,DADA ART CABERNET 6X750 ,6
2647,DADA ART MALBEC 6X750,12
2647,DADA ESPUMANTE MARACUYA 6X750,189
2647,DADA ESPUMANTE ROS6X750 ,6
2647,DADA EXTRA BRUT 6X750,6
2647,DADA FMORAS N°1 6X750,9
2647,DADA FMORAS N°2 6X750 ,6
2647,DADA FMORAS N°3 6X750,6
2647,DADA N°8 CHOCOLATE 6X750 ,6
2647,DON DAVID MALBEC 6X750,6
2647,EL BAUTISMO BLEND TINTAS 6X750 ,3
2647,EL BAUTISMO MALBEC 6X750 ,30
2647,EL ESTECO MALBEC 6X750,6
2647,EL ULTIMO RIE MEJOR X750,12
2647,ELEMENTOS MALBEC 6X750 ,21
2647,ELEMENTOS TANNAT 6X750 ,5
2647,ELEMENTOS TORRONTES 6X750 ,6
2647,ELEMENTOS TORRONTES DLCE6X750 ,6
2647,F. LAS MORAS BCO DULCE 6X750 ,6
2647,F. LAS MORAS ROSADO 6X750 ,6
2647,F.LAS MORAS CABSAU 6X750 ,6
2647,F.LAS MORAS MALBEC 6X750,15
2647,FAIR FOR LIFE MALBEC 6X750 ,12
2647,FOND CAVE MALBEC 6X750 ,15
2647,FRIZZE BLUE LATA X473,6
2647,FRIZZE EVOL BLUE NEW X1000,6
2647,GORDON´S GIN 6x700,9
2647,GORDON´S PINK GIN 6X700,3
2647,GORDON´S TONIC 4X6X473,12
2647,LA GRAN NACHA X750,12
2647,LOS ARBOLES SEL MALBEC 6X750,39
2647,NC SPARK DLCE 6X750,3
2647,NC SPARK EBRUT 6X750 nuevo,3
2647,ORIGEN BY TRAPICHE MALBEC 6X750,15
2647,SAN TELMO MALBEC X750,12
2647,SMF ICE RED BERRIE LAT 4X6X473,12
2647,SMIRNOFF BC TANGE&LEMONGRASS 6X700,3
2647,SMIRNOFF RASPBERRY DO 6X700,6
2647,SMIRNOFF TAMARINDO 6 X 700,3
2647,SUTER VARIETAL CHARD 6X750,6
2647,SUTER VARIETAL MALBEC 6X750,6
2647,SUTER VARIETAL TARDIO6X750,18
2647,TRAPICHE ALARIS DULCE COSECHA 6X750,6
2647,TRAPICHE ALARIS MALBEC 6X750,39
2647,TRAPICHE ALARIS TORRONTES 6X750 ,6
2647,TRAPICHE RESERVA MALBEC 6X750,3
2647,WHITE HORSE DO 12X750,9
2648,ALMA MORA MALBEC 6X750,15
2648,ANTARES MICRO IPA 25 AÑOS,6
2648,DADA ART MALBEC 6X750,15
2648,DADA ESPUMANTE MARACUYA 6X750,6
2648,DADA FMORAS N°1 6X750,0
2648,DADA N°8 CHOCOLATE 6X750 ,12
2648,ELEMENTOS MALBEC 6X750 ,9
2648,F.LAS MORAS MALBEC 6X750,0
2648,FOND CAVE MALBEC 6X750 ,0
2648,FRIZZE EVOL BLUE NEW X1000,9
2648,GORDON´S GIN 6x700,9
2648,LOS ARBOLES SEL MALBEC 6X750,9
2648,LOS INTOCABLES MALBEC 6X750,3
2648,NC SPARK EBRUT 6X750 estuche,6
2648,ORIGEN BY TRAPICHE MALBEC 6X750,0
2648,SAN TELMO SPARK DULCE 6X750,6
2648,SMIRNOFF RASPBERRY DO 6X700,9
2648,TRAPICHE ALARIS MALBEC 6X750,9
2648,TRAPICHE RESERVA MALBEC 6X750,3
2648,WHITE HORSE DO 12X750,3
2653,ALMA MORA MALBEC 6X750,9
2654,ALMA MORA CABSAUV6X750 ,9
2654,ALMA MORA MALBEC 6X750,9
2654,DADA ART MALBEC 6X750,12
2654,DADA FMORAS N°1 6X750,6
2654,FRIZZE EVOL BLUE NEW X1000,12
2654,GORDON´S GIN 6x700,2
2654,SHERIDANS 6X750,1
2654,SMF  BC GRAPEF&LIME  LATA 4X6X473,6
2654,SMF ICE GREENAPPLE LAT 4X6X473,12
2654,SMF ICE RED BERRIE LAT 4X6X473,18
2655,ALMA MORA MALBEC 6X750,6
2656,ALMA MORA BLEND BLANCO 6X750,3
2656,ALMA MORA MALBEC 6X750,15
2656,ANTARES MICRO IPA 25 AÑOS,6
2656,DADA ART MALBEC 6X750,12
2656,DADA ESPUMANTE MARACUYA 6X750,6
2656,DADA FMORAS N°1 6X750,3
2656,DADA WHITE MALBEC 6X750,3
2656,ELEMENTOS MALBEC 6X750 ,12
2656,F.LAS MORAS MALBEC 6X750,3
2656,FOND CAVE MALBEC 6X750 ,3
2656,FRIZZE EVOL BLUE NEW X1000,9
2656,GORDON´S GIN 6x700,9
2656,LOS ARBOLES SEL MALBEC 6X750,12
2656,LOS INTOCABLES MALBEC 6X750,3
2656,NC SPARK EBRUT 6X750 estuche,6
2656,ORIGEN BY TRAPICHE MALBEC 6X750,3
2656,SAN TELMO SPARK DULCE 6X750,6
2656,SMF ICE GREENAPPLE LAT 4X6X473,12
2656,SMF ICE RED BERRIE LAT 4X6X473,24
2656,SMIRNOFF 21 DO 12X700,0
2656,SMIRNOFF BC GRAPEF.&LIME 6X700,3
2656,SMIRNOFF GREEN APPLE DO 6X700,183
2656,SMIRNOFF ICE LATA 4X6X473,6
2656,SMIRNOFF RASPBERRY DO 6X700,12
2656,SMIRNOFF TROPICAL FRUITS 6X700,3
2656,TRAPICHE ALARIS MALBEC 6X750,12
2656,TRAPICHE RESERVA MALBEC 6X750,6
2658,ALMA MORA BLEND DULCE 6X 750,3
2658,ALMA MORA CABSAUV6X750 ,6
2658,ALMA MORA MALBEC 6X750,12
2658,DADA ART MALBEC 6X750,9
2658,DADA FMORAS N°1 6X750,24
2658,ELEMENTOS CABSAUV 6X750 ,6
2658,ELEMENTOS CHARDONNAY 6X750,6
2658,ELEMENTOS TORRONTES 6X750 ,33
2658,F.LAS MORAS MALBEC 6X750,15
2658,LOS ARBOLES SEL MALBEC 6X750,3
2658,SAN TELMO MALBEC X750,3
2658,SUTER VARIETAL MALBEC 6X750,3
2658,TRAPICHE ALARIS DULCE COSECHA 6X750,3
2658,TRAPICHE ALARIS MALBEC 6X750,9
2658,TRAPICHE ALARIS TORRONTES 6X750 ,6
2659,GORDON´S GIN 6x700,54
2659,SMIRNOFF 21 DO 12X700,48
2659,SMIRNOFF RASPBERRY DO 6X700,642
2662,ALMA MORA MALBEC 6X750,9
2662,DADA ESPUMANTE 6X750 ,3
2662,DADA FMORAS N°1 6X750,3
2662,ELEMENTOS MALBEC 6X750 ,6
2662,F.LAS MORAS MALBEC 6X750,3
2662,LOS ARBOLES SEL MALBEC 6X750,3
2662,TRAPICHE ALARIS MALBEC 6X750,3
2663,ALMA MORA MALBEC 6X750,6
2665,ALMA MORA MALBEC 6X750,12
2665,FRIZZE EVOL BLUE NEW X1000,3
2665,TRAPICHE ALARIS MALBEC 6X750,3
2666,ALMA MORA MALBEC 6X750,12
2666,FRIZZE EVOL BLUE NEW X1000,3
2666,TRAPICHE ALARIS MALBEC 6X750,3
2670,ALMA MORA MALBEC 6X750,9
2670,DADA ESPUMANTE 6X750 ,3
2670,DADA FMORAS N°1 6X750,3
2670,ELEMENTOS MALBEC 6X750 ,6
2670,F.LAS MORAS MALBEC 6X750,3
2670,LOS ARBOLES SEL MALBEC 6X750,3
2670,TRAPICHE ALARIS MALBEC 6X750,3
2674,ALMA MORA MALBEC 6X750,12
2674,SMF ICE GREENAPPLE LAT 4X6X473,6
2674,SMF ICE RED BERRIE LAT 4X6X473,6
2675,ALMA MORA BLEND DULCE 6X 750,6
2675,ALMA MORA MALBEC 6X750,18
2675,DADA ART MALBEC 6X750,12
2675,DADA WHITE MALBEC 6X750,3
2675,ELEMENTOS CABSAUV 6X750 ,3
2675,ELEMENTOS CHARDONNAY 6X750,3
2675,ELEMENTOS MALBEC 6X750 ,9
2675,F. LAS MORAS BCO DULCE 6X750 ,3
2675,F.LAS MORAS CABSAU 6X750 ,3
2675,F.LAS MORAS MALBEC 6X750,9
2675,SMF ICE GREENAPPLE LAT 4X6X473,12
2675,SMF ICE RED BERRIE LAT 4X6X473,24
2677,ALMA MORA MALBEC 6X750,6
2677,DADA ESPUMANTE 6X750 ,3
2677,DADA FMORAS N°1 6X750,3
2677,ELEMENTOS CABSAUV 6X750 ,3
2677,ELEMENTOS MALBEC 6X750 ,6
2677,F.LAS MORAS CABSAU 6X750 ,3
2677,F.LAS MORAS MALBEC 6X750,3
2677,LOS ARBOLES SEL MALBEC 6X750,3
2677,SAN TELMO MALBEC X750,3
2677,SMF  BC GRAPEF&LIME  LATA 4X6X473,6
2677,SMF BC RUBYORANGE&LIME LATA 4X6X473,6
2677,SMF ICE GREENAPPLE LAT 4X6X473,12
2677,SMF ICE RED BERRIE LAT 4X6X473,30
2677,SMIRNOFF ICE LATA 4X6X473,12
2677,SMIRNOFF RASPBERRY DO 6X700,3
2677,SUTER VARIETAL MALBEC 6X750,3
2677,TRAPICHE ALARIS DULCE COSECHA 6X750,3
2677,TRAPICHE ALARIS MALBEC 6X750,3
2677,TRAPICHE D. COSECHA ROSE 6X750 ,3
2680,ALMA MORA MALBEC 6X750,6
2689,ALMA MORA BLANCO DULCE LOW 6X750,3
2689,ALMA MORA CABSAUV6X750 ,9
2689,ALMA MORA MALBEC 6X750,105
2689,ALMA MORA MERLOT 6X750,15
2689,ALMA MORA SEL RVE CABER 6X750,6
2689,ANTARES LAGER LATA 6X473,6
2689,ANTARES LATA IPA 6 X 473ML,6
2689,ANTARES LATA KOLSCH 6 X 473ML,6
2689,ANTARES LATA SCOTCH 6 X 473ML,6
2689,ANTARES PLAYA GRANDE 6 X 473ML,6
2689,BAILEYS NUEVA BOTELLA 12x750,3
2689,BAILEYS SALTED CARAMEL 12X750,1
2689,COLECCION PRIVADA MALBEC,12
2689,DADA 7 ORANGE BITTER 6X750,6
2689,DADA ART CABERNET 6X750 ,9
2689,DADA ART MALBEC 6X750,36
2689,DADA ESPUMANTE 6X750 ,12
2689,DADA ESPUMANTE MARACUYA 6X750,40
2689,DADA ESPUMANTE ROS6X750 ,12
2689,DADA FMORAS N°1 6X750,24
2689,DADA FMORAS N°2 6X750 ,21
2689,DADA FMORAS N°3 6X750,18
2689,DADA N°8 CHOCOLATE 6X750 ,6
2689,DADA SIDRA 6X750,6
2689,DON DAVID MALBEC 6X750,3
2689,EL BAUTISMO MALBEC 6X750 ,6
2689,ELEMENTOS CABSAUV 6X750 ,9
2689,ELEMENTOS MALBEC 6X750 ,15
2689,F. LAS MORAS BCO DULCE 6X750 ,3
2689,F.LAS MORAS MALBEC 6X750,60
2689,FAIR FOR LIFE CAB.SAUV 6X750 ,6
2689,FOND CAVE CHARD 6X750,0
2689,FOND CAVE MALBEC 6X750 ,6
2689,FOND CAVE RVA MALBEC 6X750,3
2689,FRIZZE BLUE LATA X473,90
2689,FRIZZE BUBBLE MOOD 6X1000,12
2689,FRIZZE EVOL BLUE NEW X1000,97
2689,GORDON´S GIN 6x700,0
2689,GORDON´S PINK GIN 6X700,8
2689,J&B RARE 12X750,2
2689,J&B YELLOW 6X750,1
2689,JW BLACK LABEL 12x750,13
2689,JW RED 12X750 UK,12
2689,LOS ARBOLES SEL CABERNET 6X750,36
2689,LOS ARBOLES SEL MALBEC 6X750,78
2689,LOS ARBOLES SEL RED BLEND 6X750,15
2689,ORIGEN BY TRAPICHE MALBEC 6X750,3
2689,SAN TELMO CAB-SAUV X750,12
2689,SAN TELMO MALBEC X750,15
2689,SAN TELMO SPARK E.BRUT 6X750,6
2689,SMF  BC GRAPEF&LIME  LATA 4X6X473,12
2689,SMF BC RUBYORANGE&LIME LATA 4X6X473,30
2689,SMF ICE GREENAPPLE LAT 4X6X473,252
2689,SMF ICE RED BERRIE LAT 4X6X473,162
2689,SMIRNOFF 21 DO 12X700,13
2689,SMIRNOFF BC GRAPEF.&LIME 6X700,3
2689,SMIRNOFF BC ORANGE & LIME 6X700,3
2689,SMIRNOFF BC TANGE&LEMONGRASS 6X700,6
2689,SMIRNOFF GREEN APPLE DO 6X700,342
2689,SMIRNOFF ICE LATA 4X6X473,18
2689,SMIRNOFF RASPBERRY DO 6X700,582
2689,SMIRNOFF TAMARINDO 6 X 700,57
2689,SMIRNOFF TROPICAL FRUITS 6X700,36
2689,SMIRNOFF WATERMELON 6X700,3
2689,SUTER VARIETAL MALBEC 6X750,6
2689,TANQUERAY ROYALE X750,1
2689,TRAPICHE ALARIS DULCE COSECHA 6X750,15
2689,TRAPICHE ALARIS MALBEC 6X750,15
2689,TRAPICHE RESERVA MALBEC 6X750,9
2689,VAT 69 12X700,0
2689,VAT 69 APPLE X700,-1
2689,WHITE HORSE DO 12X750,10
2691,ALMA MORA MALBEC 6X750,12
2691,DADA ART MALBEC 6X750,6
2691,FRIZZE BLUE LATA X473,42
2691,FRIZZE BUBBLE MOOD 6X1000,6
2691,FRIZZE EVOL BLUE NEW X1000,12
2691,SMF  BC GRAPEF&LIME  LATA 4X6X473,12
2691,SMF BC RUBYORANGE&LIME LATA 4X6X473,12
2691,SMF ICE GREENAPPLE LAT 4X6X473,18
2691,SMF ICE RED BERRIE LAT 4X6X473,30
2691,SMIRNOFF GREEN APPLE DO 6X700,3
2691,SMIRNOFF ICE LATA 4X6X473,12
2691,SMIRNOFF RASPBERRY DO 6X700,6
2692,ALMA MORA MALBEC 6X750,6
2692,ANTARES LATA HONEY 6 X 473ML,6
2692,CAZADOR MALBEC 6X750,6
2692,DADA ESPUMANTE 6X750 ,6
2692,DADA LATA SWEET  4X6X355,12
2692,DADA LATA SWEET PINK 4X6X355,6
2692,EL BAUTISMO MALBEC 6X750 ,0
2692,FOND CAVE MALBEC 6X750 ,6
2692,FRIZZE EVOL BLUE NEW X1000,6
2692,GORDON´S GIN 6x700,2
2692,GORDON´S PINK GIN 6X700,4
2692,JW BLACK LABEL 12x1000,1
2692,JW BLACK LABEL 12x750,2
2692,JW RED 12X1000 UK,3
2692,SMF  BC GRAPEF&LIME  LATA 4X6X473,6
2692,SMF BC RUBYORANGE&LIME LATA 4X6X473,6
2692,SMF ICE RED BERRIE LAT 4X6X473,66
2692,SMIRNOFF RASPBERRY DO 6X700,3
2692,TANQUERAY ROYALE X750,2
2692,TERROIR S ED PIEDRA 6X750,6
2692,TRAP COSTA&PAMPA S. BLANC 6x750,3
2692,UNANIME TINTO 6X750,3
2692,WHITE HORSE DO 12X750,2
2692,ZACAPA CENTENARIO 6x750,0
2693,ALMA MORA MALBEC 6X750,12
2693,ANTARES MICRO IPA 25 AÑOS,6
2693,BAILEYS NUEVA BOTELLA 12x750,3
2693,DADA ART MALBEC 6X750,9
2693,DADA ESPUMANTE MARACUYA 6X750,6
2693,DADA FMORAS N°1 6X750,3
2693,ELEMENTOS MALBEC 6X750 ,12
2693,F.LAS MORAS MALBEC 6X750,3
2693,FOND CAVE MALBEC 6X750 ,3
2693,FRIZZE EVOL BLUE NEW X1000,9
2693,GORDON´S GIN 6x700,27
2693,J&B YELLOW 6X750,6
2693,JW DOUBLE BLACK 6x750,2
2693,JW RED 12X750 UK,12
2693,LOS ARBOLES SEL MALBEC 6X750,12
2693,LOS INTOCABLES MALBEC 6X750,3
2693,NC SPARK EBRUT 6X750 estuche,6
2693,ORIGEN BY TRAPICHE MALBEC 6X750,3
2693,SAN TELMO SPARK DULCE 6X750,6
2693,SMIRNOFF RASPBERRY DO 6X700,9
2693,SMIRNOFF TROPICAL FRUITS 6X700,180
2693,TRAPICHE ALARIS MALBEC 6X750,12
2693,TRAPICHE RESERVA MALBEC 6X750,6
2693,WHITE HORSE DO 12X750,48
2698,ALMA MORA MALBEC 6X750,108
2698,DADA ART MALBEC 6X750,66
2698,DADA FMORAS N°1 6X750,18
2698,DADA N6 HONEY X750,12
2698,DADA N°8 CHOCOLATE 6X750 ,6
2698,ELEMENTOS MALBEC 6X750 ,6
2698,F. LAS MORAS BCO DULCE 6X750 ,18
2698,F.LAS MORAS MALBEC 6X750,6
2698,FRIZZE BLUE LATA X473,18
2698,FRIZZE BUBBLE MOOD 6X1000,0
2698,FRIZZE EVOL BLUE NEW X1000,42
2698,HEREFORD BCO 6X750,30
2698,LOS ARBOLES SEL MALBEC 6X750,30
2698,SAN TELMO MALBEC X750,18
2698,SMF BC RUBYORANGE&LIME LATA 4X6X473,0
2698,SMF ICE GREENAPPLE LAT 4X6X473,18
2698,SMF ICE RED BERRIE LAT 4X6X473,42
2698,SMIRNOFF GREEN APPLE DO 6X700,78
2698,SMIRNOFF ICE LATA 4X6X473,0
2698,SMIRNOFF RASPBERRY DO 6X700,114
2698,SMIRNOFF TAMARINDO 6 X 700,12
2698,SUTER VARIETAL TARDIO6X750,6
2698,TRAPICHE ALARIS DULCE COSECHA 6X750,42
2698,TRAPICHE D. COSECHA ROSE 6X750 ,0
2698,WHITE HORSE DO 12X750,24
2699,ALMA MORA MALBEC 6X750,6
2699,DADA ART MALBEC 6X750,6
2699,DADA ESPUMANTE 6X750 ,3
2699,ELEMENTOS MALBEC 6X750 ,3
2699,F.LAS MORAS MALBEC 6X750,9
2699,FRIZZE BLUE LATA X473,12
2699,FRIZZE EVOL BLUE NEW X1000,0
2699,SAN TELMO MALBEC X750,3
2699,SMF ICE RED BERRIE LAT 4X6X473,48
2699,SMIRNOFF RASPBERRY DO 6X700,6
2699,SUTER VARIETAL CABERNET 6X750,6
2699,SUTER VARIETAL MALBEC 6X750,3
2699,TRAPICHE ALARIS MALBEC 6X750,3
2714,ALMA MORA MALBEC 6X750,24
2714,DADA ART MALBEC 6X750,3
2714,DADA LATA SWEET  4X6X355,6
2714,DADA N°8 CHOCOLATE 6X750 ,3
2714,EL BAUTISMO MALBEC 6X750 ,3
2714,ELEMENTOS CHARDONNAY 6X750,6
2714,ELEMENTOS MALBEC 6X750 ,6
2714,ELEMENTOS TORRONTES 6X750 ,6
2714,FRIZZE BLUE LATA X473,24
2714,FRIZZE BUBBLE MOOD 6X1000,6
2714,FRIZZE ITAL LIMA LATA X473,6
2714,GORDONS  TROPICAL FRUITS 6X700,6
2714,GORDON´S GIN 6x700,4
2714,GORDON´S PINK GIN 6X700,3
2714,SMF  BC GRAPEF&LIME  LATA 4X6X473,12
2714,SMF BC RUBYORANGE&LIME LATA 4X6X473,12
2714,SMF ICE GREENAPPLE LAT 4X6X473,36
2714,SMF ICE RED BERRIE LAT 4X6X473,42
2714,SMIRNOFF BC TANGE&LEMONGRASS 6X700,3
2714,SMIRNOFF GREEN APPLE DO 6X700,3
2714,SMIRNOFF ICE LATA 4X6X473,30
2714,SMIRNOFF RASPBERRY DO 6X700,24
2714,SMIRNOFF TROPICAL FRUITS 6X700,6
2714,TRAPICHE ALARIS DULCE COSECHA 6X750,6
2714,WHITE HORSE DO 12X750,4
2715,ALMA MORA MALBEC 6X750,15
2715,DADA ART MALBEC 6X750,3
2715,DADA FMORAS N°1 6X750,3
2715,F.LAS MORAS MALBEC 6X750,3
2716,ALMA MORA MALBEC 6X750,15
2716,ALMA MORA SYRAH ROSE 6X750 ,6
2716,ANTARES LATA IPA 6 X 473ML,12
2716,ANTARES LATA KOLSCH 6 X 473ML,12
2716,DADA ESPUMANTE 6X750 ,3
2716,ELEMENTOS MALBEC 6X750 ,6
2716,FRIZZE BLUE LATA X473,6
2716,FRIZZE ITAL LIMA LATA X473,6
2716,SMF  BC GRAPEF&LIME  LATA 4X6X473,12
2716,SMF BC RUBYORANGE&LIME LATA 4X6X473,12
2716,SMF ICE GREENAPPLE LAT 4X6X473,12
2716,SMF ICE RED BERRIE LAT 4X6X473,12
2716,TRAPICHE ALARIS DULCE COSECHA 6X750,12
2716,TRAPICHE ALARIS MALBEC 6X750,3
2726,ALMA MORA MALBEC 6X750,6
2730,ALMA MORA MALBEC 6X750,6
2741,ALMA MORA MALBEC 6X750,9
2741,ELEMENTOS MALBEC 6X750 ,3
2741,SMF ICE GREENAPPLE LAT 4X6X473,6
2741,SMF ICE RED BERRIE LAT 4X6X473,6
2745,ALMA MORA MALBEC 6X750,3
2745,ELEMENTOS MALBEC 6X750 ,3
2745,SMIRNOFF GREEN APPLE DO 6X700,3
2752,DADA ESPUMANTE MARACUYA 6X750,6
2752,DADA ESPUMANTE ROS6X750 ,6
2752,EL ULTIMO RIE MEJOR X750,6
2752,FAIR FOR LIFE MALBEC 6X750 ,6
2752,FRIZZE BUBBLE MOOD 6X1000,12
2752,FRIZZE EVOL BLUE NEW X1000,12
2752,SMF  BC GRAPEF&LIME  LATA 4X6X473,12
2752,SMF BC RUBYORANGE&LIME LATA 4X6X473,24
2752,SMF ICE GREENAPPLE LAT 4X6X473,48
2752,SMF ICE RED BERRIE LAT 4X6X473,48
2752,SMIRNOFF GREEN APPLE DO 6X700,12
2752,SMIRNOFF ICE LATA 4X6X473,12
2752,SMIRNOFF RASPBERRY DO 6X700,24
2752,SMIRNOFF TROPICAL FRUITS 6X700,12
2755,SMIRNOFF RASPBERRY DO 6X700,3
2788,ALMA MORA CABSAUV6X750 ,6
2788,ALMA MORA MALBEC 6X750,42
2788,DADA ART MALBEC 6X750,42
2788,DADA FMORAS N°2 6X750 ,6
2788,DADA N6 HONEY X750,6
2788,DADA N°9 CARAMEL 6X750,12
2788,EL BAUTISMO MALBEC 6X750 ,48
2788,ELEMENTOS MALBEC 6X750 ,24
2788,F.LAS MORAS CABSAU 6X750 ,6
2788,F.LAS MORAS MALBEC 6X750,72
2788,LOS ARBOLES SEL CABERNET 6X750,6
2788,LOS ARBOLES SEL MALBEC 6X750,12
2788,SAN TELMO CAB-SAUV X750,18
2788,SAN TELMO MALBEC X750,120
2788,SHERIDANS 6X750,1
2788,SMF ICE GREENAPPLE LAT 4X6X473,12
2788,SMF ICE RED BERRIE LAT 4X6X473,12
2788,SMIRNOFF GREEN APPLE DO 6X700,6
2788,SMIRNOFF RASPBERRY DO 6X700,3
2788,SUTER VARIETAL CABERNET 6X750,6
2788,TRAPICHE ALARIS DULCE COSECHA 6X750,12
2788,TRAPICHE ALARIS MALBEC 6X750,24
2788,TRAPICHE ALARIS TORRONTES 6X750 ,12
2789,ALMA MORA MALBEC 6X750,3
2789,DADA ESPUMANTE 6X750 ,3
2789,TRAPICHE ALARIS MALBEC 6X750,3
2796,ALMA MORA MALBEC 6X750,123
2796,ALMA MORA SEL RVE MALBEC 6X750,12
2796,ALMA MORA SYRAH 6X750,12
2796,ALMA MORA SYRAH ROSE 6X750 ,12
2796,ANTARES LAGER LATA 6X473,18
2796,ANTARES LATA IPA 6 X 473ML,11
2796,ANTARES LATA KOLSCH 6 X 473ML,24
2796,ANTARES LATA SCOTCH 6 X 473ML,12
2796,ANTARES PLAYA GRANDE 6 X 473ML,10
2796,DADA 7 ORANGE BITTER 6X750,6
2796,DADA ART MALBEC 6X750,9
2796,DADA ESPUMANTE MARACUYA 6X750,28
2796,DADA ESPUMANTE ROS6X750 ,6
2796,DADA FMORAS N°1 6X750,36
2796,DADA FMORAS N°2 6X750 ,24
2796,DADA FMORAS N°3 6X750,3
2796,DADA N°9 CARAMEL 6X750,6
2796,DON DAVID CABERNET 6X750,6
2796,DON DAVID MALBEC 6X750,9
2796,DON DAVID RESERVA MALBEC X750,9
2796,EL BAUTISMO MALBEC 6X750 ,30
2796,EL REGRESO SEM-CHEN  X750,42
2796,ELEMENTOS CABSAUV 6X750 ,12
2796,ELEMENTOS CHARDONNAY 6X750,3
2796,ELEMENTOS MALBEC 6X750 ,39
2796,ELEMENTOS TORRONTES 6X750 ,12
2796,ELEMENTOS TORRONTES DLCE6X750 ,6
2796,F. LAS MORAS BCO DULCE 6X750 ,6
2796,F.LAS MORAS CABSAU 6X750 ,18
2796,F.LAS MORAS MALBEC 6X750,54
2796,FAIR FOR LIFE CAB.SAUV 6X750 ,18
2796,FAIR FOR LIFE MALBEC 6X750 ,18
2796,FOND CAVE CABSAU 6X750,3
2796,FOND CAVE MALBEC 6X750 ,9
2796,FRIZZE BLUE LATA X473,90
2796,FRIZZE EVOL BLUE NEW X1000,124
2796,GORDONS  TROPICAL FRUITS 6X700,12
2796,GORDON´S GIN 6x700,3
2796,GORDON´S PINK GIN 6X700,24
2796,JW BLACK LABEL 12x750,24
2796,JW RED 12X1000 UK,12
2796,JW RED 12X750 UK,12
2796,LOS ARBOLES SEL MALBEC 6X750,15
2796,LOS INTOCABLES CAB.SAUV 6X750,6
2796,ORIGEN BY TRAPICHE MALBEC 6X750,3
2796,SAN TELMO SPARK E.BRUT 6X750,6
2796,SHERIDANS 6X750,6
2796,SMF  BC GRAPEF&LIME  LATA 4X6X473,18
2796,SMF BC RUBYORANGE&LIME LATA 4X6X473,18
2796,SMF ICE GREENAPPLE LAT 4X6X473,222
2796,SMF ICE RED BERRIE LAT 4X6X473,168
2796,SMIRNOFF GREEN APPLE DO 6X700,360
2796,SMIRNOFF ICE LATA 4X6X473,6
2796,SMIRNOFF RASPBERRY DO 6X700,609
2796,SMIRNOFF TAMARINDO 6 X 700,51
2796,SMIRNOFF TROPICAL FRUITS 6X700,30
2796,TANQUERAY DRY GIN X700,6
2796,TANQUERAY ROYALE X750,3
2796,TANQUERAY SEVILLA GIN X750,3
2796,TERMIDOR 2021 TINTO  12X1L ,120
2796,TERMIDOR BLANCO 12X1L ,24
2796,TRAPICHE ALARIS DULCE COSECHA 6X750,6
2796,TRAPICHE ALARIS MALBEC 6X750,6
2796,TRAPICHE RESERVA MALBEC 6X750,3
2796,WHITE HORSE DO 12X750,12
2799,ALMA MORA BLANCO DULCE LOW 6X750,6
2799,ALMA MORA CABSAUV6X750 ,30
2799,ALMA MORA CHARD 6X750,14
2799,ALMA MORA MALBEC 6X750,24
2799,ALMA MORA MERLOT 6X750,24
2799,ALMA MORA SEL RVE CABER 6X750,9
2799,ALMA MORA SYRAH 6X750,24
2799,ANTARES IPA LATA 6X473 (NEW),6
2799,CAZADOR MALBEC 6X750,6
2799,DADA ART CABERNET 6X750 ,66
2799,DADA ART MALBEC 6X750,90
2799,DADA ESPUMANTE MARACUYA 6X750,22
2799,DADA ESPUMANTE ROS6X750 ,6
2799,DADA FMORAS N°1 6X750,21
2799,DADA FMORAS N°2 6X750 ,24
2799,DADA FMORAS N°3 6X750,12
2799,DADA INCREDIBLENDS 2  X750,6
2799,DADA N°8 CHOCOLATE 6X750 ,18
2799,DADA N°9 CARAMEL 6X750,12
2799,DON DAVID MALBEC 6X750,18
2799,DON DAVID SYRAH 6X750,6
2799,ELEMENTOS CABSAUV 6X750 ,18
2799,ELEMENTOS MALBEC 6X750 ,24
2799,ELEMENTOS RED BLEND 6 X 750,9
2799,ELEMENTOS ROSADO TORRONT 6X750 ,12
2799,ELEMENTOS TORRONTES 6X750 ,6
2799,F.LAS MORAS CABSAU 6X750 ,12
2799,F.LAS MORAS MALBEC 6X750,12
2799,FAIR FOR LIFE MALBEC 6X750 ,3
2799,FOND CAVE CABSAU 6X750,12
2799,FOND CAVE MALBEC 6X750 ,6
2799,FOND CAVE RVA MALBEC 6X750,6
2799,FOND CAVE RVA SAUVIGNON 6X750,6
2799,FOND CAVE SYRAH 6X750 ,6
2799,FRIZZE EVOL BLUE NEW X1000,40
2799,INTOCABLES DOUBLE OAK 6 X 750,6
2799,LOS ARBOLES SEL CABERNET 6X750,6
2799,SMF ICE RED BERRIE LAT 4X6X473,30
2799,SMIRNOFF GREEN APPLE DO 6X700,60
2799,SMIRNOFF RASPBERRY DO 6X700,99
2799,SMIRNOFF TROPICAL FRUITS 6X700,30
2799,TRAPICHE ALARIS DULCE COSECHA 6X750,60
2802,ALMA MORA MALBEC 6X750,12
2802,DADA ESPUMANTE 6X750 ,3
2802,DADA FMORAS N°1 6X750,3
2802,ELEMENTOS MALBEC 6X750 ,6
2802,F.LAS MORAS MALBEC 6X750,3
2802,FRIZZE EVOL BLUE NEW X1000,3
2802,LOS ARBOLES SEL MALBEC 6X750,3
2802,TRAPICHE ALARIS MALBEC 6X750,6
2804,ALMA MORA MALBEC 6X750,9
2804,FRIZZE EVOL BLUE NEW X1000,3
2804,TRAPICHE ALARIS MALBEC 6X750,3
2805,ALMA MORA MALBEC 6X750,12
2805,ANTARES MICRO IPA 25 AÑOS,6
2805,DADA ART MALBEC 6X750,9
2805,DADA ESPUMANTE MARACUYA 6X750,6
2805,DADA FMORAS N°1 6X750,3
2805,ELEMENTOS MALBEC 6X750 ,12
2805,F.LAS MORAS MALBEC 6X750,0
2805,FOND CAVE MALBEC 6X750 ,3
2805,FRIZZE EVOL BLUE NEW X1000,9
2805,GORDON´S GIN 6x700,189
2805,LOS ARBOLES SEL MALBEC 6X750,12
2805,LOS INTOCABLES MALBEC 6X750,3
2805,NC SPARK EBRUT 6X750 estuche,6
2805,ORIGEN BY TRAPICHE MALBEC 6X750,3
2805,SAN TELMO SPARK DULCE 6X750,6
2805,SMIRNOFF RASPBERRY DO 6X700,189
2805,SUTER VARIETAL MALBEC 6X750,-3
2805,TRAPICHE ALARIS MALBEC 6X750,12
2805,TRAPICHE RESERVA MALBEC 6X750,6
2808,ALMA MORA MALBEC 6X750,15
2808,CAZADOR BLANCO DULCE 6X750,3
2808,ELEMENTOS TORRONTES DLCE6X750 ,1
2808,F.LAS MORAS MALBEC 6X750,6
2808,FRIZZE EVOL BLUE NEW X1000,3
2808,TRAPICHE ALARIS MALBEC 6X750,9
2809,ALMA MORA MALBEC 6X750,12
2809,ALMA MORA SYRAH 6X750,6
2809,ANTARES MICRO IPA 25 AÑOS,6
2809,BUCHANANAS DELUXE 12X750,2
2809,DADA ART MALBEC 6X750,24
2809,DADA ESPUMANTE MARACUYA 6X750,34
2809,DADA FMORAS N°1 6X750,18
2809,DADA FMORAS N°3 6X750,3
2809,DON DAVID MALBEC 6X750,9
2809,EL REGRESO SEM-CHEN  X750,6
2809,ELEMENTOS CHARDONNAY 6X750,3
2809,ELEMENTOS MALBEC 6X750 ,12
2809,EXPEDICION DEL SUR CABSUA 6 X 750,6
2809,F.LAS MORAS MALBEC 6X750,12
2809,FLM GRAN SYRAH 6X750,6
2809,FOND CAVE MALBEC 6X750 ,3
2809,FRIZZE EVOL BLUE NEW X1000,76
2809,GORDONS  TROPICAL FRUITS 6X700,12
2809,GORDON´S GIN 6x700,6
2809,GORDON´S PINK GIN 6X700,14
2809,INTOCABLES DOUBLE OAK 6 X 750,6
2809,J&B YELLOW 6X750,6
2809,LA MASCOTA MALBEC 6X750,6
2809,LOS ARBOLES SEL MALBEC 6X750,12
2809,LOS INTOCABLES MALBEC 6X750,3
2809,MEDALLA MALBEC 6X750,6
2809,MORA NEGRA MAL-BON 6X750,6
2809,NC SPARK EBRUT 6X750 estuche,6
2809,OLD PARR 12YO 12x750,2
2809,ORIGEN BY TRAPICHE MALBEC 6X750,3
2809,SAN TELMO SPARK DULCE 6X750,6
2809,SINGLETON 15 YO 6X700,2
2809,SINGLETON 18 YO 6X700,2
2809,SMF ICE GREENAPPLE LAT 4X6X473,48
2809,SMF ICE RED BERRIE LAT 4X6X473,84
2809,SMIRNOFF 21 DO 12X700,3
2809,SMIRNOFF BC ORANGE & LIME 6X700,3
2809,SMIRNOFF BC TANGE&LEMONGRASS 6X700,3
2809,SMIRNOFF GREEN APPLE DO 6X700,99
2809,SMIRNOFF RASPBERRY DO 6X700,345
2809,SMIRNOFF TROPICAL FRUITS 6X700,30
2809,SMIRNOFF WATERMELON 6X700,3
2809,TRAPICHE ALARIS MALBEC 6X750,9
2809,TRAPICHE RESERVA MALBEC 6X750,12
2824,ALMA MORA MALBEC 6X750,3
2824,BAILEYS NUEVA BOTELLA 12x750,1
2824,COLECCION PRIVADA CAB SAUV 6X750,3
2824,COLECCION PRIVADA MALBEC,3
2824,DADA ESPUMANTE 6X750 ,3
2824,ELEMENTOS MALBEC 6X750 ,33
2824,ELEMENTOS TORRONTES DLCE6X750 ,3
2824,F.LAS MORAS MALBEC 6X750,-3
2824,FRIZZE BLUE LATA X473,12
2824,LOS ARBOLES SEL MALBEC 6X750,3
2824,SAN TELMO MALBEC X750,3
2824,SMF ICE GREENAPPLE LAT 4X6X473,12
2824,SMIRNOFF ICE LATA 4X6X473,12
2824,SUTER VARIETAL MALBEC 6X750,3
2824,TERMIDOR 2021 TINTO  12X1L ,24
2824,TRAPICHE ALARIS DULCE COSECHA 6X750,9
2824,TRAPICHE ALARIS MALBEC 6X750,3
2825,ALMA MORA MALBEC 6X750,6
2839,ALMA MORA MALBEC 6X750,3
2839,DADA ESPUMANTE 6X750 ,3
2839,ELEMENTOS MALBEC 6X750 ,3
2839,SMIRNOFF GREEN APPLE DO 6X700,3
2839,TRAPICHE ALARIS MALBEC 6X750,3
2846,ALMA MORA MALBEC 6X750,9
2846,FRIZZE EVOL BLUE NEW X1000,3
2846,TRAPICHE ALARIS MALBEC 6X750,3
2857,ALMA MORA BLANCO DULCE LOW 6X750,6
2857,ALMA MORA BLEND DULCE 6X 750,6
2857,ALMA MORA CABSAUV6X750 ,12
2857,ALMA MORA CHARD 6X750,0
2857,ALMA MORA MALBEC 6X750,42
2857,ANTARES MICRO IPA 25 AÑOS,6
2857,DADA 7 SWEET  6X750,6
2857,DADA ART MALBEC 6X750,15
2857,DADA ESPUMANTE MARACUYA 6X750,12
2857,DADA FMORAS N°1 6X750,15
2857,DADA FMORAS N°2 6X750 ,12
2857,DADA N°8 CHOCOLATE 6X750 ,6
2857,EL BAUTISMO BLEND B. DLCE 6X750 ,6
2857,EL BAUTISMO MALBEC 6X750 ,6
2857,ELEMENTOS CABSAUV 6X750 ,6
2857,ELEMENTOS CHARDONNAY 6X750,6
2857,ELEMENTOS MALBEC 6X750 ,54
2857,ELEMENTOS RED BLEND 6 X 750,0
2857,ELEMENTOS ROSADO TORRONT 6X750 ,6
2857,ELEMENTOS TORRONTES DLCE6X750 ,36
2857,F LAS MORAS RED BLEND  6X 750,-6
2857,F. LAS MORAS BCO DULCE 6X750 ,18
2857,F. LAS MORAS ROSADO 6X750 ,0
2857,F.LAS MORAS CABSAU 6X750 ,6
2857,F.LAS MORAS MALBEC 6X750,33
2857,F.LAS MORAS SYRAH 6X750 ,0
2857,FOND CAVE MALBEC 6X750 ,3
2857,FRIZZE BLUE LATA X473,6
2857,FRIZZE EVOL BLUE NEW X1000,9
2857,GORDON´S GIN 6x700,3
2857,LOS ARBOLES SEL MALBEC 6X750,18
2857,LOS INTOCABLES MALBEC 6X750,3
2857,NC SPARK EBRUT 6X750 estuche,6
2857,ORIGEN BY TRAPICHE MALBEC 6X750,3
2857,SAN TELMO MALBEC X750,6
2857,SAN TELMO SPARK DULCE 6X750,6
2857,SMF ICE GREENAPPLE LAT 4X6X473,6
2857,SMF ICE RED BERRIE LAT 4X6X473,30
2857,SMIRNOFF BC GRAPEF.&LIME 6X700,3
2857,SMIRNOFF GREEN APPLE DO 6X700,6
2857,SMIRNOFF RASPBERRY DO 6X700,183
2857,SMIRNOFF TAMARINDO 6 X 700,3
2857,SUTER VARIETAL MALBEC 6X750,6
2857,TRAPICHE ALARIS DULCE COSECHA 6X750,24
2857,TRAPICHE ALARIS MALBEC 6X750,18
2857,TRAPICHE RESERVA MALBEC 6X750,6
2857,WHITE HORSE DO 12X750,25
2862,ALMA MORA CABSAUV6X750 ,6
2862,ALMA MORA MALBEC 6X750,3
2862,SUTER VARIETAL CABERNET 6X750,0
2862,TRAPICHE ALARIS DULCE COSECHA 6X750,6
2882,ALMA MORA BLANCO DULCE LOW 6X750,3
2882,ALMA MORA MALBEC 6X750,9
2882,F.LAS MORAS MALBEC 6X750,3
2882,TRAPICHE ALARIS MALBEC 6X750,3
2883,ALMA MORA MALBEC 6X750,6
2886,ALMA MORA MALBEC 6X750,6
2890,ALMA MORA MALBEC 6X750,6
2890,ELEMENTOS MALBEC 6X750 ,3
2890,F. LAS MORAS BCO DULCE 6X750 ,3
2890,SMF  BC GRAPEF&LIME  LATA 4X6X473,6
2890,SMF BC RUBYORANGE&LIME LATA 4X6X473,6
2890,SMF ICE RED BERRIE LAT 4X6X473,6
2890,SMIRNOFF GREEN APPLE DO 6X700,6
2890,SMIRNOFF RASPBERRY DO 6X700,6
2890,SMIRNOFF TROPICAL FRUITS 6X700,6
2890,TRAPICHE ALARIS DULCE COSECHA 6X750,3
2890,WHITE HORSE DO 12X750,12
2896,ALMA MORA MALBEC 6X750,6
2896,FRIZZE BLUE LATA X473,30
2896,FRIZZE BUBBLE MOOD 6X1000,6
2896,FRIZZE EVOL BLUE NEW X1000,6
2896,SMF BC RUBYORANGE&LIME LATA 4X6X473,6
2896,SMF ICE GREENAPPLE LAT 4X6X473,6
2896,SMF ICE RED BERRIE LAT 4X6X473,6
2896,SMIRNOFF 21 DO 12X700,0
2896,SMIRNOFF ICE LATA 4X6X473,18
2911,ALMA MORA MALBEC 6X750,6
2918,ALMA MORA MALBEC 6X750,6
2918,DADA FMORAS N°1 6X750,3
2918,DADA FMORAS N°2 6X750 ,3
2918,FRIZZE EVOL BLUE NEW X1000,12
2918,SMIRNOFF GREEN APPLE DO 6X700,3
2918,SMIRNOFF RASPBERRY DO 6X700,6
2918,SMIRNOFF TROPICAL FRUITS 6X700,3
2924,ALMA MORA MALBEC 6X750,6
2924,TRAPICHE ALARIS DULCE COSECHA 6X750,6
2927,ALMA MORA MALBEC 6X750,15
2927,ANTARES LAGER LATA 6X473,6
2927,ANTARES MICRO IPA 25 AÑOS,6
2927,DADA ART MALBEC 6X750,9
2927,DADA ESPUMANTE MARACUYA 6X750,6
2927,DADA FMORAS N°1 6X750,3
2927,DON DAVID CABERNET 6X750,3
2927,ELEMENTOS MALBEC 6X750 ,15
2927,F.LAS MORAS MALBEC 6X750,3
2927,FOND CAVE MALBEC 6X750 ,3
2927,FRIZZE EVOL BLUE NEW X1000,15
2927,GORDON´S GIN 6x700,9
2927,LOS ARBOLES SEL MALBEC 6X750,12
2927,LOS INTOCABLES MALBEC 6X750,6
2927,NC SPARK EBRUT 6X750 estuche,6
2927,ORIGEN BY TRAPICHE MALBEC 6X750,3
2927,SAN TELMO SPARK DULCE 6X750,6
2927,SMIRNOFF RASPBERRY DO 6X700,189
2927,TRAPICHE ALARIS MALBEC 6X750,15
2927,TRAPICHE RESERVA MALBEC 6X750,9
2953,ALMA MORA BLANCO DULCE LOW 6X750,3
2953,ALMA MORA BLEND BLANCO 6X750,3
2953,ALMA MORA MALBEC 6X750,102
2953,ALMA MORA SEL RVE MALBEC 6X750,9
2953,ANTARES IPA LATA 6X473 (NEW),12
2953,ANTARES LAGER LATA 6X473,18
2953,ANTARES LATA KOLSCH 6 X 473ML,6
2953,BAILEYS NUEVA BOTELLA 12x750,0
2953,COLECCION PRIVADA CAB SAUV 6X750,6
2953,COLECCION PRIVADA MALBEC,15
2953,DADA 7 SWEET  6X750,48
2953,DADA ART CABERNET 6X750 ,15
2953,DADA ART MALBEC 6X750,12
2953,DADA ESPUMANTE 6X750 ,78
2953,DADA FMORAS N°1 6X750,3
2953,DADA FMORAS N°2 6X750 ,3
2953,DADA INCREDIBLENDS 2  X750,6
2953,DON DAVID MALBEC 6X750,6
2953,EL BAUTISMO MALBEC 6X750 ,12
2953,EL ULTIMO RIE MEJOR X750,6
2953,ELEMENTOS CHARDONNAY 6X750,6
2953,ELEMENTOS MALBEC 6X750 ,15
2953,F.LAS MORAS CABSAU 6X750 ,3
2953,F.LAS MORAS MALBEC 6X750,48
2953,FAIR FOR LIFE MALBEC 6X750 ,6
2953,FLM GRAN SYRAH 6X750,6
2953,FOND CAVE CABSAU 6X750,3
2953,FOND CAVE MALBEC 6X750 ,12
2953,FOND CAVE RVA MALBEC 6X750,3
2953,FRIZZE BLUE LATA X473,72
2953,FRIZZE BUBBLE MOOD 6X1000,12
2953,FRIZZE EVOL BLUE NEW X1000,651
2953,GORDONS  TROPICAL FRUITS 6X700,2
2953,GORDON´S GIN 6x700,2
2953,GORDON´S PINK GIN 6X700,4
2953,J&B YELLOW 6X750,2
2953,JW BLACK LABEL 12x750,12
2953,JW RED 12X750 UK,12
2953,LOS ARBOLES SEL CABERNET 6X750,3
2953,LOS ARBOLES SEL MALBEC 6X750,12
2953,LOS ARBOLES SEL RED BLEND 6X750,3
2953,LOS INTOCABLES MALBEC 6X750,3
2953,LOS INTOCABLES RED BLEND 6X750,6
2953,SAN TELMO MALBEC X750,18
2953,SHERIDANS 6X750,1
2953,SMF  BC GRAPEF&LIME  LATA 4X6X473,12
2953,SMF BC RUBYORANGE&LIME LATA 4X6X473,6
2953,SMF ICE GREENAPPLE LAT 4X6X473,192
2953,SMF ICE RED BERRIE LAT 4X6X473,132
2953,SMIRNOFF GREEN APPLE DO 6X700,528
2953,SMIRNOFF ICE LATA 4X6X473,18
2953,SMIRNOFF RASPBERRY DO 6X700,1638
2953,SMIRNOFF TAMARINDO 6 X 700,45
2953,SUTER VARIETAL MALBEC 6X750,18
2953,TRAPICHE ALARIS DULCE COSECHA 6X750,6
2953,TRAPICHE ALARIS TORRONTES 6X750 ,6
2953,TRAPICHE IMPURO MALBEC X750,3
2953,TRAPICHE RESERVA MALBEC 6X750,3
2953,WHITE HORSE DO 12X750,19
2980,ALMA MORA MALBEC 6X750,12
2980,ANTARES MICRO IPA 25 AÑOS,6
2980,DADA ART MALBEC 6X750,9
2980,DADA ESPUMANTE MARACUYA 6X750,6
2980,DADA FMORAS N°1 6X750,3
2980,ELEMENTOS MALBEC 6X750 ,12
2980,F.LAS MORAS MALBEC 6X750,3
2980,FOND CAVE MALBEC 6X750 ,3
2980,FRIZZE EVOL BLUE NEW X1000,9
2980,GORDON´S GIN 6x700,9
2980,LOS ARBOLES SEL MALBEC 6X750,12
2980,LOS INTOCABLES MALBEC 6X750,3
2980,NC SPARK EBRUT 6X750 estuche,6
2980,ORIGEN BY TRAPICHE MALBEC 6X750,3
2980,SAN TELMO SPARK DULCE 6X750,6
2980,SMIRNOFF GREEN APPLE DO 6X700,180
2980,SMIRNOFF RASPBERRY DO 6X700,9
2980,TRAPICHE ALARIS MALBEC 6X750,12
2980,TRAPICHE RESERVA MALBEC 6X750,6
2985,FRIZZE BLUE LATA X473,6
2985,FRIZZE BUBBLE MOOD 6X1000,6
2985,FRIZZE EVOL BLUE NEW X1000,30
2985,GORDON´S GIN 6x700,2
2985,GORDON´S PINK GIN 6X700,2
2985,GORDON´S TONIC 4X6X473,5
2985,SMF  BC GRAPEF&LIME  LATA 4X6X473,42
2985,SMF BC RUBYORANGE&LIME LATA 4X6X473,42
2985,SMF ICE GREENAPPLE LAT 4X6X473,82
2985,SMF ICE RED BERRIE LAT 4X6X473,126
2985,SMIRNOFF 21 DO 12X700,9
2985,SMIRNOFF BC GRAPEF.&LIME 6X700,9
2985,SMIRNOFF BC ORANGE & LIME 6X700,3
2985,SMIRNOFF BC TANGE&LEMONGRASS 6X700,6
2985,SMIRNOFF GREEN APPLE DO 6X700,3
2985,SMIRNOFF ICE LATA 4X6X473,66
2985,SMIRNOFF RASPBERRY DO 6X700,9
2985,SMIRNOFF TAMARINDO 6 X 700,9
2985,SMIRNOFF TROPICAL FRUITS 6X700,3
2985,SMIRNOFF WATERMELON 6X700,9
2986,ALMA MORA CABSAUV6X750 ,6
2986,ALMA MORA MALBEC 6X750,9
2986,ALMA MORA MERLOT 6X750,6
2986,DADA ART CABERNET 6X750 ,6
2986,DADA ART MALBEC 6X750,6
2986,DADA ESPUMANTE 6X750 ,3
2986,DADA ESPUMANTE MARACUYA 6X750,6
2986,EL BAUTISMO MALBEC 6X750 ,12
2986,ELEMENTOS RED BLEND 6 X 750,6
2986,F.LAS MORAS CABSAU 6X750 ,6
2986,F.LAS MORAS MALBEC 6X750,6
2986,FOND CAVE MALBEC 6X750 ,12
2986,FOND CAVE RVA MALBEC 6X750,6
2986,FRIZZE EVOL BLUE NEW X1000,6
2986,FRIZZE IT LIM NEW X 1000,6
2986,LOS ARBOLES SEL CABERNET 6X750,6
2986,ORIGEN BY TRAPICHE MALBEC 6X750,12
2986,SMIRNOFF RASPBERRY DO 6X700,12
2986,SMIRNOFF TROPICAL FRUITS 6X700,6
2986,SUTER VARIETAL TARDIO6X750,18
2986,TRAPICHE ALARIS DULCE COSECHA 6X750,12
2986,TRAPICHE ALARIS MALBEC 6X750,3
2993,ALMA MORA MALBEC 6X750,3
2993,DADA ESPUMANTE 6X750 ,3
2993,TRAPICHE ALARIS MALBEC 6X750,3
3011,ANTARES LATA HONEY 6 X 473ML,6
3011,ANTARES LATA IPA 6 X 473ML,6
3011,ANTARES LATA KOLSCH 6 X 473ML,6
3011,ANTARES PLAYA GRANDE 6 X 473ML,6
3011,FRIZZE BUBBLE MOOD 6X1000,12
3011,FRIZZE EVOL BLUE NEW X1000,18
3011,GORDONS  TROPICAL FRUITS 6X700,2
3011,GORDON´S GIN 6x700,1
3011,GORDON´S PINK GIN 6X700,13
3011,JW RED 12X1000 UK,1
3011,SMF  BC GRAPEF&LIME  LATA 4X6X473,6
3011,SMF BC RUBYORANGE&LIME LATA 4X6X473,12
3011,SMF ICE GREENAPPLE LAT 4X6X473,24
3011,SMF ICE RED BERRIE LAT 4X6X473,60
3011,SMIRNOFF GREEN APPLE DO 6X700,30
3011,SMIRNOFF RASPBERRY DO 6X700,18
3011,SMIRNOFF TROPICAL FRUITS 6X700,60
3011,TRAPICHE ALARIS DULCE COSECHA 6X750,6
3026,ALMA MORA MALBEC 6X750,3
3026,DADA ART MALBEC 6X750,-3
3026,DADA ESPUMANTE 6X750 ,3
3026,DADA ESPUMANTE MARACUYA 6X750,-3
3026,DADA N°8 CHOCOLATE 6X750 ,-6
3026,EL BAUTISMO MALBEC 6X750 ,-3
3026,ELEMENTOS RED BLEND 6 X 750,-2
3026,F.LAS MORAS MALBEC 6X750,-2
3026,FAIR FOR LIFE MALBEC 6X750 ,-3
3026,LOS ARBOLES SEL CABERNET 6X750,-3
3026,LOS ARBOLES SEL RED BLEND 6X750,-2
3026,ORIGEN BY TRAPICHE MALBEC 6X750,-3
3026,TRAPICHE ALARIS MALBEC 6X750,3
3032,SMIRNOFF RASPBERRY DO 6X700,3
3069,ALMA MORA BLEND DULCE 6X 750,3
3069,ALMA MORA MALBEC 6X750,12
3069,DADA ART MALBEC 6X750,9
3069,DADA ESPUMANTE 6X750 ,3
3069,DADA N6 HONEY X750,3
3069,F. LAS MORAS BCO DULCE 6X750 ,3
3069,F.LAS MORAS MALBEC 6X750,3
3069,FRIZZE BLUE LATA X473,12
3069,FRIZZE BUBBLE MOOD 6X1000,6
3069,FRIZZE IT LIM NEW X 1000,6
3069,LOS ARBOLES SEL MALBEC 6X750,3
3069,SAN TELMO MALBEC X750,3
3069,SMF BC RUBYORANGE&LIME LATA 4X6X473,6
3069,SMF ICE GREENAPPLE LAT 4X6X473,12
3069,SMF ICE RED BERRIE LAT 4X6X473,42
3069,SMIRNOFF ICE LATA 4X6X473,6
3069,SUTER VARIETAL MALBEC 6X750,3
3069,TRAPICHE ALARIS DULCE COSECHA 6X750,6
3069,TRAPICHE ALARIS MALBEC 6X750,6
3073,ALMA MORA MALBEC 6X750,3
3073,DADA ESPUMANTE 6X750 ,3
3073,TRAPICHE ALARIS MALBEC 6X750,3
3075,ANTARES LAGER LATA 6X473,6
3075,FRIZZE BLUE LATA X473,6
3075,FRIZZE BUBBLE MOOD 6X1000,6
3075,SMF BC RUBYORANGE&LIME LATA 4X6X473,6
3075,SMF ICE GREENAPPLE LAT 4X6X473,12
3075,SMF ICE RED BERRIE LAT 4X6X473,30
3075,SMIRNOFF GREEN APPLE DO 6X700,3
3075,SMIRNOFF RASPBERRY DO 6X700,3
3093,ALMA MORA MALBEC 6X750,3
3093,DADA ESPUMANTE 6X750 ,3
3093,TRAPICHE ALARIS MALBEC 6X750,3
3111,ALMA MORA MALBEC 6X750,3
3111,DADA ESPUMANTE 6X750 ,3
3111,TRAPICHE ALARIS MALBEC 6X750,3
3118,ALMA MORA MALBEC 6X750,9
3118,ANTARES MICRO IPA 25 AÑOS,6
3118,DADA FMORAS N°1 6X750,3
3118,ELEMENTOS MALBEC 6X750 ,3
3118,F.LAS MORAS MALBEC 6X750,3
3118,FRIZZE EVOL BLUE NEW X1000,3
3118,GORDON´S GIN 6x700,3
3118,LOS ARBOLES SEL MALBEC 6X750,3
3121,ALMA MORA MALBEC 6X750,12
3121,FRIZZE BUBBLE MOOD 6X1000,-6
3121,FRIZZE EVOL BLUE NEW X1000,60
3121,SMF ICE GREENAPPLE LAT 4X6X473,42
3121,SMF ICE RED BERRIE LAT 4X6X473,54
3121,SUTER VARIETAL MALBEC 6X750,6
3123,ALMA MORA BLEND DULCE 6X 750,12
3123,ALMA MORA CABSAUV6X750 ,12
3123,ALMA MORA MALBEC 6X750,213
3123,ALMA MORA SYRAH 6X750,6
3123,ANTARES MICRO IPA 25 AÑOS,6
3123,CAZADOR MALBEC 6X750,6
3123,DADA ART CABERNET 6X750 ,12
3123,DADA ART MALBEC 6X750,15
3123,DADA ESPUMANTE MARACUYA 6X750,6
3123,DADA FMORAS N°1 6X750,12
3123,DADA FMORAS N°2 6X750 ,6
3123,DADA FMORAS N°3 6X750,12
3123,DADA N6 HONEY X750,6
3123,DADA N°8 CHOCOLATE 6X750 ,24
3123,EL BAUTISMO MALBEC 6X750 ,12
3123,ELEMENTOS CABSAUV 6X750 ,12
3123,ELEMENTOS MALBEC 6X750 ,15
3123,ELEMENTOS SYRAH 6X750 ,6
3123,ELEMENTOS TORRONTES 6X750 ,12
3123,F LAS MORAS RED BLEND  6X 750,6
3123,F. LAS MORAS BCO DULCE 6X750 ,60
3123,F.LAS MORAS CABSAU 6X750 ,6
3123,F.LAS MORAS MALBEC 6X750,78
3123,FOND CAVE CABSAU 6X750,12
3123,FOND CAVE MALBEC 6X750 ,12
3123,FRIZZE EVOL BLUE NEW X1000,9
3123,GORDON´S GIN 6x700,9
3123,JW BLACK LABEL 12x750,3
3123,LEGUI 40 AÑOS 12X750,12
3123,LOS ARBOLES SEL CABERNET 6X750,12
3123,LOS ARBOLES SEL MALBEC 6X750,27
3123,LOS INTOCABLES MALBEC 6X750,3
3123,NC SPARK EBRUT 6X750 estuche,6
3123,SAN TELMO SPARK DULCE 6X750,6
3123,SMIRNOFF BC GRAPEF.&LIME 6X700,12
3123,SMIRNOFF BC ORANGE & LIME 6X700,6
3123,SMIRNOFF GREEN APPLE DO 6X700,0
3123,SMIRNOFF RASPBERRY DO 6X700,15
3123,SMIRNOFF WATERMELON 6X700,6
3123,SUTER VARIETAL MALBEC 6X750,12
3123,TRAPICHE ALARIS DULCE COSECHA 6X750,12
3123,TRAPICHE ALARIS MALBEC 6X750,9
3123,TRAPICHE RESERVA MALBEC 6X750,3
3123,WHITE HORSE DO 12X750,84
3143,ALMA MORA MALBEC 6X750,6
3144,ALMA MORA MALBEC 6X750,3
3144,DADA ESPUMANTE 6X750 ,3
3144,TRAPICHE ALARIS MALBEC 6X750,3
3149,ALMA MORA CHARD 6X750,3
3149,ALMA MORA MALBEC 6X750,15
3149,ALMA MORA MERLOT 6X750,3
3149,CAZADOR MALBEC 6X750,3
3149,DADA 7 SWEET  6X750,3
3149,DADA ART MALBEC 6X750,3
3149,DADA ESPUMANTE 6X750 ,3
3149,DADA ESPUMANTE MARACUYA 6X750,6
3149,DADA EXTRA BRUT 6X750,3
3149,DADA FMORAS N°1 6X750,12
3149,DADA FMORAS N°2 6X750 ,9
3149,DADA FMORAS N°3 6X750,6
3149,EL BAUTISMO MALBEC 6X750 ,6
3149,ELEMENTOS CABSAUV 6X750 ,12
3149,ELEMENTOS CHARDONNAY 6X750,21
3149,ELEMENTOS MALBEC 6X750 ,18
3149,ELEMENTOS TORRONTES 6X750 ,6
3149,ELEMENTOS TORRONTES DLCE6X750 ,9
3149,F.LAS MORAS MALBEC 6X750,18
3149,LOS ARBOLES SEL CABERNET 6X750,3
3149,LOS ARBOLES SEL MALBEC 6X750,6
3149,LOS ARBOLES SEL RED BLEND 6X750,3
3149,LOS INTOCABLES CHARD  6X750,3
3149,SAN TELMO SEL CHARDONNA  X750,3
3149,SMIRNOFF GREEN APPLE DO 6X700,3
3149,TRAPICHE ALARIS DULCE COSECHA 6X750,3
3149,TRAPICHE ALARIS MALBEC 6X750,6
3166,ALMA MORA CHARD 6X750,6
3166,ALMA MORA MALBEC 6X750,18
3166,ANTARES MICRO IPA 25 AÑOS,6
3166,DADA ART MALBEC 6X750,21
3166,DADA ESPUMANTE MARACUYA 6X750,6
3166,DADA FMORAS N°1 6X750,3
3166,ELEMENTOS MALBEC 6X750 ,18
3166,F.LAS MORAS MALBEC 6X750,3
3166,FOND CAVE MALBEC 6X750 ,3
3166,FRIZZE EVOL BLUE NEW X1000,9
3166,GORDON´S GIN 6x700,9
3166,LOS ARBOLES SEL MALBEC 6X750,18
3166,LOS INTOCABLES MALBEC 6X750,3
3166,NC SPARK EBRUT 6X750 estuche,6
3166,ORIGEN BY TRAPICHE MALBEC 6X750,3
3166,SAN TELMO MALBEC X750,6
3166,SAN TELMO SPARK DULCE 6X750,6
3166,SMIRNOFF GREEN APPLE DO 6X700,180
3166,SMIRNOFF RASPBERRY DO 6X700,15
3166,SMIRNOFF TAMARINDO 6 X 700,3
3166,SUTER VARIETAL MALBEC 6X750,6
3166,TRAPICHE ALARIS MALBEC 6X750,12
3166,TRAPICHE RESERVA MALBEC 6X750,6
3227,ALMA MORA MALBEC 6X750,6
3238,DADA N°8 CHOCOLATE 6X750 ,6
3238,SMF ICE RED BERRIE LAT 4X6X473,6
3276,ALMA MORA MALBEC 6X750,3
3276,DADA FMORAS N°1 6X750,3
3276,ELEMENTOS MALBEC 6X750 ,3
3276,F.LAS MORAS MALBEC 6X750,3
3276,LOS ARBOLES SEL MALBEC 6X750,3
3289,ALMA MORA MALBEC 6X750,3
3289,ELEMENTOS MALBEC 6X750 ,3
3296,ALMA MORA MALBEC 6X750,6
3296,DADA ESPUMANTE 6X750 ,3
3296,DADA FMORAS N°1 6X750,3
3296,ELEMENTOS MALBEC 6X750 ,6
3296,F.LAS MORAS MALBEC 6X750,3
3296,LOS ARBOLES SEL MALBEC 6X750,3
3296,TRAPICHE ALARIS MALBEC 6X750,3
3325,ALMA MORA MALBEC 6X750,3
3325,ELEMENTOS MALBEC 6X750 ,3
3325,SMIRNOFF GREEN APPLE DO 6X700,3
3327,ALMA MORA BLEND DULCE 6X 750,12
3327,ALMA MORA CABSAUV6X750 ,12
3327,ALMA MORA MALBEC 6X750,18
3327,ALMA MORA SYRAH 6X750,6
3327,ANTARES MICRO IPA 25 AÑOS,6
3327,COLECCION PRIVADA MALBEC,6
3327,DADA ART MALBEC 6X750,9
3327,DADA ESPUMANTE MARACUYA 6X750,34
3327,DADA FMORAS N°1 6X750,21
3327,DADA FMORAS N°2 6X750 ,6
3327,DADA FMORAS N°3 6X750,15
3327,DADA N6 HONEY X750,6
3327,DADA N°8 CHOCOLATE 6X750 ,6
3327,DADA N°9 CARAMEL 6X750,6
3327,DON DAVID MALBEC 6X750,3
3327,EL BAUTISMO BLEND B. DLCE 6X750 ,6
3327,EL BAUTISMO MALBEC 6X750 ,6
3327,ELEMENTOS CHARDONNAY 6X750,3
3327,ELEMENTOS MALBEC 6X750 ,6
3327,F. LAS MORAS BCO DULCE 6X750 ,12
3327,F.LAS MORAS MALBEC 6X750,15
3327,FOND CAVE MALBEC 6X750 ,15
3327,FOND CAVE RVA MALBEC 6X750,6
3327,FRIZZE BLUE LATA X473,12
3327,FRIZZE BUBBLE MOOD 6X1000,12
3327,FRIZZE EVOL BLUE NEW X1000,91
3327,GORDONS  TROPICAL FRUITS 6X700,12
3327,GORDON´S GIN 6x700,3
3327,GORDON´S PINK GIN 6X700,12
3327,LOS ARBOLES SEL CABERNET 6X750,6
3327,LOS ARBOLES SEL MALBEC 6X750,18
3327,LOS ARBOLES SEL RED BLEND 6X750,6
3327,LOS INTOCABLES MALBEC 6X750,3
3327,NC SPARK EBRUT 6X750 estuche,6
3327,ORIGEN BY TRAPICHE MALBEC 6X750,3
3327,SAN TELMO SPARK DULCE 6X750,6
3327,SMF ICE GREENAPPLE LAT 4X6X473,48
3327,SMF ICE RED BERRIE LAT 4X6X473,90
3327,SMIRNOFF BC TANGE&LEMONGRASS 6X700,6
3327,SMIRNOFF GREEN APPLE DO 6X700,90
3327,SMIRNOFF RASPBERRY DO 6X700,333
3327,SMIRNOFF TAMARINDO 6 X 700,9
3327,SMIRNOFF TROPICAL FRUITS 6X700,36
3327,SUTER VARIETAL MALBEC 6X750,6
3327,TERMIDOR BLANCO 12X1L ,-12
3327,TRAPICHE ALARIS DULCE COSECHA 6X750,6
3327,TRAPICHE ALARIS MALBEC 6X750,12
3327,TRAPICHE ALARIS TORRONTES 6X750 ,6
3327,TRAPICHE D. COSECHA ROSE 6X750 ,6
3327,TRAPICHE RESERVA MALBEC 6X750,6
3354,ALMA MORA MALBEC 6X750,9
3354,ANTARES MICRO IPA 25 AÑOS,6
3354,DADA FMORAS N°1 6X750,3
3354,ELEMENTOS MALBEC 6X750 ,3
3354,F.LAS MORAS MALBEC 6X750,3
3354,FRIZZE EVOL BLUE NEW X1000,3
3354,GORDON´S GIN 6x700,3
3354,LOS ARBOLES SEL MALBEC 6X750,3
3367,ALMA MORA MALBEC 6X750,6
3367,DADA ART MALBEC 6X750,18
3367,DADA FMORAS N°1 6X750,6
3367,DADA FMORAS N°2 6X750 ,6
3367,DADA FMORAS N°3 6X750,6
3378,ALMA MORA MALBEC 6X750,9
3378,SMIRNOFF 21 DO 12X700,3
3415,ALMA MORA CABSAUV6X750 ,3
3415,ALMA MORA MALBEC 6X750,9
3415,DADA ESPUMANTE 6X750 ,3
3415,DADA FMORAS N°1 6X750,3
3415,ELEMENTOS MALBEC 6X750 ,6
3415,F. LAS MORAS BCO DULCE 6X750 ,3
3415,F.LAS MORAS MALBEC 6X750,3
3415,LOS ARBOLES SEL MALBEC 6X750,3
3415,TRAPICHE ALARIS CABSAUV 6X750 ,3
3415,TRAPICHE ALARIS MALBEC 6X750,6
3436,SMIRNOFF RASPBERRY DO 6X700,3
3442,ALMA MORA MALBEC 6X750,6
3458,ALMA MORA BLANCO DULCE LOW 6X750,6
3458,ALMA MORA BLEND DULCE 6X 750,6
3458,COLECCION PRIVADA MALBEC,12
3458,DADA ART MALBEC 6X750,12
3458,DADA EXTRA BRUT 6X750,6
3458,FRIZZE EVOL BLUE NEW X1000,12
3458,GORDON´S GIN 6x700,6
3458,LOS ARBOLES SEL MALBEC 6X750,6
3458,SMF  BC GRAPEF&LIME  LATA 4X6X473,-24
3458,SMF ICE GREENAPPLE LAT 4X6X473,240
3458,SMF ICE RED BERRIE LAT 4X6X473,264
3458,SMIRNOFF GREEN APPLE DO 6X700,6
3458,SMIRNOFF RASPBERRY DO 6X700,36
3458,SMIRNOFF TROPICAL FRUITS 6X700,18
3458,TRAPICHE ALARIS TORRONTES 6X750 ,12
3458,TRAPICHE RESERVA MALBEC 6X750,6
3500,ALMA MORA MALBEC 6X750,0
3500,DADA FMORAS N°1 6X750,0
3500,ELEMENTOS MALBEC 6X750 ,0
3500,F.LAS MORAS MALBEC 6X750,0
3500,FOND CAVE MALBEC 6X750 ,0
3500,LOS ARBOLES SEL MALBEC 6X750,0
3500,ORIGEN BY TRAPICHE MALBEC 6X750,0
3500,TRAPICHE ALARIS MALBEC 6X750,0
3500,TRAPICHE RESERVA MALBEC 6X750,0
3501,ALMA MORA MALBEC 6X750,123
3501,DADA FMORAS N°1 6X750,3
3501,ELEMENTOS MALBEC 6X750 ,3
3501,F.LAS MORAS MALBEC 6X750,3
3501,FOND CAVE MALBEC 6X750 ,3
3501,FRIZZE EVOL BLUE NEW X1000,60
3501,LOS ARBOLES SEL MALBEC 6X750,3
3501,ORIGEN BY TRAPICHE MALBEC 6X750,3
3501,SMIRNOFF TROPICAL FRUITS 6X700,180
3501,TRAPICHE ALARIS MALBEC 6X750,3
3501,TRAPICHE RESERVA MALBEC 6X750,3
3502,ALMA MORA MALBEC 6X750,12
3502,ANTARES MICRO IPA 25 AÑOS,6
3502,DADA ART MALBEC 6X750,9
3502,DADA ESPUMANTE MARACUYA 6X750,6
3502,DADA FMORAS N°1 6X750,3
3502,ELEMENTOS MALBEC 6X750 ,12
3502,F.LAS MORAS MALBEC 6X750,3
3502,FOND CAVE MALBEC 6X750 ,3
3502,FRIZZE EVOL BLUE NEW X1000,9
3502,GORDON´S GIN 6x700,9
3502,LOS ARBOLES SEL MALBEC 6X750,12
3502,LOS INTOCABLES MALBEC 6X750,3
3502,NC SPARK EBRUT 6X750 estuche,6
3502,ORIGEN BY TRAPICHE MALBEC 6X750,3
3502,SAN TELMO SPARK DULCE 6X750,6
3502,SMIRNOFF RASPBERRY DO 6X700,189
3502,TRAPICHE ALARIS MALBEC 6X750,12
3502,TRAPICHE RESERVA MALBEC 6X750,6
3506,ALMA MORA MALBEC 6X750,0
3506,DADA FMORAS N°1 6X750,0
3506,ELEMENTOS MALBEC 6X750 ,0
3506,F.LAS MORAS MALBEC 6X750,0
3506,FOND CAVE MALBEC 6X750 ,0
3506,LOS ARBOLES SEL MALBEC 6X750,0
3506,ORIGEN BY TRAPICHE MALBEC 6X750,0
3506,TRAPICHE ALARIS MALBEC 6X750,0
3506,TRAPICHE RESERVA MALBEC 6X750,0
3515,ALMA MORA MALBEC 6X750,3
3515,DADA ESPUMANTE MARACUYA 6X750,16
3515,DADA FMORAS N°1 6X750,3
3515,ELEMENTOS MALBEC 6X750 ,3
3515,F.LAS MORAS MALBEC 6X750,3
3515,FRIZZE EVOL BLUE NEW X1000,40
3515,LOS ARBOLES SEL MALBEC 6X750,3
3515,SMF ICE RED BERRIE LAT 4X6X473,24
3515,SMIRNOFF GREEN APPLE DO 6X700,60
3515,SMIRNOFF RASPBERRY DO 6X700,90
3515,SMIRNOFF TROPICAL FRUITS 6X700,30
3517,ALMA MORA MALBEC 6X750,3
3517,DADA FMORAS N°1 6X750,3
3517,ELEMENTOS MALBEC 6X750 ,3
3517,F.LAS MORAS MALBEC 6X750,3
3517,LOS ARBOLES SEL MALBEC 6X750,3
3520,ALMA MORA MALBEC 6X750,9
3520,ANTARES MICRO IPA 25 AÑOS,6
3520,DADA ART MALBEC 6X750,9
3520,DADA ESPUMANTE MARACUYA 6X750,6
3520,DADA FMORAS N°1 6X750,0
3520,ELEMENTOS MALBEC 6X750 ,9
3520,F.LAS MORAS MALBEC 6X750,0
3520,FOND CAVE MALBEC 6X750 ,0
3520,FRIZZE EVOL BLUE NEW X1000,9
3520,GORDON´S GIN 6x700,9
3520,LOS ARBOLES SEL MALBEC 6X750,9
3520,LOS INTOCABLES MALBEC 6X750,3
3520,NC SPARK EBRUT 6X750 estuche,6
3520,ORIGEN BY TRAPICHE MALBEC 6X750,0
3520,SAN TELMO SPARK DULCE 6X750,6
3520,SMIRNOFF RASPBERRY DO 6X700,9
3520,TRAPICHE ALARIS MALBEC 6X750,9
3520,TRAPICHE RESERVA MALBEC 6X750,3
3522,ALMA MORA BLANCO DULCE LOW 6X750,6
3522,ALMA MORA MALBEC 6X750,9
3522,ANTARES MICRO IPA 25 AÑOS,6
3522,DADA ART MALBEC 6X750,9
3522,DADA ESPUMANTE MARACUYA 6X750,6
3522,DADA FMORAS N°1 6X750,0
3522,ELEMENTOS MALBEC 6X750 ,9
3522,F.LAS MORAS MALBEC 6X750,0
3522,FOND CAVE MALBEC 6X750 ,0
3522,FRIZZE EVOL BLUE NEW X1000,9
3522,GORDON´S GIN 6x700,9
3522,LOS ARBOLES SEL MALBEC 6X750,9
3522,LOS INTOCABLES MALBEC 6X750,3
3522,NC SPARK EBRUT 6X750 estuche,6
3522,ORIGEN BY TRAPICHE MALBEC 6X750,0
3522,SAN TELMO SPARK DULCE 6X750,6
3522,SMIRNOFF RASPBERRY DO 6X700,9
3522,TRAPICHE ALARIS MALBEC 6X750,9
3522,TRAPICHE RESERVA MALBEC 6X750,3
3524,SMF ICE GREENAPPLE LAT 4X6X473,6
3524,SMF ICE RED BERRIE LAT 4X6X473,6
3524,SMIRNOFF 21 DO 12X700,3
3524,SMIRNOFF GREEN APPLE DO 6X700,3
3524,SMIRNOFF ICE LATA 4X6X473,6
3524,SMIRNOFF RASPBERRY DO 6X700,3
3524,SMIRNOFF TAMARINDO 6 X 700,6
3524,SMIRNOFF WATERMELON 6X700,3
3532,ALMA MORA MALBEC 6X750,3
3532,DADA ESPUMANTE 6X750 ,3
3532,SUTER VARIETAL CABERNET 6X750,6
3532,TRAPICHE ALARIS MALBEC 6X750,3
3533,ALMA MORA SEL RVE MALBEC 6X750,3
3533,DADA ART MALBEC 6X750,3
3533,SMIRNOFF RASPBERRY DO 6X700,3
3536,ALMA MORA MALBEC 6X750,9
3536,ANTARES MICRO IPA 25 AÑOS,6
3536,DADA ART MALBEC 6X750,6
3536,DADA ESPUMANTE MARACUYA 6X750,6
3536,DADA FMORAS N°1 6X750,3
3536,ELEMENTOS MALBEC 6X750 ,9
3536,F.LAS MORAS MALBEC 6X750,3
3536,FOND CAVE MALBEC 6X750 ,3
3536,FRIZZE EVOL BLUE NEW X1000,6
3536,GORDON´S GIN 6x700,6
3536,LOS ARBOLES SEL MALBEC 6X750,9
3536,LOS INTOCABLES MALBEC 6X750,3
3536,NC SPARK EBRUT 6X750 estuche,6
3536,ORIGEN BY TRAPICHE MALBEC 6X750,3
3536,SAN TELMO SPARK DULCE 6X750,6
3536,SMIRNOFF RASPBERRY DO 6X700,6
3536,TRAPICHE ALARIS MALBEC 6X750,9
3536,TRAPICHE RESERVA MALBEC 6X750,6
3562,ALMA MORA MALBEC 6X750,3
3562,DADA ESPUMANTE 6X750 ,3
3562,SMIRNOFF GREEN APPLE DO 6X700,3
3562,TRAPICHE ALARIS MALBEC 6X750,3
3566,BAILEYS NUEVA BOTELLA 12x750,2
3566,FRIZZE BLUE LATA X473,12
3566,FRIZZE BUBBLE MOOD 6X1000,12
3566,SMF ICE GREENAPPLE LAT 4X6X473,72
3566,SMF ICE RED BERRIE LAT 4X6X473,120
3566,SMIRNOFF ICE LATA 4X6X473,120
3570,ALMA MORA MALBEC 6X750,9
3570,FRIZZE EVOL BLUE NEW X1000,3
3570,TRAPICHE ALARIS MALBEC 6X750,3
3611,ALMA MORA MALBEC 6X750,3
3611,DADA ART MALBEC 6X750,3
3611,DADA FMORAS N°1 6X750,3
3611,ELEMENTOS MALBEC 6X750 ,3
3611,SMIRNOFF GREEN APPLE DO 6X700,3
3622,ALMA MORA CABSAUV6X750 ,6
3622,ALMA MORA MALBEC 6X750,42
3622,CAZADOR MALBEC 6X750,3
3622,DADA ART MALBEC 6X750,9
3622,DADA FMORAS N°1 6X750,6
3622,EL BAUTISMO MALBEC 6X750 ,18
3622,ELEMENTOS CABSAUV 6X750 ,3
3622,ELEMENTOS MALBEC 6X750 ,33
3622,F. LAS MORAS BCO DULCE 6X750 ,6
3622,F.LAS MORAS MALBEC 6X750,6
3622,LOS ARBOLES SEL CABERNET 6X750,3
3622,LOS ARBOLES SEL MALBEC 6X750,24
3622,LOS INTOCABLES MALBEC 6X750,3
3622,SAN TELMO CAB-SAUV X750,3
3622,SAN TELMO MALBEC X750,27
3622,TRAPICHE ALARIS DULCE COSECHA 6X750,6
3622,TRAPICHE ALARIS TORRONTES 6X750 ,15
3641,SMIRNOFF RASPBERRY DO 6X700,3
3645,ALMA MORA BLEND BLANCO 6X750,6
3645,ALMA MORA MALBEC 6X750,18
3645,ANTARES MICRO IPA 25 AÑOS,6
3645,DADA ART MALBEC 6X750,9
3645,DADA ESPUMANTE MARACUYA 6X750,6
3645,DADA FMORAS N°1 6X750,3
3645,ELEMENTOS MALBEC 6X750 ,12
3645,F.LAS MORAS MALBEC 6X750,9
3645,FOND CAVE MALBEC 6X750 ,3
3645,FRIZZE EVOL BLUE NEW X1000,9
3645,GORDON´S GIN 6x700,9
3645,LOS ARBOLES SEL MALBEC 6X750,12
3645,LOS INTOCABLES MALBEC 6X750,3
3645,NC SPARK EBRUT 6X750 estuche,6
3645,ORIGEN BY TRAPICHE MALBEC 6X750,3
3645,SAN TELMO SPARK DULCE 6X750,6
3645,SMIRNOFF RASPBERRY DO 6X700,9
3645,SMIRNOFF TROPICAL FRUITS 6X700,180
3645,TRAPICHE ALARIS MALBEC 6X750,12
3645,TRAPICHE RESERVA MALBEC 6X750,6
3672,ALMA MORA CABSAUV6X750 ,3
3672,ALMA MORA MALBEC 6X750,3
3672,DADA ART MALBEC 6X750,3
3672,DADA ESPUMANTE 6X750 ,3
3672,DADA ESPUMANTE MARACUYA 6X750,3
3672,DADA N6 HONEY X750,3
3672,ELEMENTOS MALBEC 6X750 ,3
3672,F.LAS MORAS MALBEC 6X750,3
3672,GORDON´S TONIC 4X6X473,6
3672,LOS ARBOLES SEL RED BLEND 6X750,3
3672,SMF ICE GREENAPPLE LAT 4X6X473,6
3672,SMF ICE RED BERRIE LAT 4X6X473,6
3672,SUTER VARIETAL CABERNET 6X750,3
3672,TRAPICHE ALARIS MALBEC 6X750,3
3673,ALMA MORA MALBEC 6X750,3
3673,DADA ESPUMANTE 6X750 ,3
3673,TRAPICHE ALARIS MALBEC 6X750,3
3700,SMIRNOFF RASPBERRY DO 6X700,3
4005,DADA FMORAS N°1 6X750,9
4005,DADA N6 HONEY X750,6
4005,ELEMENTOS MALBEC 6X750 ,6
4005,ELEMENTOS TORRONTES 6X750 ,3
4005,F.LAS MORAS MALBEC 6X750,6
4005,SMIRNOFF RASPBERRY DO 6X700,3
4371,SMIRNOFF RASPBERRY DO 6X700,3
4400,SMIRNOFF RASPBERRY DO 6X700,3
4400,TRAPICHE ALARIS DULCE COSECHA 6X750,6
4405,SMIRNOFF RASPBERRY DO 6X700,3
4440,SMIRNOFF RASPBERRY DO 6X700,3
4457,ALMA MORA CABSAUV6X750 ,12
4457,ALMA MORA MALBEC 6X750,33
4457,ANTARES MICRO IPA 25 AÑOS,6
4457,COLECCION PRIVADA CAB SAUV 6X750,6
4457,COLECCION PRIVADA MALBEC,18
4457,DADA ART CABERNET 6X750 ,6
4457,DADA ART MALBEC 6X750,3
4457,DADA ESPUMANTE MARACUYA 6X750,10
4457,DADA FMORAS N°1 6X750,6
4457,DON DAVID CABERNET 6X750,6
4457,DON DAVID MALBEC 6X750,6
4457,EL BAUTISMO BLEND TINTAS 6X750 ,6
4457,ELEMENTOS MALBEC 6X750 ,15
4457,F. LAS MORAS BCO DULCE 6X750 ,6
4457,F.LAS MORAS CABSAU 6X750 ,12
4457,F.LAS MORAS MALBEC 6X750,30
4457,FOND CAVE CABSAU 6X750,6
4457,FOND CAVE MALBEC 6X750 ,6
4457,FOND CAVE RVA MALBEC 6X750,6
4457,FRIZZE EVOL BLUE NEW X1000,5
4457,GORDON´S GIN 6x700,3
4457,LOS ARBOLES SEL CABERNET 6X750,42
4457,LOS ARBOLES SEL MALBEC 6X750,87
4457,LOS ARBOLES SEL RED BLEND 6X750,6
4457,LOS INTOCABLES MALBEC 6X750,3
4457,NC SPARK EBRUT 6X750 estuche,6
4457,SAN TELMO SPARK DULCE 6X750,6
4457,SMF ICE RED BERRIE LAT 4X6X473,12
4457,SMIRNOFF GREEN APPLE DO 6X700,60
4457,SMIRNOFF RASPBERRY DO 6X700,96
4457,SMIRNOFF TROPICAL FRUITS 6X700,36
4457,SUTER CHAMPAÑA E.DULCE 6X750,6
4457,SUTER VARIETAL CABERNET 6X750,12
4457,TRAPICHE ALARIS MALBEC 6X750,9
4457,TRAPICHE RESERVA MALBEC 6X750,3
4463,ALMA MORA BLEND BLANCO 6X750,3
4463,DADA ART MALBEC 6X750,3
4463,DADA FMORAS N°1 6X750,9
4463,DADA FMORAS N°2 6X750 ,3
4463,DADA FMORAS N°3 6X750,9
4463,DADA N6 HONEY X750,3
4463,DADA N°8 CHOCOLATE 6X750 ,3
4463,DADA N°9 CARAMEL 6X750,9
4463,ELEMENTOS MALBEC 6X750 ,6
4463,FOND CAVE MALBEC 6X750 ,3
4463,J&B RARE 12X750,18
4463,J&B YELLOW 6X750,18
4463,JW RED 12X750 UK,1
4463,LOS ARBOLES SEL MALBEC 6X750,6
4463,LOS INTOCABLES MALBEC 6X750,3
4463,SMF ICE GREENAPPLE LAT 4X6X473,192
4463,SMF ICE RED BERRIE LAT 4X6X473,228
4463,SMIRNOFF 21 DO 12X700,0
4463,SMIRNOFF GREEN APPLE DO 6X700,18
4463,SMIRNOFF ICE LATA 4X6X473,84
4463,SMIRNOFF RASPBERRY DO 6X700,18
4463,SMIRNOFF TAMARINDO 6 X 700,6
4463,WHITE HORSE DO 12X750,8
4467,ALMA MORA MALBEC 6X750,9
4467,ANTARES MICRO IPA 25 AÑOS,6
4467,DADA ART MALBEC 6X750,6
4467,DADA ESPUMANTE MARACUYA 6X750,10
4467,DADA FMORAS N°1 6X750,3
4467,ELEMENTOS MALBEC 6X750 ,9
4467,F.LAS MORAS MALBEC 6X750,3
4467,FOND CAVE MALBEC 6X750 ,3
4467,FRIZZE EVOL BLUE NEW X1000,8
4467,GORDON´S GIN 6x700,6
4467,LOS ARBOLES SEL MALBEC 6X750,9
4467,LOS INTOCABLES MALBEC 6X750,3
4467,NC SPARK EBRUT 6X750 estuche,6
4467,ORIGEN BY TRAPICHE MALBEC 6X750,3
4467,SAN TELMO SPARK DULCE 6X750,6
4467,SMF ICE RED BERRIE LAT 4X6X473,12
4467,SMIRNOFF GREEN APPLE DO 6X700,60
4467,SMIRNOFF RASPBERRY DO 6X700,96
4467,SMIRNOFF TROPICAL FRUITS 6X700,30
4467,TRAPICHE ALARIS MALBEC 6X750,9
4467,TRAPICHE RESERVA MALBEC 6X750,6
4470,SMIRNOFF RASPBERRY DO 6X700,3
4471,DADA N°9 CARAMEL 6X750,6
4471,EL BAUTISMO MALBEC 6X750 ,3
4471,F.LAS MORAS MALBEC 6X750,3
4471,SMIRNOFF RASPBERRY DO 6X700,3
4473,ALMA MORA MALBEC 6X750,9
4473,ANTARES MICRO IPA 25 AÑOS,6
4473,DADA ART MALBEC 6X750,6
4473,DADA ESPUMANTE MARACUYA 6X750,6
4473,DADA FMORAS N°1 6X750,3
4473,ELEMENTOS MALBEC 6X750 ,9
4473,F.LAS MORAS MALBEC 6X750,3
4473,FOND CAVE MALBEC 6X750 ,3
4473,FRIZZE EVOL BLUE NEW X1000,6
4473,GORDON´S GIN 6x700,6
4473,LOS ARBOLES SEL MALBEC 6X750,9
4473,LOS INTOCABLES MALBEC 6X750,3
4473,NC SPARK EBRUT 6X750 estuche,6
4473,ORIGEN BY TRAPICHE MALBEC 6X750,3
4473,SAN TELMO SPARK DULCE 6X750,6
4473,SMIRNOFF RASPBERRY DO 6X700,6
4473,TRAPICHE ALARIS MALBEC 6X750,9
4473,TRAPICHE RESERVA MALBEC 6X750,6
4480,SMIRNOFF RASPBERRY DO 6X700,3
4480,SMIRNOFF TAMARINDO 6 X 700,3
4491,SMIRNOFF RASPBERRY DO 6X700,3
4499,SMIRNOFF RASPBERRY DO 6X700,3
4519,ALMA MORA MALBEC 6X750,12
4519,DADA ART MALBEC 6X750,3
4519,DADA ESPUMANTE MARACUYA 6X750,4
4519,DADA FMORAS N°2 6X750 ,3
4519,DON DAVID MALBEC 6X750,6
4519,EL BAUTISMO MALBEC 6X750 ,3
4519,ELEMENTOS MALBEC 6X750 ,12
4519,F.LAS MORAS MALBEC 6X750,6
4519,FOND CAVE CABSAU 6X750,3
4519,FOND CAVE MALBEC 6X750 ,9
4519,FRIZZE EVOL BLUE NEW X1000,5
4519,GORDON´S GIN 6x700,3
4519,LOS ARBOLES SEL MALBEC 6X750,12
4519,ORIGEN BY TRAPICHE MALBEC 6X750,3
4519,SAN TELMO MALBEC X750,3
4519,SMF ICE RED BERRIE LAT 4X6X473,12
4519,SMIRNOFF GREEN APPLE DO 6X700,60
4519,SMIRNOFF RASPBERRY DO 6X700,93
4519,SMIRNOFF TROPICAL FRUITS 6X700,30
4519,TRAPICHE ALARIS MALBEC 6X750,3
4649,SHERIDANS 6X750,0
4649,SMIRNOFF RASPBERRY DO 6X700,3
4687,SMIRNOFF RASPBERRY DO 6X700,3
4719,FRIZZE EVOL BLUE NEW X1000,3
7003,ALMA MORA MALBEC 6X750,3
7003,ANTARES MICRO IPA 25 AÑOS,6
7003,DADA ART MALBEC 6X750,3
7003,DADA FMORAS N°1 6X750,3
7003,ELEMENTOS MALBEC 6X750 ,3
7003,F.LAS MORAS MALBEC 6X750,3
7003,FRIZZE EVOL BLUE NEW X1000,6
7003,GORDON´S GIN 6x700,3
7003,LOS ARBOLES SEL MALBEC 6X750,3
7003,SMIRNOFF RASPBERRY DO 6X700,3
7003,TRAPICHE ALARIS MALBEC 6X750,3
7009,ALMA MORA MALBEC 6X750,6
7009,DADA ART MALBEC 6X750,3
7009,DADA FMORAS N°1 6X750,3
7009,ELEMENTOS MALBEC 6X750 ,3
7009,F.LAS MORAS MALBEC 6X750,3
7009,FRIZZE EVOL BLUE NEW X1000,9
7009,LOS ARBOLES SEL MALBEC 6X750,3
7009,SMIRNOFF RASPBERRY DO 6X700,3
7009,TRAPICHE ALARIS MALBEC 6X750,6
7010,ALMA MORA MALBEC 6X750,3
7010,DADA FMORAS N°1 6X750,3
7010,LOS ARBOLES SEL MALBEC 6X750,3
7020,ALMA MORA MALBEC 6X750,3
7020,ANTARES IPA LATA 6X473 (NEW),-6
7020,DADA FMORAS N°1 6X750,3
7020,ELEMENTOS MALBEC 6X750 ,3
7020,F.LAS MORAS MALBEC 6X750,3
7020,FRIZZE EVOL BLUE NEW X1000,3
7020,LOS ARBOLES SEL MALBEC 6X750,3
7025,DADA ART MALBEC 6X750,3
7025,FRIZZE EVOL BLUE NEW X1000,3
7025,SMIRNOFF 21 DO 12X700,-3
7025,SMIRNOFF RASPBERRY DO 6X700,3
7025,TRAPICHE ALARIS MALBEC 6X750,3
7026,DADA ART MALBEC 6X750,3
7026,FRIZZE EVOL BLUE NEW X1000,3
7026,SMIRNOFF RASPBERRY DO 6X700,3
7026,TRAPICHE ALARIS MALBEC 6X750,3
7034,ALMA MORA MALBEC 6X750,3
7034,DADA ART MALBEC 6X750,6
7034,DADA FMORAS N°1 6X750,3
7034,ELEMENTOS MALBEC 6X750 ,3
7034,F.LAS MORAS MALBEC 6X750,3
7034,FRIZZE EVOL BLUE NEW X1000,9
7034,GORDON´S GIN 6x700,-3
7034,LOS ARBOLES SEL MALBEC 6X750,3
7034,SMIRNOFF RASPBERRY DO 6X700,6
7034,TRAPICHE ALARIS MALBEC 6X750,6
7035,ALMA MORA MALBEC 6X750,3
7035,DADA FMORAS N°1 6X750,3
7035,ELEMENTOS MALBEC 6X750 ,3
7035,F.LAS MORAS MALBEC 6X750,3
7035,FRIZZE EVOL BLUE NEW X1000,3
7035,GORDON´S GIN 6x700,-3
7035,LOS ARBOLES SEL MALBEC 6X750,3
7036,DADA ART MALBEC 6X750,3
7036,FRIZZE EVOL BLUE NEW X1000,3
7036,SMIRNOFF RASPBERRY DO 6X700,3
7036,TRAPICHE ALARIS MALBEC 6X750,3
7038,ALMA MORA MALBEC 6X750,6
7038,DADA ART MALBEC 6X750,3
7038,DADA FMORAS N°1 6X750,3
7038,ELEMENTOS MALBEC 6X750 ,3
7038,F.LAS MORAS MALBEC 6X750,3
7038,FRIZZE EVOL BLUE NEW X1000,9
7038,LOS ARBOLES SEL MALBEC 6X750,3
7038,SMIRNOFF RASPBERRY DO 6X700,3
7038,TRAPICHE ALARIS MALBEC 6X750,6
7040,ALMA MORA MALBEC 6X750,3
7040,DADA ART MALBEC 6X750,3
7040,DADA FMORAS N°1 6X750,3
7040,ELEMENTOS MALBEC 6X750 ,3
7040,F.LAS MORAS MALBEC 6X750,3
7040,FRIZZE EVOL BLUE NEW X1000,6
7040,GORDON´S GIN 6x700,-3
7040,LOS ARBOLES SEL MALBEC 6X750,3
7040,SMIRNOFF RASPBERRY DO 6X700,3
7040,TRAPICHE ALARIS MALBEC 6X750,3
7044,ALMA MORA MALBEC 6X750,3
7044,ANTARES MICRO IPA 25 AÑOS,6
7044,DADA ART MALBEC 6X750,3
7044,DADA FMORAS N°1 6X750,3
7044,ELEMENTOS MALBEC 6X750 ,3
7044,F.LAS MORAS MALBEC 6X750,3
7044,FRIZZE EVOL BLUE NEW X1000,6
7044,GORDON´S GIN 6x700,3
7044,LOS ARBOLES SEL MALBEC 6X750,3
7044,SMIRNOFF RASPBERRY DO 6X700,3
7044,TRAPICHE ALARIS MALBEC 6X750,3
7052,DADA ART MALBEC 6X750,3
7052,FRIZZE EVOL BLUE NEW X1000,3
7052,SMIRNOFF 21 DO 12X700,-3
7052,SMIRNOFF RASPBERRY DO 6X700,3
7052,TRAPICHE ALARIS MALBEC 6X750,3
7070,ALMA MORA MALBEC 6X750,6
7070,DADA ART MALBEC 6X750,3
7070,DADA FMORAS N°1 6X750,3
7070,ELEMENTOS MALBEC 6X750 ,3
7070,F.LAS MORAS MALBEC 6X750,3
7070,FRIZZE EVOL BLUE NEW X1000,9
7070,LOS ARBOLES SEL MALBEC 6X750,3
7070,SMIRNOFF RASPBERRY DO 6X700,3
7070,TRAPICHE ALARIS MALBEC 6X750,6
7089,ALMA MORA MALBEC 6X750,3
7089,DADA ART MALBEC 6X750,3
7089,FRIZZE EVOL BLUE NEW X1000,6
7089,SMIRNOFF RASPBERRY DO 6X700,3
7089,TRAPICHE ALARIS MALBEC 6X750,6
7110,ALMA MORA MALBEC 6X750,3
7110,DADA ART MALBEC 6X750,3
7110,DADA FMORAS N°1 6X750,3
7110,ELEMENTOS MALBEC 6X750 ,3
7110,F.LAS MORAS MALBEC 6X750,3
7110,FRIZZE EVOL BLUE NEW X1000,6
7110,GORDON´S GIN 6x700,3
7110,LOS ARBOLES SEL MALBEC 6X750,3
7110,SMIRNOFF RASPBERRY DO 6X700,3
7110,TRAPICHE ALARIS MALBEC 6X750,3
7132,DADA ART MALBEC 6X750,3
7132,FRIZZE EVOL BLUE NEW X1000,3
7132,SMIRNOFF RASPBERRY DO 6X700,3
7132,TRAPICHE ALARIS DULCE COSECHA 6X750,6
7132,TRAPICHE ALARIS MALBEC 6X750,3
7143,DADA ART MALBEC 6X750,3
7143,FRIZZE EVOL BLUE NEW X1000,3
7143,SMIRNOFF 21 DO 12X700,-3
7143,SMIRNOFF RASPBERRY DO 6X700,3
7143,TRAPICHE ALARIS MALBEC 6X750,3
7152,DADA ART MALBEC 6X750,3
7152,FRIZZE EVOL BLUE NEW X1000,3
7152,LOS INTOCABLES RED BLEND 6X750,6
7152,ORIGEN BY TRAPICHE MALBEC 6X750,6
7152,SMIRNOFF 21 DO 12X700,-3
7152,SMIRNOFF RASPBERRY DO 6X700,3
7152,TRAPICHE ALARIS MALBEC 6X750,3
7163,DADA ART MALBEC 6X750,3
7163,FRIZZE EVOL BLUE NEW X1000,3
7163,GORDON´S GIN 6x700,-3
7163,SMIRNOFF RASPBERRY DO 6X700,3
7163,TRAPICHE ALARIS MALBEC 6X750,3
7171,ALMA MORA MALBEC 6X750,0
7171,DADA FMORAS N°1 6X750,0
7171,ELEMENTOS MALBEC 6X750 ,0
7171,F.LAS MORAS MALBEC 6X750,0
7171,FOND CAVE MALBEC 6X750 ,0
7171,LOS ARBOLES SEL MALBEC 6X750,0
7171,ORIGEN BY TRAPICHE MALBEC 6X750,0
7171,TRAPICHE ALARIS MALBEC 6X750,0
7171,TRAPICHE RESERVA MALBEC 6X750,0
7188,DADA ART MALBEC 6X750,3
7188,FRIZZE EVOL BLUE NEW X1000,3
7188,SMIRNOFF 21 DO 12X700,-3
7188,SMIRNOFF RASPBERRY DO 6X700,3
7188,TRAPICHE ALARIS MALBEC 6X750,3
7191,ALMA MORA MALBEC 6X750,3
7191,DADA FMORAS N°1 6X750,3
7191,LOS ARBOLES SEL MALBEC 6X750,3
7196,ALMA MORA MALBEC 6X750,9
7196,ANTARES MICRO IPA 25 AÑOS,6
7196,DADA ART MALBEC 6X750,3
7196,DADA FMORAS N°1 6X750,3
7196,ELEMENTOS MALBEC 6X750 ,3
7196,F.LAS MORAS MALBEC 6X750,9
7196,FRIZZE EVOL BLUE NEW X1000,6
7196,GORDON´S GIN 6x700,3
7196,LOS ARBOLES SEL MALBEC 6X750,3
7196,SAN TELMO CAB-SAUV X750,3
7196,SMIRNOFF RASPBERRY DO 6X700,3
7196,TRAPICHE ALARIS MALBEC 6X750,3
7197,DADA ART MALBEC 6X750,3
7197,FRIZZE EVOL BLUE NEW X1000,3
7197,GORDON´S GIN 6x700,-3
7197,SMIRNOFF RASPBERRY DO 6X700,3
7197,TRAPICHE ALARIS MALBEC 6X750,3
7205,ALMA MORA MALBEC 6X750,3
7205,ANTARES MICRO IPA 25 AÑOS,6
7205,DADA ART MALBEC 6X750,3
7205,DADA FMORAS N°1 6X750,3
7205,ELEMENTOS MALBEC 6X750 ,3
7205,F.LAS MORAS MALBEC 6X750,3
7205,FRIZZE EVOL BLUE NEW X1000,6
7205,GORDON´S GIN 6x700,3
7205,LOS ARBOLES SEL MALBEC 6X750,3
7205,SMIRNOFF RASPBERRY DO 6X700,3
7205,TRAPICHE ALARIS MALBEC 6X750,3
7211,ALMA MORA MALBEC 6X750,6
7211,DADA ART MALBEC 6X750,3
7211,DADA EXTRA BRUT 6X750,3
7211,DADA FMORAS N°1 6X750,3
7211,ELEMENTOS MALBEC 6X750 ,3
7211,F.LAS MORAS MALBEC 6X750,3
7211,FRIZZE EVOL BLUE NEW X1000,6
7211,GORDON´S GIN 6x700,-3
7211,LOS ARBOLES SEL MALBEC 6X750,3
7211,SMIRNOFF RASPBERRY DO 6X700,3
7211,TRAPICHE ALARIS MALBEC 6X750,3
7212,ALMA MORA MALBEC 6X750,3
7212,DADA ART MALBEC 6X750,3
7212,DADA FMORAS N°1 6X750,3
7212,ELEMENTOS MALBEC 6X750 ,3
7212,F.LAS MORAS MALBEC 6X750,3
7212,FRIZZE EVOL BLUE NEW X1000,6
7212,GORDON´S GIN 6x700,-3
7212,LOS ARBOLES SEL MALBEC 6X750,3
7212,SMIRNOFF RASPBERRY DO 6X700,3
7212,TRAPICHE ALARIS MALBEC 6X750,3
7215,ALMA MORA MALBEC 6X750,3
7215,DADA ART MALBEC 6X750,3
7215,DADA FMORAS N°1 6X750,3
7215,ELEMENTOS MALBEC 6X750 ,3
7215,F.LAS MORAS MALBEC 6X750,3
7215,FRIZZE EVOL BLUE NEW X1000,6
7215,GORDON´S GIN 6x700,-3
7215,LOS ARBOLES SEL MALBEC 6X750,3
7215,SMIRNOFF RASPBERRY DO 6X700,3
7215,TRAPICHE ALARIS MALBEC 6X750,3
7216,ALMA MORA MALBEC 6X750,3
7216,DADA ART MALBEC 6X750,3
7216,DADA FMORAS N°1 6X750,3
7216,ELEMENTOS MALBEC 6X750 ,3
7216,F.LAS MORAS MALBEC 6X750,3
7216,FRIZZE EVOL BLUE NEW X1000,3
7216,FRIZZE ITAL LIMA LATA X473,3
7216,GORDON´S GIN 6x700,-3
7216,LOS ARBOLES SEL MALBEC 6X750,3
7216,SMIRNOFF RASPBERRY DO 6X700,3
7216,TRAPICHE ALARIS MALBEC 6X750,3
7217,ALMA MORA MALBEC 6X750,9
7217,DADA ART MALBEC 6X750,3
7217,FRIZZE EVOL BLUE NEW X1000,3
7217,GORDON´S GIN 6x700,-3
7217,SMIRNOFF RASPBERRY DO 6X700,3
7217,TRAPICHE ALARIS MALBEC 6X750,12
7218,ALMA MORA MALBEC 6X750,3
7218,DADA ART MALBEC 6X750,3
7218,DADA FMORAS N°1 6X750,3
7218,ELEMENTOS MALBEC 6X750 ,3
7218,F.LAS MORAS MALBEC 6X750,3
7218,FRIZZE EVOL BLUE NEW X1000,6
7218,GORDON´S GIN 6x700,-3
7218,LOS ARBOLES SEL MALBEC 6X750,3
7218,SMIRNOFF RASPBERRY DO 6X700,3
7218,TRAPICHE ALARIS MALBEC 6X750,3
7219,ALARIS D.COSECHA TINTO 6X750,3
7219,ALARIS RED BLEND 6 X750,6
7219,ALMA MORA MALBEC 12X375,-12
7219,ALMA MORA MALBEC 6X750,84
7219,ALMA MORA SEL RVE MALBEC 6X750,18
7219,ALMA MORA SYRAH 6X750,6
7219,BAILEYS NUEVA BOTELLA 12x750,2
7219,COLECCION PRIVADA CAB SAUV 6X750,6
7219,COLECCION PRIVADA MALBEC,12
7219,DADA 7 SWEET  6X750,6
7219,DADA ART MALBEC 6X750,18
7219,DADA ESPUMANTE 6X750 ,60
7219,DADA ESPUMANTE MARACUYA 6X750,84
7219,DADA FMORAS N°3 6X750,6
7219,DADA N°8 CHOCOLATE 6X750 ,12
7219,DADA N°9 CARAMEL 6X750,18
7219,DON DAVID MALBEC 6X750,12
7219,DON DAVID RESERVA MALBEC X750,3
7219,EL BAUTISMO MALBEC 6X750 ,30
7219,ELEMENTOS MALBEC 6X750 ,24
7219,F. LAS MORAS BCO DULCE 6X750 ,6
7219,F.LAS MORAS MALBEC 6X750,54
7219,FOND CAVE MALBEC 6X750 ,18
7219,FOND CAVE RVA MALBEC 6X750,12
7219,FRIZZE BLUE LATA X473,72
7219,FRIZZE EVOL BLUE NEW X1000,45
7219,GORDON´S GIN 6x700,18
7219,GORDON´S TONIC 4X6X473,0
7219,INTOCABLES DOUBLE OAK 6 X 750,3
7219,JW BLACK LABEL 12x750,12
7219,JW RED 12X750 UK,12
7219,LOS ARBOLES SEL MALBEC 6X750,6
7219,LOS INTOCABLES CAB.SAUV 6X750,3
7219,NC SPARK BRUT ROSE 6X750,6
7219,NC SPARK EBRUT 6X750 nuevo,6
7219,NC SPARK NATURE 6X750 PREM ,6
7219,ORIGEN BY TRAPICHE MALBEC 6X750,42
7219,SAN TELMO MALBEC X750,18
7219,SAN TELMO SPARK DULCE 6X750,6
7219,SAN TELMO SPARK E.BRUT 6X750,12
7219,SMF  BC GRAPEF&LIME  LATA 4X6X473,-1
7219,SMF ICE GREENAPPLE LAT 4X6X473,420
7219,SMF ICE RED BERRIE LAT 4X6X473,378
7219,SMIRNOFF GREEN APPLE DO 6X700,435
7219,SMIRNOFF ICE LATA 4X6X473,198
7219,SMIRNOFF RASPBERRY DO 6X700,588
7219,SMIRNOFF TAMARINDO 6 X 700,48
7219,SMIRNOFF WATERMELON 6X700,9
7219,TRAPICHE ALARIS CHARDO 6X750 ,6
7219,TRAPICHE ALARIS DULCE COSECHA 6X750,12
7219,TRAPICHE ALARIS MERLOT 6X750 ,6
7219,TRAPICHE RESERVA MALBEC 6X750,15
7219,WHITE HORSE DO 12X750,25
7221,ELEMENTOS MALBEC 6X750 ,6
7221,F.LAS MORAS MALBEC 6X750,6
7221,FRIZZE EVOL BLUE NEW X1000,3
7223,ALMA MORA MALBEC 6X750,3
7223,DADA ART MALBEC 6X750,3
7223,DADA FMORAS N°1 6X750,3
7223,ELEMENTOS MALBEC 6X750 ,3
7223,F.LAS MORAS MALBEC 6X750,3
7223,FRIZZE EVOL BLUE NEW X1000,6
7223,GORDON´S GIN 6x700,-3
7223,LOS ARBOLES SEL MALBEC 6X750,3
7223,SMIRNOFF RASPBERRY DO 6X700,3
7223,TRAPICHE ALARIS MALBEC 6X750,3
7224,ALMA MORA MALBEC 6X750,3
7224,ANTARES MICRO IPA 25 AÑOS,6
7224,DADA ART MALBEC 6X750,3
7224,DADA FMORAS N°1 6X750,3
7224,ELEMENTOS MALBEC 6X750 ,3
7224,F.LAS MORAS MALBEC 6X750,3
7224,FRIZZE EVOL BLUE NEW X1000,6
7224,GORDON´S GIN 6x700,3
7224,LOS ARBOLES SEL MALBEC 6X750,3
7224,SMIRNOFF RASPBERRY DO 6X700,3
7224,TRAPICHE ALARIS MALBEC 6X750,3
7225,ALMA MORA MALBEC 6X750,3
7225,DADA ART MALBEC 6X750,3
7225,DADA FMORAS N°1 6X750,3
7225,ELEMENTOS MALBEC 6X750 ,3
7225,F.LAS MORAS MALBEC 6X750,3
7225,FRIZZE EVOL BLUE NEW X1000,6
7225,GORDON´S GIN 6x700,-3
7225,LOS ARBOLES SEL MALBEC 6X750,3
7225,SMIRNOFF RASPBERRY DO 6X700,3
7225,TRAPICHE ALARIS MALBEC 6X750,3
7229,DADA ART MALBEC 6X750,9
7229,DADA FMORAS N°3 6X750,18
7229,ELEMENTOS MALBEC 6X750 ,12
7229,FRIZZE EVOL BLUE NEW X1000,3
7229,SAN TELMO MALBEC X750,6
7229,SMIRNOFF RASPBERRY DO 6X700,3
7229,TRAPICHE ALARIS DULCE COSECHA 6X750,6
7229,TRAPICHE ALARIS MALBEC 6X750,3
7232,ALMA MORA MALBEC 6X750,3
7232,DADA ART MALBEC 6X750,3
7232,DADA FMORAS N°1 6X750,3
7232,ELEMENTOS MALBEC 6X750 ,3
7232,F.LAS MORAS MALBEC 6X750,3
7232,FRIZZE EVOL BLUE NEW X1000,6
7232,GORDON´S GIN 6x700,3
7232,LOS ARBOLES SEL MALBEC 6X750,3
7232,SMIRNOFF RASPBERRY DO 6X700,3
7232,TRAPICHE ALARIS MALBEC 6X750,3
7233,DADA ART MALBEC 6X750,3
7233,FRIZZE EVOL BLUE NEW X1000,3
7233,SMIRNOFF RASPBERRY DO 6X700,3
7233,TRAPICHE ALARIS MALBEC 6X750,3
7238,DADA ART MALBEC 6X750,3
7238,FRIZZE EVOL BLUE NEW X1000,3
7238,SMIRNOFF RASPBERRY DO 6X700,3
7238,TRAPICHE ALARIS MALBEC 6X750,3
7240,ANTARES IPA LATA 6X473 (NEW),-6
7240,DADA ART MALBEC 6X750,3
7240,F.LAS MORAS MALBEC 6X750,48
7240,FRIZZE EVOL BLUE NEW X1000,3
7240,GORDON´S TONIC 4X6X473,6
7240,SMF BC RUBYORANGE&LIME LATA 4X6X473,18
7240,SMF ICE GREENAPPLE LAT 4X6X473,12
7240,SMF ICE RED BERRIE LAT 4X6X473,48
7240,SMIRNOFF RASPBERRY DO 6X700,3
7240,TRAPICHE ALARIS MALBEC 6X750,3
7244,ANTARES LAGER LATA 6X473,6
7244,ANTARES LATA CARAVANA 6 X 473ML,12
7244,ANTARES LATA IPA 6 X 473ML,30
7244,ANTARES LATA KOLSCH 6 X 473ML,24
7244,ANTARES PLAYA GRANDE 6 X 473ML,12
7244,BAILEYS SALTED CARAMEL 12X750,1
7244,DON DAVID MALBEC 6X750,3
7244,FOND CAVE RVA MALBEC 6X750,6
7244,LA MASCOTA MALBEC 6X750,3
7244,LOS INTOCABLES MALBEC 6X750,6
7244,ORIGEN BY TRAPICHE MALBEC 6X750,6
7245,ALMA MORA MALBEC 12X375,12
7245,FRIZZE EVOL BLUE NEW X1000,3
7247,DADA ART MALBEC 6X750,3
7247,FRIZZE EVOL BLUE NEW X1000,3
7247,SMIRNOFF 21 DO 12X700,-3
7247,SMIRNOFF RASPBERRY DO 6X700,3
7247,TRAPICHE ALARIS MALBEC 6X750,3
7248,ALMA MORA MALBEC 6X750,3
7248,ANTARES MICRO IPA 25 AÑOS,6
7248,DADA ART MALBEC 6X750,3
7248,DADA FMORAS N°1 6X750,3
7248,ELEMENTOS MALBEC 6X750 ,3
7248,F.LAS MORAS MALBEC 6X750,3
7248,FRIZZE EVOL BLUE NEW X1000,6
7248,GORDON´S GIN 6x700,3
7248,LOS ARBOLES SEL MALBEC 6X750,3
7248,SMF ICE GREENAPPLE LAT 4X6X473,12
7248,SMF ICE RED BERRIE LAT 4X6X473,6
7248,SMIRNOFF RASPBERRY DO 6X700,3
7248,TRAPICHE ALARIS MALBEC 6X750,3
7250,ALMA MORA MALBEC 6X750,3
7250,DADA FMORAS N°1 6X750,3
7250,F.LAS MORAS MALBEC 6X750,3
7250,FRIZZE EVOL BLUE NEW X1000,3
7250,LOS ARBOLES SEL MALBEC 6X750,3
7254,ALMA MORA MALBEC 6X750,3
7254,ANTARES MICRO IPA 25 AÑOS,6
7254,DADA ART MALBEC 6X750,3
7254,DADA FMORAS N°1 6X750,3
7254,ELEMENTOS MALBEC 6X750 ,3
7254,F.LAS MORAS MALBEC 6X750,3
7254,FRIZZE EVOL BLUE NEW X1000,6
7254,GORDON´S GIN 6x700,3
7254,LOS ARBOLES SEL MALBEC 6X750,3
7254,SMIRNOFF RASPBERRY DO 6X700,3
7254,TRAPICHE ALARIS MALBEC 6X750,3
7256,ALMA MORA MALBEC 6X750,3
7256,ANTARES MICRO IPA 25 AÑOS,6
7256,DADA ART MALBEC 6X750,3
7256,DADA FMORAS N°1 6X750,3
7256,ELEMENTOS MALBEC 6X750 ,3
7256,F.LAS MORAS MALBEC 6X750,3
7256,FRIZZE EVOL BLUE NEW X1000,6
7256,GORDON´S GIN 6x700,3
7256,LOS ARBOLES SEL MALBEC 6X750,3
7256,SMIRNOFF RASPBERRY DO 6X700,3
7256,TRAPICHE ALARIS MALBEC 6X750,3
7258,ALMA MORA MALBEC 6X750,3
7258,DADA ART MALBEC 6X750,3
7258,DADA FMORAS N°1 6X750,3
7258,ELEMENTOS MALBEC 6X750 ,3
7258,F.LAS MORAS MALBEC 6X750,3
7258,FRIZZE EVOL BLUE NEW X1000,6
7258,GORDON´S GIN 6x700,3
7258,LOS ARBOLES SEL MALBEC 6X750,3
7258,SMF BC RUBYORANGE&LIME LATA 4X6X473,-6
7258,SMF ICE GREENAPPLE LAT 4X6X473,18
7258,SMF ICE RED BERRIE LAT 4X6X473,12
7258,SMIRNOFF RASPBERRY DO 6X700,6
7258,SMIRNOFF TROPICAL FRUITS 6X700,-3
7258,TRAPICHE ALARIS MALBEC 6X750,3
7260,ANTARES IPA LATA 6X473 (NEW),-6
7262,ANTARES IPA LATA 6X473 (NEW),-6
7262,DADA ART MALBEC 6X750,3
7262,FRIZZE EVOL BLUE NEW X1000,3
7262,SMIRNOFF RASPBERRY DO 6X700,3
7262,TRAPICHE ALARIS MALBEC 6X750,3
7265,DADA ART MALBEC 6X750,3
7265,FRIZZE EVOL BLUE NEW X1000,3
7265,SMIRNOFF RASPBERRY DO 6X700,3
7265,TRAPICHE ALARIS MALBEC 6X750,3
7267,DADA ART MALBEC 6X750,3
7267,FRIZZE EVOL BLUE NEW X1000,3
7267,SMIRNOFF 21 DO 12X700,-3
7267,SMIRNOFF RASPBERRY DO 6X700,3
7267,TRAPICHE ALARIS MALBEC 6X750,3
7268,ALMA MORA MALBEC 6X750,3
7268,DADA ART MALBEC 6X750,3
7268,DADA FMORAS N°1 6X750,3
7268,F.LAS MORAS MALBEC 6X750,3
7268,FRIZZE EVOL BLUE NEW X1000,6
7268,GORDON´S GIN 6x700,-3
7268,LOS ARBOLES SEL MALBEC 6X750,3
7268,SMIRNOFF RASPBERRY DO 6X700,3
7268,TRAPICHE ALARIS MALBEC 6X750,3
7271,DADA ART MALBEC 6X750,3
7271,FRIZZE EVOL BLUE NEW X1000,3
7271,SMIRNOFF 21 DO 12X700,-3
7271,SMIRNOFF RASPBERRY DO 6X700,3
7271,TRAPICHE ALARIS MALBEC 6X750,3
7275,SMIRNOFF 21 DO 12X700,-3
7275,SMIRNOFF RASPBERRY DO 6X700,3
7279,ANTARES IPA LATA 6X473 (NEW),-6
7279,DADA ART MALBEC 6X750,3
7279,FRIZZE EVOL BLUE NEW X1000,3
7279,SMIRNOFF RASPBERRY DO 6X700,3
7279,TRAPICHE ALARIS MALBEC 6X750,3
7281,ALMA MORA MALBEC 6X750,3
7281,DADA ART MALBEC 6X750,3
7281,DADA FMORAS N°1 6X750,3
7281,ELEMENTOS MALBEC 6X750 ,3
7281,F.LAS MORAS MALBEC 6X750,3
7281,FRIZZE EVOL BLUE NEW X1000,6
7281,LOS ARBOLES SEL MALBEC 6X750,3
7281,SMIRNOFF RASPBERRY DO 6X700,3
7281,TRAPICHE ALARIS MALBEC 6X750,3
7288,DADA ART MALBEC 6X750,3
7288,FRIZZE EVOL BLUE NEW X1000,3
7288,SMF ICE RED BERRIE LAT 4X6X473,6
7288,SMIRNOFF 21 DO 12X700,-3
7288,SMIRNOFF RASPBERRY DO 6X700,3
7288,TRAPICHE ALARIS MALBEC 6X750,3
7289,DADA ART MALBEC 6X750,3
7289,FRIZZE EVOL BLUE NEW X1000,3
7289,SMIRNOFF 21 DO 12X700,-3
7289,SMIRNOFF RASPBERRY DO 6X700,3
7289,TRAPICHE ALARIS MALBEC 6X750,3
7294,DADA ART MALBEC 6X750,3
7294,FRIZZE EVOL BLUE NEW X1000,3
7294,SMIRNOFF 21 DO 12X700,-3
7294,SMIRNOFF RASPBERRY DO 6X700,3
7294,TRAPICHE ALARIS MALBEC 6X750,3
7299,DADA ART MALBEC 6X750,3
7299,FRIZZE EVOL BLUE NEW X1000,3
7299,SMIRNOFF 21 DO 12X700,-3
7299,SMIRNOFF RASPBERRY DO 6X700,3
7299,TRAPICHE ALARIS MALBEC 6X750,3
7306,ANTARES IPA LATA 6X473 (NEW),-6
7306,FRIZZE BLUE LATA X473,18
7306,GORDON´S TONIC 4X6X473,6
7306,SMF  BC GRAPEF&LIME  LATA 4X6X473,6
7306,SMF BC RUBYORANGE&LIME LATA 4X6X473,6
7306,SMF ICE GREENAPPLE LAT 4X6X473,24
7306,SMF ICE RED BERRIE LAT 4X6X473,42
7306,SMIRNOFF GREEN APPLE DO 6X700,3
7312,ALMA MORA MALBEC 6X750,0
7312,DADA FMORAS N°1 6X750,0
7312,ELEMENTOS MALBEC 6X750 ,0
7312,F.LAS MORAS MALBEC 6X750,0
7312,FOND CAVE MALBEC 6X750 ,0
7312,LOS ARBOLES SEL MALBEC 6X750,0
7312,ORIGEN BY TRAPICHE MALBEC 6X750,0
7312,TRAPICHE ALARIS MALBEC 6X750,0
7312,TRAPICHE RESERVA MALBEC 6X750,0
7314,DADA ART MALBEC 6X750,3
7314,FRIZZE EVOL BLUE NEW X1000,3
7314,SMIRNOFF 21 DO 12X700,-3
7314,SMIRNOFF RASPBERRY DO 6X700,3
7314,TRAPICHE ALARIS MALBEC 6X750,3
7317,DADA ART MALBEC 6X750,3
7317,FRIZZE EVOL BLUE NEW X1000,3
7317,SMIRNOFF 21 DO 12X700,-3
7317,SMIRNOFF RASPBERRY DO 6X700,3
7317,TRAPICHE ALARIS MALBEC 6X750,3
7327,DADA ART MALBEC 6X750,3
7327,FRIZZE EVOL BLUE NEW X1000,3
7327,SMIRNOFF 21 DO 12X700,-3
7327,SMIRNOFF RASPBERRY DO 6X700,3
7327,TRAPICHE ALARIS MALBEC 6X750,3
7331,ALMA MORA MALBEC 6X750,3
7331,ANTARES MICRO IPA 25 AÑOS,6
7331,DADA ART MALBEC 6X750,3
7331,DADA FMORAS N°1 6X750,3
7331,ELEMENTOS MALBEC 6X750 ,3
7331,F.LAS MORAS MALBEC 6X750,3
7331,FRIZZE EVOL BLUE NEW X1000,6
7331,GORDON´S GIN 6x700,3
7331,LOS ARBOLES SEL MALBEC 6X750,3
7331,SMIRNOFF RASPBERRY DO 6X700,3
7331,TRAPICHE ALARIS MALBEC 6X750,3
7334,ALMA MORA MALBEC 6X750,3
7334,DADA ART MALBEC 6X750,3
7334,DADA FMORAS N°1 6X750,3
7334,ELEMENTOS MALBEC 6X750 ,3
7334,F.LAS MORAS MALBEC 6X750,3
7334,FRIZZE EVOL BLUE NEW X1000,6
7334,LOS ARBOLES SEL MALBEC 6X750,3
7334,SMIRNOFF RASPBERRY DO 6X700,3
7334,TRAPICHE ALARIS MALBEC 6X750,3
7345,ALMA MORA MALBEC 6X750,3
7345,DADA ART MALBEC 6X750,3
7345,DADA FMORAS N°1 6X750,3
7345,ELEMENTOS MALBEC 6X750 ,3
7345,F.LAS MORAS MALBEC 6X750,3
7345,FRIZZE EVOL BLUE NEW X1000,6
7345,LOS ARBOLES SEL MALBEC 6X750,3
7345,SMIRNOFF RASPBERRY DO 6X700,3
7345,TRAPICHE ALARIS MALBEC 6X750,3
7346,ANTARES LATA IPA 6 X 473ML,6
7346,ANTARES PLAYA GRANDE 6 X 473ML,6
7346,DADA ART MALBEC 6X750,3
7346,FRIZZE EVOL BLUE NEW X1000,3
7346,GORDON´S GIN 6x700,-3
7346,SMIRNOFF RASPBERRY DO 6X700,3
7346,TRAPICHE ALARIS MALBEC 6X750,3
7348,DADA ART MALBEC 6X750,3
7348,FRIZZE EVOL BLUE NEW X1000,3
7348,SMIRNOFF 21 DO 12X700,-3
7348,SMIRNOFF RASPBERRY DO 6X700,3
7348,TRAPICHE ALARIS MALBEC 6X750,3
7351,DADA ART MALBEC 6X750,3
7351,FRIZZE EVOL BLUE NEW X1000,3
7351,SMIRNOFF 21 DO 12X700,-3
7351,SMIRNOFF RASPBERRY DO 6X700,3
7351,TRAPICHE ALARIS MALBEC 6X750,3
7354,ANTARES IPA LATA 6X473 (NEW),-6
7356,ALMA MORA MALBEC 6X750,30
7356,SMF ICE GREENAPPLE LAT 4X6X473,24
7356,SMF ICE RED BERRIE LAT 4X6X473,60
7356,SMIRNOFF GREEN APPLE DO 6X700,132
7356,SMIRNOFF ICE LATA 4X6X473,12
7356,SMIRNOFF RASPBERRY DO 6X700,114
7356,SMIRNOFF TAMARINDO 6 X 700,6
7356,SMIRNOFF TROPICAL FRUITS 6X700,12
7360,ALMA MORA MALBEC 6X750,3
7360,ANTARES IPA LATA 6X473 (NEW),-6
7360,FRIZZE EVOL BLUE NEW X1000,3
7360,TRAPICHE ALARIS MALBEC 6X750,3
7369,ALMA MORA MALBEC 6X750,3
7369,DADA FMORAS N°1 6X750,3
7369,LOS ARBOLES SEL MALBEC 6X750,3
7377,DADA ART MALBEC 6X750,3
7377,FRIZZE EVOL BLUE NEW X1000,3
7377,SMIRNOFF 21 DO 12X700,-3
7377,SMIRNOFF RASPBERRY DO 6X700,3
7377,TRAPICHE ALARIS MALBEC 6X750,3
7382,DADA ART MALBEC 6X750,3
7382,FRIZZE EVOL BLUE NEW X1000,3
7382,SMIRNOFF 21 DO 12X700,-3
7382,SMIRNOFF RASPBERRY DO 6X700,3
7382,TRAPICHE ALARIS MALBEC 6X750,3
7385,DADA ART MALBEC 6X750,3
7385,FRIZZE EVOL BLUE NEW X1000,3
7385,SMIRNOFF 21 DO 12X700,-3
7385,SMIRNOFF RASPBERRY DO 6X700,3
7385,TRAPICHE ALARIS MALBEC 6X750,3
7385,WHITE HORSE DO 12X750,2
7386,ALMA MORA MALBEC 6X750,0
7386,DADA FMORAS N°1 6X750,0
7386,ELEMENTOS MALBEC 6X750 ,0
7386,F.LAS MORAS MALBEC 6X750,0
7386,FOND CAVE MALBEC 6X750 ,0
7386,LOS ARBOLES SEL MALBEC 6X750,0
7386,ORIGEN BY TRAPICHE MALBEC 6X750,0
7386,TRAPICHE ALARIS MALBEC 6X750,0
7386,TRAPICHE RESERVA MALBEC 6X750,0
7395,DADA ART MALBEC 6X750,3
7395,FRIZZE EVOL BLUE NEW X1000,3
7395,SMIRNOFF 21 DO 12X700,-3
7395,SMIRNOFF RASPBERRY DO 6X700,3
7395,TRAPICHE ALARIS MALBEC 6X750,3
7398,DADA ART MALBEC 6X750,3
7398,FRIZZE EVOL BLUE NEW X1000,3
7398,SMIRNOFF 21 DO 12X700,-3
7398,SMIRNOFF RASPBERRY DO 6X700,3
7398,TRAPICHE ALARIS DULCE COSECHA 6X750,6
7398,TRAPICHE ALARIS MALBEC 6X750,3
7409,ANTARES IPA LATA 6X473 (NEW),6
7409,ANTARES LATA IPA 6 X 473ML,6
7409,DADA ART MALBEC 6X750,3
7409,FRIZZE EVOL BLUE NEW X1000,3
7409,SMIRNOFF 21 DO 12X700,-3
7409,SMIRNOFF RASPBERRY DO 6X700,3
7409,TRAPICHE ALARIS MALBEC 6X750,3
7412,DADA ART MALBEC 6X750,3
7412,DADA FMORAS N°1 6X750,3
7412,ELEMENTOS MALBEC 6X750 ,3
7412,F.LAS MORAS MALBEC 6X750,3
7412,FRIZZE EVOL BLUE NEW X1000,3
7412,SAN TELMO MALBEC X750,3
7412,SMIRNOFF RASPBERRY DO 6X700,3
7412,TRAPICHE ALARIS DULCE COSECHA 6X750,6
7412,TRAPICHE ALARIS MALBEC 6X750,3
7413,ALMA MORA MALBEC 6X750,6
7413,DADA ART MALBEC 6X750,3
7413,DADA FMORAS N°1 6X750,3
7413,ELEMENTOS MALBEC 6X750 ,3
7413,F.LAS MORAS MALBEC 6X750,3
7413,FRIZZE EVOL BLUE NEW X1000,9
7413,LOS ARBOLES SEL MALBEC 6X750,3
7413,SMIRNOFF RASPBERRY DO 6X700,3
7413,TRAPICHE ALARIS MALBEC 6X750,6
7416,DADA ART MALBEC 6X750,3
7416,DADA FMORAS N°1 6X750,3
7416,F.LAS MORAS MALBEC 6X750,3
7416,FRIZZE EVOL BLUE NEW X1000,3
7416,GORDON´S TONIC 4X6X473,6
7416,SMIRNOFF 21 DO 12X700,-3
7416,SMIRNOFF ICE LATA 4X6X473,6
7416,SMIRNOFF RASPBERRY DO 6X700,3
7416,TRAPICHE ALARIS MALBEC 6X750,3
7417,ALMA MORA MALBEC 6X750,3
7417,ANTARES MICRO IPA 25 AÑOS,6
7417,DADA ART MALBEC 6X750,3
7417,DADA FMORAS N°1 6X750,3
7417,ELEMENTOS MALBEC 6X750 ,3
7417,F.LAS MORAS MALBEC 6X750,3
7417,FRIZZE EVOL BLUE NEW X1000,6
7417,GORDON´S GIN 6x700,3
7417,LOS ARBOLES SEL MALBEC 6X750,3
7417,SMIRNOFF RASPBERRY DO 6X700,3
7417,TRAPICHE ALARIS MALBEC 6X750,3
7423,ALMA MORA MALBEC 6X750,3
7423,DADA ART MALBEC 6X750,3
7423,DADA FMORAS N°1 6X750,3
7423,ELEMENTOS MALBEC 6X750 ,3
7423,F.LAS MORAS MALBEC 6X750,3
7423,FRIZZE EVOL BLUE NEW X1000,6
7423,LOS ARBOLES SEL MALBEC 6X750,3
7423,SMF ICE GREENAPPLE LAT 4X6X473,18
7423,SMF ICE RED BERRIE LAT 4X6X473,18
7423,SMIRNOFF RASPBERRY DO 6X700,3
7423,TRAPICHE ALARIS MALBEC 6X750,3
7427,DADA ART MALBEC 6X750,3
7427,FRIZZE EVOL BLUE NEW X1000,3
7427,SMIRNOFF 21 DO 12X700,-3
7427,SMIRNOFF RASPBERRY DO 6X700,3
7427,TRAPICHE ALARIS MALBEC 6X750,3
7442,DADA ART MALBEC 6X750,3
7442,FRIZZE EVOL BLUE NEW X1000,3
7442,SMIRNOFF RASPBERRY DO 6X700,3
7442,TRAPICHE ALARIS MALBEC 6X750,3
7445,GORDON´S GIN 6x700,6
7445,GORDON´S TONIC 4X6X473,12
7445,LOS ARBOLES SEL CHARD 6X750,3
7445,LOS INTOCABLES MALBEC 6X750,3
7445,LOS INTOCABLES RED BLEND 6X750,3
7445,SMF ICE GREENAPPLE LAT 4X6X473,12
7445,SMF ICE RED BERRIE LAT 4X6X473,12
7445,SMIRNOFF GREEN APPLE DO 6X700,6
7445,SMIRNOFF ICE LATA 4X6X473,6
7445,SMIRNOFF TAMARINDO 6 X 700,12
7445,TRAPICHE ALARIS SBLANC 6X750,3
7451,ALMA MORA MALBEC 6X750,3
7451,DADA ART MALBEC 6X750,3
7451,DADA FMORAS N°1 6X750,3
7451,ELEMENTOS MALBEC 6X750 ,3
7451,F.LAS MORAS MALBEC 6X750,3
7451,FRIZZE EVOL BLUE NEW X1000,6
7451,LOS ARBOLES SEL MALBEC 6X750,3
7451,SMIRNOFF RASPBERRY DO 6X700,3
7451,TRAPICHE ALARIS MALBEC 6X750,3
7460,ALMA MORA MALBEC 6X750,3
7460,DADA ART MALBEC 6X750,3
7460,DADA FMORAS N°1 6X750,3
7460,ELEMENTOS MALBEC 6X750 ,3
7460,F.LAS MORAS MALBEC 6X750,3
7460,FRIZZE EVOL BLUE NEW X1000,6
7460,LOS ARBOLES SEL MALBEC 6X750,3
7460,SMIRNOFF RASPBERRY DO 6X700,3
7460,TRAPICHE ALARIS MALBEC 6X750,3
7461,DADA ART MALBEC 6X750,3
7461,FRIZZE EVOL BLUE NEW X1000,3
7461,SMIRNOFF RASPBERRY DO 6X700,3
7461,TERMIDOR BLANCO 12X1L ,12
7461,TRAPICHE ALARIS MALBEC 6X750,3
7464,DADA ART MALBEC 6X750,3
7464,FRIZZE EVOL BLUE NEW X1000,3
7464,SMIRNOFF RASPBERRY DO 6X700,3
7464,TRAPICHE ALARIS MALBEC 6X750,3
7469,DADA ART MALBEC 6X750,3
7469,DADA FMORAS N°1 6X750,18
7469,FRIZZE EVOL BLUE NEW X1000,3
7469,SMIRNOFF 21 DO 12X700,-3
7469,SMIRNOFF RASPBERRY DO 6X700,3
7469,TRAPICHE ALARIS MALBEC 6X750,3
7474,ALMA MORA MALBEC 6X750,3
7474,DADA ART MALBEC 6X750,3
7474,DADA FMORAS N°1 6X750,3
7474,F.LAS MORAS MALBEC 6X750,3
7474,FRIZZE EVOL BLUE NEW X1000,6
7474,GORDON´S GIN 6x700,-3
7474,LOS ARBOLES SEL MALBEC 6X750,3
7474,SMIRNOFF RASPBERRY DO 6X700,3
7474,TRAPICHE ALARIS MALBEC 6X750,3
7476,DADA ART MALBEC 6X750,3
7476,FRIZZE EVOL BLUE NEW X1000,3
7476,SMIRNOFF 21 DO 12X700,-3
7476,SMIRNOFF RASPBERRY DO 6X700,3
7476,TRAPICHE ALARIS MALBEC 6X750,3
7477,ALMA MORA MALBEC 6X750,0
7477,DADA FMORAS N°1 6X750,0
7477,ELEMENTOS MALBEC 6X750 ,0
7477,F.LAS MORAS MALBEC 6X750,0
7477,FOND CAVE MALBEC 6X750 ,0
7477,LOS ARBOLES SEL MALBEC 6X750,0
7477,ORIGEN BY TRAPICHE MALBEC 6X750,0
7477,TRAPICHE ALARIS MALBEC 6X750,0
7477,TRAPICHE RESERVA MALBEC 6X750,0
7481,ANTARES IPA LATA 6X473 (NEW),-6
7482,ALMA MORA MALBEC 6X750,0
7482,DADA FMORAS N°1 6X750,0
7482,ELEMENTOS MALBEC 6X750 ,0
7482,F.LAS MORAS MALBEC 6X750,0
7482,FOND CAVE MALBEC 6X750 ,0
7482,LOS ARBOLES SEL MALBEC 6X750,0
7482,ORIGEN BY TRAPICHE MALBEC 6X750,0
7482,TRAPICHE ALARIS MALBEC 6X750,0
7482,TRAPICHE RESERVA MALBEC 6X750,0
7484,ALMA MORA MALBEC 6X750,3
7484,DADA ART MALBEC 6X750,3
7484,DADA FMORAS N°1 6X750,3
7484,ELEMENTOS MALBEC 6X750 ,3
7484,F.LAS MORAS MALBEC 6X750,3
7484,FRIZZE EVOL BLUE NEW X1000,6
7484,LOS ARBOLES SEL MALBEC 6X750,3
7484,SMIRNOFF RASPBERRY DO 6X700,3
7484,TRAPICHE ALARIS MALBEC 6X750,3
7485,ALMA MORA MALBEC 6X750,3
7485,DADA ART MALBEC 6X750,3
7485,DADA FMORAS N°1 6X750,3
7485,ELEMENTOS MALBEC 6X750 ,3
7485,F.LAS MORAS MALBEC 6X750,3
7485,FRIZZE EVOL BLUE NEW X1000,6
7485,LOS ARBOLES SEL MALBEC 6X750,3
7485,SMIRNOFF RASPBERRY DO 6X700,3
7485,TRAPICHE ALARIS MALBEC 6X750,3
7496,ALMA MORA MALBEC 6X750,3
7496,DADA FMORAS N°1 6X750,3
7496,LOS ARBOLES SEL MALBEC 6X750,3
7502,DADA ART MALBEC 6X750,3
7502,FRIZZE EVOL BLUE NEW X1000,3
7502,SMIRNOFF 21 DO 12X700,-3
7502,SMIRNOFF RASPBERRY DO 6X700,3
7502,TRAPICHE ALARIS MALBEC 6X750,3
7503,DADA ART MALBEC 6X750,3
7503,FRIZZE EVOL BLUE NEW X1000,3
7503,SMIRNOFF 21 DO 12X700,-3
7503,SMIRNOFF RASPBERRY DO 6X700,3
7503,TRAPICHE ALARIS MALBEC 6X750,3
7504,ALMA MORA MALBEC 6X750,3
7504,DADA FMORAS N°1 6X750,3
7504,LOS ARBOLES SEL MALBEC 6X750,3
7507,DADA ART MALBEC 6X750,3
7507,FRIZZE EVOL BLUE NEW X1000,3
7507,SMIRNOFF 21 DO 12X700,-3
7507,SMIRNOFF RASPBERRY DO 6X700,3
7507,TRAPICHE ALARIS MALBEC 6X750,3
7509,ALMA MORA MALBEC 6X750,3
7509,ANTARES MICRO IPA 25 AÑOS,6
7509,DADA ART MALBEC 6X750,3
7509,DADA FMORAS N°1 6X750,3
7509,ELEMENTOS MALBEC 6X750 ,3
7509,F.LAS MORAS MALBEC 6X750,3
7509,FRIZZE EVOL BLUE NEW X1000,6
7509,GORDON´S GIN 6x700,3
7509,LOS ARBOLES SEL MALBEC 6X750,3
7509,SMIRNOFF RASPBERRY DO 6X700,3
7509,TRAPICHE ALARIS MALBEC 6X750,3
7510,ANTARES LAGER LATA 6X473,6
7510,DADA ART MALBEC 6X750,3
7510,FRIZZE EVOL BLUE NEW X1000,3
7510,SMIRNOFF 21 DO 12X700,-3
7510,SMIRNOFF RASPBERRY DO 6X700,3
7510,TRAPICHE ALARIS MALBEC 6X750,3
7511,ANTARES IPA LATA 6X473 (NEW),6
7511,ANTARES LATA IPA 6 X 473ML,6
7511,DADA ART MALBEC 6X750,3
7511,FRIZZE EVOL BLUE NEW X1000,3
7511,SMIRNOFF RASPBERRY DO 6X700,3
7511,TRAPICHE ALARIS MALBEC 6X750,3
7513,ALMA MORA MALBEC 6X750,3
7513,ANTARES MICRO IPA 25 AÑOS,6
7513,DADA ART MALBEC 6X750,3
7513,DADA FMORAS N°1 6X750,3
7513,ELEMENTOS MALBEC 6X750 ,3
7513,F.LAS MORAS MALBEC 6X750,3
7513,FRIZZE EVOL BLUE NEW X1000,6
7513,GORDON´S GIN 6x700,3
7513,LOS ARBOLES SEL MALBEC 6X750,3
7513,SMIRNOFF RASPBERRY DO 6X700,3
7513,TRAPICHE ALARIS MALBEC 6X750,3
7518,ALMA MORA MALBEC 6X750,3
7518,DADA ART MALBEC 6X750,3
7518,F.LAS MORAS MALBEC 6X750,6
7518,FRIZZE EVOL BLUE NEW X1000,6
7518,SMIRNOFF RASPBERRY DO 6X700,3
7518,TRAPICHE ALARIS DULCE COSECHA 6X750,6
7518,TRAPICHE ALARIS MALBEC 6X750,6
7520,ALMA MORA MALBEC 6X750,6
7520,DADA ART MALBEC 6X750,3
7520,DADA FMORAS N°1 6X750,3
7520,ELEMENTOS MALBEC 6X750 ,3
7520,F.LAS MORAS MALBEC 6X750,3
7520,FRIZZE EVOL BLUE NEW X1000,9
7520,LOS ARBOLES SEL MALBEC 6X750,3
7520,SMIRNOFF RASPBERRY DO 6X700,3
7520,TRAPICHE ALARIS MALBEC 6X750,6
7521,ALMA MORA MALBEC 6X750,3
7521,DADA ART MALBEC 6X750,3
7521,FRIZZE EVOL BLUE NEW X1000,6
7521,SMIRNOFF RASPBERRY DO 6X700,3
7521,TRAPICHE ALARIS MALBEC 6X750,6
7522,ALMA MORA MALBEC 6X750,3
7522,DADA ART MALBEC 6X750,3
7522,F.LAS MORAS MALBEC 6X750,18
7522,FRIZZE EVOL BLUE NEW X1000,6
7522,SMIRNOFF RASPBERRY DO 6X700,3
7522,TRAPICHE ALARIS MALBEC 6X750,6
7523,ALMA MORA MALBEC 6X750,6
7523,DADA ART MALBEC 6X750,3
7523,DADA FMORAS N°1 6X750,3
7523,ELEMENTOS MALBEC 6X750 ,3
7523,F.LAS MORAS MALBEC 6X750,3
7523,FRIZZE EVOL BLUE NEW X1000,9
7523,LOS ARBOLES SEL MALBEC 6X750,3
7523,SMIRNOFF RASPBERRY DO 6X700,3
7523,TRAPICHE ALARIS MALBEC 6X750,6
7524,ALMA MORA MALBEC 6X750,3
7524,ANTARES MICRO IPA 25 AÑOS,6
7524,DADA ART MALBEC 6X750,3
7524,DADA FMORAS N°1 6X750,3
7524,ELEMENTOS MALBEC 6X750 ,3
7524,F.LAS MORAS MALBEC 6X750,3
7524,FRIZZE EVOL BLUE NEW X1000,6
7524,GORDON´S GIN 6x700,3
7524,LOS ARBOLES SEL MALBEC 6X750,3
7524,SMIRNOFF RASPBERRY DO 6X700,3
7524,TRAPICHE ALARIS MALBEC 6X750,3
7525,ALMA MORA MALBEC 6X750,3
7525,DADA FMORAS N°1 6X750,3
7525,LOS ARBOLES SEL MALBEC 6X750,3
7526,ALMA MORA MALBEC 6X750,9
7526,DADA ART MALBEC 6X750,9
7526,FRIZZE EVOL BLUE NEW X1000,6
7526,SMIRNOFF RASPBERRY DO 6X700,3
7526,TRAPICHE ALARIS MALBEC 6X750,6
7533,ALMA MORA MALBEC 6X750,3
7533,DADA ART MALBEC 6X750,3
7533,FRIZZE EVOL BLUE NEW X1000,6
7533,SMIRNOFF RASPBERRY DO 6X700,3
7533,TRAPICHE ALARIS MALBEC 6X750,6
7546,DADA ART MALBEC 6X750,3
7546,FRIZZE EVOL BLUE NEW X1000,3
7546,SMIRNOFF 21 DO 12X700,-3
7546,SMIRNOFF RASPBERRY DO 6X700,3
7546,TRAPICHE ALARIS MALBEC 6X750,3
7548,ALMA MORA MALBEC 6X750,3
7548,ELEMENTOS CABSAUV 6X750 ,3
7548,F.LAS MORAS MALBEC 6X750,3
7548,GORDON´S GIN 6x700,-3
7548,TRAPICHE ALARIS SBLANC 6X750,3
7553,ANTARES IPA LATA 6X473 (NEW),-6
7558,ALMA MORA MALBEC 6X750,3
7558,ANTARES MICRO IPA 25 AÑOS,6
7558,DADA ART MALBEC 6X750,3
7558,DADA FMORAS N°1 6X750,3
7558,ELEMENTOS MALBEC 6X750 ,3
7558,F.LAS MORAS MALBEC 6X750,3
7558,FRIZZE EVOL BLUE NEW X1000,6
7558,GORDON´S GIN 6x700,3
7558,LOS ARBOLES SEL MALBEC 6X750,3
7558,SMIRNOFF RASPBERRY DO 6X700,3
7558,TRAPICHE ALARIS MALBEC 6X750,3
7565,ALMA MORA MALBEC 6X750,3
7565,ANTARES MICRO IPA 25 AÑOS,6
7565,DADA ART MALBEC 6X750,3
7565,DADA FMORAS N°1 6X750,3
7565,ELEMENTOS MALBEC 6X750 ,3
7565,F.LAS MORAS MALBEC 6X750,3
7565,FRIZZE EVOL BLUE NEW X1000,6
7565,GORDON´S GIN 6x700,3
7565,LOS ARBOLES SEL MALBEC 6X750,3
7565,SMIRNOFF RASPBERRY DO 6X700,3
7565,TRAPICHE ALARIS MALBEC 6X750,3
7569,ALMA MORA MALBEC 6X750,6
7569,DADA ART MALBEC 6X750,3
7569,DADA FMORAS N°1 6X750,3
7569,ELEMENTOS MALBEC 6X750 ,3
7569,F.LAS MORAS MALBEC 6X750,3
7569,FRIZZE EVOL BLUE NEW X1000,9
7569,LOS ARBOLES SEL MALBEC 6X750,3
7569,SMIRNOFF RASPBERRY DO 6X700,3
7569,TRAPICHE ALARIS MALBEC 6X750,6
7569,TRAPICHE RESERVA MALBEC 6X750,-3
7570,ALMA MORA MALBEC 6X750,3
7570,ANTARES LATA IPA 6 X 473ML,6
7570,DADA ART MALBEC 6X750,3
7570,FRIZZE EVOL BLUE NEW X1000,6
7570,SMIRNOFF RASPBERRY DO 6X700,3
7570,TRAPICHE ALARIS MALBEC 6X750,6
7570,TRAPICHE RESERVA MALBEC 6X750,-3
7573,ALMA MORA MALBEC 6X750,3
7573,DADA FMORAS N°1 6X750,3
7573,ELEMENTOS MALBEC 6X750 ,3
7573,F.LAS MORAS MALBEC 6X750,3
7573,FRIZZE EVOL BLUE NEW X1000,3
7573,LOS ARBOLES SEL MALBEC 6X750,3
7576,DADA FMORAS N°1 6X750,12
7577,ALMA MORA MALBEC 6X750,3
7577,DADA ART MALBEC 6X750,3
7577,FRIZZE EVOL BLUE NEW X1000,6
7577,SMIRNOFF RASPBERRY DO 6X700,3
7577,TRAPICHE ALARIS MALBEC 6X750,6
7577,TRAPICHE RESERVA MALBEC 6X750,-3
7580,ANTARES IPA LATA 6X473 (NEW),-6
7588,SMF  BC GRAPEF&LIME  LATA 4X6X473,48
7588,SMF BC RUBYORANGE&LIME LATA 4X6X473,18
7588,SMF ICE GREENAPPLE LAT 4X6X473,42
7588,SMF ICE RED BERRIE LAT 4X6X473,66
7588,SMIRNOFF 21 DO 12X700,-3
7589,ALMA MORA MALBEC 6X750,6
7589,DADA ART MALBEC 6X750,3
7589,DADA EXTRA BRUT 6X750,3
7589,DADA FMORAS N°1 6X750,3
7589,F.LAS MORAS MALBEC 6X750,3
7589,FRIZZE EVOL BLUE NEW X1000,6
7589,GORDON´S GIN 6x700,-3
7589,LOS ARBOLES SEL MALBEC 6X750,3
7589,SMIRNOFF RASPBERRY DO 6X700,3
7589,TRAPICHE ALARIS MALBEC 6X750,3
7590,ALMA MORA MALBEC 6X750,0
7590,DADA FMORAS N°1 6X750,0
7590,ELEMENTOS MALBEC 6X750 ,0
7590,F.LAS MORAS MALBEC 6X750,0
7590,FOND CAVE MALBEC 6X750 ,0
7590,LOS ARBOLES SEL MALBEC 6X750,0
7590,ORIGEN BY TRAPICHE MALBEC 6X750,0
7590,TRAPICHE ALARIS MALBEC 6X750,0
7590,TRAPICHE RESERVA MALBEC 6X750,0
7596,ALMA MORA MALBEC 6X750,3
7596,DADA ART MALBEC 6X750,3
7596,DADA FMORAS N°1 6X750,3
7596,F.LAS MORAS MALBEC 6X750,3
7596,FRIZZE EVOL BLUE NEW X1000,6
7596,GORDON´S GIN 6x700,-3
7596,LOS ARBOLES SEL MALBEC 6X750,3
7596,SMIRNOFF RASPBERRY DO 6X700,3
7596,TRAPICHE ALARIS MALBEC 6X750,3
7600,ALMA MORA MALBEC 6X750,9
7600,CAZADOR MALBEC 6X750,3
7600,DADA ART MALBEC 6X750,3
7600,EL BAUTISMO MALBEC 6X750 ,3
7600,ELEMENTOS MALBEC 6X750 ,3
7600,F.LAS MORAS MALBEC 6X750,6
7600,FRIZZE EVOL BLUE NEW X1000,3
7600,LOS ARBOLES SEL MALBEC 6X750,9
7600,SAN TELMO MALBEC X750,3
7600,SMIRNOFF 21 DO 12X700,-3
7600,SMIRNOFF RASPBERRY DO 6X700,3
7600,TRAPICHE ALARIS DULCE COSECHA 6X750,3
7600,TRAPICHE ALARIS MALBEC 6X750,12
7601,ALMA MORA MALBEC 6X750,3
7601,DADA ART MALBEC 6X750,3
7601,DADA FMORAS N°1 6X750,3
7601,F.LAS MORAS MALBEC 6X750,3
7601,FRIZZE EVOL BLUE NEW X1000,6
7601,GORDON´S GIN 6x700,-3
7601,LOS ARBOLES SEL MALBEC 6X750,3
7601,SMIRNOFF RASPBERRY DO 6X700,3
7601,TRAPICHE ALARIS MALBEC 6X750,3
7602,ALMA MORA BLANCO DULCE LOW 6X750,3
7602,ALMA MORA BLEND DULCE 6X 750,6
7602,ALMA MORA MALBEC 6X750,15
7602,DADA ART MALBEC 6X750,15
7602,DADA ESPUMANTE MARACUYA 6X750,3
7602,EL BAUTISMO BLEND TINTAS 6X750 ,3
7602,EL BAUTISMO MALBEC 6X750 ,9
7602,ELEMENTOS MALBEC 6X750 ,12
7602,F. LAS MORAS BCO DULCE 6X750 ,6
7602,F. LAS MORAS SAUV.BLANC 6X750 ,6
7602,F.LAS MORAS CABSAU 6X750 ,3
7602,F.LAS MORAS MALBEC 6X750,15
7602,FOND CAVE MALBEC 6X750 ,6
7602,FOND CAVE RVA MALBEC 6X750,3
7602,FRIZZE EVOL BLUE NEW X1000,3
7602,LOS ARBOLES SEL MALBEC 6X750,3
7602,SAN TELMO MALBEC X750,15
7602,SUTER VARIETAL CABERNET 6X750,3
7602,TRAPICHE ALARIS CABSAUV 6X750 ,3
7602,TRAPICHE ALARIS DULCE COSECHA 6X750,12
7602,TRAPICHE ALARIS MALBEC 6X750,9
7604,ALMA MORA MALBEC 6X750,3
7604,DADA ART MALBEC 6X750,3
7604,FRIZZE EVOL BLUE NEW X1000,3
7604,GORDON´S GIN 6x700,-3
7604,LOS ARBOLES SEL CHARD 6X750,3
7604,LOS ARBOLES SEL MALBEC 6X750,3
7604,SMIRNOFF RASPBERRY DO 6X700,3
7604,TRAPICHE ALARIS MALBEC 6X750,12
7604,TRAPICHE ALARIS SBLANC 6X750,0
7604,TRAPICHE ALARIS TORRONTES 6X750 ,3
7608,ALMA MORA MALBEC 6X750,0
7608,DADA ART MALBEC 6X750,0
7608,FOND CAVE RVA MALBEC 6X750,6
7608,SMIRNOFF 21 DO 12X700,-3
7616,ALMA MORA MALBEC 6X750,3
7616,DADA ART MALBEC 6X750,3
7616,DADA FMORAS N°1 6X750,3
7616,ELEMENTOS MALBEC 6X750 ,3
7616,F.LAS MORAS MALBEC 6X750,3
7616,FRIZZE EVOL BLUE NEW X1000,6
7616,LOS ARBOLES SEL MALBEC 6X750,3
7616,SMIRNOFF RASPBERRY DO 6X700,3
7616,TRAPICHE ALARIS MALBEC 6X750,3
7619,DADA ART MALBEC 6X750,3
7619,EL BAUTISMO MALBEC 6X750 ,6
7619,FRIZZE EVOL BLUE NEW X1000,3
7619,SMIRNOFF 21 DO 12X700,-3
7619,SMIRNOFF RASPBERRY DO 6X700,3
7619,TRAPICHE ALARIS MALBEC 6X750,3
7622,ALMA MORA MALBEC 6X750,3
7622,ANTARES LATA IPA 6 X 473ML,60
7622,ANTARES LATA KOLSCH 6 X 473ML,24
7622,BAILEYS NUEVA BOTELLA 12x750,6
7622,GORDON´S PINK GIN 6X700,6
7622,JW GOLD RVE 6x750,3
7622,SEL ENOLOGO BLEND 6X750,6
7622,SHERIDANS 6X750,6
7628,ALMA MORA MALBEC 6X750,6
7628,DADA ART MALBEC 6X750,3
7628,DADA FMORAS N°1 6X750,3
7628,ELEMENTOS MALBEC 6X750 ,3
7628,F.LAS MORAS MALBEC 6X750,3
7628,FRIZZE EVOL BLUE NEW X1000,9
7628,LOS ARBOLES SEL MALBEC 6X750,3
7628,SMIRNOFF RASPBERRY DO 6X700,3
7628,TRAPICHE ALARIS MALBEC 6X750,6
7628,TRAPICHE RESERVA MALBEC 6X750,-3
7629,ALMA MORA MALBEC 6X750,6
7629,DADA ART MALBEC 6X750,3
7629,DADA FMORAS N°1 6X750,3
7629,ELEMENTOS MALBEC 6X750 ,3
7629,F.LAS MORAS MALBEC 6X750,3
7629,FRIZZE EVOL BLUE NEW X1000,9
7629,LOS ARBOLES SEL MALBEC 6X750,3
7629,SMIRNOFF RASPBERRY DO 6X700,3
7629,TRAPICHE ALARIS MALBEC 6X750,6
7629,TRAPICHE RESERVA MALBEC 6X750,-3
7632,ALMA MORA MALBEC 6X750,3
7632,DADA ART MALBEC 6X750,3
7632,DADA FMORAS N°1 6X750,3
7632,ELEMENTOS MALBEC 6X750 ,3
7632,F.LAS MORAS MALBEC 6X750,3
7632,FRIZZE EVOL BLUE NEW X1000,6
7632,LOS ARBOLES SEL MALBEC 6X750,3
7632,SMIRNOFF RASPBERRY DO 6X700,3
7632,TRAPICHE ALARIS MALBEC 6X750,3
7635,DADA ART MALBEC 6X750,3
7635,FRIZZE EVOL BLUE NEW X1000,3
7635,SMIRNOFF 21 DO 12X700,-3
7635,SMIRNOFF RASPBERRY DO 6X700,3
7635,TRAPICHE ALARIS MALBEC 6X750,3
7644,ALMA MORA MALBEC 6X750,3
7644,ANTARES MICRO IPA 25 AÑOS,6
7644,DADA ART MALBEC 6X750,3
7644,DADA FMORAS N°1 6X750,3
7644,ELEMENTOS MALBEC 6X750 ,3
7644,F.LAS MORAS MALBEC 6X750,3
7644,FRIZZE EVOL BLUE NEW X1000,6
7644,GORDON´S GIN 6x700,3
7644,LOS ARBOLES SEL MALBEC 6X750,3
7644,SMIRNOFF RASPBERRY DO 6X700,3
7644,TRAPICHE ALARIS MALBEC 6X750,3
7646,ALMA MORA MALBEC 6X750,3
7646,DADA ART MALBEC 6X750,3
7646,DADA FMORAS N°1 6X750,3
7646,F.LAS MORAS MALBEC 6X750,3
7646,FRIZZE EVOL BLUE NEW X1000,6
7646,GORDON´S GIN 6x700,-3
7646,LOS ARBOLES SEL MALBEC 6X750,3
7646,SMIRNOFF RASPBERRY DO 6X700,3
7646,TRAPICHE ALARIS MALBEC 6X750,3
7654,SMIRNOFF 21 DO 12X700,-3
7654,SMIRNOFF GREEN APPLE DO 6X700,42
7654,SMIRNOFF RASPBERRY DO 6X700,0
7658,DADA ART MALBEC 6X750,3
7658,FRIZZE EVOL BLUE NEW X1000,3
7658,SMIRNOFF 21 DO 12X700,-3
7658,SMIRNOFF RASPBERRY DO 6X700,3
7658,TRAPICHE ALARIS MALBEC 6X750,3
7661,ALMA MORA MALBEC 6X750,3
7661,DADA FMORAS N°1 6X750,3
7661,LOS ARBOLES SEL MALBEC 6X750,3
7664,ALMA MORA MALBEC 6X750,6
7664,DADA ART MALBEC 6X750,3
7664,DADA FMORAS N°1 6X750,3
7664,ELEMENTOS MALBEC 6X750 ,3
7664,F.LAS MORAS MALBEC 6X750,3
7664,FRIZZE EVOL BLUE NEW X1000,9
7664,LOS ARBOLES SEL MALBEC 6X750,3
7664,SMIRNOFF RASPBERRY DO 6X700,3
7664,TRAPICHE ALARIS MALBEC 6X750,6
7671,DADA ART MALBEC 6X750,3
7671,FRIZZE EVOL BLUE NEW X1000,3
7671,SMIRNOFF 21 DO 12X700,-3
7671,SMIRNOFF RASPBERRY DO 6X700,3
7671,TRAPICHE ALARIS MALBEC 6X750,3
7683,ALMA MORA MALBEC 6X750,0
7683,DADA FMORAS N°1 6X750,0
7683,ELEMENTOS MALBEC 6X750 ,0
7683,F.LAS MORAS MALBEC 6X750,0
7683,FOND CAVE MALBEC 6X750 ,0
7683,LOS ARBOLES SEL MALBEC 6X750,0
7683,ORIGEN BY TRAPICHE MALBEC 6X750,0
7683,TRAPICHE ALARIS MALBEC 6X750,0
7683,TRAPICHE RESERVA MALBEC 6X750,0
7685,SMF ICE GREENAPPLE LAT 4X6X473,24
7685,SMF ICE RED BERRIE LAT 4X6X473,24
7685,SMIRNOFF 21 DO 12X700,-3
7690,ALMA MORA MALBEC 6X750,3
7690,DADA FMORAS N°1 6X750,3
7690,LOS ARBOLES SEL MALBEC 6X750,3
7702,ALMA MORA MALBEC 6X750,3
7702,ANTARES MICRO IPA 25 AÑOS,6
7702,DADA ART MALBEC 6X750,3
7702,DADA FMORAS N°1 6X750,3
7702,ELEMENTOS MALBEC 6X750 ,3
7702,F.LAS MORAS MALBEC 6X750,3
7702,FRIZZE EVOL BLUE NEW X1000,6
7702,GORDON´S GIN 6x700,3
7702,LOS ARBOLES SEL MALBEC 6X750,3
7702,SMIRNOFF RASPBERRY DO 6X700,3
7702,TRAPICHE ALARIS MALBEC 6X750,3
7715,SMIRNOFF 21 DO 12X700,-3
7720,SMIRNOFF GREEN APPLE DO 6X700,18
7720,SMIRNOFF RASPBERRY DO 6X700,6
7746,DADA ART MALBEC 6X750,3
7746,FRIZZE EVOL BLUE NEW X1000,3
7746,GORDON´S GIN 6x700,-3
7746,SMIRNOFF RASPBERRY DO 6X700,3
7746,TRAPICHE ALARIS MALBEC 6X750,3
7800,ALMA MORA MALBEC 6X750,3
7800,ANTARES MICRO IPA 25 AÑOS,6
7800,DADA ART MALBEC 6X750,3
7800,DADA FMORAS N°1 6X750,3
7800,ELEMENTOS MALBEC 6X750 ,3
7800,F.LAS MORAS MALBEC 6X750,3
7800,FRIZZE EVOL BLUE NEW X1000,6
7800,GORDON´S GIN 6x700,3
7800,LOS ARBOLES SEL MALBEC 6X750,3
7800,SMIRNOFF RASPBERRY DO 6X700,3
7800,TRAPICHE ALARIS MALBEC 6X750,3
7827,ALMA MORA MALBEC 6X750,3
7827,DADA FMORAS N°1 6X750,3
7827,ELEMENTOS MALBEC 6X750 ,3
7827,F.LAS MORAS MALBEC 6X750,3
7827,LOS ARBOLES SEL MALBEC 6X750,3
7830,ALMA MORA MALBEC 6X750,6
7830,DADA FMORAS N°1 6X750,3
7830,ELEMENTOS MALBEC 6X750 ,6
7830,F.LAS MORAS MALBEC 6X750,6
7830,LOS ARBOLES SEL MALBEC 6X750,3
7830,ORIGEN BY TRAPICHE MALBEC 6X750,3
7830,SMIRNOFF RASPBERRY DO 6X700,3
7830,TRAPICHE ALARIS MALBEC 6X750,3
7830,TRAPICHE RESERVA MALBEC 6X750,3
7830,WHITE HORSE DO 12X750,3
7832,DADA FMORAS N°2 6X750 ,3
7832,DADA N°8 CHOCOLATE 6X750 ,3
7832,DADA N°9 CARAMEL 6X750,3
7833,ALMA MORA MALBEC 6X750,3
7833,DADA ESPUMANTE 6X750 ,3
7833,DADA FMORAS N°3 6X750,3
7833,SMIRNOFF GREEN APPLE DO 6X700,0
7833,SMIRNOFF RASPBERRY DO 6X700,-3
7833,SMIRNOFF TAMARINDO 6 X 700,9
7835,DADA ESPUMANTE 6X750 ,-12
7835,DADA ESPUMANTE MARACUYA 6X750,-12
7835,DADA ESPUMANTE ROS6X750 ,-18
7835,EL BAUTISMO MALBEC 6X750 ,3
7835,VAT 69 12X700,1
7835,WHITE HORSE DO 12X750,1
7836,ALMA MORA MALBEC 6X750,3
7836,ANTARES MICRO IPA 25 AÑOS,6
7836,ELEMENTOS MALBEC 6X750 ,3
7836,F.LAS MORAS MALBEC 6X750,3
7836,FRIZZE EVOL BLUE NEW X1000,3
7836,SMIRNOFF RASPBERRY DO 6X700,3
7836,TRAPICHE ALARIS MALBEC 6X750,3
7837,ALMA MORA MALBEC 6X750,3
7837,F. LAS MORAS BCO DULCE 6X750 ,3
7837,FRIZZE BLUE LATA X473,12
7837,FRIZZE BUBBLE MOOD 6X1000,6
7837,SMF ICE RED BERRIE LAT 4X6X473,6
7837,SMIRNOFF RASPBERRY DO 6X700,3
7844,ALMA MORA MALBEC 6X750,3
7844,DADA FMORAS N°1 6X750,3
7844,ELEMENTOS MALBEC 6X750 ,3
7844,F.LAS MORAS MALBEC 6X750,3
7844,LOS ARBOLES SEL MALBEC 6X750,3
7845,ALMA MORA MALBEC 6X750,3
7845,ANTARES MICRO IPA 25 AÑOS,6
7845,ELEMENTOS MALBEC 6X750 ,3
7845,F.LAS MORAS MALBEC 6X750,3
7845,FRIZZE EVOL BLUE NEW X1000,3
7845,SMIRNOFF RASPBERRY DO 6X700,3
7845,TRAPICHE ALARIS MALBEC 6X750,3
7846,ALMA MORA MALBEC 6X750,3
7846,DADA FMORAS N°1 6X750,3
7846,ELEMENTOS MALBEC 6X750 ,3
7846,F.LAS MORAS MALBEC 6X750,3
7846,LOS ARBOLES SEL MALBEC 6X750,3
7847,ALMA MORA MALBEC 6X750,39
7847,DADA 7 SWEET  6X750,6
7847,DADA ESPUMANTE 6X750 ,24
7847,DADA ESPUMANTE MARACUYA 6X750,18
7847,DADA ESPUMANTE ROS6X750 ,30
7847,DADA FMORAS N°1 6X750,3
7847,ELEMENTOS MALBEC 6X750 ,27
7847,ELEMENTOS TORRONTES DLCE6X750 ,6
7847,F.LAS MORAS MALBEC 6X750,13
7847,FRIZZE BLUE LATA X473,24
7847,FRIZZE EVOL BLUE NEW X1000,12
7847,GORDON´S GIN 6x700,36
7847,GORDON´S PINK GIN 6X700,6
7847,GORDON´S TONIC 4X6X473,12
7847,LOS ARBOLES SEL MALBEC 6X750,3
7847,SMF ICE GREENAPPLE LAT 4X6X473,24
7847,SMF ICE RED BERRIE LAT 4X6X473,72
7847,SMIRNOFF GREEN APPLE DO 6X700,12
7847,SMIRNOFF ICE LATA 4X6X473,24
7847,SMIRNOFF RASPBERRY DO 6X700,72
7847,TRAPICHE ALARIS DULCE COSECHA 6X750,0
7848,ALMA MORA MALBEC 6X750,3
7848,ANTARES MICRO IPA 25 AÑOS,6
7848,ELEMENTOS MALBEC 6X750 ,3
7848,F.LAS MORAS MALBEC 6X750,3
7848,FRIZZE EVOL BLUE NEW X1000,3
7848,SMIRNOFF RASPBERRY DO 6X700,3
7848,TRAPICHE ALARIS MALBEC 6X750,3
7849,ALMA MORA MALBEC 6X750,3
7849,ANTARES MICRO IPA 25 AÑOS,6
7849,ELEMENTOS MALBEC 6X750 ,3
7849,F.LAS MORAS MALBEC 6X750,3
7849,FRIZZE EVOL BLUE NEW X1000,3
7849,SMIRNOFF RASPBERRY DO 6X700,3
7849,TRAPICHE ALARIS MALBEC 6X750,3
7850,ALMA MORA MALBEC 6X750,3
7850,DADA FMORAS N°1 6X750,3
7850,ELEMENTOS MALBEC 6X750 ,3
7850,F.LAS MORAS MALBEC 6X750,3
7850,LOS ARBOLES SEL MALBEC 6X750,3
7851,ALMA MORA MALBEC 6X750,3
7851,DADA FMORAS N°1 6X750,3
7851,ELEMENTOS MALBEC 6X750 ,3
7851,F.LAS MORAS MALBEC 6X750,3
7851,LOS ARBOLES SEL MALBEC 6X750,3
7852,ALMA MORA MALBEC 6X750,3
7852,DADA FMORAS N°1 6X750,3
7852,ELEMENTOS MALBEC 6X750 ,3
7852,F.LAS MORAS MALBEC 6X750,3
7852,LOS ARBOLES SEL MALBEC 6X750,3
7853,ALMA MORA MALBEC 6X750,3
7853,DADA FMORAS N°1 6X750,3
7853,ELEMENTOS MALBEC 6X750 ,3
7853,F.LAS MORAS MALBEC 6X750,3
7853,LOS ARBOLES SEL MALBEC 6X750,3
7854,ALMA MORA MALBEC 6X750,3
7854,DADA FMORAS N°1 6X750,3
7854,ELEMENTOS MALBEC 6X750 ,3
7854,F.LAS MORAS MALBEC 6X750,3
7854,LOS ARBOLES SEL MALBEC 6X750,3
7855,ALMA MORA MALBEC 6X750,3
7855,DADA FMORAS N°1 6X750,3
7855,ELEMENTOS MALBEC 6X750 ,3
7855,F.LAS MORAS MALBEC 6X750,3
7855,LOS ARBOLES SEL MALBEC 6X750,3
7856,ALMA MORA MALBEC 6X750,3
7856,ANTARES MICRO IPA 25 AÑOS,6
7856,ELEMENTOS MALBEC 6X750 ,3
7856,F.LAS MORAS MALBEC 6X750,3
7856,FRIZZE EVOL BLUE NEW X1000,3
7856,SMIRNOFF RASPBERRY DO 6X700,3
7856,TRAPICHE ALARIS MALBEC 6X750,3
7857,ALMA MORA MALBEC 6X750,9
7857,ANTARES MICRO IPA 25 AÑOS,6
7857,DON DAVID CABERNET 6X750,6
7857,ELEMENTOS MALBEC 6X750 ,9
7857,F.LAS MORAS MALBEC 6X750,3
7857,FOND CAVE MALBEC 6X750 ,0
7857,FRIZZE EVOL BLUE NEW X1000,3
7857,SMIRNOFF RASPBERRY DO 6X700,3
7857,TRAPICHE ALARIS MALBEC 6X750,3
7858,ALMA MORA MALBEC 6X750,3
7858,DADA FMORAS N°1 6X750,3
7858,ELEMENTOS MALBEC 6X750 ,3
7858,F.LAS MORAS MALBEC 6X750,3
7858,LOS ARBOLES SEL MALBEC 6X750,3
7859,ALMA MORA MALBEC 6X750,3
7859,DADA FMORAS N°1 6X750,3
7859,ELEMENTOS MALBEC 6X750 ,3
7859,F.LAS MORAS MALBEC 6X750,3
7859,LOS ARBOLES SEL MALBEC 6X750,3
7860,ALMA MORA MALBEC 6X750,3
7860,ANTARES MICRO IPA 25 AÑOS,6
7860,COLECCION PRIVADA MALBEC,3
7860,DADA FMORAS N°1 6X750,3
7860,ELEMENTOS MALBEC 6X750 ,3
7860,F.LAS MORAS MALBEC 6X750,6
7860,FRIZZE EVOL BLUE NEW X1000,3
7860,LOS INTOCABLES MALBEC 6X750,3
7860,SMIRNOFF RASPBERRY DO 6X700,3
7860,TRAPICHE ALARIS MALBEC 6X750,3
7861,SMIRNOFF GREEN APPLE DO 6X700,3
7861,SMIRNOFF RASPBERRY DO 6X700,3
7863,ALMA MORA MALBEC 6X750,9
7863,DADA FMORAS N°1 6X750,6
7863,DADA FMORAS N°2 6X750 ,3
7863,DADA FMORAS N°3 6X750,6
7863,ELEMENTOS MALBEC 6X750 ,3
7863,F.LAS MORAS MALBEC 6X750,15
7863,FOND CAVE MALBEC 6X750 ,6
7863,LOS ARBOLES SEL MALBEC 6X750,3
7863,SMF ICE RED BERRIE LAT 4X6X473,0
7863,SMIRNOFF GREEN APPLE DO 6X700,0
7863,TRAPICHE ALARIS DULCE COSECHA 6X750,6
7865,ALMA MORA MALBEC 6X750,3
7865,DADA FMORAS N°1 6X750,3
7865,ELEMENTOS MALBEC 6X750 ,3
7865,F.LAS MORAS MALBEC 6X750,3
7865,LOS ARBOLES SEL MALBEC 6X750,3
7866,ALMA MORA MALBEC 6X750,3
7866,DADA FMORAS N°1 6X750,3
7866,ELEMENTOS MALBEC 6X750 ,3
7866,F.LAS MORAS MALBEC 6X750,3
7866,LOS ARBOLES SEL MALBEC 6X750,3
7867,EL BAUTISMO MALBEC 6X750 ,0
7867,F. LAS MORAS BCO DULCE 6X750 ,3
7867,F.LAS MORAS MALBEC 6X750,3
7867,GORDON´S TONIC 4X6X473,6
7867,LOS ARBOLES SEL MALBEC 6X750,3
7867,SAN TELMO MALBEC X750,3
7867,SMF  BC GRAPEF&LIME  LATA 4X6X473,6
7867,TRAPICHE ALARIS MALBEC 6X750,3
7868,ALMA MORA MALBEC 6X750,3
7868,ANTARES MICRO IPA 25 AÑOS,6
7868,ELEMENTOS MALBEC 6X750 ,3
7868,F.LAS MORAS MALBEC 6X750,3
7868,FRIZZE EVOL BLUE NEW X1000,3
7868,SMIRNOFF RASPBERRY DO 6X700,3
7868,TRAPICHE ALARIS MALBEC 6X750,3
7869,ALMA MORA MALBEC 6X750,3
7869,ANTARES IPA LATA 6X473 (NEW),6
7869,COLECCION PRIVADA MALBEC,3
7869,DADA 7 ORANGE BITTER 6X750,3
7869,DADA ART MALBEC 6X750,3
7869,DADA ESPUMANTE 6X750 ,3
7869,DADA FMORAS N°2 6X750 ,3
7869,DADA FMORAS N°3 6X750,3
7869,DON DAVID RESERVA CAB.SAUV X750,3
7869,DON DAVID RESERVA MALBEC X750,3
7869,FOND CAVE MALBEC 6X750 ,3
7869,GORDON S GIN 6X700,3
7869,GORDON´S PINK GIN 6X700,3
7869,GORDON´S TONIC 4X6X473,6
7869,LOS ARBOLES SEL MALBEC 6X750,6
7869,ORIGEN BY TRAPICHE MALBEC 6X750,3
7869,SAN TELMO MALBEC X750,6
7869,SAN TELMO SPARK E.BRUT 6X750,3
7869,SMF ICE RED BERRIE LAT 4X6X473,6
7869,WHITE HORSE DO 12X750,3
7873,DADA ESPUMANTE MARACUYA 6X750,3
7873,FRIZZE BLUE LATA X473,6
7873,GORDON´S TONIC 4X6X473,6
7873,SMF  BC GRAPEF&LIME  LATA 4X6X473,6
7873,SMF BC RUBYORANGE&LIME LATA 4X6X473,6
7874,ALMA MORA MALBEC 6X750,6
7874,DADA ESPUMANTE 6X750 ,6
7874,DADA ESPUMANTE ROS6X750 ,6
7874,DADA FMORAS N°1 6X750,3
7874,ELEMENTOS MALBEC 6X750 ,6
7874,F.LAS MORAS MALBEC 6X750,6
7874,LOS ARBOLES SEL MALBEC 6X750,3
7874,NC SPARK DLCE 6X750,6
7874,NC SPARK EBRUT 6X750 estuche,6
7874,ORIGEN BY TRAPICHE MALBEC 6X750,3
7874,SMIRNOFF 21 DO 12X700,12
7874,SMIRNOFF GREEN APPLE DO 6X700,24
7874,SMIRNOFF RASPBERRY DO 6X700,39
7874,SUTER CHAMPAÑA E.BRUT 6X750,6
7874,SUTER CHAMPAÑA E.DULCE 6X750,12
7874,TRAPICHE ALARIS MALBEC 6X750,3
7874,TRAPICHE RESERVA MALBEC 6X750,3
7874,WHITE HORSE DO 12X750,3
7875,BAILEYS NUEVA BOTELLA 12x750,2
7875,DON DAVID MALBEC 6X750,3
7875,LOS ARBOLES SEL MALBEC 6X750,3
7875,SMIRNOFF 21 DO 12X700,36
7877,ALMA MORA MALBEC 6X750,6
7877,DADA FMORAS N°1 6X750,3
7877,ELEMENTOS MALBEC 6X750 ,6
7877,F.LAS MORAS MALBEC 6X750,6
7877,LOS ARBOLES SEL MALBEC 6X750,3
7877,ORIGEN BY TRAPICHE MALBEC 6X750,3
7877,SMIRNOFF RASPBERRY DO 6X700,3
7877,TRAPICHE ALARIS MALBEC 6X750,3
7877,TRAPICHE RESERVA MALBEC 6X750,3
7877,WHITE HORSE DO 12X750,3
7878,ALMA MORA MALBEC 6X750,6
7878,DADA FMORAS N°1 6X750,3
7878,ELEMENTOS MALBEC 6X750 ,6
7878,F.LAS MORAS MALBEC 6X750,6
7878,LOS ARBOLES SEL MALBEC 6X750,3
7878,ORIGEN BY TRAPICHE MALBEC 6X750,3
7878,SMIRNOFF RASPBERRY DO 6X700,3
7878,TRAPICHE ALARIS MALBEC 6X750,3
7878,TRAPICHE RESERVA MALBEC 6X750,3
7878,WHITE HORSE DO 12X750,3
7881,ALMA MORA MALBEC 6X750,6
7881,DADA FMORAS N°1 6X750,3
7881,ELEMENTOS MALBEC 6X750 ,6
7881,F.LAS MORAS MALBEC 6X750,6
7881,LOS ARBOLES SEL MALBEC 6X750,3
7881,ORIGEN BY TRAPICHE MALBEC 6X750,3
7881,SMIRNOFF RASPBERRY DO 6X700,3
7881,TRAPICHE ALARIS MALBEC 6X750,3
7881,TRAPICHE RESERVA MALBEC 6X750,3
7881,WHITE HORSE DO 12X750,3
7882,ALMA MORA MALBEC 6X750,12
7882,DADA FMORAS N°1 6X750,3
7882,DADA N°8 CHOCOLATE 6X750 ,3
7882,ELEMENTOS MALBEC 6X750 ,3
7882,F.LAS MORAS MALBEC 6X750,9
7882,WHITE HORSE DO 12X750,2
7884,ALMA MORA MALBEC 6X750,6
7884,DADA FMORAS N°1 6X750,3
7884,ELEMENTOS MALBEC 6X750 ,6
7884,F.LAS MORAS MALBEC 6X750,6
7884,LOS ARBOLES SEL MALBEC 6X750,3
7884,ORIGEN BY TRAPICHE MALBEC 6X750,3
7884,SMIRNOFF RASPBERRY DO 6X700,3
7884,TRAPICHE ALARIS MALBEC 6X750,3
7884,TRAPICHE RESERVA MALBEC 6X750,3
7884,WHITE HORSE DO 12X750,3
7885,ALMA MORA MALBEC 6X750,6
7885,DADA N°8 CHOCOLATE 6X750 ,6
7885,ELEMENTOS CABSAUV 6X750 ,6
7885,F.LAS MORAS MALBEC 6X750,6
7886,ALMA MORA MALBEC 6X750,6
7886,DADA FMORAS N°1 6X750,3
7886,ELEMENTOS MALBEC 6X750 ,6
7886,F.LAS MORAS MALBEC 6X750,6
7886,LOS ARBOLES SEL MALBEC 6X750,3
7886,ORIGEN BY TRAPICHE MALBEC 6X750,3
7886,SMIRNOFF RASPBERRY DO 6X700,3
7886,TRAPICHE ALARIS MALBEC 6X750,3
7886,TRAPICHE RESERVA MALBEC 6X750,3
7886,WHITE HORSE DO 12X750,3
7892,ALMA MORA MALBEC 6X750,3
7892,DADA FMORAS N°1 6X750,3
7892,ELEMENTOS MALBEC 6X750 ,6
7892,F.LAS MORAS CABSAU 6X750 ,3
7892,F.LAS MORAS MALBEC 6X750,3
7892,FOND CAVE CABSAU 6X750,3
7892,FOND CAVE MALBEC 6X750 ,3
7892,LOS ARBOLES SEL MALBEC 6X750,3
7892,SMIRNOFF RASPBERRY DO 6X700,180
7892,TRAPICHE RESERVA MALBEC 6X750,3
7893,ALMA MORA MALBEC 6X750,0
7893,F.LAS MORAS MALBEC 6X750,6
7893,GORDON´S GIN 6x700,3
7893,SMIRNOFF RASPBERRY DO 6X700,6
7893,TRAPICHE ALARIS DULCE COSECHA 6X750,0
7894,ALMA MORA MALBEC 6X750,3
7894,DADA FMORAS N°1 6X750,3
7894,ELEMENTOS MALBEC 6X750 ,3
7894,F.LAS MORAS MALBEC 6X750,3
7894,LOS ARBOLES SEL MALBEC 6X750,3
7896,ALMA MORA MALBEC 6X750,3
7896,DADA FMORAS N°1 6X750,3
7896,ELEMENTOS MALBEC 6X750 ,3
7896,F.LAS MORAS MALBEC 6X750,3
7896,LOS ARBOLES SEL MALBEC 6X750,3
7897,ALMA MORA MALBEC 6X750,3
7897,ANTARES MICRO IPA 25 AÑOS,6
7897,ELEMENTOS MALBEC 6X750 ,3
7897,F.LAS MORAS MALBEC 6X750,3
7897,FRIZZE EVOL BLUE NEW X1000,3
7897,SMIRNOFF RASPBERRY DO 6X700,3
7897,TRAPICHE ALARIS MALBEC 6X750,3
7898,ALMA MORA MALBEC 6X750,3
7898,DADA FMORAS N°1 6X750,3
7898,ELEMENTOS MALBEC 6X750 ,3
7898,F.LAS MORAS MALBEC 6X750,3
7898,LOS ARBOLES SEL MALBEC 6X750,3
7899,ALMA MORA MALBEC 6X750,3
7899,DADA FMORAS N°1 6X750,3
7899,ELEMENTOS MALBEC 6X750 ,3
7899,F.LAS MORAS MALBEC 6X750,3
7899,LOS ARBOLES SEL MALBEC 6X750,3
7900,ALMA MORA MALBEC 6X750,6
7900,DADA FMORAS N°1 6X750,3
7900,ELEMENTOS MALBEC 6X750 ,6
7900,ELEMENTOS TORRONTES 6X750 ,3
7900,F.LAS MORAS MALBEC 6X750,3
7900,GORDON´S GIN 6x700,2
7900,LOS ARBOLES SEL MALBEC 6X750,6
7900,LOS INTOCABLES MALBEC 6X750,3
7900,SMF ICE GREENAPPLE LAT 4X6X473,6
7900,SMF ICE RED BERRIE LAT 4X6X473,6
7900,SMIRNOFF ICE LATA 4X6X473,6
7900,TRAPICHE ALARIS TORRONTES 6X750 ,3
7901,ALMA MORA BLEND BLANCO 6X750,3
7901,ALMA MORA MALBEC 6X750,15
7901,DADA 7 ORANGE BITTER 6X750,0
7901,DADA ART MALBEC 6X750,6
7901,DADA ESPUMANTE 6X750 ,-6
7901,DADA ESPUMANTE MARACUYA 6X750,-18
7901,DADA EXTRA BRUT 6X750,9
7901,DADA FMORAS N°1 6X750,9
7901,DADA FMORAS N°2 6X750 ,6
7901,DADA FMORAS N°3 6X750,6
7901,DADA N°9 CARAMEL 6X750,6
7901,DON DAVID MALBEC 6X750,9
7901,EL BAUTISMO BLEND B. DLCE 6X750 ,3
7901,EL BAUTISMO MALBEC 6X750 ,6
7901,ELEMENTOS MALBEC 6X750 ,15
7901,F.LAS MORAS MALBEC 6X750,3
7901,FOND CAVE MALBEC 6X750 ,3
7901,FRIZZE BUBBLE MOOD 6X1000,6
7901,FRIZZE EVOL BLUE NEW X1000,18
7901,GORDON´S GIN 6x700,6
7901,GORDON´S PINK GIN 6X700,5
7901,GORDON´S TONIC 4X6X473,24
7901,LOS ARBOLES SEL MALBEC 6X750,9
7901,SAN TELMO CAB-SAUV X750,3
7901,SAN TELMO MALBEC X750,3
7901,SMF  BC GRAPEF&LIME  LATA 4X6X473,18
7901,SMF BC RUBYORANGE&LIME LATA 4X6X473,18
7901,SMF ICE GREENAPPLE LAT 4X6X473,60
7901,SMF ICE RED BERRIE LAT 4X6X473,126
7901,SMIRNOFF BC GRAPEF.&LIME 6X700,6
7901,SMIRNOFF GREEN APPLE DO 6X700,18
7901,SMIRNOFF ICE LATA 4X6X473,102
7901,SMIRNOFF RASPBERRY DO 6X700,18
7901,SMIRNOFF TROPICAL FRUITS 6X700,6
7902,ALMA MORA MALBEC 6X750,3
7902,DADA FMORAS N°1 6X750,3
7902,ELEMENTOS MALBEC 6X750 ,3
7902,F.LAS MORAS MALBEC 6X750,3
7902,GORDON´S TONIC 4X6X473,6
7902,LOS ARBOLES SEL MALBEC 6X750,3
7902,SMIRNOFF 21 DO 12X700,3
7903,ALMA MORA MALBEC 6X750,3
7903,DADA FMORAS N°1 6X750,3
7903,ELEMENTOS MALBEC 6X750 ,3
7903,F.LAS MORAS MALBEC 6X750,3
7903,LOS ARBOLES SEL MALBEC 6X750,3
7904,ALMA MORA BLEND TINTO 6X750,3
7904,ALMA MORA MALBEC 6X750,9
7904,CAZADOR MALBEC 6X750,3
7904,DADA ART MALBEC 6X750,6
7904,DADA FMORAS N°1 6X750,3
7904,ELEMENTOS MALBEC 6X750 ,12
7904,F. LAS MORAS BCO DULCE 6X750 ,3
7904,F.LAS MORAS MALBEC 6X750,6
7904,FRIZZE BUBBLE MOOD 6X1000,6
7904,JW RED 12X750 UK,0
7904,LEGUI 40 AÑOS 12X750,12
7904,LOS ARBOLES SEL MALBEC 6X750,6
7904,SMF ICE RED BERRIE LAT 4X6X473,18
7904,WHITE HORSE DO 12X750,19
7905,ALMA MORA MALBEC 6X750,3
7905,DADA FMORAS N°1 6X750,3
7905,ELEMENTOS MALBEC 6X750 ,3
7905,F.LAS MORAS MALBEC 6X750,3
7905,LOS ARBOLES SEL MALBEC 6X750,3
7906,ALMA MORA MALBEC 6X750,3
7906,DADA FMORAS N°1 6X750,3
7906,ELEMENTOS MALBEC 6X750 ,3
7906,F.LAS MORAS MALBEC 6X750,3
7906,LOS ARBOLES SEL MALBEC 6X750,3
7907,ALMA MORA MALBEC 6X750,3
7907,DADA FMORAS N°1 6X750,3
7907,LOS ARBOLES SEL MALBEC 6X750,3
7908,ALMA MORA MALBEC 6X750,3
7908,DADA FMORAS N°1 6X750,3
7908,ELEMENTOS MALBEC 6X750 ,3
7908,F.LAS MORAS MALBEC 6X750,3
7908,LOS ARBOLES SEL MALBEC 6X750,3
7909,ALMA MORA MALBEC 6X750,0
7909,DADA ART MALBEC 6X750,-3
7909,DADA FMORAS N°1 6X750,3
7909,DADA N°8 CHOCOLATE 6X750 ,3
7909,ELEMENTOS MALBEC 6X750 ,3
7909,F.LAS MORAS MALBEC 6X750,3
7909,LOS ARBOLES SEL MALBEC 6X750,3
7909,SAN TELMO MALBEC X750,-3
7909,TRAPICHE ALARIS MALBEC 6X750,-3
7910,ALMA MORA MALBEC 6X750,3
7910,DADA FMORAS N°1 6X750,3
7910,ELEMENTOS MALBEC 6X750 ,3
7910,F.LAS MORAS MALBEC 6X750,3
7910,LOS ARBOLES SEL MALBEC 6X750,3
7911,ALMA MORA MALBEC 6X750,3
7911,DADA FMORAS N°1 6X750,3
7911,ELEMENTOS MALBEC 6X750 ,3
7911,F.LAS MORAS MALBEC 6X750,3
7911,LOS ARBOLES SEL MALBEC 6X750,3
7912,ALMA MORA MALBEC 6X750,3
7912,DADA ESPUMANTE 6X750 ,6
7912,DADA FMORAS N°1 6X750,3
7912,LOS ARBOLES SEL MALBEC 6X750,3
7912,SAN TELMO MALBEC X750,0
7912,SMF ICE RED BERRIE LAT 4X6X473,48
7912,SMIRNOFF TROPICAL FRUITS 6X700,6
7913,ALMA MORA BLEND TINTO 6X750,18
7913,ALMA MORA CABSAUV6X750 ,12
7913,ALMA MORA MALBEC 6X750,30
7913,ANTARES MICRO IPA 25 AÑOS,6
7913,DADA FMORAS N°1 6X750,3
7913,DADA N°8 CHOCOLATE 6X750 ,12
7913,ELEMENTOS CABSAUV 6X750 ,6
7913,ELEMENTOS MALBEC 6X750 ,12
7913,F.LAS MORAS MALBEC 6X750,6
7913,FOND CAVE MALBEC 6X750 ,24
7913,FRIZZE EVOL BLUE NEW X1000,3
7913,JW BLACK LABEL 12x750,1
7913,JW RED 12X750 UK,2
7913,LEGUI 40 AÑOS 12X750,12
7913,LOS ARBOLES SEL MALBEC 6X750,3
7913,SHERIDANS 6X750,3
7913,SMIRNOFF ICE LATA 4X6X473,24
7913,SMIRNOFF RASPBERRY DO 6X700,3
7913,TRAPICHE ALARIS MALBEC 6X750,3
7913,WHITE HORSE DO 12X750,6
7914,ALMA MORA MALBEC 6X750,3
7914,DADA FMORAS N°1 6X750,3
7914,LOS ARBOLES SEL MALBEC 6X750,3
7915,ALMA MORA MALBEC 6X750,3
7915,DADA FMORAS N°1 6X750,3
7915,LOS ARBOLES SEL MALBEC 6X750,3
7916,ALMA MORA MALBEC 6X750,3
7916,DADA FMORAS N°1 6X750,3
7916,LOS ARBOLES SEL MALBEC 6X750,3
7917,ALMA MORA MALBEC 6X750,3
7917,DADA FMORAS N°1 6X750,3
7917,ELEMENTOS MALBEC 6X750 ,3
7917,F.LAS MORAS MALBEC 6X750,3
7917,LOS ARBOLES SEL MALBEC 6X750,3
7917,SUTER VARIETAL MALBEC 6X750,6
7918,ALMA MORA MALBEC 6X750,3
7918,DADA FMORAS N°1 6X750,3
7918,LOS ARBOLES SEL MALBEC 6X750,3
7919,ALMA MORA MALBEC 6X750,3
7919,ANTARES MICRO IPA 25 AÑOS,6
7919,CAZADOR MALBEC 6X750,6
7919,ELEMENTOS MALBEC 6X750 ,33
7919,F.LAS MORAS MALBEC 6X750,3
7919,FRIZZE EVOL BLUE NEW X1000,3
7919,GORDON´S TONIC 4X6X473,6
7919,SMF ICE RED BERRIE LAT 4X6X473,30
7919,SMIRNOFF ICE LATA 4X6X473,12
7919,SMIRNOFF RASPBERRY DO 6X700,3
7919,TRAPICHE ALARIS MALBEC 6X750,3
7920,ALMA MORA MALBEC 6X750,3
7920,ANTARES MICRO IPA 25 AÑOS,6
7920,ELEMENTOS MALBEC 6X750 ,3
7920,F.LAS MORAS MALBEC 6X750,3
7920,FRIZZE EVOL BLUE NEW X1000,3
7920,SMIRNOFF RASPBERRY DO 6X700,3
7920,TRAPICHE ALARIS MALBEC 6X750,3
7921,ALMA MORA BLEND DULCE 6X 750,18
7921,ALMA MORA CABSAUV6X750 ,6
7921,ALMA MORA MALBEC 6X750,12
7921,ANTARES IPA LATA 6X473 (NEW),6
7921,ANTARES LAGER LATA 6X473,6
7921,ANTARES LATA IPA 6 X 473ML,6
7921,ANTARES LATA SCOTCH 6 X 473ML,6
7921,CAZADOR MALBEC 6X750,6
7921,DADA 7 ORANGE BITTER 6X750,12
7921,DADA ESPUMANTE 6X750 ,6
7921,DADA ESPUMANTE ROS6X750 ,6
7921,DADA FMORAS N°1 6X750,6
7921,DADA N°8 CHOCOLATE 6X750 ,15
7921,DON DAVID MALBEC 6X750,24
7921,DON DAVID RESERVA MALBEC X750,6
7921,EL BAUTISMO MALBEC 6X750 ,18
7921,ELEMENTOS CHARDONNAY 6X750,6
7921,ELEMENTOS MALBEC 6X750 ,24
7921,ELEMENTOS TORRONTES 6X750 ,24
7921,ELEMENTOS TORRONTES DLCE6X750 ,6
7921,F. LAS MORAS ROSADO 6X750 ,18
7921,F.LAS MORAS MALBEC 12x375,6
7921,FOND CAVE MALBEC 6X750 ,6
7921,FRIZZE EVOL BLUE NEW X1000,18
7921,GORDON S GIN 6X700,6
7921,GORDON´S GIN 6x700,16
7921,JW BLACK LABEL 12x750,2
7921,LA GRAN NACHA X750,6
7921,LOS ARBOLES SEL MALBEC 6X750,6
7921,LOS INTOCABLES MALBEC 6X750,6
7921,ORIGEN BY TRAPICHE MALBEC 6X750,6
7921,SAN TELMO CAB-SAUV X750,21
7921,SAN TELMO SPARK E.BRUT 6X750,6
7921,SHERIDANS 6X750,2
7921,SMF ICE RED BERRIE LAT 4X6X473,18
7921,SMIRNOFF 21 DO 12X700,-24
7921,SMIRNOFF GREEN APPLE DO 6X700,6
7921,SMIRNOFF RASPBERRY DO 6X700,6
7921,SMIRNOFF WATERMELON 6X700,6
7921,TRAPICHE ALARIS DULCE COSECHA 6X750,6
7921,TRAPICHE ALARIS SBLANC 6X750,-12
7921,VAT 69 HONEY X700,3
7922,ALMA MORA MALBEC 6X750,3
7922,DADA FMORAS N°1 6X750,3
7922,LOS ARBOLES SEL MALBEC 6X750,3
7923,ALMA MORA MALBEC 6X750,3
7923,DADA FMORAS N°1 6X750,3
7923,LOS ARBOLES SEL MALBEC 6X750,3
7924,ALMA MORA MALBEC 6X750,3
7924,DADA FMORAS N°1 6X750,3
7924,LOS ARBOLES SEL MALBEC 6X750,3
7925,ALMA MORA MALBEC 6X750,3
7925,DADA FMORAS N°1 6X750,3
7925,ELEMENTOS MALBEC 6X750 ,6
7925,F.LAS MORAS MALBEC 6X750,6
7925,LOS ARBOLES SEL MALBEC 6X750,3
7926,ALMA MORA MALBEC 6X750,3
7926,DADA FMORAS N°1 6X750,3
7926,LOS ARBOLES SEL MALBEC 6X750,3
7927,ALMA MORA MALBEC 6X750,3
7927,DADA FMORAS N°1 6X750,3
7927,LOS ARBOLES SEL MALBEC 6X750,3
7928,ALMA MORA MALBEC 6X750,3
7928,ANTARES MICRO IPA 25 AÑOS,6
7928,ELEMENTOS MALBEC 6X750 ,3
7928,F.LAS MORAS MALBEC 6X750,9
7928,FRIZZE EVOL BLUE NEW X1000,3
7928,SMF BC RUBYORANGE&LIME LATA 4X6X473,18
7928,SMF ICE RED BERRIE LAT 4X6X473,18
7928,SMIRNOFF BC GRAPEF.&LIME 6X700,15
7928,SMIRNOFF BC ORANGE & LIME 6X700,15
7928,SMIRNOFF BC TANGE&LEMONGRASS 6X700,15
7928,SMIRNOFF RASPBERRY DO 6X700,9
7928,SMIRNOFF TAMARINDO 6 X 700,3
7928,SMIRNOFF TROPICAL FRUITS 6X700,3
7928,TRAPICHE ALARIS MALBEC 6X750,3
7929,ALMA MORA MALBEC 6X750,3
7929,ANTARES MICRO IPA 25 AÑOS,6
7929,ELEMENTOS MALBEC 6X750 ,3
7929,F.LAS MORAS MALBEC 6X750,3
7929,FRIZZE EVOL BLUE NEW X1000,3
7929,SMIRNOFF RASPBERRY DO 6X700,3
7929,TRAPICHE ALARIS MALBEC 6X750,3
7930,ALMA MORA MALBEC 6X750,3
7930,ANTARES MICRO IPA 25 AÑOS,3
7930,ELEMENTOS MALBEC 6X750 ,3
7930,F.LAS MORAS MALBEC 6X750,3
7930,FRIZZE EVOL BLUE NEW X1000,3
7930,SMIRNOFF RASPBERRY DO 6X700,3
7930,TRAPICHE ALARIS MALBEC 6X750,3
7931,ALMA MORA MALBEC 6X750,3
7931,DADA FMORAS N°1 6X750,3
7931,ELEMENTOS MALBEC 6X750 ,6
7931,F.LAS MORAS MALBEC 6X750,3
7931,LOS ARBOLES SEL MALBEC 6X750,6
7932,ALMA MORA BLEND TINTO 6X750,6
7932,ALMA MORA MALBEC 6X750,24
7932,CAZADOR MALBEC 6X750,18
7932,DADA ART MALBEC 6X750,6
7932,DADA FMORAS N°1 6X750,6
7932,DADA FMORAS N°2 6X750 ,6
7932,EL ULTIMO RIE MEJOR X750,6
7932,FRIZZE EVOL BLUE NEW X1000,18
7932,GORDON´S TONIC 4X6X473,12
7932,SMF ICE RED BERRIE LAT 4X6X473,24
7932,SMIRNOFF ICE LATA 4X6X473,0
7934,ALMA MORA MALBEC 6X750,6
7934,ANTARES MICRO IPA 25 AÑOS,6
7934,DADA FMORAS N°1 6X750,3
7934,ELEMENTOS MALBEC 6X750 ,6
7934,F.LAS MORAS MALBEC 6X750,6
7934,FRIZZE EVOL BLUE NEW X1000,3
7934,LOS ARBOLES SEL MALBEC 6X750,3
7934,SMF ICE RED BERRIE LAT 4X6X473,120
7934,SMIRNOFF ICE LATA 4X6X473,24
7934,SMIRNOFF RASPBERRY DO 6X700,3
7934,TRAPICHE ALARIS MALBEC 6X750,3
7938,ORIGEN BY TRAPICHE MALBEC 6X750,6
7938,SMF  BC GRAPEF&LIME  LATA 4X6X473,6
7938,SMF BC RUBYORANGE&LIME LATA 4X6X473,6
7939,ALMA MORA MALBEC 6X750,3
7939,DADA ART MALBEC 6X750,3
7939,DADA EXTRA BRUT 6X750,3
7939,DADA FMORAS N°1 6X750,3
7939,DADA SIDRA 6X750,6
7939,FRIZZE BLUE LATA X473,12
7939,FRIZZE BUBBLE MOOD 6X1000,12
7939,FRIZZE EVOL BLUE NEW X1000,12
7939,SMF ICE GREENAPPLE LAT 4X6X473,18
7939,SMF ICE RED BERRIE LAT 4X6X473,120
7939,SMIRNOFF ICE LATA 4X6X473,12
7939,SMIRNOFF RASPBERRY DO 6X700,6
7939,SMIRNOFF TAMARINDO 6 X 700,6
7941,ALMA MORA MALBEC 6X750,3
7941,ANTARES MICRO IPA 25 AÑOS,6
7941,ELEMENTOS MALBEC 6X750 ,3
7941,F.LAS MORAS MALBEC 6X750,3
7941,FRIZZE EVOL BLUE NEW X1000,3
7941,SMIRNOFF RASPBERRY DO 6X700,3
7941,TRAPICHE ALARIS MALBEC 6X750,3
7942,ALMA MORA MALBEC 6X750,3
7942,ANTARES MICRO IPA 25 AÑOS,6
7942,ELEMENTOS MALBEC 6X750 ,3
7942,F.LAS MORAS MALBEC 6X750,3
7942,FRIZZE EVOL BLUE NEW X1000,3
7942,SMIRNOFF RASPBERRY DO 6X700,3
7942,TRAPICHE ALARIS MALBEC 6X750,3
7943,ALMA MORA MALBEC 6X750,3
7943,ANTARES MICRO IPA 25 AÑOS,9
7943,ELEMENTOS MALBEC 6X750 ,3
7943,F.LAS MORAS MALBEC 6X750,3
7943,FRIZZE EVOL BLUE NEW X1000,3
7943,SMIRNOFF RASPBERRY DO 6X700,3
7943,TRAPICHE ALARIS MALBEC 6X750,3
7944,ALMA MORA MALBEC 6X750,3
7944,ANTARES MICRO IPA 25 AÑOS,6
7944,ELEMENTOS MALBEC 6X750 ,3
7944,F.LAS MORAS MALBEC 6X750,3
7944,FRIZZE EVOL BLUE NEW X1000,3
7944,SMIRNOFF RASPBERRY DO 6X700,3
7944,TRAPICHE ALARIS MALBEC 6X750,3
7947,ALMA MORA MALBEC 6X750,3
7947,ANTARES MICRO IPA 25 AÑOS,6
7947,CAZADOR MALBEC 6X750,6
7947,DADA ART MALBEC 6X750,6
7947,DADA ESPUMANTE MARACUYA 6X750,3
7947,DADA FMORAS N°1 6X750,3
7947,DADA FMORAS N°2 6X750 ,3
7947,DADA FMORAS N°3 6X750,3
7947,DADA N°8 CHOCOLATE 6X750 ,9
7947,DADA N°9 CARAMEL 6X750,3
7947,DON DAVID MALBEC 6X750,3
7947,ELEMENTOS MALBEC 6X750 ,9
7947,F. LAS MORAS BCO DULCE 6X750 ,3
7947,F.LAS MORAS MALBEC 6X750,3
7947,FOND CAVE MALBEC 6X750 ,3
7947,FRIZZE EVOL BLUE NEW X1000,15
7947,GORDON´S TONIC 4X6X473,6
7947,ORIGEN BY TRAPICHE MALBEC 6X750,3
7947,SMIRNOFF ICE LATA 4X6X473,6
7947,SMIRNOFF RASPBERRY DO 6X700,3
7947,TRAPICHE ALARIS MALBEC 6X750,3
7949,ALMA MORA MALBEC 6X750,3
7949,ANTARES MICRO IPA 25 AÑOS,6
7949,ELEMENTOS MALBEC 6X750 ,3
7949,F.LAS MORAS MALBEC 6X750,3
7949,FRIZZE EVOL BLUE NEW X1000,3
7949,SMIRNOFF RASPBERRY DO 6X700,3
7949,TRAPICHE ALARIS MALBEC 6X750,3
7950,ALMA MORA MALBEC 6X750,3
7950,ANTARES MICRO IPA 25 AÑOS,6
7950,ELEMENTOS MALBEC 6X750 ,3
7950,F.LAS MORAS MALBEC 6X750,3
7950,FRIZZE EVOL BLUE NEW X1000,3
7950,SMIRNOFF RASPBERRY DO 6X700,3
7950,TRAPICHE ALARIS MALBEC 6X750,3
7952,ALMA MORA MALBEC 6X750,3
7952,ANTARES MICRO IPA 25 AÑOS,6
7952,ELEMENTOS MALBEC 6X750 ,3
7952,F.LAS MORAS MALBEC 6X750,3
7952,FRIZZE EVOL BLUE NEW X1000,3
7952,SMIRNOFF RASPBERRY DO 6X700,3
7952,TRAPICHE ALARIS MALBEC 6X750,3
7954,ALMA MORA MALBEC 6X750,3
7954,ANTARES MICRO IPA 25 AÑOS,6
7954,ELEMENTOS MALBEC 6X750 ,3
7954,F.LAS MORAS MALBEC 6X750,3
7954,FRIZZE EVOL BLUE NEW X1000,3
7954,SMIRNOFF RASPBERRY DO 6X700,3
7954,TRAPICHE ALARIS MALBEC 6X750,3
7955,ALMA MORA BLEND TINTO 6X750,6
7955,ALMA MORA MALBEC 6X750,0
7955,DADA N6 HONEY X750,3
7955,DADA WHITE MALBEC 6X750,3
7955,EL ULTIMO RIE MEJOR X750,6
7955,ELEMENTOS MALBEC 6X750 ,-3
7955,ELEMENTOS TORRONTES DLCE6X750 ,3
7955,F.LAS MORAS MALBEC 6X750,-6
7955,GORDON´S GIN 6x700,-4
7955,J&B YELLOW 6X750,-6
7955,LEGUI 40 AÑOS 12X750,12
7955,LOS ARBOLES SEL MALBEC 6X750,3
7955,LOS ARBOLES SEL RED BLEND 6X750,3
7955,SAN TELMO CAB-SAUV X750,3
7955,SHERIDANS 6X750,0
7955,SMF BC RUBYORANGE&LIME LATA 4X6X473,24
7955,SMF ICE RED BERRIE LAT 4X6X473,-12
7955,SMIRNOFF 21 DO 12X700,9
7955,SMIRNOFF BC GRAPEF.&LIME 6X700,6
7955,SMIRNOFF BC ORANGE & LIME 6X700,6
7955,SMIRNOFF BC TANGE&LEMONGRASS 6X700,6
7955,SMIRNOFF GREEN APPLE DO 6X700,6
7955,SMIRNOFF RASPBERRY DO 6X700,-3
7955,SMIRNOFF TAMARINDO 6 X 700,3
7955,SMIRNOFF WATERMELON 6X700,3
7955,TANQUERAY DRY GIN X700,0
7955,TANQUERAY ROYALE X750,1
7955,TANQUERAY SEVILLA GIN X750,1
7955,TRAPICHE ALARIS MERLOT 6X750 ,-6
7956,ALMA MORA MALBEC 6X750,3
7956,ANTARES MICRO IPA 25 AÑOS,6
7956,ELEMENTOS MALBEC 6X750 ,3
7956,F.LAS MORAS MALBEC 6X750,3
7956,FRIZZE EVOL BLUE NEW X1000,3
7956,GORDON´S TONIC 4X6X473,6
7956,SMF ICE GREENAPPLE LAT 4X6X473,6
7956,SMF ICE RED BERRIE LAT 4X6X473,24
7956,SMIRNOFF RASPBERRY DO 6X700,3
7956,TRAPICHE ALARIS MALBEC 6X750,3
7957,ALMA MORA MALBEC 6X750,3
7957,ANTARES MICRO IPA 25 AÑOS,6
7957,ELEMENTOS MALBEC 6X750 ,3
7957,F.LAS MORAS MALBEC 6X750,3
7957,FRIZZE EVOL BLUE NEW X1000,3
7957,SMIRNOFF RASPBERRY DO 6X700,3
7957,TRAPICHE ALARIS MALBEC 6X750,3
7958,ALMA MORA MALBEC 6X750,3
7958,ANTARES MICRO IPA 25 AÑOS,6
7958,ELEMENTOS MALBEC 6X750 ,3
7958,F.LAS MORAS MALBEC 6X750,3
7958,FRIZZE EVOL BLUE NEW X1000,3
7958,SMF ICE RED BERRIE LAT 4X6X473,6
7958,SMIRNOFF RASPBERRY DO 6X700,3
7958,TRAPICHE ALARIS MALBEC 6X750,3
7959,LOS ARBOLES SEL MALBEC 6X750,6
7960,ALMA MORA MALBEC 6X750,3
7960,ANTARES MICRO IPA 25 AÑOS,6
7960,ELEMENTOS MALBEC 6X750 ,3
7960,F.LAS MORAS MALBEC 6X750,3
7960,FRIZZE EVOL BLUE NEW X1000,3
7960,SMIRNOFF RASPBERRY DO 6X700,3
7960,TRAPICHE ALARIS MALBEC 6X750,3
7961,ALMA MORA MALBEC 6X750,6
7961,DADA FMORAS N°1 6X750,3
7961,ELEMENTOS MALBEC 6X750 ,6
7961,F.LAS MORAS MALBEC 6X750,6
7961,LOS ARBOLES SEL MALBEC 6X750,3
7961,ORIGEN BY TRAPICHE MALBEC 6X750,3
7961,SMIRNOFF RASPBERRY DO 6X700,3
7961,TRAPICHE ALARIS MALBEC 6X750,3
7961,TRAPICHE RESERVA MALBEC 6X750,3
7961,WHITE HORSE DO 12X750,3
7962,ALMA MORA MALBEC 6X750,3
7962,DADA FMORAS N°1 6X750,3
7962,ELEMENTOS MALBEC 6X750 ,3
7962,F.LAS MORAS MALBEC 6X750,3
7962,LOS ARBOLES SEL MALBEC 6X750,3
7964,DADA ART MALBEC 6X750,6
7964,DADA N°8 CHOCOLATE 6X750 ,6
7964,DON DAVID MALBEC 6X750,3
7964,FOND CAVE MALBEC 6X750 ,3
7964,LOS INTOCABLES MALBEC 6X750,3
7964,ORIGEN BY TRAPICHE MALBEC 6X750,3
7964,SMIRNOFF 21 DO 12X700,6
7964,SMIRNOFF GREEN APPLE DO 6X700,6
7966,DADA ESPUMANTE MARACUYA 6X750,6
7966,FRIZZE BLUE LATA X473,6
7966,FRIZZE BUBBLE MOOD 6X1000,6
7966,GORDON´S TONIC 4X6X473,6
7966,SMIRNOFF 21 DO 12X700,9
7966,SMIRNOFF RASPBERRY DO 6X700,6
7966,SMIRNOFF TAMARINDO 6 X 700,3
7968,ALMA MORA MALBEC 6X750,3
7968,DADA ART MALBEC 6X750,9
7968,DON DAVID MALBEC 6X750,6
7968,ELEMENTOS MALBEC 6X750 ,3
7968,F.LAS MORAS MALBEC 6X750,3
7968,ORIGEN BY TRAPICHE MALBEC 6X750,3
7968,SMIRNOFF RASPBERRY DO 6X700,3
7968,TRAPICHE ALARIS MALBEC 6X750,3
7968,TRAPICHE RESERVA MALBEC 6X750,3
7968,WHITE HORSE DO 12X750,3
7969,DADA ART MALBEC 6X750,0
7969,F. LAS MORAS BCO DULCE 6X750 ,0
7969,SAN TELMO MALBEC X750,0
7969,TRAPICHE ALARIS DULCE COSECHA 6X750,0
7971,SMF ICE RED BERRIE LAT 4X6X473,6
7974,NC SPARK EBRUT 6X750 nuevo,18
7974,SMF  BC GRAPEF&LIME  LATA 4X6X473,6
7974,SMF ICE GREENAPPLE LAT 4X6X473,6
7974,SMF ICE RED BERRIE LAT 4X6X473,6
7974,SMIRNOFF RASPBERRY DO 6X700,6
7976,ALMA MORA MALBEC 6X750,6
7976,DADA FMORAS N°1 6X750,3
7976,ELEMENTOS MALBEC 6X750 ,6
7976,F.LAS MORAS MALBEC 6X750,6
7976,LOS ARBOLES SEL MALBEC 6X750,3
7976,ORIGEN BY TRAPICHE MALBEC 6X750,3
7976,SMIRNOFF RASPBERRY DO 6X700,3
7976,TRAPICHE ALARIS MALBEC 6X750,3
7976,TRAPICHE RESERVA MALBEC 6X750,3
7976,WHITE HORSE DO 12X750,3
7978,ALMA MORA MALBEC 6X750,6
7978,DADA FMORAS N°1 6X750,3
7978,ELEMENTOS MALBEC 6X750 ,6
7978,F.LAS MORAS MALBEC 6X750,6
7978,LOS ARBOLES SEL MALBEC 6X750,3
7978,ORIGEN BY TRAPICHE MALBEC 6X750,3
7978,SMIRNOFF RASPBERRY DO 6X700,3
7978,TRAPICHE ALARIS MALBEC 6X750,3
7978,TRAPICHE RESERVA MALBEC 6X750,3
7978,WHITE HORSE DO 12X750,3
7979,ALMA MORA BLANCO DULCE LOW 6X750,-6
7979,ALMA MORA BLEND BLANCO 6X750,6
7979,ALMA MORA BLEND DULCE 6X 750,6
7979,ALMA MORA BLEND TINTO 6X750,-6
7979,ALMA MORA MALBEC 6X750,66
7979,ALMA MORA SEL RVE MALBEC 6X750,12
7979,DADA 7 ORANGE BITTER 6X750,3
7979,DADA ART CABERNET 6X750 ,6
7979,DADA ART MALBEC 6X750,18
7979,DADA ESPUMANTE MARACUYA 6X750,3
7979,DADA FMORAS N°2 6X750 ,12
7979,DADA N°8 CHOCOLATE 6X750 ,6
7979,DADA N°9 CARAMEL 6X750,12
7979,DON DAVID MALBEC 6X750,30
7979,EL BAUTISMO BLEND TINTAS 6X750 ,6
7979,EL BAUTISMO MALBEC 6X750 ,6
7979,EL ULTIMO RIE MEJOR X750,18
7979,ELEMENTOS MALBEC 6X750 ,36
7979,F. LAS MORAS BCO DULCE 6X750 ,18
7979,F.LAS MORAS CABSAU 6X750 ,12
7979,F.LAS MORAS MALBEC 6X750,18
7979,FOND CAVE MALBEC 6X750 ,15
7979,FOND CAVE RVA MALBEC 6X750,6
7979,FRIZZE BUBBLE MOOD 6X1000,6
7979,FRIZZE EVOL BLUE NEW X1000,24
7979,GORDON´S GIN 6x700,6
7979,GORDON´S PINK GIN 6X700,3
7979,GORDON´S TONIC 4X6X473,12
7979,LOS ARBOLES SEL CABERNET 6X750,0
7979,LOS ARBOLES SEL MALBEC 6X750,48
7979,LOS INTOCABLES MALBEC 6X750,6
7979,NC SPARK DLCE 6X750,3
7979,ORIGEN BY TRAPICHE MALBEC 6X750,6
7979,SAN TELMO MALBEC X750,18
7979,SMF BC RUBYORANGE&LIME LATA 4X6X473,6
7979,SMF ICE GREENAPPLE LAT 4X6X473,6
7979,SMF ICE RED BERRIE LAT 4X6X473,6
7979,SMIRNOFF 21 DO 12X700,6
7979,SMIRNOFF GREEN APPLE DO 6X700,3
7979,SMIRNOFF RASPBERRY DO 6X700,3
7979,SMIRNOFF TROPICAL FRUITS 6X700,3
7979,SMIRNOFF WATERMELON 6X700,6
7979,SUTER CHAMPAÑA E.BRUT 6X750,6
7979,SUTER VARIETAL TARDIO6X750,0
7979,TRAPICHE ALARIS DULCE COSECHA 6X750,12
7979,TRAPICHE ALARIS MALBEC 6X750,24
7979,WHITE HORSE DO 12X750,3
7980,ALMA MORA BLEND TINTO 6X750,3
7980,ALMA MORA MALBEC 6X750,15
7980,DADA ART MALBEC 6X750,-3
7980,DADA FMORAS N°1 6X750,3
7980,DADA FMORAS N°2 6X750 ,3
7980,DADA FMORAS N°3 6X750,3
7980,DON DAVID MALBEC 6X750,3
7980,EL ULTIMO RIE MEJOR X750,3
7980,ELEMENTOS MALBEC 6X750 ,12
7980,F. LAS MORAS BCO DULCE 6X750 ,3
7980,F.LAS MORAS MALBEC 6X750,15
7980,FOND CAVE MALBEC 6X750 ,3
7980,FOND CAVE RVA MALBEC 6X750,3
7980,FRIZZE BLUE LATA X473,6
7980,GORDON´S TONIC 4X6X473,12
7980,LOS ARBOLES SEL MALBEC 6X750,6
7980,ORIGEN BY TRAPICHE MALBEC 6X750,6
7980,SAN TELMO MALBEC X750,6
7980,SMF  BC GRAPEF&LIME  LATA 4X6X473,6
7980,SMF ICE GREENAPPLE LAT 4X6X473,12
7980,SMF ICE RED BERRIE LAT 4X6X473,6
7980,SMIRNOFF GREEN APPLE DO 6X700,6
7980,SMIRNOFF ICE LATA 4X6X473,0
7980,SMIRNOFF RASPBERRY DO 6X700,3
7980,TRAPICHE ALARIS DULCE COSECHA 6X750,3
7980,TRAPICHE ALARIS MALBEC 6X750,3
7980,TRAPICHE RESERVA MALBEC 6X750,3
7980,WHITE HORSE DO 12X750,3
7981,ALMA MORA MALBEC 6X750,6
7981,DADA FMORAS N°1 6X750,3
7981,ELEMENTOS MALBEC 6X750 ,6
7981,F.LAS MORAS MALBEC 6X750,6
7981,LOS ARBOLES SEL MALBEC 6X750,3
7981,ORIGEN BY TRAPICHE MALBEC 6X750,3
7981,SMIRNOFF RASPBERRY DO 6X700,3
7981,TRAPICHE ALARIS MALBEC 6X750,3
7981,TRAPICHE RESERVA MALBEC 6X750,3
7981,WHITE HORSE DO 12X750,3
7983,COLECCION PRIVADA MALBEC,3
7983,DADA FMORAS N°1 6X750,3
7983,F.LAS MORAS MALBEC 6X750,3
7983,LOS INTOCABLES MALBEC 6X750,3
7984,ALMA MORA MALBEC 6X750,3
7984,DADA FMORAS N°1 6X750,3
7984,ELEMENTOS MALBEC 6X750 ,3
7984,F.LAS MORAS MALBEC 6X750,3
7984,LOS ARBOLES SEL MALBEC 6X750,3
7986,ALMA MORA MALBEC 6X750,6
7986,DADA FMORAS N°1 6X750,3
7986,ELEMENTOS MALBEC 6X750 ,6
7986,F.LAS MORAS MALBEC 6X750,6
7986,LOS ARBOLES SEL MALBEC 6X750,3
7986,ORIGEN BY TRAPICHE MALBEC 6X750,3
7986,SMIRNOFF RASPBERRY DO 6X700,3
7986,TRAPICHE ALARIS MALBEC 6X750,3
7986,TRAPICHE RESERVA MALBEC 6X750,3
7986,WHITE HORSE DO 12X750,3
7988,ALMA MORA MALBEC 6X750,3
7988,DADA ESPUMANTE MARACUYA 6X750,3
7988,ELEMENTOS MALBEC 6X750 ,3
7988,SMIRNOFF TROPICAL FRUITS 6X700,3
7988,SMIRNOFF WATERMELON 6X700,3
7989,ALMA MORA MALBEC 6X750,6
7989,DADA FMORAS N°1 6X750,3
7989,ELEMENTOS MALBEC 6X750 ,6
7989,F.LAS MORAS MALBEC 6X750,6
7989,LOS ARBOLES SEL MALBEC 6X750,3
7989,ORIGEN BY TRAPICHE MALBEC 6X750,3
7989,SMIRNOFF RASPBERRY DO 6X700,3
7989,TRAPICHE ALARIS MALBEC 6X750,3
7989,TRAPICHE RESERVA MALBEC 6X750,3
7989,WHITE HORSE DO 12X750,3
7990,ALMA MORA MALBEC 6X750,3
7990,DADA FMORAS N°1 6X750,3
7990,ELEMENTOS MALBEC 6X750 ,3
7990,F.LAS MORAS MALBEC 6X750,9
7990,LOS ARBOLES SEL MALBEC 6X750,3
7990,NC SPARK EBRUT 6X750 nuevo,12
7992,GORDON´S TONIC 4X6X473,6
7992,SAN TELMO MALBEC X750,6
7992,SMF BC RUBYORANGE&LIME LATA 4X6X473,6
7992,SMF ICE GREENAPPLE LAT 4X6X473,6
7992,SMF ICE RED BERRIE LAT 4X6X473,36
7994,COLECCION PRIVADA MALBEC,6
7994,ELEMENTOS MALBEC 6X750 ,6
7994,ORIGEN BY TRAPICHE MALBEC 6X750,22
7999,ALMA MORA MALBEC 6X750,6
7999,DADA FMORAS N°1 6X750,3
7999,ELEMENTOS MALBEC 6X750 ,6
7999,F.LAS MORAS MALBEC 6X750,6
7999,LOS ARBOLES SEL MALBEC 6X750,3
7999,ORIGEN BY TRAPICHE MALBEC 6X750,3
7999,SMIRNOFF RASPBERRY DO 6X700,3
7999,TRAPICHE ALARIS MALBEC 6X750,3
7999,TRAPICHE RESERVA MALBEC 6X750,3
7999,WHITE HORSE DO 12X750,3
8000,GORDON´S PINK GIN 6X700,1
8005,ALMA MORA MALBEC 6X750,6
8005,DADA ART MALBEC 6X750,3
8005,DADA FMORAS N°1 6X750,3
8005,LOS ARBOLES SEL MALBEC 6X750,3
8005,SMF ICE RED BERRIE LAT 4X6X473,6
8006,ALMA MORA MALBEC 6X750,3
8006,DADA 7 ORANGE BITTER 6X750,3
8006,DADA ART MALBEC 6X750,0
8006,DADA ESPUMANTE 6X750 ,3
8006,ELEMENTOS MALBEC 6X750 ,6
8006,F.LAS MORAS MALBEC 6X750,3
8006,FRIZZE EVOL BLUE NEW X1000,6
8006,GORDON´S GIN 6x700,2
8006,GORDON´S TONIC 4X6X473,12
8006,LOS ARBOLES SEL MALBEC 6X750,3
8006,SMF  BC GRAPEF&LIME  LATA 4X6X473,6
8006,SMF ICE GREENAPPLE LAT 4X6X473,6
8006,SMF ICE RED BERRIE LAT 4X6X473,36
8006,SMIRNOFF BC TANGE&LEMONGRASS 6X700,3
8006,SMIRNOFF GREEN APPLE DO 6X700,3
8006,SMIRNOFF RASPBERRY DO 6X700,9
8006,SMIRNOFF TROPICAL FRUITS 6X700,6
8006,TRAPICHE ALARIS MALBEC 6X750,3
8008,ALMA MORA CABSAUV6X750 ,3
8008,ALMA MORA MALBEC 6X750,24
8008,ANTARES IPA LATA 6X473 (NEW),12
8008,ANTARES IPA SIN ALC LATA 6X473,6
8008,ANTARES LATA KOLSCH 6 X 473ML,6
8008,ANTARES LATA SCOTCH 6 X 473ML,6
8008,COLECCION PRIVADA MALBEC,3
8008,DADA ESPUMANTE 6X750 ,3
8008,DADA ESPUMANTE MARACUYA 6X750,12
8008,DADA ESPUMANTE ROS6X750 ,6
8008,DADA EXTRA BRUT 6X750,9
8008,DADA LATA SWEET  4X6X355,6
8008,DADA LATA SWEET PINK 4X6X355,6
8008,DON DAVID MALBEC 6X750,6
8008,DON DAVID RESERVA MALBEC X750,3
8008,EL ULTIMO RIE MEJOR X750,18
8008,ELEMENTOS MALBEC 6X750 ,9
8008,FOND CAVE CABSAU 6X750,9
8008,FOND CAVE MALBEC 6X750 ,55
8008,FOND CAVE RVA MALBEC 6X750,9
8008,GORDONS  TROPICAL FRUITS 6X700,6
8008,GORDON´S GIN 6x700,3
8008,GORDON´S PINK GIN 6X700,12
8008,GORDON´S TONIC 4X6X473,96
8008,JW DOUBLE BLACK 6x750,1
8008,JW RED 12X750 UK,2
8008,LOS ARBOLES SEL MALBEC 6X750,6
8008,NC S E.BRUT4X6X355,6
8008,NC SPARK EBRUT 6X750 nuevo,3
8008,SMF  BC GRAPEF&LIME  LATA 4X6X473,18
8008,SMF BC RUBYORANGE&LIME LATA 4X6X473,6
8008,SMF ICE GREENAPPLE LAT 4X6X473,30
8008,SMF ICE RED BERRIE LAT 4X6X473,78
8008,SMIRNOFF 21 DO 12X700,3
8008,SMIRNOFF GREEN APPLE DO 6X700,6
8008,SMIRNOFF RASPBERRY DO 6X700,117
8008,SMIRNOFF TROPICAL FRUITS 6X700,3
8008,SMIRNOFF WATERMELON 6X700,12
8008,TRAPICHE ALARIS CABSAUV 6X750 ,3
8008,TRAPICHE ALARIS MALBEC 6X750,3
8008,TRAPICHE IMPURO MALBEC X750,3
8008,TRAPICHE RESERVA MALBEC 6X750,6
8008,WHITE HORSE DO 12X750,16
8009,ALARIS D.COSECHA TINTO 6X750,3
8009,ALMA MORA MALBEC 6X750,3
8009,DADA FMORAS N°1 6X750,3
8009,DADA FMORAS N°2 6X750 ,3
8009,DADA FMORAS N°3 6X750,15
8009,DON DAVID MALBEC 6X750,-6
8009,F.LAS MORAS MALBEC 6X750,-6
8009,FOND CAVE MALBEC 6X750 ,0
8009,LOS ARBOLES SEL CABERNET 6X750,3
8009,LOS ARBOLES SEL MALBEC 6X750,6
8009,LOS INTOCABLES MALBEC 6X750,3
8009,SMF ICE GREENAPPLE LAT 4X6X473,12
8009,SMF ICE RED BERRIE LAT 4X6X473,24
8009,SMIRNOFF ICE LATA 4X6X473,6
8009,TRAPICHE ALARIS MALBEC 6X750,-6
8009,TRAPICHE RESERVA MALBEC 6X750,3
8010,ALARIS D.COSECHA TINTO 6X750,6
8010,ALMA MORA BLANCO DULCE LOW 6X750,6
8010,ALMA MORA BLEND DULCE 6X 750,12
8010,ALMA MORA BLEND TINTO 6X750,18
8010,ALMA MORA CABSAUV6X750 ,27
8010,ALMA MORA MALBEC 6X750,57
8010,ALMA MORA MERLOT 6X750,24
8010,ALMA MORA SEL RVE MALBEC 6X750,18
8010,ALMA MORA SYRAH 6X750,6
8010,ALMA MORA SYRAH ROSE 6X750 ,21
8010,ANTARES IPA LATA 6X473 (NEW),6
8010,ANTARES IPA SIN ALC LATA 6X473,12
8010,ANTARES LAGER LATA 6X473,12
8010,ANTARES LATA KOLSCH 6 X 473ML,6
8010,CAZADOR CAB. SAU 6X750,12
8010,CAZADOR MALBEC 6X750,24
8010,COLECCION PRIVADA BLEND 6X750,6
8010,COLECCION PRIVADA MALBEC,18
8010,DADA ART MALBEC 6X750,9
8010,DADA ESPUMANTE MARACUYA 6X750,3
8010,DADA ESPUMANTE ROS6X750 ,12
8010,DADA EXTRA BRUT 6X750,6
8010,DADA FMORAS N°1 6X750,18
8010,DADA FMORAS N°2 6X750 ,15
8010,DADA FMORAS N°3 6X750,6
8010,DADA N°8 CHOCOLATE 6X750 ,24
8010,DADA N°9 CARAMEL 6X750,6
8010,DADA SIDRA 6X750,12
8010,DON DAVID CABERNET 6X750,9
8010,DON DAVID MALBEC 6X750,24
8010,DON DAVID RESERVA CAB.SAUV X750,12
8010,DON DAVID RESERVA MALBEC X750,18
8010,EL BAUTISMO CABERNET 6X750,6
8010,EL BAUTISMO MALBEC 6X750 ,3
8010,ELEMENTOS CABSAUV 6X750 ,24
8010,ELEMENTOS MALBEC 6X750 ,66
8010,ELEMENTOS RED BLEND 6 X 750,6
8010,ELEMENTOS ROSADO TORRONT 6X750 ,12
8010,ELEMENTOS TORRONTES 6X750 ,36
8010,F. LAS MORAS BCO DULCE 6X750 ,12
8010,F.LAS MORAS CABSAU 6X750 ,12
8010,F.LAS MORAS MALBEC 6X750,30
8010,FOND CAV RESERVA CAB SAUV FRANCE X750,24
8010,FOND CAVE CABSAU 6X750,24
8010,FOND CAVE G. RVA MALBEC 6X750,18
8010,FOND CAVE MALBEC 6X750 ,144
8010,FOND CAVE RVA MALBEC 6X750,12
8010,FRIZZE EVOL BLUE NEW X1000,6
8010,GORDONS  TROPICAL FRUITS 6X700,3
8010,GORDON´S GIN 6x700,18
8010,GORDON´S PINK GIN 6X700,6
8010,GORDON´S TONIC 4X6X473,12
8010,JW RED 12X1000 UK,4
8010,JW RED 12X750 UK,6
8010,LEGUI 40 AÑOS 12X750,12
8010,LOS ARBOLES SEL MALBEC 6X750,15
8010,LOS INTOCABLES MALBEC 6X750,6
8010,LOS INTOCABLES RED BLEND 6X750,6
8010,NC S E.BRUT4X6X355,6
8010,NC SPARK EBRUT 6X750 nuevo,6
8010,ORIGEN BY TRAPICHE CAB.S 6X750,15
8010,ORIGEN BY TRAPICHE MALBEC 6X750,18
8010,SAN TELMO CAB-SAUV X750,18
8010,SAN TELMO MALBEC X750,24
8010,SAN TELMO SPARK DULCE 6X750,12
8010,SAN TELMO SPARK E.BRUT 6X750,6
8010,SMF ICE RED BERRIE LAT 4X6X473,6
8010,SMIRNOFF 21 DO 12X700,6
8010,SMIRNOFF BC ORANGE & LIME 6X700,6
8010,SMIRNOFF ICE LATA 4X6X473,6
8010,SMIRNOFF RASPBERRY DO 6X700,501
8010,SMIRNOFF TAMARINDO 6 X 700,6
8010,SUTER VARIETAL TARDIO6X750,18
8010,TANQUERAY DRY GIN X700,1
8010,TRAPICHE ALARIS CABSAUV 6X750 ,6
8010,TRAPICHE ALARIS DULCE COSECHA 6X750,18
8010,TRAPICHE ALARIS MALBEC 6X750,18
8010,TRAPICHE ALARIS MERLOT 6X750 ,6
8010,TRAPICHE IMPURO MALBEC X750,6
8010,TRAPICHE RESERVA CABSAU 6X750 ,18
8010,TRAPICHE RESERVA MALBEC 6X750,42
8010,VAT 69 HONEY X700,6
8010,WHITE HORSE DO 12X750,6
8011,ALMA MORA MALBEC 6X750,3
8011,ALMA MORA MERLOT 6X750,6
8011,DADA ART MALBEC 6X750,12
8011,DADA ESPUMANTE MARACUYA 6X750,60
8011,DADA ESPUMANTE ROS6X750 ,48
8011,DADA FMORAS N°1 6X750,3
8011,DADA FMORAS N°2 6X750 ,12
8011,LOS ARBOLES SEL MALBEC 6X750,3
8011,LOS INTOCABLES CAB.SAUV 6X750,12
8011,LOS INTOCABLES MALBEC 6X750,12
8011,SMIRNOFF RASPBERRY DO 6X700,180
8011,SMIRNOFF TROPICAL FRUITS 6X700,120
8011,TRAPICHE ALARIS MALBEC 6X750,12
8011,TRAPICHE RESERVA MALBEC 6X750,12
8012,ALMA MORA MALBEC 6X750,3
8012,ANTARES MICRO IPA 25 AÑOS,6
8012,ELEMENTOS MALBEC 6X750 ,3
8012,F.LAS MORAS MALBEC 6X750,3
8012,FRIZZE EVOL BLUE NEW X1000,3
8012,SMIRNOFF RASPBERRY DO 6X700,3
8012,TRAPICHE ALARIS MALBEC 6X750,3
8013,SMF ICE RED BERRIE LAT 4X6X473,6
8020,SMF ICE GREENAPPLE LAT 4X6X473,0
8020,SMF ICE RED BERRIE LAT 4X6X473,-6
8020,SMIRNOFF GREEN APPLE DO 6X700,3
8020,SMIRNOFF RASPBERRY DO 6X700,-3
8021,ALMA MORA CABSAUV6X750 ,18
8021,ALMA MORA MALBEC 6X750,123
8021,COLECCION PRIVADA MALBEC,6
8021,DADA ART CABERNET 6X750 ,6
8021,DADA ART MALBEC 6X750,6
8021,DADA ESPUMANTE ROS6X750 ,6
8021,DADA FMORAS N°1 6X750,9
8021,DADA FMORAS N°2 6X750 ,6
8021,DADA FMORAS N°3 6X750,6
8021,DADA N6 HONEY X750,6
8021,DADA N°9 CARAMEL 6X750,6
8021,DADA WHITE MALBEC 6X750,6
8021,ELEMENTOS MALBEC 6X750 ,3
8021,F.LAS MORAS MALBEC 6X750,3
8021,FRIZZE EVOL BLUE NEW X1000,12
8021,LOS ARBOLES SEL MALBEC 6X750,9
8021,TRAPICHE ALARIS CABSAUV 6X750 ,6
8021,TRAPICHE ALARIS DULCE COSECHA 6X750,18
8021,VAT 69 HONEY X700,6
8024,GORDON´S TONIC 4X6X473,6
8024,SMF ICE GREENAPPLE LAT 4X6X473,6
8024,SMF ICE RED BERRIE LAT 4X6X473,6
8024,SMIRNOFF 21 DO 12X700,3
8024,SMIRNOFF TROPICAL FRUITS 6X700,3
8027,SMF ICE GREENAPPLE LAT 4X6X473,6
8027,SMF ICE RED BERRIE LAT 4X6X473,6
8027,SMIRNOFF ICE LATA 4X6X473,6
8028,ALMA MORA MALBEC 6X750,3
8028,ANTARES MICRO IPA 25 AÑOS,6
8028,ELEMENTOS MALBEC 6X750 ,3
8028,F.LAS MORAS MALBEC 6X750,3
8028,FRIZZE EVOL BLUE NEW X1000,3
8028,SMIRNOFF RASPBERRY DO 6X700,3
8028,TRAPICHE ALARIS MALBEC 6X750,3
8029,ALMA MORA BLEND BLANCO 6X750,6
8029,ALMA MORA MALBEC 6X750,30
8029,ANTARES IPA LATA 6X473 (NEW),6
8029,ANTARES LAGER LATA 6X473,6
8029,ANTARES LATA SCOTCH 6 X 473ML,6
8029,ANTARES PLAYA GRANDE 6 X 473ML,-12
8029,COLECCION PRIVADA MALBEC,6
8029,DADA INCREDIBLENDS 1  X750,-6
8029,DON DAVID MALBEC 6X750,6
8029,EL ULTIMO RIE MEJOR X750,6
8029,ELEMENTOS MALBEC 6X750 ,36
8029,F.LAS MORAS MALBEC 6X750,78
8029,FOND CAVE MALBEC 6X750 ,6
8029,GORDON´S TONIC 4X6X473,12
8029,JW BLACK LABEL 12x750,3
8029,JW RED 12X750 UK,52
8029,LEGUI 40 AÑOS 12X750,120
8029,LOS ARBOLES SEL MALBEC 6X750,18
8029,ORIGEN BY TRAPICHE MALBEC 6X750,6
8029,SAN TELMO MALBEC X750,18
8029,SHERIDANS 6X750,7
8029,SMF ICE GREENAPPLE LAT 4X6X473,180
8029,SMF ICE RED BERRIE LAT 4X6X473,60
8029,SMIRNOFF 21 DO 12X700,120
8029,SMIRNOFF BC ORANGE & LIME 6X700,6
8029,SMIRNOFF BC TANGE&LEMONGRASS 6X700,6
8029,SMIRNOFF GREEN APPLE DO 6X700,30
8029,SMIRNOFF ICE LATA 4X6X473,12
8029,SMIRNOFF RASPBERRY DO 6X700,420
8029,SMIRNOFF TAMARINDO 6 X 700,54
8029,SMIRNOFF TROPICAL FRUITS 6X700,30
8029,SMIRNOFF WATERMELON 6X700,24
8029,TRAPICHE ALARIS MALBEC 6X750,6
8035,ALMA MORA MALBEC 6X750,9
8035,ANTARES MICRO IPA 25 AÑOS,6
8035,CAZADOR BLANCO DULCE 6X750,6
8035,CAZADOR MALBEC 6X750,6
8035,ELEMENTOS MALBEC 6X750 ,9
8035,F.LAS MORAS MALBEC 6X750,9
8035,FRIZZE EVOL BLUE NEW X1000,15
8035,JW DOUBLE BLACK 6x750,2
8035,JW RED 12X750 UK,2
8035,LOS INTOCABLES MALBEC 6X750,6
8035,SMF ICE GREENAPPLE LAT 4X6X473,6
8035,SMF ICE RED BERRIE LAT 4X6X473,6
8035,SMIRNOFF ICE LATA 4X6X473,6
8035,SMIRNOFF RASPBERRY DO 6X700,3
8035,TRAPICHE ALARIS MALBEC 6X750,3
8036,ALMA MORA MALBEC 6X750,3
8036,ANTARES MICRO IPA 25 AÑOS,6
8036,DADA FMORAS N°3 6X750,6
8036,DON DAVID MALBEC 6X750,3
8036,DON DAVID RESERVA MALBEC X750,3
8036,ELEMENTOS MALBEC 6X750 ,3
8036,F.LAS MORAS MALBEC 6X750,3
8036,FRIZZE EVOL BLUE NEW X1000,3
8036,GORDON´S GIN 6x700,3
8036,SMIRNOFF RASPBERRY DO 6X700,6
8036,SMIRNOFF TROPICAL FRUITS 6X700,3
8036,TRAPICHE ALARIS MALBEC 6X750,3
8038,ALMA MORA MALBEC 6X750,3
8038,ANTARES MICRO IPA 25 AÑOS,6
8038,ELEMENTOS MALBEC 6X750 ,3
8038,F.LAS MORAS MALBEC 6X750,3
8038,FRIZZE EVOL BLUE NEW X1000,3
8038,SMIRNOFF RASPBERRY DO 6X700,3
8038,TRAPICHE ALARIS MALBEC 6X750,3
8039,ALMA MORA MALBEC 6X750,3
8039,ANTARES MICRO IPA 25 AÑOS,6
8039,ELEMENTOS MALBEC 6X750 ,3
8039,F.LAS MORAS MALBEC 6X750,3
8039,FRIZZE EVOL BLUE NEW X1000,3
8039,SMIRNOFF RASPBERRY DO 6X700,3
8039,TRAPICHE ALARIS MALBEC 6X750,3
8040,ALMA MORA MALBEC 6X750,3
8040,DADA ESPUMANTE MARACUYA 6X750,3
8040,DADA FMORAS N°2 6X750 ,3
8040,DADA N°8 CHOCOLATE 6X750 ,3
8040,F.LAS MORAS MALBEC 6X750,3
8040,FRIZZE BLUE LATA X473,12
8040,FRIZZE BUBBLE MOOD 6X1000,6
8040,GORDON´S GIN 6x700,3
8040,GORDON´S TONIC 4X6X473,6
8040,LOS ARBOLES SEL MALBEC 6X750,3
8040,SAN TELMO MALBEC X750,3
8040,SMF BC RUBYORANGE&LIME LATA 4X6X473,18
8040,SMF ICE GREENAPPLE LAT 4X6X473,24
8040,SMF ICE RED BERRIE LAT 4X6X473,66
8040,SMIRNOFF BC ORANGE & LIME 6X700,3
8040,SMIRNOFF ICE LATA 4X6X473,12
8040,SMIRNOFF RASPBERRY DO 6X700,3
8040,SMIRNOFF TROPICAL FRUITS 6X700,3
8040,TRAPICHE ALARIS DULCE COSECHA 6X750,3
8041,ALMA MORA MALBEC 6X750,3
8041,ANTARES MICRO IPA 25 AÑOS,6
8041,ELEMENTOS MALBEC 6X750 ,3
8041,F.LAS MORAS MALBEC 6X750,3
8041,FRIZZE EVOL BLUE NEW X1000,3
8041,SMIRNOFF RASPBERRY DO 6X700,3
8041,TRAPICHE ALARIS MALBEC 6X750,3
8042,ALMA MORA MALBEC 6X750,3
8042,CAZADOR BLANCO DULCE 6X750,3
8042,DADA 7 ORANGE BITTER 6X750,3
8042,DADA ESPUMANTE ROS6X750 ,3
8042,ELEMENTOS MALBEC 6X750 ,3
8042,F.LAS MORAS MALBEC 6X750,3
8042,FRIZZE EVOL BLUE NEW X1000,6
8042,GORDON´S TONIC 4X6X473,6
8042,ORIGEN BY TRAPICHE MALBEC 6X750,3
8042,SMF ICE GREENAPPLE LAT 4X6X473,6
8042,SMIRNOFF RASPBERRY DO 6X700,3
8042,TRAPICHE ALARIS MALBEC 6X750,3
8042,TRAPICHE RESERVA MALBEC 6X750,3
8042,WHITE HORSE DO 12X750,3
8048,ALMA MORA MALBEC 6X750,-5
8048,ELEMENTOS MALBEC 6X750 ,3
8048,F.LAS MORAS MALBEC 6X750,3
8048,ORIGEN BY TRAPICHE MALBEC 6X750,3
8048,SMIRNOFF RASPBERRY DO 6X700,3
8048,TRAPICHE ALARIS MALBEC 6X750,3
8048,TRAPICHE RESERVA MALBEC 6X750,3
8048,WHITE HORSE DO 12X750,3
8049,ALMA MORA BLEND DULCE 6X 750,3
8049,ALMA MORA BLEND TINTO 6X750,6
8049,ALMA MORA MALBEC 6X750,15
8049,ALMA MORA SYRAH 6X750,-6
8049,ANTARES LAGER LATA 6X473,6
8049,CAZADOR MALBEC 6X750,3
8049,DADA 7 SWEET  6X750,3
8049,DADA ESPUMANTE MARACUYA 6X750,3
8049,DADA FMORAS N°1 6X750,15
8049,DADA FMORAS N°2 6X750 ,18
8049,DADA FMORAS N°3 6X750,9
8049,DADA N°9 CARAMEL 6X750,6
8049,DADA SIDRA 6X750,3
8049,ELEMENTOS MALBEC 6X750 ,6
8049,ELEMENTOS RED BLEND 6 X 750,6
8049,F. LAS MORAS BCO DULCE 6X750 ,-6
8049,F.LAS MORAS MALBEC 6X750,6
8049,FRIZZE BLUE LATA X473,6
8049,FRIZZE EVOL BLUE NEW X1000,18
8049,GORDON´S PINK GIN 6X700,1
8049,GORDON´S TONIC 4X6X473,6
8049,LOS ARBOLES SEL MALBEC 6X750,3
8049,ORIGEN BY TRAPICHE MALBEC 6X750,3
8049,SAN TELMO CAB-SAUV X750,3
8049,SAN TELMO MALBEC X750,3
8049,SAN TELMO SPARK DULCE 6X750,3
8049,SAN TELMO SPARK E.BRUT 6X750,3
8049,SMF ICE GREENAPPLE LAT 4X6X473,42
8049,SMF ICE RED BERRIE LAT 4X6X473,24
8049,SMIRNOFF 21 DO 12X700,9
8049,SMIRNOFF BC GRAPEF.&LIME 6X700,3
8049,SMIRNOFF GREEN APPLE DO 6X700,3
8049,SMIRNOFF ICE LATA 4X6X473,18
8049,SMIRNOFF RASPBERRY DO 6X700,9
8049,SMIRNOFF TAMARINDO 6 X 700,6
8049,SMIRNOFF TROPICAL FRUITS 6X700,6
8049,TERMIDOR 2021 TINTO  12X1L ,0
8049,TRAPICHE ALARIS MALBEC 6X750,3
8049,TRAPICHE RESERVA MALBEC 6X750,9
8049,WHITE HORSE DO 12X750,6
8050,FRIZZE BLUE LATA X473,6
8050,GORDON´S TONIC 4X6X473,6
8050,SMF ICE GREENAPPLE LAT 4X6X473,6
8050,SMIRNOFF ICE LATA 4X6X473,6
8059,ALMA MORA MALBEC 6X750,3
8059,ELEMENTOS MALBEC 6X750 ,3
8059,F.LAS MORAS CABSAU 6X750 ,6
8059,F.LAS MORAS MALBEC 6X750,9
8059,FOND CAVE MALBEC 6X750 ,6
8059,ORIGEN BY TRAPICHE MALBEC 6X750,3
8059,SMIRNOFF RASPBERRY DO 6X700,3
8059,TRAPICHE ALARIS MALBEC 6X750,3
8059,TRAPICHE RESERVA MALBEC 6X750,3
8059,WHITE HORSE DO 12X750,3
8065,COLECCION PRIVADA MALBEC,3
8065,DADA FMORAS N°1 6X750,3
8065,F.LAS MORAS MALBEC 6X750,3
8065,LOS INTOCABLES MALBEC 6X750,3
8066,COLECCION PRIVADA MALBEC,3
8066,DADA FMORAS N°1 6X750,3
8066,F.LAS MORAS MALBEC 6X750,3
8066,LOS INTOCABLES MALBEC 6X750,3
8067,COLECCION PRIVADA MALBEC,3
8067,DADA FMORAS N°1 6X750,3
8067,F.LAS MORAS MALBEC 6X750,3
8067,LOS INTOCABLES MALBEC 6X750,3
8068,ALMA MORA SEL RVE MALBEC 6X750,6
8068,COLECCION PRIVADA CAB SAUV 6X750,6
8068,COLECCION PRIVADA MALBEC,21
8068,DADA 7 ORANGE BITTER 6X750,6
8068,DADA ESPUMANTE ROS6X750 ,12
8068,DADA EXTRA BRUT 6X750,12
8068,DADA FMORAS N°1 6X750,3
8068,DON DAVID MALBEC 6X750,18
8068,F.LAS MORAS CABSAU 6X750 ,30
8068,F.LAS MORAS MALBEC 6X750,33
8068,FOND CAVE MALBEC 6X750 ,6
8068,GORDON´S GIN 6x700,6
8068,JW BLACK LABEL 12x1000,1
8068,LEGUI 40 AÑOS 12X750,120
8068,LOS INTOCABLES MALBEC 6X750,3
8068,SAN TELMO MALBEC X750,6
8068,SAN TELMO SPARK DULCE 6X750,12
8068,SHERIDANS 6X750,6
8068,SMF ICE GREENAPPLE LAT 4X6X473,12
8068,SMF ICE RED BERRIE LAT 4X6X473,12
8068,SMIRNOFF 21 DO 12X700,24
8068,SMIRNOFF RASPBERRY DO 6X700,300
8068,SMIRNOFF TAMARINDO 6 X 700,6
8068,SMIRNOFF TROPICAL FRUITS 6X700,0
8068,WHITE HORSE DO 12X750,24
8069,COLECCION PRIVADA MALBEC,3
8069,DADA FMORAS N°1 6X750,3
8069,F.LAS MORAS MALBEC 6X750,3
8069,LOS INTOCABLES MALBEC 6X750,3
8070,COLECCION PRIVADA MALBEC,3
8070,DADA FMORAS N°1 6X750,3
8070,F.LAS MORAS MALBEC 6X750,3
8070,LOS INTOCABLES MALBEC 6X750,3
8071,COLECCION PRIVADA MALBEC,3
8071,DADA FMORAS N°1 6X750,3
8071,F.LAS MORAS MALBEC 6X750,3
8071,LOS INTOCABLES MALBEC 6X750,3
8072,COLECCION PRIVADA MALBEC,3
8072,DADA FMORAS N°1 6X750,3
8072,F.LAS MORAS MALBEC 6X750,3
8072,LOS INTOCABLES MALBEC 6X750,3
8073,COLECCION PRIVADA MALBEC,3
8073,DADA FMORAS N°1 6X750,3
8073,F.LAS MORAS MALBEC 6X750,3
8073,LOS INTOCABLES MALBEC 6X750,3
8074,COLECCION PRIVADA MALBEC,3
8074,DADA FMORAS N°1 6X750,3
8074,ELEMENTOS MALBEC 6X750 ,6
8074,F.LAS MORAS MALBEC 6X750,3
8074,LOS INTOCABLES MALBEC 6X750,3
8074,SAN TELMO MALBEC X750,12
8075,ALMA MORA MALBEC 6X750,6
8075,COLECCION PRIVADA MALBEC,3
8075,DADA ART MALBEC 6X750,6
8075,DADA FMORAS N°1 6X750,3
8075,F. LAS MORAS BCO DULCE 6X750 ,6
8075,F.LAS MORAS MALBEC 6X750,9
8075,LOS ARBOLES SEL MALBEC 6X750,12
8075,LOS INTOCABLES MALBEC 6X750,3
8076,COLECCION PRIVADA MALBEC,3
8076,DADA FMORAS N°1 6X750,3
8076,F.LAS MORAS MALBEC 6X750,3
8076,LOS INTOCABLES MALBEC 6X750,3
8077,ALMA MORA CABSAUV6X750 ,90
8077,ALMA MORA MALBEC 6X750,240
8077,ALMA MORA SYRAH 6X750,30
8077,ALMA MORA SYRAH ROSE 6X750 ,-12
8077,COLECCION PRIVADA MALBEC,3
8077,DADA FMORAS N°1 6X750,3
8077,DON DAVID MALBEC 6X750,-24
8077,F.LAS MORAS MALBEC 6X750,3
8077,FOND CAVE CABSAU 6X750,-6
8077,FOND CAVE MALBEC 6X750 ,-18
8077,LOS INTOCABLES MALBEC 6X750,3
8077,SMF ICE GREENAPPLE LAT 4X6X473,72
8077,SMIRNOFF 21 DO 12X700,60
8077,SMIRNOFF BC GRAPEF.&LIME 6X700,30
8077,SMIRNOFF BC ORANGE & LIME 6X700,30
8077,SMIRNOFF BC TANGE&LEMONGRASS 6X700,18
8077,SMIRNOFF GREEN APPLE DO 6X700,630
8077,SMIRNOFF RASPBERRY DO 6X700,2070
8077,SMIRNOFF TROPICAL FRUITS 6X700,132
8077,SMIRNOFF WATERMELON 6X700,0
8078,COLECCION PRIVADA MALBEC,3
8078,DADA FMORAS N°1 6X750,3
8078,F.LAS MORAS MALBEC 6X750,3
8078,LOS INTOCABLES MALBEC 6X750,3
8079,COLECCION PRIVADA MALBEC,3
8079,DADA FMORAS N°1 6X750,3
8079,F.LAS MORAS MALBEC 6X750,3
8079,LOS INTOCABLES MALBEC 6X750,3
8080,COLECCION PRIVADA MALBEC,3
8080,DADA FMORAS N°1 6X750,3
8080,F.LAS MORAS MALBEC 6X750,3
8080,LOS INTOCABLES MALBEC 6X750,3
8081,COLECCION PRIVADA MALBEC,3
8081,DADA FMORAS N°1 6X750,3
8081,F.LAS MORAS MALBEC 6X750,3
8081,FOND CAVE MALBEC 6X750 ,6
8081,LOS INTOCABLES MALBEC 6X750,3
8082,COLECCION PRIVADA MALBEC,3
8082,DADA FMORAS N°1 6X750,3
8082,F.LAS MORAS MALBEC 6X750,3
8082,LOS INTOCABLES MALBEC 6X750,3
8083,ALMA MORA MALBEC 6X750,6
8083,COLECCION PRIVADA MALBEC,3
8083,DADA FMORAS N°1 6X750,3
8083,F.LAS MORAS MALBEC 6X750,3
8083,LOS INTOCABLES MALBEC 6X750,6
8083,TRAPICHE ALARIS MALBEC 6X750,3
8084,ALMA MORA BLEND DULCE 6X 750,3
8084,ALMA MORA CABSAUV6X750 ,3
8084,ALMA MORA MALBEC 6X750,3
8084,COLECCION PRIVADA MALBEC,3
8084,DADA 7 ORANGE BITTER 6X750,3
8084,DADA 7 SWEET  6X750,9
8084,DADA ESPUMANTE 6X750 ,3
8084,DADA ESPUMANTE MARACUYA 6X750,9
8084,DADA ESPUMANTE ROS6X750 ,15
8084,DADA FMORAS N°1 6X750,3
8084,DADA LATA SWEET  4X6X355,12
8084,DADA LATA SWEET PINK 4X6X355,6
8084,F.LAS MORAS MALBEC 6X750,6
8084,GORDON´S PINK GIN 6X700,3
8084,GORDON´S TONIC 4X6X473,12
8084,LOS INTOCABLES MALBEC 6X750,3
8084,SMF  BC GRAPEF&LIME  LATA 4X6X473,18
8084,SMF BC RUBYORANGE&LIME LATA 4X6X473,18
8084,SMF ICE GREENAPPLE LAT 4X6X473,36
8084,SMF ICE RED BERRIE LAT 4X6X473,42
8084,SMIRNOFF 21 DO 12X700,9
8084,SMIRNOFF BC GRAPEF.&LIME 6X700,3
8084,SMIRNOFF GREEN APPLE DO 6X700,36
8084,SMIRNOFF ICE LATA 4X6X473,12
8084,SMIRNOFF RASPBERRY DO 6X700,60
8084,SMIRNOFF TROPICAL FRUITS 6X700,12
8084,TRAPICHE ALARIS DULCE COSECHA 6X750,6
8084,TRAPICHE ALARIS MALBEC 6X750,6
8085,COLECCION PRIVADA MALBEC,3
8085,DADA FMORAS N°1 6X750,3
8085,F.LAS MORAS MALBEC 6X750,3
8085,LOS INTOCABLES MALBEC 6X750,3
8086,COLECCION PRIVADA MALBEC,3
8086,DADA FMORAS N°1 6X750,3
8086,F.LAS MORAS MALBEC 6X750,3
8086,LOS INTOCABLES MALBEC 6X750,3
8087,COLECCION PRIVADA MALBEC,3
8087,DADA FMORAS N°1 6X750,3
8087,F.LAS MORAS MALBEC 6X750,3
8087,LOS INTOCABLES MALBEC 6X750,3
8087,SMF ICE GREENAPPLE LAT 4X6X473,30
8087,SMF ICE RED BERRIE LAT 4X6X473,60
8087,SMIRNOFF ICE LATA 4X6X473,6
8088,COLECCION PRIVADA MALBEC,3
8088,DADA FMORAS N°1 6X750,3
8088,DADA LATA SWEET  4X6X355,6
8088,DADA LATA SWEET PINK 4X6X355,6
8088,F.LAS MORAS MALBEC 6X750,3
8088,FRIZZE BLUE LATA X473,6
8088,FRIZZE BUBBLE MOOD 6X1000,6
8088,LOS INTOCABLES MALBEC 6X750,3
8088,SMF  BC GRAPEF&LIME  LATA 4X6X473,24
8088,SMF BC RUBYORANGE&LIME LATA 4X6X473,12
8088,SMF ICE GREENAPPLE LAT 4X6X473,60
8088,SMF ICE RED BERRIE LAT 4X6X473,66
8088,SMIRNOFF GREEN APPLE DO 6X700,6
8088,SMIRNOFF ICE LATA 4X6X473,12
8088,SMIRNOFF RASPBERRY DO 6X700,6
8089,COLECCION PRIVADA MALBEC,3
8089,DADA FMORAS N°1 6X750,3
8089,F.LAS MORAS MALBEC 6X750,3
8089,GORDON´S TONIC 4X6X473,6
8089,LOS INTOCABLES MALBEC 6X750,3
8089,SMF  BC GRAPEF&LIME  LATA 4X6X473,6
8089,SMF BC RUBYORANGE&LIME LATA 4X6X473,12
8089,SMF ICE GREENAPPLE LAT 4X6X473,12
8089,SMF ICE RED BERRIE LAT 4X6X473,36
8089,SMIRNOFF ICE LATA 4X6X473,0
8089,SMIRNOFF TAMARINDO 6 X 700,6
8090,COLECCION PRIVADA MALBEC,3
8090,DADA FMORAS N°1 6X750,3
8090,F.LAS MORAS MALBEC 6X750,3
8090,LOS INTOCABLES MALBEC 6X750,3
8091,COLECCION PRIVADA MALBEC,3
8091,DADA FMORAS N°1 6X750,3
8091,F.LAS MORAS MALBEC 6X750,3
8091,LOS INTOCABLES MALBEC 6X750,3
8092,ALMA MORA MALBEC 6X750,6
8092,CAZADOR MALBEC 6X750,6
8092,COLECCION PRIVADA CHARD 6X750,3
8092,COLECCION PRIVADA MALBEC,6
8092,DADA FMORAS N°1 6X750,3
8092,F.LAS MORAS MALBEC 6X750,3
8092,FRIZZE BUBBLE MOOD 6X1000,6
8092,GORDON´S GIN 6x700,3
8092,GORDON´S PINK GIN 6X700,3
8092,JW BLACK LABEL 12x750,1
8092,LEGUI 40 AÑOS 12X750,6
8092,LOS INTOCABLES MALBEC 6X750,3
8092,SHERIDANS 6X750,1
8092,SMF BC RUBYORANGE&LIME LATA 4X6X473,-6
8092,SMF ICE GREENAPPLE LAT 4X6X473,18
8092,SMF ICE RED BERRIE LAT 4X6X473,36
8092,VAT 69 HONEY X700,3
8092,WHITE HORSE DO 12X750,3
8093,COLECCION PRIVADA MALBEC,3
8093,DADA FMORAS N°1 6X750,3
8093,F.LAS MORAS MALBEC 6X750,3
8093,LOS INTOCABLES MALBEC 6X750,3
8094,COLECCION PRIVADA MALBEC,3
8094,DADA FMORAS N°1 6X750,3
8094,F.LAS MORAS MALBEC 6X750,3
8094,LOS INTOCABLES MALBEC 6X750,3
8095,COLECCION PRIVADA MALBEC,3
8095,DADA FMORAS N°1 6X750,3
8095,F.LAS MORAS MALBEC 6X750,3
8095,LOS INTOCABLES MALBEC 6X750,3
8096,COLECCION PRIVADA MALBEC,3
8096,DADA FMORAS N°1 6X750,3
8096,F.LAS MORAS MALBEC 6X750,3
8096,LOS INTOCABLES MALBEC 6X750,3
8097,COLECCION PRIVADA MALBEC,3
8097,DADA FMORAS N°1 6X750,3
8097,F.LAS MORAS MALBEC 6X750,3
8097,LOS INTOCABLES MALBEC 6X750,3
8098,COLECCION PRIVADA MALBEC,3
8098,DADA FMORAS N°1 6X750,3
8098,F.LAS MORAS MALBEC 6X750,3
8098,LOS INTOCABLES MALBEC 6X750,3
8099,COLECCION PRIVADA MALBEC,3
8099,DADA FMORAS N°1 6X750,3
8099,F.LAS MORAS MALBEC 6X750,3
8099,LOS INTOCABLES MALBEC 6X750,3
8100,COLECCION PRIVADA MALBEC,3
8100,DADA FMORAS N°1 6X750,3
8100,F.LAS MORAS MALBEC 6X750,3
8100,LOS INTOCABLES MALBEC 6X750,3
8101,ALMA MORA CABSAUV6X750 ,18
8101,ALMA MORA MALBEC 6X750,18
8101,COLECCION PRIVADA MALBEC,3
8101,DADA ART CABERNET 6X750 ,18
8101,DADA ART MALBEC 6X750,18
8101,DADA ESPUMANTE 6X750 ,12
8101,DADA ESPUMANTE ROS6X750 ,12
8101,DADA FMORAS N°1 6X750,21
8101,DON DAVID CABERNET 6X750,18
8101,DON DAVID MALBEC 6X750,18
8101,ELEMENTOS CABSAUV 6X750 ,18
8101,ELEMENTOS MALBEC 6X750 ,18
8101,F.LAS MORAS MALBEC 6X750,3
8101,FOND CAVE MALBEC 6X750 ,12
8101,GORDON´S GIN 6x700,12
8101,JW BLACK LABEL 12x750,18
8101,JW RED 12X750 UK,18
8101,LOS INTOCABLES MALBEC 6X750,3
8101,SAN TELMO CAB-SAUV X750,18
8101,SAN TELMO MALBEC X750,18
8101,SMIRNOFF 21 DO 12X700,12
8101,WHITE HORSE DO 12X750,12
8102,COLECCION PRIVADA MALBEC,3
8102,DADA FMORAS N°1 6X750,3
8102,F.LAS MORAS MALBEC 6X750,3
8102,LOS INTOCABLES MALBEC 6X750,3
8103,COLECCION PRIVADA MALBEC,3
8103,DADA FMORAS N°1 6X750,3
8103,F.LAS MORAS MALBEC 6X750,3
8103,LOS INTOCABLES MALBEC 6X750,3
8104,COLECCION PRIVADA MALBEC,3
8104,DADA FMORAS N°1 6X750,3
8104,F.LAS MORAS MALBEC 6X750,3
8104,LOS INTOCABLES MALBEC 6X750,3
8105,COLECCION PRIVADA MALBEC,3
8105,DADA FMORAS N°1 6X750,3
8105,F.LAS MORAS MALBEC 6X750,3
8105,LOS INTOCABLES MALBEC 6X750,3
8106,COLECCION PRIVADA MALBEC,3
8106,DADA FMORAS N°1 6X750,3
8106,F.LAS MORAS MALBEC 6X750,3
8106,LOS INTOCABLES MALBEC 6X750,3
8106,SMF ICE GREENAPPLE LAT 4X6X473,0
8106,SMF ICE RED BERRIE LAT 4X6X473,12
8107,COLECCION PRIVADA MALBEC,3
8107,DADA FMORAS N°1 6X750,3
8107,F.LAS MORAS MALBEC 6X750,3
8107,LOS INTOCABLES MALBEC 6X750,3
8108,COLECCION PRIVADA MALBEC,3
8108,DADA FMORAS N°1 6X750,3
8108,F.LAS MORAS MALBEC 6X750,3
8108,LOS INTOCABLES MALBEC 6X750,3
8109,COLECCION PRIVADA MALBEC,3
8109,DADA FMORAS N°1 6X750,3
8109,F.LAS MORAS MALBEC 6X750,3
8109,FRIZZE BLUE LATA X473,6
8109,GORDON´S TONIC 4X6X473,6
8109,LOS INTOCABLES MALBEC 6X750,3
8109,SMF  BC GRAPEF&LIME  LATA 4X6X473,18
8109,SMF BC RUBYORANGE&LIME LATA 4X6X473,6
8109,SMF ICE RED BERRIE LAT 4X6X473,12
8109,SMIRNOFF TAMARINDO 6 X 700,18
8110,COLECCION PRIVADA MALBEC,3
8110,DADA FMORAS N°1 6X750,3
8110,F.LAS MORAS MALBEC 6X750,3
8110,GORDON´S TONIC 4X6X473,6
8110,LOS INTOCABLES MALBEC 6X750,3
8110,SMF ICE GREENAPPLE LAT 4X6X473,12
8110,SMF ICE RED BERRIE LAT 4X6X473,12
8111,COLECCION PRIVADA MALBEC,3
8111,DADA FMORAS N°1 6X750,3
8111,F.LAS MORAS MALBEC 6X750,3
8111,LOS INTOCABLES MALBEC 6X750,3
8112,COLECCION PRIVADA MALBEC,3
8112,DADA FMORAS N°1 6X750,3
8112,F.LAS MORAS MALBEC 6X750,3
8112,FRIZZE EVOL BLUE NEW X1000,6
8112,LOS INTOCABLES MALBEC 6X750,3
8112,SMF ICE RED BERRIE LAT 4X6X473,66
8113,COLECCION PRIVADA MALBEC,3
8113,DADA FMORAS N°1 6X750,3
8113,F.LAS MORAS MALBEC 6X750,3
8113,LOS INTOCABLES MALBEC 6X750,3
8114,COLECCION PRIVADA MALBEC,3
8114,DADA FMORAS N°1 6X750,3
8114,F.LAS MORAS MALBEC 6X750,3
8114,LOS INTOCABLES MALBEC 6X750,3
8115,COLECCION PRIVADA MALBEC,3
8115,DADA FMORAS N°1 6X750,3
8115,F.LAS MORAS MALBEC 6X750,3
8115,LOS INTOCABLES MALBEC 6X750,3
8116,COLECCION PRIVADA MALBEC,3
8116,DADA FMORAS N°1 6X750,3
8116,F.LAS MORAS MALBEC 6X750,3
8116,LOS INTOCABLES MALBEC 6X750,3
8117,COLECCION PRIVADA MALBEC,3
8117,DADA FMORAS N°1 6X750,3
8117,F.LAS MORAS MALBEC 6X750,3
8117,LOS INTOCABLES MALBEC 6X750,3
8118,ALMA MORA BLEND DULCE 6X 750,0
8118,ALMA MORA MALBEC 6X750,15
8118,COLECCION PRIVADA MALBEC,3
8118,DADA ESPUMANTE MARACUYA 6X750,3
8118,DADA ESPUMANTE ROS6X750 ,3
8118,DADA FMORAS N°1 6X750,3
8118,DADA FMORAS N°3 6X750,3
8118,DADA N6 HONEY X750,6
8118,DADA N°8 CHOCOLATE 6X750 ,3
8118,DON DAVID MALBEC 6X750,0
8118,ELEMENTOS MALBEC 6X750 ,3
8118,F.LAS MORAS CABSAU 6X750 ,6
8118,F.LAS MORAS MALBEC 6X750,15
8118,LEGUI 40 AÑOS 12X750,3
8118,LOS ARBOLES SEL MALBEC 6X750,9
8118,LOS INTOCABLES MALBEC 6X750,3
8118,SAN TELMO CAB-SAUV X750,3
8118,SAN TELMO MALBEC X750,12
8118,TRAPICHE ALARIS DULCE COSECHA 6X750,3
8118,TRAPICHE ALARIS MALBEC 6X750,6
8119,COLECCION PRIVADA MALBEC,3
8119,DADA FMORAS N°1 6X750,3
8119,F.LAS MORAS MALBEC 6X750,3
8119,LOS INTOCABLES MALBEC 6X750,3
8120,COLECCION PRIVADA MALBEC,3
8120,DADA FMORAS N°1 6X750,3
8120,F.LAS MORAS MALBEC 6X750,3
8120,LOS INTOCABLES MALBEC 6X750,3
8121,ALMA MORA BLEND DULCE 6X 750,3
8121,COLECCION PRIVADA MALBEC,3
8121,DADA ESPUMANTE 6X750 ,3
8121,DADA FMORAS N°1 6X750,3
8121,DADA FMORAS N°3 6X750,3
8121,F.LAS MORAS MALBEC 6X750,3
8121,LOS INTOCABLES MALBEC 6X750,6
8121,TRAPICHE RESERVA MALBEC 6X750,3
8122,COLECCION PRIVADA MALBEC,3
8122,DADA FMORAS N°1 6X750,3
8122,F.LAS MORAS MALBEC 6X750,3
8122,LOS INTOCABLES MALBEC 6X750,3
8123,COLECCION PRIVADA MALBEC,3
8123,DADA FMORAS N°1 6X750,3
8123,F.LAS MORAS MALBEC 6X750,3
8123,LOS INTOCABLES MALBEC 6X750,3
8124,COLECCION PRIVADA MALBEC,3
8124,DADA FMORAS N°1 6X750,3
8124,F.LAS MORAS MALBEC 6X750,3
8124,LOS INTOCABLES MALBEC 6X750,3
8125,ALMA MORA BLEND DULCE 6X 750,6
8125,ALMA MORA CABSAUV6X750 ,12
8125,ALMA MORA MALBEC 6X750,6
8125,ALMA MORA MERLOT 6X750,6
8125,ALMA MORA SYRAH 6X750,9
8125,ANTARES IPA LATA 6X473 (NEW),12
8125,ANTARES LAGER LATA 6X473,12
8125,ANTARES LATA KOLSCH 6 X 473ML,6
8125,COLECCION PRIVADA MALBEC,9
8125,DADA 7 ORANGE BITTER 6X750,3
8125,DADA 7 SWEET  6X750,3
8125,DADA ART CABERNET 6X750 ,15
8125,DADA ART MALBEC 6X750,24
8125,DADA ESPUMANTE ROS6X750 ,24
8125,DADA FMORAS N°1 6X750,9
8125,DADA FMORAS N°2 6X750 ,12
8125,DADA FMORAS N°3 6X750,18
8125,DADA N°8 CHOCOLATE 6X750 ,1
8125,DADA N°9 CARAMEL 6X750,3
8125,DON DAVID MALBEC 6X750,3
8125,ELEMENTOS MALBEC 6X750 ,12
8125,F. LAS MORAS BCO DULCE 6X750 ,6
8125,F.LAS MORAS CABSAU 6X750 ,12
8125,F.LAS MORAS MALBEC 12x375,12
8125,F.LAS MORAS MALBEC 6X750,27
8125,FOND CAVE CABSAU 6X750,6
8125,FOND CAVE MALBEC 6X750 ,6
8125,FRIZZE BUBBLE MOOD 6X1000,6
8125,FRIZZE EVOL BLUE NEW X1000,12
8125,GORDON S GIN 6X700,3
8125,GORDON´S PINK GIN 6X700,3
8125,GORDON´S TONIC 4X6X473,12
8125,LOS ARBOLES SEL CABERNET 6X750,30
8125,LOS ARBOLES SEL CHARD 6X750,6
8125,LOS ARBOLES SEL MALBEC 6X750,42
8125,LOS ARBOLES SEL RED BLEND 6X750,6
8125,LOS INTOCABLES MALBEC 6X750,10
8125,NC SPARK BRUT ROSE 6X750,3
8125,NC SPARK EBRUT 6X750 nuevo,3
8125,ORIGEN BY TRAPICHE MALBEC 6X750,6
8125,SAN TELMO CAB-SAUV X750,6
8125,SAN TELMO MALBEC X750,6
8125,SAN TELMO SPARK E.BRUT 6X750,3
8125,SMF  BC GRAPEF&LIME  LATA 4X6X473,6
8125,SMF BC RUBYORANGE&LIME LATA 4X6X473,6
8125,SMF ICE GREENAPPLE LAT 4X6X473,6
8125,SMF ICE RED BERRIE LAT 4X6X473,6
8125,SMIRNOFF 21 DO 12X700,6
8125,SMIRNOFF BC GRAPEF.&LIME 6X700,6
8125,SMIRNOFF BC TANGE&LEMONGRASS 6X700,6
8125,SMIRNOFF GREEN APPLE DO 6X700,1473
8125,SMIRNOFF RASPBERRY DO 6X700,3690
8125,SMIRNOFF TAMARINDO 6 X 700,3
8125,SMIRNOFF TROPICAL FRUITS 6X700,3
8125,SMIRNOFF WATERMELON 6X700,9
8125,TRAPICHE ALARIS DULCE COSECHA 6X750,3
8126,COLECCION PRIVADA MALBEC,3
8126,DADA FMORAS N°1 6X750,3
8126,F.LAS MORAS MALBEC 6X750,3
8126,LOS INTOCABLES MALBEC 6X750,3
8127,COLECCION PRIVADA MALBEC,3
8127,DADA FMORAS N°1 6X750,3
8127,F.LAS MORAS MALBEC 6X750,3
8127,LOS INTOCABLES MALBEC 6X750,3
8128,ALMA MORA MALBEC 6X750,24
8128,COLECCION PRIVADA MALBEC,3
8128,DADA FMORAS N°1 6X750,3
8128,DADA FMORAS N°3 6X750,6
8128,F.LAS MORAS MALBEC 6X750,9
8128,LOS INTOCABLES MALBEC 6X750,3
8128,TRAPICHE ALARIS MALBEC 6X750,6
8129,COLECCION PRIVADA MALBEC,3
8129,DADA FMORAS N°1 6X750,3
8129,F.LAS MORAS MALBEC 6X750,3
8129,LOS INTOCABLES MALBEC 6X750,3
8130,COLECCION PRIVADA MALBEC,3
8130,DADA FMORAS N°1 6X750,3
8130,F.LAS MORAS MALBEC 6X750,3
8130,LOS INTOCABLES MALBEC 6X750,3
8131,COLECCION PRIVADA MALBEC,3
8131,DADA FMORAS N°1 6X750,3
8131,F.LAS MORAS MALBEC 6X750,12
8131,LOS INTOCABLES MALBEC 6X750,3
8131,SMIRNOFF RASPBERRY DO 6X700,3
8132,COLECCION PRIVADA MALBEC,3
8132,DADA FMORAS N°1 6X750,3
8132,F.LAS MORAS MALBEC 6X750,3
8132,LOS INTOCABLES MALBEC 6X750,3
8133,COLECCION PRIVADA MALBEC,3
8133,DADA FMORAS N°1 6X750,3
8133,F.LAS MORAS MALBEC 6X750,3
8133,GORDONS  TROPICAL FRUITS 6X700,3
8133,GORDON´S GIN 6x700,6
8133,GORDON´S PINK GIN 6X700,3
8133,LOS INTOCABLES MALBEC 6X750,3
8133,SMF ICE RED BERRIE LAT 4X6X473,12
8133,SMIRNOFF ICE LATA 4X6X473,6
8134,COLECCION PRIVADA MALBEC,3
8134,DADA ESPUMANTE MARACUYA 6X750,12
8134,DADA FMORAS N°1 6X750,3
8134,ELEMENTOS MALBEC 6X750 ,12
8134,ELEMENTOS TORRONTES 6X750 ,6
8134,ELEMENTOS TORRONTES DLCE6X750 ,6
8134,F.LAS MORAS CABSAU 6X750 ,6
8134,F.LAS MORAS MALBEC 6X750,3
8134,LOS ARBOLES SEL MALBEC 6X750,12
8134,LOS INTOCABLES MALBEC 6X750,3
8135,COLECCION PRIVADA MALBEC,3
8135,DADA FMORAS N°1 6X750,3
8135,F.LAS MORAS MALBEC 6X750,3
8135,LOS INTOCABLES MALBEC 6X750,3
8136,COLECCION PRIVADA MALBEC,3
8136,DADA FMORAS N°1 6X750,3
8136,F.LAS MORAS MALBEC 6X750,3
8136,LOS INTOCABLES MALBEC 6X750,3
8136,SMF ICE GREENAPPLE LAT 4X6X473,6
8136,SMF ICE RED BERRIE LAT 4X6X473,24
8136,SMIRNOFF GREEN APPLE DO 6X700,3
8136,SMIRNOFF RASPBERRY DO 6X700,9
8137,COLECCION PRIVADA MALBEC,3
8137,DADA FMORAS N°1 6X750,3
8137,DADA FMORAS N°2 6X750 ,12
8137,DON DAVID CABERNET 6X750,12
8137,DON DAVID MALBEC 6X750,12
8137,ELEMENTOS CABSAUV 6X750 ,24
8137,ELEMENTOS MALBEC 6X750 ,24
8137,F.LAS MORAS MALBEC 6X750,3
8137,FOND CAVE CABSAU 6X750,12
8137,FOND CAVE MALBEC 6X750 ,12
8137,LOS ARBOLES SEL CABERNET 6X750,12
8137,LOS ARBOLES SEL MALBEC 6X750,12
8137,LOS INTOCABLES MALBEC 6X750,3
8138,ALMA MORA MALBEC 6X750,3
8138,COLECCION PRIVADA MALBEC,3
8138,DADA FMORAS N°1 6X750,3
8138,F.LAS MORAS MALBEC 6X750,6
8138,LOS INTOCABLES MALBEC 6X750,3
8139,ALMA MORA BLANCO DULCE LOW 6X750,6
8139,ALMA MORA BLEND DULCE 6X 750,6
8139,ALMA MORA BLEND TINTO 6X750,12
8139,ALMA MORA CABSAUV6X750 ,12
8139,ALMA MORA MALBEC 6X750,42
8139,ALMA MORA SEL RVE MALBEC 6X750,6
8139,ALMA MORA SYRAH 6X750,6
8139,ALMA MORA SYRAH ROSE 6X750 ,6
8139,ANTARES IPA LATA 6X473 (NEW),12
8139,ANTARES IPA SIN ALC LATA 6X473,6
8139,ANTARES LAGER LATA 6X473,6
8139,ANTARES LATA HONEY 6 X 473ML,6
8139,ANTARES LATA IPA 6 X 473ML,6
8139,ANTARES LATA KOLSCH 6 X 473ML,24
8139,ANTARES LATA SCOTCH 6 X 473ML,12
8139,ANTARES MICRO IPA 25 AÑOS,6
8139,ANTARES PLAYA GRANDE 6 X 473ML,24
8139,COLECCION PRIVADA CAB SAUV 6X750,6
8139,COLECCION PRIVADA MALBEC,27
8139,DADA 7 ORANGE BITTER 6X750,6
8139,DADA ART CABERNET 6X750 ,18
8139,DADA ART MALBEC 6X750,18
8139,DADA ESPUMANTE 6X750 ,3
8139,DADA ESPUMANTE MARACUYA 6X750,6
8139,DADA ESPUMANTE ROS6X750 ,9
8139,DADA FMORAS N°1 6X750,9
8139,DADA FMORAS N°2 6X750 ,6
8139,DADA FMORAS N°3 6X750,6
8139,DADA INCREDIBLENDS 1  X750,6
8139,DADA WHITE MALBEC 6X750,6
8139,DOLORES ESPUMANTE DULCE 6X750,6
8139,DON DAVID CABERNET 6X750,6
8139,DON DAVID MALBEC 6X750,48
8139,EL REGRESO SEM-CHEN  X750,6
8139,ELEMENTOS CABSAUV 6X750 ,12
8139,ELEMENTOS MALBEC 6X750 ,27
8139,ELEMENTOS TORRONTES 6X750 ,12
8139,F.LAS MORAS MALBEC 6X750,3
8139,FOND CAVE CABSAU 6X750,6
8139,FOND CAVE MALBEC 6X750 ,66
8139,FOND CAVE RVA MALBEC 6X750,0
8139,FRIZZE BLUE LATA X473,12
8139,FRIZZE EVOL BLUE NEW X1000,24
8139,GORDON´S GIN 6x700,24
8139,GORDON´S PINK GIN 6X700,3
8139,GORDON´S TONIC 4X6X473,12
8139,INTOCABLES DOUBLE OAK 6 X 750,6
8139,JW BLACK LABEL 12x750,1
8139,JW RED 12X750 UK,5
8139,LOS ARBOLES SEL MALBEC 6X750,18
8139,LOS ARBOLES SEL RED BLEND 6X750,3
8139,LOS INTOCABLES MALBEC 6X750,21
8139,NC SPARK EBRUT 6X750 nuevo,6
8139,NC SPARK NATURE 6X750 PREM ,6
8139,ORIGEN BY TRAPICHE MALBEC 6X750,6
8139,SAN TELMO MALBEC X750,12
8139,SAN TELMO SPARK DULCE 6X750,6
8139,SMF  BC GRAPEF&LIME  LATA 4X6X473,6
8139,SMF BC RUBYORANGE&LIME LATA 4X6X473,6
8139,SMF ICE RED BERRIE LAT 4X6X473,6
8139,SMIRNOFF 21 DO 12X700,12
8139,SMIRNOFF BC GRAPEF.&LIME 6X700,75
8139,SMIRNOFF BC ORANGE & LIME 6X700,9
8139,SMIRNOFF GREEN APPLE DO 6X700,540
8139,SMIRNOFF ICE LATA 4X6X473,18
8139,SMIRNOFF RASPBERRY DO 6X700,1320
8139,SMIRNOFF TAMARINDO 6 X 700,60
8139,SMIRNOFF TROPICAL FRUITS 6X700,81
8139,SMIRNOFF WATERMELON 6X700,24
8139,TRAPICHE ALARIS CABSAUV 6X750 ,6
8139,TRAPICHE ALARIS DULCE COSECHA 6X750,6
8139,TRAPICHE ALARIS MALBEC 6X750,12
8139,TRAPICHE ALARIS MERLOT 6X750 ,6
8139,TRAPICHE ALARIS TORRONTES 6X750 ,12
8139,TRAPICHE RESERVA MALBEC 6X750,6
8140,ALARIS D.COSECHA TINTO 6X750,3
8140,ALMA MORA CABSAUV6X750 ,9
8140,ALMA MORA MALBEC 6X750,30
8140,COLECCION PRIVADA MALBEC,3
8140,DADA ART MALBEC 6X750,3
8140,DADA FMORAS N°1 6X750,3
8140,DADA FMORAS N°2 6X750 ,3
8140,DADA FMORAS N°3 6X750,3
8140,ELEMENTOS MALBEC 6X750 ,6
8140,F.LAS MORAS MALBEC 6X750,6
8140,LEGUI 40 AÑOS 12X750,6
8140,LOS INTOCABLES MALBEC 6X750,3
8140,SMIRNOFF RASPBERRY DO 6X700,3
8140,TRAPICHE ALARIS MALBEC 6X750,3
8141,ALMA MORA BLANCO DULCE LOW 6X750,3
8141,ALMA MORA BLEND DULCE 6X 750,3
8141,COLECCION PRIVADA MALBEC,3
8141,DADA FMORAS N°1 6X750,3
8141,F.LAS MORAS MALBEC 6X750,3
8141,LOS INTOCABLES MALBEC 6X750,3
8141,SMF ICE RED BERRIE LAT 4X6X473,6
8142,COLECCION PRIVADA MALBEC,3
8142,DADA FMORAS N°1 6X750,3
8142,F.LAS MORAS MALBEC 6X750,3
8142,LOS INTOCABLES MALBEC 6X750,3
8143,COLECCION PRIVADA MALBEC,3
8143,DADA FMORAS N°1 6X750,3
8143,F.LAS MORAS MALBEC 6X750,3
8143,LOS INTOCABLES MALBEC 6X750,3
8144,ALMA MORA BLEND BLANCO 6X750,3
8144,ALMA MORA BLEND DULCE 6X 750,6
8144,ALMA MORA MALBEC 6X750,15
8144,COLECCION PRIVADA MALBEC,3
8144,DADA FMORAS N°1 6X750,3
8144,F.LAS MORAS MALBEC 6X750,3
8144,LOS INTOCABLES MALBEC 6X750,3
8145,ALMA MORA BLEND DULCE 6X 750,3
8145,COLECCION PRIVADA MALBEC,3
8145,DADA ART MALBEC 6X750,9
8145,DADA ESPUMANTE ROS6X750 ,6
8145,DADA FMORAS N°1 6X750,3
8145,F.LAS MORAS MALBEC 6X750,9
8145,LOS INTOCABLES MALBEC 6X750,3
8145,SMIRNOFF RASPBERRY DO 6X700,3
8146,COLECCION PRIVADA MALBEC,3
8146,DADA FMORAS N°1 6X750,3
8146,ELEMENTOS MALBEC 6X750 ,3
8146,F.LAS MORAS MALBEC 6X750,9
8146,FAIR FOR LIFE MALBEC 6X750 ,3
8146,GORDON´S GIN 6x700,3
8146,GORDON´S PINK GIN 6X700,6
8146,GORDON´S TONIC 4X6X473,6
8146,LOS ARBOLES SEL MALBEC 6X750,3
8146,LOS INTOCABLES MALBEC 6X750,3
8146,SAN TELMO MALBEC X750,6
8146,SMF  BC GRAPEF&LIME  LATA 4X6X473,48
8146,SMF BC RUBYORANGE&LIME LATA 4X6X473,48
8146,SMF ICE GREENAPPLE LAT 4X6X473,144
8146,SMF ICE RED BERRIE LAT 4X6X473,240
8146,SMIRNOFF 21 DO 12X700,18
8146,SMIRNOFF GREEN APPLE DO 6X700,12
8146,SMIRNOFF ICE LATA 4X6X473,48
8146,SMIRNOFF RASPBERRY DO 6X700,18
8146,SMIRNOFF TAMARINDO 6 X 700,6
8146,TRAPICHE ALARIS MALBEC 6X750,3
8147,ALMA MORA BLEND DULCE 6X 750,-24
8147,ALMA MORA BLEND TINTO 6X750,-12
8147,ALMA MORA CABSAUV6X750 ,-30
8147,ALMA MORA MALBEC 6X750,-60
8147,ALMA MORA SYRAH 6X750,30
8147,ALMA MORA SYRAH ROSE 6X750 ,-18
8147,DADA ART CABERNET 6X750 ,12
8147,DADA ART MALBEC 6X750,30
8147,DADA ESPUMANTE ROS6X750 ,60
8147,DADA FMORAS N°1 6X750,18
8147,DADA FMORAS N°2 6X750 ,60
8147,DADA FMORAS N°3 6X750,18
8147,DADA N°8 CHOCOLATE 6X750 ,42
8147,DON DAVID CABERNET 6X750,24
8147,ELEMENTOS CABSAUV 6X750 ,6
8147,ELEMENTOS MALBEC 6X750 ,66
8147,ELEMENTOS TANNAT 6X750 ,18
8147,ELEMENTOS TORRONTES 6X750 ,42
8147,F. LAS MORAS BCO DULCE 6X750 ,6
8147,F. LAS MORAS ROSADO 6X750 ,6
8147,FOND CAVE CABSAU 6X750,24
8147,J&B YELLOW 6X750,12
8147,JW BLACK LABEL 12x750,24
8147,JW RED 12X750 UK,6
8147,LEGUI 40 AÑOS 12X750,360
8147,SMF ICE GREENAPPLE LAT 4X6X473,192
8147,SMF ICE RED BERRIE LAT 4X6X473,480
8147,SMIRNOFF RASPBERRY DO 6X700,420
8147,SMIRNOFF TROPICAL FRUITS 6X700,30
8147,TRAPICHE ALARIS CABSAUV 6X750 ,12
8147,TRAPICHE ALARIS DULCE COSECHA 6X750,24
8147,TRAPICHE ALARIS MALBEC 6X750,24
8147,TRAPICHE ALARIS TORRONTES 6X750 ,6
8147,VAT 69 HONEY X700,12
8147,WHITE HORSE DO 12X750,0
8156,ALMA MORA MALBEC 6X750,6
8156,DADA FMORAS N°2 6X750 ,9
8156,ELEMENTOS MALBEC 6X750 ,9
8156,F.LAS MORAS CABSAU 6X750 ,3
8156,LOS ARBOLES SEL MALBEC 6X750,3
8157,ALMA MORA MALBEC 6X750,6
8157,DADA FMORAS N°3 6X750,0
8157,F.LAS MORAS CABSAU 6X750 ,6
8157,F.LAS MORAS MALBEC 6X750,9
8157,LOS ARBOLES SEL MALBEC 6X750,9
8157,SMIRNOFF RASPBERRY DO 6X700,3
8157,SMIRNOFF TROPICAL FRUITS 6X700,3
8161,ALMA MORA BLEND DULCE 6X 750,6
8161,ALMA MORA CABSAUV6X750 ,6
8161,ALMA MORA MALBEC 6X750,18
8161,F.LAS MORAS MALBEC 6X750,3
8161,FRIZZE EVOL BLUE NEW X1000,6
8161,GORDONS  TROPICAL FRUITS 6X700,3
8161,GORDON´S GIN 6x700,3
8161,GORDON´S PINK GIN 6X700,6
8161,LOS ARBOLES SEL MALBEC 6X750,3
8161,SMF ICE RED BERRIE LAT 4X6X473,48
8161,SMIRNOFF GREEN APPLE DO 6X700,6
8161,SMIRNOFF RASPBERRY DO 6X700,18
8161,SMIRNOFF TAMARINDO 6 X 700,36
8161,TRAPICHE ALARIS MALBEC 6X750,3
8161,TRAPICHE RESERVA MALBEC 6X750,3
8163,DADA FMORAS N°1 6X750,3
8163,DADA FMORAS N°2 6X750 ,3
8163,ELEMENTOS MALBEC 6X750 ,3
8163,F.LAS MORAS MALBEC 6X750,3
8163,SMF ICE GREENAPPLE LAT 4X6X473,6
8163,SMIRNOFF RASPBERRY DO 6X700,6
8164,WHITE HORSE DO 12X750,3
8167,ELEMENTOS MALBEC 6X750 ,3
8169,ALMA MORA MALBEC 6X750,0
8169,ELEMENTOS MALBEC 6X750 ,0
8170,ALMA MORA BLEND BLANCO 6X750,30
8170,ALMA MORA CABSAUV6X750 ,30
8170,ALMA MORA MALBEC 6X750,153
8170,DADA FMORAS N°1 6X750,3
8170,ELEMENTOS MALBEC 6X750 ,3
8170,F.LAS MORAS MALBEC 6X750,93
8170,LOS ARBOLES SEL MALBEC 6X750,3
8170,SMIRNOFF 21 DO 12X700,60
8170,SMIRNOFF GREEN APPLE DO 6X700,180
8170,SMIRNOFF RASPBERRY DO 6X700,1620
8173,ALMA MORA MALBEC 6X750,9
8173,DADA FMORAS N°1 6X750,3
8173,DADA WHITE MALBEC 6X750,3
8173,ELEMENTOS MALBEC 6X750 ,9
8173,F.LAS MORAS MALBEC 6X750,3
8173,LOS ARBOLES SEL MALBEC 6X750,3
8173,SAN TELMO MALBEC X750,6
8173,TRAPICHE ALARIS DULCE COSECHA 6X750,3
8174,ALMA MORA MALBEC 6X750,3
8174,DADA FMORAS N°1 6X750,3
8174,ELEMENTOS MALBEC 6X750 ,3
8174,F.LAS MORAS MALBEC 6X750,3
8174,LOS ARBOLES SEL MALBEC 6X750,3
8176,DADA ESPUMANTE 6X750 ,6
8176,DADA ESPUMANTE MARACUYA 6X750,6
8176,GORDON´S GIN 6x700,12
8176,GORDON´S PINK GIN 6X700,12
8176,JW RED 12X750 UK,1
8176,SMF ICE GREENAPPLE LAT 4X6X473,6
8176,SMF ICE RED BERRIE LAT 4X6X473,12
8176,SMIRNOFF 21 DO 12X700,3
8176,SMIRNOFF GREEN APPLE DO 6X700,6
8176,SMIRNOFF ICE LATA 4X6X473,6
8176,SMIRNOFF RASPBERRY DO 6X700,18
8176,SMIRNOFF TROPICAL FRUITS 6X700,9
8176,WHITE HORSE DO 12X750,3
8177,ALMA MORA MALBEC 6X750,3
8177,DADA FMORAS N°1 6X750,3
8177,ELEMENTOS MALBEC 6X750 ,3
8177,F.LAS MORAS MALBEC 6X750,3
8177,LOS ARBOLES SEL MALBEC 6X750,3
8178,ALMA MORA MALBEC 6X750,3
8178,DADA FMORAS N°1 6X750,3
8178,ELEMENTOS MALBEC 6X750 ,3
8178,F.LAS MORAS MALBEC 6X750,9
8178,LOS ARBOLES SEL MALBEC 6X750,3
8179,ALMA MORA MALBEC 6X750,3
8179,DADA FMORAS N°1 6X750,3
8179,ELEMENTOS MALBEC 6X750 ,3
8179,F.LAS MORAS MALBEC 6X750,3
8179,LOS ARBOLES SEL MALBEC 6X750,3
8180,ALMA MORA MALBEC 6X750,3
8180,DADA FMORAS N°1 6X750,3
8180,ELEMENTOS MALBEC 6X750 ,3
8180,F.LAS MORAS MALBEC 6X750,3
8180,LOS ARBOLES SEL MALBEC 6X750,3
8181,ALMA MORA MALBEC 6X750,3
8181,DADA FMORAS N°1 6X750,3
8181,ELEMENTOS MALBEC 6X750 ,3
8181,F.LAS MORAS MALBEC 6X750,3
8181,LOS ARBOLES SEL MALBEC 6X750,3
8183,ALMA MORA MALBEC 6X750,3
8183,DADA ART MALBEC 6X750,6
8183,F.LAS MORAS MALBEC 6X750,-3
8183,LOS ARBOLES SEL MALBEC 6X750,-3
8183,SMIRNOFF GREEN APPLE DO 6X700,-3
8183,SMIRNOFF RASPBERRY DO 6X700,-3
8183,TRAPICHE ALARIS DULCE COSECHA 6X750,18
8183,TRAPICHE ALARIS MALBEC 6X750,15
8183,TRAPICHE RESERVA MALBEC 6X750,-3
8185,ALMA MORA MALBEC 6X750,3
8185,DADA FMORAS N°1 6X750,3
8185,ELEMENTOS MALBEC 6X750 ,3
8185,F.LAS MORAS MALBEC 6X750,3
8185,LOS ARBOLES SEL MALBEC 6X750,3
8186,DADA N°8 CHOCOLATE 6X750 ,6
8186,F. LAS MORAS BCO DULCE 6X750 ,6
8186,LOS ARBOLES SEL CHARD 6X750,6
8186,LOS ARBOLES SEL MALBEC 6X750,6
8186,TRAPICHE RESERVA CABSAU 6X750 ,3
8186,TRAPICHE RESERVA MALBEC 6X750,3
8188,ALMA MORA BLEND DULCE 6X 750,6
8188,ALMA MORA MALBEC 6X750,18
8188,ALMA MORA SEL RVE MALBEC 6X750,6
8188,DADA 7 SWEET  6X750,6
8188,DADA ESPUMANTE MARACUYA 6X750,6
8188,DADA ESPUMANTE ROS6X750 ,6
8188,DADA FMORAS N°2 6X750 ,6
8188,FOND CAVE RVA MALBEC 6X750,6
8188,LOS INTOCABLES MALBEC 6X750,6
8190,ALMA MORA MALBEC 6X750,3
8190,DADA FMORAS N°1 6X750,3
8190,ELEMENTOS MALBEC 6X750 ,3
8190,F.LAS MORAS MALBEC 6X750,3
8190,LOS ARBOLES SEL MALBEC 6X750,3
8192,DADA INCREDIBLENDS 1  X750,3
8192,EL BAUTISMO MALBEC 6X750 ,3
8192,ELEMENTOS CHARDONNAY 6X750,0
8192,ELEMENTOS MALBEC 6X750 ,3
8192,ELEMENTOS TORRONTES 6X750 ,6
8192,F.LAS MORAS MALBEC 6X750,3
8192,LOS ARBOLES SEL MALBEC 6X750,3
8192,TRAPICHE ALARIS MALBEC 6X750,3
8194,ALMA MORA MALBEC 6X750,12
8194,DADA FMORAS N°1 6X750,3
8194,DADA FMORAS N°2 6X750 ,3
8194,DADA FMORAS N°3 6X750,3
8194,ELEMENTOS MALBEC 6X750 ,6
8195,ALMA MORA BLEND BLANCO 6X750,-3
8195,ALMA MORA BLEND DULCE 6X 750,3
8195,ALMA MORA CABSAUV6X750 ,3
8195,ALMA MORA MALBEC 6X750,9
8195,DADA ESPUMANTE ROS6X750 ,3
8195,GORDON´S GIN 6x700,2
8195,GORDON´S PINK GIN 6X700,2
8195,SMF ICE GREENAPPLE LAT 4X6X473,18
8195,SMF ICE RED BERRIE LAT 4X6X473,30
8195,SMIRNOFF BC GRAPEF.&LIME 6X700,0
8195,SMIRNOFF GREEN APPLE DO 6X700,12
8195,SMIRNOFF RASPBERRY DO 6X700,12
8195,TRAPICHE ALARIS DULCE COSECHA 6X750,3
8195,TRAPICHE RESERVA MALBEC 6X750,3
8197,COLECCION PRIVADA MALBEC,12
8197,DADA 7 ORANGE BITTER 6X750,12
8197,DADA 7 SWEET  6X750,12
8197,DADA ESPUMANTE 6X750 ,18
8197,DADA ESPUMANTE MARACUYA 6X750,6
8197,DADA ESPUMANTE ROS6X750 ,12
8197,DADA EXTRA BRUT 6X750,12
8197,DADA N°8 CHOCOLATE 6X750 ,90
8197,F.LAS MORAS MALBEC 6X750,12
8197,FOND CAVE MALBEC 6X750 ,48
8197,JW RED 12X750 UK,21
8197,SMIRNOFF 21 DO 12X700,6
8197,SMIRNOFF BC GRAPEF.&LIME 6X700,18
8197,SMIRNOFF BC ORANGE & LIME 6X700,6
8197,SMIRNOFF GREEN APPLE DO 6X700,30
8197,SMIRNOFF RASPBERRY DO 6X700,66
8197,SMIRNOFF TAMARINDO 6 X 700,12
8197,SMIRNOFF TROPICAL FRUITS 6X700,18
8197,SMIRNOFF WATERMELON 6X700,18
8201,ALMA MORA MALBEC 6X750,3
8201,DADA FMORAS N°1 6X750,3
8201,ELEMENTOS MALBEC 6X750 ,3
8201,GORDON´S TONIC 4X6X473,12
8201,SAN TELMO MALBEC X750,12
8201,SMF ICE RED BERRIE LAT 4X6X473,12
8202,ALMA MORA MALBEC 6X750,3
8202,DADA FMORAS N°1 6X750,3
8202,ELEMENTOS MALBEC 6X750 ,3
8202,F.LAS MORAS MALBEC 6X750,3
8202,LOS ARBOLES SEL MALBEC 6X750,3
8203,ALMA MORA BLEND DULCE 6X 750,3
8203,ALMA MORA MALBEC 6X750,24
8203,LOS ARBOLES SEL MALBEC 6X750,6
8205,ALMA MORA MALBEC 6X750,6
8205,DADA ART CABERNET 6X750 ,0
8205,DADA ART MALBEC 6X750,3
8205,INTOCABLES DOUBLE OAK 6 X 750,0
8205,LOS ARBOLES SEL MALBEC 6X750,3
8205,LOS INTOCABLES MALBEC 6X750,0
8205,TRAPICHE ALARIS MALBEC 6X750,3
8205,TRAPICHE RESERVA MALBEC 6X750,3
8206,SAN TELMO MALBEC X750,3
8207,ALMA MORA CABSAUV6X750 ,12
8207,ALMA MORA MALBEC 6X750,3
8207,COLECCION PRIVADA MALBEC,12
8207,DADA ART MALBEC 6X750,6
8207,DADA ESPUMANTE MARACUYA 6X750,9
8207,DADA FMORAS N°1 6X750,3
8207,DON DAVID RESERVA MALBEC X750,3
8207,ELEMENTOS MALBEC 6X750 ,9
8207,F.LAS MORAS CABSAU 6X750 ,6
8207,F.LAS MORAS MALBEC 6X750,9
8207,FOND CAVE MALBEC 6X750 ,3
8207,FOND CAVE RVA MALBEC 6X750,3
8207,FRIZZE EVOL BLUE NEW X1000,12
8207,GORDON´S TONIC 4X6X473,6
8207,J&B YELLOW 6X750,3
8207,JW BLACK LABEL 12x750,3
8207,JW RED 12X750 UK,2
8207,LEGUI 40 AÑOS 12X750,6
8207,LOS ARBOLES SEL MALBEC 6X750,3
8207,LOS INTOCABLES MALBEC 6X750,3
8207,SAN TELMO CAB-SAUV X750,6
8207,SAN TELMO MALBEC X750,6
8207,SMF ICE GREENAPPLE LAT 4X6X473,12
8207,SMF ICE RED BERRIE LAT 4X6X473,24
8207,SMIRNOFF BC GRAPEF.&LIME 6X700,3
8207,SMIRNOFF BC ORANGE & LIME 6X700,3
8207,SMIRNOFF BC TANGE&LEMONGRASS 6X700,3
8207,SMIRNOFF GREEN APPLE DO 6X700,6
8207,SMIRNOFF RASPBERRY DO 6X700,36
8207,SMIRNOFF TROPICAL FRUITS 6X700,3
8207,TANQUERAY DRY GIN X700,4
8207,TANQUERAY ROYALE X750,1
8207,TANQUERAY SEVILLA GIN X750,2
8207,TRAPICHE ALARIS TORRONTES 6X750 ,6
8207,TRAPICHE RESERVA MALBEC 6X750,6
8207,VAT 69 HONEY X700,2
8207,WHITE HORSE DO 12X750,3
8209,ALMA MORA MALBEC 6X750,3
8209,DADA FMORAS N°1 6X750,3
8209,ELEMENTOS MALBEC 6X750 ,3
8209,F.LAS MORAS MALBEC 6X750,3
8209,LOS ARBOLES SEL MALBEC 6X750,3
8212,ALMA MORA CABSAUV6X750 ,3
8212,ALMA MORA MALBEC 6X750,3
8212,BAILEYS NUEVA BOTELLA 12x750,36
8212,DADA FMORAS N°1 6X750,3
8212,ELEMENTOS MALBEC 6X750 ,3
8212,F.LAS MORAS CABSAU 6X750 ,3
8212,F.LAS MORAS MALBEC 6X750,3
8212,LOS ARBOLES SEL MALBEC 6X750,3
8215,ALMA MORA MALBEC 6X750,3
8215,DADA FMORAS N°1 6X750,3
8215,ELEMENTOS MALBEC 6X750 ,3
8215,F.LAS MORAS MALBEC 6X750,3
8215,LOS ARBOLES SEL MALBEC 6X750,3
8217,ALMA MORA MALBEC 6X750,3
8217,DADA FMORAS N°1 6X750,3
8217,ELEMENTOS MALBEC 6X750 ,3
8217,F.LAS MORAS MALBEC 6X750,3
8217,LOS ARBOLES SEL MALBEC 6X750,3
8218,ALMA MORA MALBEC 6X750,3
8218,DADA FMORAS N°1 6X750,3
8218,ELEMENTOS MALBEC 6X750 ,3
8218,F.LAS MORAS MALBEC 6X750,3
8218,LOS ARBOLES SEL MALBEC 6X750,3
8219,F.LAS MORAS CABSAU 6X750 ,3
8219,F.LAS MORAS MALBEC 6X750,0
8219,LOS ARBOLES SEL MALBEC 6X750,3
8220,ALMA MORA MALBEC 6X750,3
8220,DADA FMORAS N°1 6X750,3
8220,ELEMENTOS MALBEC 6X750 ,3
8220,F.LAS MORAS MALBEC 6X750,3
8220,LOS ARBOLES SEL MALBEC 6X750,3
8221,ALMA MORA MALBEC 6X750,3
8221,DADA FMORAS N°1 6X750,3
8221,ELEMENTOS MALBEC 6X750 ,3
8221,F.LAS MORAS MALBEC 6X750,3
8221,LOS ARBOLES SEL MALBEC 6X750,3
8222,ALMA MORA MALBEC 6X750,3
8222,DADA FMORAS N°1 6X750,3
8222,F.LAS MORAS MALBEC 6X750,3
8222,LOS ARBOLES SEL MALBEC 6X750,3
8223,ALMA MORA MALBEC 6X750,3
8223,DADA FMORAS N°1 6X750,3
8223,ELEMENTOS MALBEC 6X750 ,6
8223,F.LAS MORAS MALBEC 6X750,3
8223,LOS ARBOLES SEL MALBEC 6X750,3
8223,SMIRNOFF RASPBERRY DO 6X700,6
8224,ALMA MORA MALBEC 6X750,3
8224,DADA FMORAS N°1 6X750,3
8224,ELEMENTOS MALBEC 6X750 ,3
8224,F.LAS MORAS MALBEC 6X750,3
8224,LOS ARBOLES SEL MALBEC 6X750,3
8225,ALMA MORA MALBEC 6X750,6
8225,F.LAS MORAS MALBEC 6X750,6
8225,FOND CAVE MALBEC 6X750 ,6
8226,ALMA MORA MALBEC 6X750,3
8226,DADA FMORAS N°1 6X750,3
8226,ELEMENTOS MALBEC 6X750 ,3
8226,F.LAS MORAS MALBEC 6X750,3
8226,LOS ARBOLES SEL MALBEC 6X750,3
8228,ALMA MORA BLEND DULCE 6X 750,-6
8228,ALMA MORA CABSAUV6X750 ,-6
8229,ALMA MORA MALBEC 6X750,3
8229,DADA FMORAS N°1 6X750,3
8229,ELEMENTOS MALBEC 6X750 ,3
8229,F.LAS MORAS MALBEC 6X750,3
8229,LOS ARBOLES SEL MALBEC 6X750,3
8230,ALMA MORA BLANCO DULCE LOW 6X750,12
8230,ALMA MORA BLEND BLANCO 6X750,24
8230,ALMA MORA BLEND DULCE 6X 750,18
8230,ALMA MORA BLEND TINTO 6X750,12
8230,ALMA MORA CABSAUV6X750 ,-12
8230,ALMA MORA MALBEC 6X750,42
8230,ALMA MORA MERLOT 6X750,-6
8230,ALMA MORA SEL RVE BLEND 6X750,6
8230,ALMA MORA SEL RVE MALBEC 6X750,24
8230,ALMA MORA SYRAH 6X750,0
8230,ALMA MORA SYRAH ROSE 6X750 ,0
8230,ANTARES IPA LATA 6X473 (NEW),6
8230,ANTARES IPA SIN ALC LATA 6X473,12
8230,ANTARES LAGER LATA 6X473,12
8230,ANTARES LATA KOLSCH 6 X 473ML,12
8230,CAZADOR CAB. SAU 6X750,12
8230,CAZADOR MALBEC 6X750,36
8230,COLECCION PRIVADA CAB SAUV 6X750,6
8230,COLECCION PRIVADA MALBEC,24
8230,DADA 7 ORANGE BITTER 6X750,12
8230,DADA ART CABERNET 6X750 ,18
8230,DADA ESPUMANTE 6X750 ,6
8230,DADA ESPUMANTE MARACUYA 6X750,18
8230,DADA ESPUMANTE ROS6X750 ,18
8230,DADA EXTRA BRUT 6X750,24
8230,DADA FMORAS N°1 6X750,6
8230,DADA FMORAS N°2 6X750 ,24
8230,DADA FMORAS N°3 6X750,12
8230,DADA INCREDIBLENDS 1  X750,-24
8230,DADA INCREDIBLENDS 2  X750,-24
8230,DADA N°8 CHOCOLATE 6X750 ,36
8230,DADA N°9 CARAMEL 6X750,-12
8230,DON DAVID CABERNET 6X750,0
8230,DON DAVID MALBEC 6X750,-12
8230,DON DAVID RESERVA CAB.SAUV X750,12
8230,DON DAVID RESERVA MALBEC X750,12
8230,EL BAUTISMO BLEND B. DLCE 6X750 ,6
8230,EL BAUTISMO MALBEC 6X750 ,9
8230,EL REGRESO SEM-CHEN  X750,12
8230,EL ULTIMO RIE MEJOR X750,18
8230,ELEMENTOS CABSAUV 6X750 ,0
8230,ELEMENTOS MALBEC 6X750 ,-6
8230,ELEMENTOS TANNAT 6X750 ,6
8230,ELEMENTOS TORRONTES 6X750 ,-6
8230,ELEMENTOS TORRONTES DLCE6X750 ,-12
8230,F. LAS MORAS BCO DULCE 6X750 ,24
8230,F. LAS MORAS ROSADO 6X750 ,6
8230,F.LAS MORAS CABSAU 6X750 ,36
8230,F.LAS MORAS MALBEC 6X750,108
8230,FAIR FOR LIFE CAB.SAUV 6X750 ,-12
8230,FAIR FOR LIFE MALBEC 6X750 ,-6
8230,FOND CAV RESERVA CAB SAUV FRANCE X750,12
8230,FOND CAVE CABSAU 6X750,12
8230,FOND CAVE MALBEC 6X750 ,-30
8230,FOND CAVE RVA MALBEC 6X750,12
8230,FRIZZE BLUE LATA X473,6
8230,FRIZZE BUBBLE MOOD 6X1000,6
8230,FRIZZE EVOL BLUE NEW X1000,6
8230,GORDONS  TROPICAL FRUITS 6X700,6
8230,GORDON´S PINK GIN 6X700,12
8230,GORDON´S TONIC 4X6X473,48
8230,J&B YELLOW 6X750,12
8230,JW BLACK LABEL 12x750,9
8230,JW RED 12X1000 UK,2
8230,JW RED 12X750 UK,3
8230,LEGUI 40 AÑOS 12X750,204
8230,LOS ARBOLES SEL CABERNET 6X750,-12
8230,LOS ARBOLES SEL CHARD 6X750,6
8230,LOS ARBOLES SEL MALBEC 6X750,36
8230,LOS ARBOLES SEL RED BLEND 6X750,6
8230,LOS INTOCABLES CAB.SAUV 6X750,-12
8230,LOS INTOCABLES MALBEC 6X750,-12
8230,ORIGEN BY TRAPICHE MALBEC 6X750,9
8230,SAN TELMO CAB-SAUV X750,18
8230,SAN TELMO MALBEC X750,18
8230,SAN TELMO SPARK DULCE 6X750,60
8230,SAN TELMO SPARK E.BRUT 6X750,60
8230,SHERIDANS 6X750,4
8230,SMF  BC GRAPEF&LIME  LATA 4X6X473,6
8230,SMF BC RUBYORANGE&LIME LATA 4X6X473,6
8230,SMF ICE GREENAPPLE LAT 4X6X473,24
8230,SMF ICE RED BERRIE LAT 4X6X473,192
8230,SMIRNOFF 21 DO 12X700,72
8230,SMIRNOFF BC GRAPEF.&LIME 6X700,6
8230,SMIRNOFF GREEN APPLE DO 6X700,42
8230,SMIRNOFF ICE LATA 4X6X473,18
8230,SMIRNOFF RASPBERRY DO 6X700,216
8230,SMIRNOFF TAMARINDO 6 X 700,12
8230,SMIRNOFF TROPICAL FRUITS 6X700,6
8230,SUTER VARIETAL TARDIO6X750,12
8230,TRAPICHE ALARIS CABSAUV 6X750 ,12
8230,TRAPICHE ALARIS DULCE COSECHA 6X750,15
8230,TRAPICHE ALARIS MALBEC 6X750,36
8230,TRAPICHE ALARIS SYRAH 6X750 ,6
8230,TRAPICHE ALARIS TORRONTES 6X750 ,6
8230,TRAPICHE RESERVA CABSAU 6X750 ,6
8230,TRAPICHE RESERVA MALBEC 6X750,30
8230,WHITE HORSE DO 12X750,144
8231,GORDON´S TONIC 4X6X473,6
8231,LOS ARBOLES SEL MALBEC 6X750,6
8231,SAN TELMO MALBEC X750,6
8234,DADA ESPUMANTE 6X750 ,6
8234,DADA ESPUMANTE MARACUYA 6X750,6
8234,DADA N6 HONEY X750,6
8234,DADA N°9 CARAMEL 6X750,3
8234,ELEMENTOS MALBEC 6X750 ,12
8234,F.LAS MORAS MALBEC 6X750,12
8234,FOND CAVE MALBEC 6X750 ,6
8234,GORDON´S TONIC 4X6X473,24
8234,JW DOUBLE BLACK 6x750,2
8234,LOS INTOCABLES MALBEC 6X750,6
8234,SAN TELMO MALBEC X750,18
8234,SMF  BC GRAPEF&LIME  LATA 4X6X473,60
8234,SMF BC RUBYORANGE&LIME LATA 4X6X473,60
8234,SMF ICE GREENAPPLE LAT 4X6X473,72
8234,SMF ICE RED BERRIE LAT 4X6X473,96
8234,SMIRNOFF RASPBERRY DO 6X700,24
8238,ALMA MORA MALBEC 6X750,12
8239,ALMA MORA MALBEC 6X750,3
8239,DADA FMORAS N°1 6X750,3
8239,ELEMENTOS MALBEC 6X750 ,3
8239,F.LAS MORAS MALBEC 6X750,3
8239,LOS ARBOLES SEL MALBEC 6X750,3
8240,ALMA MORA CABSAUV6X750 ,-3
8240,ALMA MORA MALBEC 6X750,-3
8240,DADA ART MALBEC 6X750,-3
8240,DADA ESPUMANTE 6X750 ,3
8240,DADA ESPUMANTE ROS6X750 ,3
8240,DADA FMORAS N°2 6X750 ,-3
8240,DON DAVID CABERNET 6X750,3
8240,DON DAVID MALBEC 6X750,3
8240,ELEMENTOS CHARDONNAY 6X750,6
8240,LOS ARBOLES SEL MALBEC 6X750,-3
8240,LOS INTOCABLES MALBEC 6X750,6
8240,TRAPICHE IMPURO MALBEC X750,3
8241,ALMA MORA MALBEC 6X750,3
8241,DADA FMORAS N°1 6X750,3
8241,ELEMENTOS MALBEC 6X750 ,3
8241,F.LAS MORAS MALBEC 6X750,3
8241,LOS ARBOLES SEL MALBEC 6X750,3
8241,SMIRNOFF GREEN APPLE DO 6X700,12
8241,SMIRNOFF RASPBERRY DO 6X700,12
8243,ALMA MORA MALBEC 6X750,3
8243,DADA FMORAS N°1 6X750,3
8243,ELEMENTOS MALBEC 6X750 ,3
8243,F.LAS MORAS MALBEC 6X750,3
8243,FRIZZE EVOL BLUE NEW X1000,6
8243,LOS ARBOLES SEL MALBEC 6X750,3
8244,ALMA MORA CABSAUV6X750 ,6
8244,DADA ART MALBEC 6X750,6
8244,DADA FMORAS N°3 6X750,6
8244,ELEMENTOS MALBEC 6X750 ,6
8244,F.LAS MORAS MALBEC 6X750,6
8244,SMF ICE GREENAPPLE LAT 4X6X473,12
8244,SMF ICE RED BERRIE LAT 4X6X473,12
8245,ELEMENTOS MALBEC 6X750 ,3
8245,F.LAS MORAS MALBEC 6X750,3
8246,SMIRNOFF GREEN APPLE DO 6X700,6
8246,SMIRNOFF RASPBERRY DO 6X700,6
10100,ALMA MORA BLEND DULCE 6X 750,3
10103,ALMA MORA SEL RVE MALBEC 6X750,6
10103,ANTARES LAGER LATA 6X473,6
10103,CAZADOR MALBEC 6X750,6
10103,DADA 7 ORANGE BITTER 6X750,60
10103,DADA ESPUMANTE ROS6X750 ,60
10103,DADA N6 HONEY X750,1
10103,DEMENCIAL PINOT NOIR 6X750,1
10103,DON DAVID CABERNET 6X750,6
10103,ELEMENTOS MALBEC 6X750 ,89
10103,FAIR FOR LIFE CHARDONNAY 6X750 ,6
10103,FRIZZE IT LIM NEW X 1000,6
10103,JW RED 12X1000 UK,1
10103,LA MASCOTA MALBEC 6X750,1
10103,SMF ICE GREENAPPLE LAT 4X6X473,6
10103,SMIRNOFF 21 DO 12X700,6
10103,SMIRNOFF GREEN APPLE DO 6X700,3
10103,SMIRNOFF RASPBERRY DO 6X700,18
10103,SMIRNOFF TAMARINDO 6 X 700,3
10103,SMIRNOFF TROPICAL FRUITS 6X700,3
10103,SMIRNOFF WATERMELON 6X700,3
10103,TRAPICHE RESERVA MALBEC 6X750,6
10104,ALMA MORA BLEND DULCE 6X 750,30
10104,ALMA MORA MALBEC 6X750,21
10104,ALMA MORA SYRAH ROSE 6X750 ,24
10104,ANTARES LATA HONEY 6 X 473ML,6
10104,DADA ART MALBEC 6X750,3
10104,DADA N°8 CHOCOLATE 6X750 ,12
10104,DON DAVID MALBEC 6X750,6
10104,ELEMENTOS MALBEC 6X750 ,6
10104,F.LAS MORAS MALBEC 6X750,6
10104,FRIZZE EVOL BLUE NEW X1000,36
10104,J&B YELLOW 6X750,4
10104,JW BLACK LABEL 12x750,2
10104,JW RED 12X750 UK,1
10104,LOS ARBOLES SEL CABERNET 6X750,6
10104,LOS ARBOLES SEL MALBEC 6X750,18
10104,NC SPARK EBRUT 6X750 estuche,12
10104,ORIGEN BY TRAPICHE MALBEC 6X750,6
10104,SMF  BC GRAPEF&LIME  LATA 4X6X473,48
10104,SMF BC RUBYORANGE&LIME LATA 4X6X473,48
10104,SMF ICE GREENAPPLE LAT 4X6X473,48
10104,SMF ICE RED BERRIE LAT 4X6X473,72
10104,SMIRNOFF 21 DO 12X700,24
10104,SMIRNOFF BC GRAPEF.&LIME 6X700,12
10104,SMIRNOFF BC ORANGE & LIME 6X700,12
10104,SMIRNOFF BC TANGE&LEMONGRASS 6X700,12
10104,SMIRNOFF ICE LATA 4X6X473,48
10104,SMIRNOFF RASPBERRY DO 6X700,150
10104,SMIRNOFF TAMARINDO 6 X 700,12
10104,SMIRNOFF TROPICAL FRUITS 6X700,30
10104,SUTER VARIETAL CABERNET 6X750,6
10104,SUTER VARIETAL TARDIO6X750,6
10104,TRAPICHE ALARIS MALBEC 6X750,6
10104,WHITE HORSE DO 12X750,36
10105,ALMA MORA CABSAUV6X750 ,12
10105,ALMA MORA CHARD 6X750,6
10105,ALMA MORA MALBEC 6X750,3
10105,ANTARES IPA LATA 6X473 (NEW),12
10105,ANTARES LATA IPA 6 X 473ML,1
10105,DADA ESPUMANTE ROS6X750 ,36
10105,DON DAVID CABERNET 6X750,6
10105,ELEMENTOS CHARDONNAY 6X750,69
10105,F. LAS MORAS ROSADO 6X750 ,6
10105,F.LAS MORAS MALBEC 6X750,18
10105,F.LAS MORAS SYRAH 6X750 ,6
10105,FRIZZE BLUE LATA X473,126
10105,FRIZZE EVOL BLUE NEW X1000,18
10105,LOS ARBOLES SEL CABERNET 6X750,6
10105,LOS ARBOLES SEL CHARD 6X750,3
10105,NC SPARK DLCE 6X750,3
10105,NC SPARK EBRUT 6X750 nuevo,12
10105,SMIRNOFF BC GRAPEF.&LIME 6X700,21
10105,SMIRNOFF BC ORANGE & LIME 6X700,12
10105,SMIRNOFF BC TANGE&LEMONGRASS 6X700,12
10105,SMIRNOFF GREEN APPLE DO 6X700,18
10105,SMIRNOFF ICE LATA 4X6X473,12
10105,SMIRNOFF RASPBERRY DO 6X700,5
10105,SMIRNOFF TROPICAL FRUITS 6X700,18
10105,SMIRNOFF WATERMELON 6X700,1
20010,DADA INCREDIBLENDS 1  X750,1
20010,ELEMENTOS MALBEC 6X750 ,6
20019,ALMA MORA MALBEC 6X750,6
20019,BAILEYS SALTED CARAMEL 12X750,1
20019,CAZADOR BLANCO DULCE 6X750,3
20019,DADA ART MALBEC 6X750,6
20019,DADA FMORAS N°1 6X750,6
20019,ELEMENTOS TORRONTES DLCE6X750 ,3
20019,SAN TELMO MALBEC X750,6
20020,DON DAVID PINOT NOIR6X750,12
20021,ELEMENTOS MALBEC 6X750 ,3
20021,ZACAPA CENT XO 6x750,6
20026,GORDON´S PINK GIN 6X700,1
20026,SMIRNOFF RASPBERRY DO 6X700,2
20026,SMIRNOFF TAMARINDO 6 X 700,1
20028,F. LAS MORAS ROSADO 6X750 ,-1
20028,GORDON´S PINK GIN 6X700,-1
20028,SMIRNOFF TAMARINDO 6 X 700,1
20029,INTOCABLES DOUBLE OAK 6 X 750,3
20029,TRAPICHE ALARIS DULCE COSECHA 6X750,3
20035,SMIRNOFF TAMARINDO 6 X 700,1
28010,ALMA MORA MALBEC 6X750,9
28010,ANTARES MICRO IPA 25 AÑOS,6
28010,DADA FMORAS N°1 6X750,3
28010,ELEMENTOS MALBEC 6X750 ,3
28010,F.LAS MORAS MALBEC 6X750,3
28010,FRIZZE EVOL BLUE NEW X1000,3
28010,GORDON´S GIN 6x700,3
28010,LOS ARBOLES SEL MALBEC 6X750,3
30000,FRIZZE EVOL BLUE NEW X1000,3
30001,FRIZZE EVOL BLUE NEW X1000,3
30002,FRIZZE EVOL BLUE NEW X1000,3
30004,BAILEYS NUEVA BOTELLA 12x750,17
30004,CAOL ILA 12 AÑOS 6X750,2
30004,FRIZZE EVOL BLUE NEW X1000,3
30004,J WALKER 18 6x750,2
30004,J WALKER BLUE LABEL 18 6x750,3
30004,J WALKER GREEN 6X750,1
30004,J&B RARE 12X750,6
30004,JW BLACK LABEL 12x1000,12
30004,JW BLACK LABEL 12x750,21
30004,JW DOUBLE BLACK 6x750,2
30004,JW GOLD RVE 6x750,6
30004,JW RED 12X1000 UK,18
30004,JW RED 12X750 UK,15
30004,OLD PARR 12YO 12x750,2
30004,TANQUERAY DRY GIN X700,6
30004,TANQUERAY SEVILLA GIN X750,6
30004,UNANIME TINTO 6X750,-1
30004,WHITE HORSE DO 12X750,9
30005,ALMA MORA MALBEC 6X750,3
30005,ANTARES IPA LATA 6X473 (NEW),12
30005,ANTARES LATA IPA 6 X 473ML,6
30005,DADA ART MALBEC 6X750,6
30005,ELEMENTOS CHARDONNAY 6X750,3
30005,ELEMENTOS MALBEC 6X750 ,3
30005,F.LAS MORAS MALBEC 6X750,3
30005,FRIZZE EVOL BLUE NEW X1000,3
30005,LOS ARBOLES SEL CHARD 6X750,3
30005,LOS ARBOLES SEL MALBEC 6X750,6
30005,SAN TELMO MALBEC X750,3
30005,TRAPICHE ALARIS CHARDO 6X750 ,9
30005,TRAPICHE ALARIS DULCE COSECHA 6X750,6
30005,TRAPICHE ALARIS MALBEC 6X750,3
30005,TRAPICHE ALARIS TORRONTES 6X750 ,3
30006,ALARIS D.COSECHA TINTO 6X750,6
30006,ALMA MORA BLEND DULCE 6X 750,-3
30006,ALMA MORA CHARD 6X750,12
30006,ALMA MORA MALBEC 6X750,24
30006,ALMA MORA SEL RVE MALBEC 6X750,6
30006,ALMA MORA SYRAH 6X750,18
30006,ALMA MORA SYRAH ROSE 6X750 ,12
30006,BAILEYS NUEVA BOTELLA 12x750,5
30006,COLECCION PRIVADA CAB SAUV 6X750,6
30006,COLECCION PRIVADA MALBEC,18
30006,DADA ART CABERNET 6X750 ,6
30006,DADA ART MALBEC 6X750,18
30006,DADA ESPUMANTE 6X750 ,60
30006,DADA ESPUMANTE MARACUYA 6X750,72
30006,DADA ESPUMANTE ROS6X750 ,3
30006,DADA FMORAS N°1 6X750,6
30006,DADA FMORAS N°3 6X750,12
30006,DADA N6 HONEY X750,6
30006,DADA N°8 CHOCOLATE 6X750 ,48
30006,DADA N°9 CARAMEL 6X750,9
30006,DON DAVID MALBEC 6X750,6
30006,DON DAVID PINOT NOIR6X750,0
30006,DON DAVID TORRONTES 6X750,6
30006,EL BAUTISMO MALBEC 6X750 ,6
30006,ELEMENTOS CHARDONNAY 6X750,6
30006,ELEMENTOS MALBEC 6X750 ,18
30006,ELEMENTOS RED BLEND 6 X 750,6
30006,ELEMENTOS SYRAH 6X750 ,6
30006,ELEMENTOS TANNAT 6X750 ,6
30006,ELEMENTOS TORRONTES 6X750 ,12
30006,ELEMENTOS TORRONTES DLCE6X750 ,9
30006,F LAS MORAS RED BLEND  6X 750,6
30006,F. LAS MORAS BCO DULCE 6X750 ,18
30006,F. LAS MORAS ROSADO 6X750 ,6
30006,F. LAS MORAS SAUV.BLANC 6X750 ,18
30006,F.LAS MORAS CABSAU 6X750 ,6
30006,F.LAS MORAS MALBEC 6X750,9
30006,FOND CAVE CABSAU 6X750,6
30006,FOND CAVE MALBEC 6X750 ,12
30006,GORDON´S PINK GIN 6X700,6
30006,GORDON´S TONIC 4X6X473,18
30006,JW RED 12X750 UK,3
30006,LOS ARBOLES SEL CABERNET 6X750,6
30006,LOS ARBOLES SEL MALBEC 6X750,6
30006,LOS INTOCABLES MALBEC 6X750,6
30006,NC SPARK BRUT ROSE 6X750,6
30006,NC SPARK DLCE 6X750,6
30006,OLD PARR 12YO 12x750,2
30006,ORIGEN BY TRAPICHE MALBEC 6X750,6
30006,SAN TELMO MALBEC X750,6
30006,SMF ICE GREENAPPLE LAT 4X6X473,60
30006,SMF ICE RED BERRIE LAT 4X6X473,96
30006,SMIRNOFF 21 DO 12X700,12
30006,SMIRNOFF GREEN APPLE DO 6X700,72
30006,SMIRNOFF RASPBERRY DO 6X700,78
30006,SMIRNOFF TAMARINDO 6 X 700,9
30006,SMIRNOFF TROPICAL FRUITS 6X700,6
30006,SMIRNOFF WATERMELON 6X700,9
30006,SUTER ETIQ MARRON BLANC DE BLANCO 6X 750,12
30006,TERMIDOR 2021 TINTO  12X1L ,12
30006,TRAPICHE ALARIS CHARDO 6X750 ,6
30006,TRAPICHE ALARIS MALBEC 6X750,0
30006,TRAPICHE ALARIS TORRONTES 6X750 ,12
30006,TRAPICHE RESERVA MALBEC 6X750,0
30008,F.LAS MORAS MALBEC 6X750,6
30008,FRIZZE EVOL BLUE NEW X1000,3
30008,GORDON´S TONIC 4X6X473,6
30008,SMF  BC GRAPEF&LIME  LATA 4X6X473,6
30008,SMF BC RUBYORANGE&LIME LATA 4X6X473,12
30008,SMF ICE GREENAPPLE LAT 4X6X473,12
30008,SMF ICE RED BERRIE LAT 4X6X473,18
30009,FRIZZE EVOL BLUE NEW X1000,3
30010,ALMA MORA BLEND BLANCO 6X750,6
30010,ALMA MORA MALBEC 6X750,6
30010,CAZADOR MALBEC 6X750,6
30010,EL BAUTISMO MALBEC 6X750 ,6
30010,ELEMENTOS MALBEC 6X750 ,3
30010,F. LAS MORAS SAUV.BLANC 6X750 ,3
30010,LOS ARBOLES SEL MALBEC 6X750,6
30010,ORIGEN BY TRAPICHE MALBEC 6X750,6
30010,SAN TELMO MALBEC X750,9
30010,SAN TELMO SEL CHARDONNA  X750,12
30010,SMF ICE GREENAPPLE LAT 4X6X473,6
30010,SMF ICE RED BERRIE LAT 4X6X473,6
30010,TRAPICHE ALARIS DULCE COSECHA 6X750,9
30010,TRAPICHE D. COSECHA ROSE 6X750 ,6
30011,ALARIS RED BLEND 6 X750,6
30011,ALMA MORA BLEND DULCE 6X 750,6
30011,ALMA MORA CABSAUV6X750 ,18
30011,ALMA MORA MALBEC 6X750,162
30011,ALMA MORA MERLOT 6X750,21
30011,ALMA MORA SEL RVE MALBEC 6X750,18
30011,ALMA MORA SYRAH 6X750,6
30011,ALMA MORA SYRAH ROSE 6X750 ,12
30011,CAZADOR BLANCO DULCE 6X750,24
30011,CAZADOR MALBEC 6X750,6
30011,COLECCION PRIVADA CAB SAUV 6X750,24
30011,COLECCION PRIVADA MALBEC,24
30011,DADA 7 SWEET  6X750,0
30011,DADA ART CABERNET 6X750 ,18
30011,DADA ART MALBEC 6X750,60
30011,DADA ESPUMANTE 6X750 ,60
30011,DADA ESPUMANTE MARACUYA 6X750,66
30011,DADA EXTRA BRUT 6X750,6
30011,DADA FMORAS N°1 6X750,60
30011,DADA FMORAS N°2 6X750 ,18
30011,DADA FMORAS N°3 6X750,306
30011,DADA N6 HONEY X750,6
30011,DADA N°8 CHOCOLATE 6X750 ,63
30011,DADA N°9 CARAMEL 6X750,30
30011,DON DAVID MALBEC 6X750,18
30011,DON DAVID RED BLEND 6X 750,6
30011,DON DAVID RESERVA MALBEC X750,12
30011,EL REGRESO SEM-CHEN  X750,0
30011,ELEMENTOS CABSAUV 6X750 ,18
30011,ELEMENTOS MALBEC 6X750 ,36
30011,ELEMENTOS RED BLEND 6 X 750,42
30011,ELEMENTOS ROSADO TORRONT 6X750 ,6
30011,ELEMENTOS TANNAT 6X750 ,6
30011,ELEMENTOS TORRONTES 6X750 ,6
30011,ELEMENTOS TORRONTES DLCE6X750 ,6
30011,F LAS MORAS RED BLEND  6X 750,12
30011,F. LAS MORAS BCO DULCE 6X750 ,42
30011,F. LAS MORAS SAUV.BLANC 6X750 ,12
30011,F.LAS MORAS CABSAU 6X750 ,18
30011,F.LAS MORAS MALBEC 6X750,72
30011,F.LAS MORAS SYRAH 6X750 ,6
30011,FOND CAVE CABSAU 6X750,6
30011,FOND CAVE MALBEC 6X750 ,6
30011,FOND CAVE RVA MALBEC 6X750,6
30011,FRIZZE BLUE LATA X473,72
30011,FRIZZE EVOL BLUE NEW X1000,33
30011,GORDON´S GIN 6x700,6
30011,INTOCABLES DOUBLE OAK 6 X 750,12
30011,JW BLACK LABEL 12x750,12
30011,JW RED 12X750 UK,13
30011,LOS ARBOLES SEL CABERNET 6X750,12
30011,LOS ARBOLES SEL CHARD 6X750,6
30011,LOS ARBOLES SEL MALBEC 6X750,63
30011,LOS ARBOLES SEL RED BLEND 6X750,12
30011,LOS INTOCABLES CAB.SAUV 6X750,6
30011,LOS INTOCABLES MALBEC 6X750,6
30011,NC SPARK EBRUT 6X750 estuche,3
30011,ORIGEN BY TRAPICHE MALBEC 6X750,18
30011,SAN TELMO MALBEC X750,18
30011,SAN TELMO SPARK EXT DULCE 6X75 Ma,6
30011,SMF ICE GREENAPPLE LAT 4X6X473,474
30011,SMF ICE RED BERRIE LAT 4X6X473,372
30011,SMIRNOFF GREEN APPLE DO 6X700,802
30011,SMIRNOFF ICE LATA 4X6X473,198
30011,SMIRNOFF RASPBERRY DO 6X700,1100
30011,SMIRNOFF TAMARINDO 6 X 700,45
30011,SMIRNOFF TROPICAL FRUITS 6X700,400
30011,SUTER VARIETAL CABERNET 6X750,6
30011,SUTER VARIETAL MALBEC 6X750,6
30011,TRAPICHE ALARIS CABSAUV 6X750 ,12
30011,TRAPICHE ALARIS DULCE COSECHA 6X750,30
30011,TRAPICHE ALARIS MALBEC 6X750,18
30011,TRAPICHE D. COSECHA ROSE 6X750 ,6
30011,TRAPICHE RES  RED BLEND 6 X 750,9
30011,TRAPICHE RESERVA MALBEC 6X750,12
30011,WHITE HORSE DO 12X750,49
30012,F.LAS MORAS MALBEC 6X750,6
30012,FRIZZE EVOL BLUE NEW X1000,3
30012,GORDON´S TONIC 4X6X473,6
30012,SMF ICE GREENAPPLE LAT 4X6X473,12
30012,SMF ICE RED BERRIE LAT 4X6X473,6
30012,SMIRNOFF RASPBERRY DO 6X700,6
30012,TRAPICHE ALARIS DULCE COSECHA 6X750,6
30013,ALMA MORA BLANCO DULCE LOW 6X750,6
30013,ALMA MORA BLEND DULCE 6X 750,6
30013,ALMA MORA BLEND TINTO 6X750,6
30013,ALMA MORA CABSAUV6X750 ,27
30013,ALMA MORA MALBEC 6X750,120
30013,ALMA MORA MERLOT 6X750,6
30013,ALMA MORA SEL RVE MALBEC 6X750,24
30013,ALMA MORA SYRAH 6X750,18
30013,ANTARES IPA LATA 6X473 (NEW),18
30013,ANTARES IPA SIN ALC LATA 6X473,6
30013,ANTARES LAGER LATA 6X473,12
30013,ANTARES LATA CARAVANA 6 X 473ML,6
30013,ANTARES LATA IPA 6 X 473ML,6
30013,ANTARES LATA KOLSCH 6 X 473ML,24
30013,ANTARES PLAYA GRANDE 6 X 473ML,6
30013,BAILEYS NUEVA BOTELLA 12x750,3
30013,CAZADOR BLANCO DULCE 6X750,18
30013,CAZADOR CAB. SAU 6X750,18
30013,CAZADOR MALBEC 6X750,30
30013,COLECCION PRIVADA MALBEC,6
30013,DADA ART MALBEC 6X750,30
30013,DADA ESPUMANTE 6X750 ,60
30013,DADA ESPUMANTE MARACUYA 6X750,60
30013,DADA EXTRA BRUT 6X750,6
30013,DADA FMORAS N°1 6X750,9
30013,DADA FMORAS N°2 6X750 ,6
30013,DADA FMORAS N°3 6X750,12
30013,DADA N°8 CHOCOLATE 6X750 ,24
30013,DADA N°9 CARAMEL 6X750,18
30013,DADA WHITE MALBEC 6X750,18
30013,DON DAVID MALBEC 6X750,36
30013,DON DAVID RED BLEND 6X 750,6
30013,DON DAVID RESERVA MALBEC X750,3
30013,EL BAUTISMO BLEND TINTAS 6X750 ,12
30013,EL BAUTISMO MALBEC 6X750 ,24
30013,EL REGRESO SEM-CHEN  X750,6
30013,EL ULTIMO RIE MEJOR X750,36
30013,ELEMENTOS CABSAUV 6X750 ,18
30013,ELEMENTOS MALBEC 6X750 ,59
30013,ELEMENTOS RED BLEND 6 X 750,15
30013,ELEMENTOS ROSADO TORRONT 6X750 ,6
30013,ELEMENTOS SYRAH 6X750 ,12
30013,ELEMENTOS TORRONTES 6X750 ,6
30013,ELEMENTOS TORRONTES DLCE6X750 ,24
30013,F LAS MORAS RED BLEND  6X 750,6
30013,F. LAS MORAS BCO DULCE 6X750 ,6
30013,F.LAS MORAS CABSAU 6X750 ,18
30013,F.LAS MORAS MALBEC 6X750,60
30013,FAIR FOR LIFE MALBEC 6X750 ,12
30013,FOND CAVE MALBEC 6X750 ,12
30013,FOND CAVE RVA MALBEC 6X750,24
30013,FRIZZE BLUE LATA X473,90
30013,FRIZZE BUBBLE MOOD 6X1000,18
30013,FRIZZE EVOL BLUE NEW X1000,69
30013,GORDON´S GIN 6x700,12
30013,GORDON´S PINK GIN 6X700,3
30013,GORDON´S TONIC 4X6X473,8
30013,INTOCABLES DOUBLE OAK 6 X 750,6
30013,JW BLACK LABEL 12x750,16
30013,JW RED 12X750 UK,17
30013,LOS ARBOLES SEL CABERNET 6X750,9
30013,LOS ARBOLES SEL MALBEC 6X750,12
30013,LOS INTOCABLES CAB.SAUV 6X750,6
30013,LOS INTOCABLES MALBEC 6X750,6
30013,ORIGEN BY TRAPICHE MALBEC 6X750,18
30013,SAN TELMO MALBEC X750,18
30013,SMF  BC GRAPEF&LIME  LATA 4X6X473,48
30013,SMF BC RUBYORANGE&LIME LATA 4X6X473,48
30013,SMF ICE GREENAPPLE LAT 4X6X473,486
30013,SMF ICE RED BERRIE LAT 4X6X473,396
30013,SMIRNOFF GREEN APPLE DO 6X700,420
30013,SMIRNOFF ICE LATA 4X6X473,228
30013,SMIRNOFF RASPBERRY DO 6X700,606
30013,SMIRNOFF TAMARINDO 6 X 700,54
30013,SMIRNOFF WATERMELON 6X700,6
30013,TRAPICHE ALARIS CABSAUV 6X750 ,6
30013,TRAPICHE ALARIS DULCE COSECHA 6X750,42
30013,TRAPICHE ALARIS MALBEC 6X750,18
30013,TRAPICHE ALARIS MERLOT 6X750 ,6
30013,TRAPICHE IMPURO MALBEC X750,48
30013,TRAPICHE RES  RED BLEND 6 X 750,6
30013,TRAPICHE RESERVA MALBEC 6X750,18
30013,WHITE HORSE DO 12X750,18
30014,ALMA MORA BLANCO DULCE LOW 6X750,6
30014,ALMA MORA BLEND BLANCO 6X750,6
30014,ALMA MORA BLEND DULCE 6X 750,30
30014,ALMA MORA BLEND TINTO 6X750,12
30014,ALMA MORA CABSAUV6X750 ,24
30014,ALMA MORA MALBEC 6X750,138
30014,ALMA MORA MERLOT 6X750,27
30014,ALMA MORA SEL RVE MALBEC 6X750,18
30014,ALMA MORA SYRAH 6X750,24
30014,ALMA MORA SYRAH ROSE 6X750 ,6
30014,ANTARES IPA SIN ALC LATA 6X473,6
30014,ANTARES LAGER LATA 6X473,12
30014,ANTARES LATA KOLSCH 6 X 473ML,12
30014,BAILEYS NUEVA BOTELLA 12x750,7
30014,DADA ART CABERNET 6X750 ,6
30014,DADA ART MALBEC 6X750,18
30014,DADA ESPUMANTE 6X750 ,60
30014,DADA ESPUMANTE MARACUYA 6X750,96
30014,DADA ESPUMANTE ROS6X750 ,36
30014,DADA EXTRA BRUT 6X750,6
30014,DADA FMORAS N°1 6X750,30
30014,DADA FMORAS N°2 6X750 ,6
30014,DADA FMORAS N°3 6X750,18
30014,DADA N6 HONEY X750,12
30014,DADA N°8 CHOCOLATE 6X750 ,66
30014,DADA N°9 CARAMEL 6X750,18
30014,DADA WHITE MALBEC 6X750,6
30014,DON DAVID MALBEC 6X750,12
30014,DON DAVID RESERVA MALBEC X750,6
30014,EL BAUTISMO BLEND B. DLCE 6X750 ,12
30014,EL BAUTISMO BLEND TINTAS 6X750 ,15
30014,EL BAUTISMO MALBEC 6X750 ,33
30014,EL REGRESO SEM-CHEN  X750,6
30014,ELEMENTOS CABSAUV 6X750 ,18
30014,ELEMENTOS CHARDONNAY 6X750,12
30014,ELEMENTOS MALBEC 6X750 ,18
30014,ELEMENTOS RED BLEND 6 X 750,15
30014,F LAS MORAS RED BLEND  6X 750,3
30014,F. LAS MORAS BCO DULCE 6X750 ,18
30014,F.LAS MORAS CABSAU 6X750 ,3
30014,F.LAS MORAS MALBEC 6X750,90
30014,FAIR FOR LIFE MALBEC 6X750 ,9
30014,FOND CAVE CABSAU 6X750,9
30014,FOND CAVE MALBEC 6X750 ,18
30014,FOND CAVE RVA CABSAU 6X750,6
30014,FRIZZE BLUE LATA X473,78
30014,FRIZZE BUBBLE MOOD 6X1000,30
30014,FRIZZE EVOL BLUE NEW X1000,81
30014,GORDONS  TROPICAL FRUITS 6X700,3
30014,GORDON´S GIN 6x700,4
30014,GORDON´S PINK GIN 6X700,4
30014,GORDON´S TONIC 4X6X473,36
30014,INTOCABLES DOUBLE OAK 6 X 750,21
30014,JW BLACK LABEL 12x750,12
30014,JW RED 12X750 UK,12
30014,LOS ARBOLES SEL CABERNET 6X750,21
30014,LOS ARBOLES SEL CHARD 6X750,6
30014,LOS ARBOLES SEL MALBEC 6X750,48
30014,LOS ARBOLES SEL RED BLEND 6X750,6
30014,LOS INTOCABLES CAB.SAUV 6X750,6
30014,LOS INTOCABLES MALBEC 6X750,6
30014,NC SPARK BRUT ROSE 6X750,6
30014,NC SPARK DLCE 6X750,6
30014,NC SPARK EBRUT 6X750 nuevo,3
30014,NC SPARK NATURE 6X750 PREM ,6
30014,ORIGEN BY TRAPICHE MALBEC 6X750,24
30014,SAN TELMO MALBEC X750,12
30014,SMF  BC GRAPEF&LIME  LATA 4X6X473,36
30014,SMF BC RUBYORANGE&LIME LATA 4X6X473,18
30014,SMF ICE GREENAPPLE LAT 4X6X473,498
30014,SMF ICE RED BERRIE LAT 4X6X473,444
30014,SMIRNOFF 21 DO 12X700,9
30014,SMIRNOFF BC GRAPEF.&LIME 6X700,6
30014,SMIRNOFF GREEN APPLE DO 6X700,423
30014,SMIRNOFF ICE LATA 4X6X473,168
30014,SMIRNOFF RASPBERRY DO 6X700,642
30014,SMIRNOFF TAMARINDO 6 X 700,75
30014,SMIRNOFF TROPICAL FRUITS 6X700,9
30014,SMIRNOFF WATERMELON 6X700,12
30014,SUTER VARIETAL CABERNET 6X750,6
30014,SUTER VARIETAL MALBEC 6X750,6
30014,TRAPICHE ALARIS CABSAUV 6X750 ,24
30014,TRAPICHE ALARIS DULCE COSECHA 6X750,30
30014,TRAPICHE ALARIS MALBEC 6X750,24
30014,TRAPICHE ALARIS TORRONTES 6X750 ,12
30014,TRAPICHE D. COSECHA ROSE 6X750 ,6
30014,TRAPICHE RES  RED BLEND 6 X 750,6
30014,TRAPICHE RESERVA MALBEC 6X750,30
30015,ALMA MORA CABSAUV6X750 ,3
30015,ALMA MORA SEL RVE CHARDO 6X750,6
30015,CAZADOR CAB. SAU 6X750,3
30015,CAZADOR MALBEC 6X750,3
30015,DADA 7 ORANGE BITTER 6X750,3
30015,DADA ESPUMANTE ROS6X750 ,3
30015,DON DAVID PINOT NOIR6X750,6
30015,EL REGRESO SEM-CHEN  X750,6
30015,ELEMENTOS CABSAUV 6X750 ,3
30015,ELEMENTOS MALBEC 6X750 ,18
30015,ELEMENTOS TORRONTES DLCE6X750 ,6
30015,FOND CAVE MALBEC 6X750 ,12
30015,FRIZZE EVOL BLUE NEW X1000,3
30015,GORDON´S GIN 6x700,6
30015,GORDON´S TONIC 4X6X473,6
30015,SMF  BC GRAPEF&LIME  LATA 4X6X473,24
30015,SMF BC RUBYORANGE&LIME LATA 4X6X473,30
30015,SMF ICE GREENAPPLE LAT 4X6X473,78
30015,SMF ICE RED BERRIE LAT 4X6X473,48
30015,SMIRNOFF BC TANGE&LEMONGRASS 6X700,6
30015,SMIRNOFF GREEN APPLE DO 6X700,36
30015,SMIRNOFF ICE LATA 4X6X473,39
30015,SMIRNOFF RASPBERRY DO 6X700,6
30015,SMIRNOFF TAMARINDO 6 X 700,6
30015,SMIRNOFF WATERMELON 6X700,6
30016,FRIZZE EVOL BLUE NEW X1000,3
30017,ALMA MORA BLANCO DULCE LOW 6X750,6
30017,ALMA MORA BLEND DULCE 6X 750,24
30017,ALMA MORA CABSAUV6X750 ,18
30017,ALMA MORA CHARD 6X750,6
30017,ALMA MORA MALBEC 6X750,48
30017,ALMA MORA SEL RVE BLEND 6X750,9
30017,ALMA MORA SEL RVE CABER 6X750,6
30017,ALMA MORA SEL RVE MALBEC 6X750,12
30017,ALMA MORA SYRAH ROSE 6X750 ,6
30017,ANTARES IPA LATA 6X473 (NEW),12
30017,ANTARES LAGER LATA 6X473,6
30017,ANTARES LATA KOLSCH 6 X 473ML,6
30017,DADA ART CABERNET 6X750 ,6
30017,DADA FMORAS N°1 6X750,12
30017,DADA FMORAS N°2 6X750 ,6
30017,DADA FMORAS N°3 6X750,12
30017,DADA N°8 CHOCOLATE 6X750 ,12
30017,DON DAVID CABERNET 6X750,12
30017,DON DAVID MALBEC 6X750,24
30017,EL BAUTISMO BLEND TINTAS 6X750 ,6
30017,EL BAUTISMO CABERNET 6X750,6
30017,EL BAUTISMO MALBEC 6X750 ,6
30017,EL REGRESO SEM-CHEN  X750,6
30017,ELEMENTOS CABSAUV 6X750 ,84
30017,ELEMENTOS MALBEC 6X750 ,126
30017,ELEMENTOS RED BLEND 6 X 750,0
30017,ELEMENTOS ROSADO TORRONT 6X750 ,6
30017,ELEMENTOS TANNAT 6X750 ,6
30017,ELEMENTOS TORRONTES DLCE6X750 ,6
30017,F LAS MORAS RED BLEND  6X 750,12
30017,F. LAS MORAS BCO DULCE 6X750 ,6
30017,F.LAS MORAS CABSAU 6X750 ,36
30017,F.LAS MORAS MALBEC 6X750,84
30017,FAIR FOR LIFE CAB.SAUV 6X750 ,6
30017,FOND CAVE CABSAU 6X750,18
30017,FOND CAVE MALBEC 6X750 ,12
30017,FOND CAVE RVA CABSAU 6X750,6
30017,FOND CAVE SYRAH 6X750 ,12
30017,FRIZZE BLUE LATA X473,6
30017,FRIZZE BUBBLE MOOD 6X1000,12
30017,FRIZZE EVOL BLUE NEW X1000,42
30017,GORDON´S PINK GIN 6X700,1
30017,GORDON´S TONIC 4X6X473,30
30017,JW RED 12X1000 UK,6
30017,LOS ARBOLES SEL CABERNET 6X750,12
30017,LOS ARBOLES SEL CHARD 6X750,6
30017,LOS ARBOLES SEL MALBEC 6X750,45
30017,LOS ARBOLES SEL RED BLEND 6X750,6
30017,LOS INTOCABLES MALBEC 6X750,12
30017,ORIGEN BY TRAPICHE MALBEC 6X750,6
30017,SAN TELMO CAB-SAUV X750,6
30017,SAN TELMO MALBEC X750,12
30017,SMF  BC GRAPEF&LIME  LATA 4X6X473,6
30017,SMF BC RUBYORANGE&LIME LATA 4X6X473,6
30017,SMIRNOFF 21 DO 12X700,6
30017,SMIRNOFF GREEN APPLE DO 6X700,6
30017,SMIRNOFF ICE LATA 4X6X473,6
30017,SMIRNOFF RASPBERRY DO 6X700,12
30017,SMIRNOFF TROPICAL FRUITS 6X700,6
30017,SUTER VARIETAL CABERNET 6X750,6
30017,SUTER VARIETAL MALBEC 6X750,6
30017,TERMIDOR 2021 TINTO  12X1L ,24
30017,TRAPICHE ALARIS CHARDO 6X750 ,6
30017,TRAPICHE ALARIS DULCE COSECHA 6X750,42
30017,TRAPICHE ALARIS MALBEC 6X750,12
30017,TRAPICHE ALARIS TORRONTES 6X750 ,6
30017,TRAPICHE RESERVA MALBEC 6X750,6
30017,WHITE HORSE DO 12X750,16
30018,ALMA MORA MALBEC 6X750,18
30018,ALMA MORA SEL RVE MALBEC 6X750,2
30018,CAZADOR CAB. SAU 6X750,15
30018,CAZADOR MALBEC 6X750,9
30018,DADA N°9 CARAMEL 6X750,2
30018,EL BAUTISMO MALBEC 6X750 ,6
30018,ELEMENTOS CABSAUV 6X750 ,27
30018,ELEMENTOS CHARDONNAY 6X750,18
30018,ELEMENTOS MALBEC 6X750 ,21
30018,F. LAS MORAS SAUV.BLANC 6X750 ,3
30018,F.LAS MORAS CABSAU 6X750 ,3
30018,F.LAS MORAS MALBEC 6X750,56
30018,FRIZZE EVOL BLUE NEW X1000,3
30018,LOS ARBOLES SEL CHARD 6X750,3
30018,LOS ARBOLES SEL MALBEC 6X750,6
30018,TRAPICHE ALARIS CHARDO 6X750 ,12
30018,TRAPICHE ALARIS MALBEC 6X750,12
30019,F.LAS MORAS MALBEC 6X750,-3
30019,FRIZZE EVOL BLUE NEW X1000,3
30019,WHITE HORSE DO 12X750,6
30020,FRIZZE EVOL BLUE NEW X1000,3
30021,ALARIS D.COSECHA TINTO 6X750,12
30021,COLECCION PRIVADA MALBEC,0
30021,EL BAUTISMO MALBEC 6X750 ,0
30021,ELEMENTOS CABSAUV 6X750 ,18
30021,ELEMENTOS MALBEC 6X750 ,48
30021,ELEMENTOS RED BLEND 6 X 750,6
30021,ELEMENTOS ROSADO TORRONT 6X750 ,0
30021,ELEMENTOS TORRONTES 6X750 ,0
30021,EXPEDICION DEL SUR CABSUA 6 X 750,6
30021,F. LAS MORAS ROSADO 6X750 ,0
30021,F. LAS MORAS SAUV.BLANC 6X750 ,0
30021,SAN TELMO CAB-SAUV X750,0
30021,SMIRNOFF WATERMELON 6X700,6
30021,TRAPICHE ALARIS DULCE COSECHA 6X750,6
30021,TRAPICHE RESERVA MALBEC 6X750,6
30022,ALMA MORA BLEND DULCE 6X 750,3
30022,ALMA MORA MALBEC 6X750,12
30022,ALMA MORA SEL RVE MALBEC 6X750,3
30022,DADA ART MALBEC 6X750,6
30022,DADA ESPUMANTE MARACUYA 6X750,3
30022,DADA ESPUMANTE ROS6X750 ,3
30022,DADA EXTRA BRUT 6X750,3
30022,DADA FMORAS N°1 6X750,9
30022,DADA FMORAS N°2 6X750 ,3
30022,DADA N°9 CARAMEL 6X750,3
30022,DON DAVID CABERNET 6X750,3
30022,DON DAVID PINOT NOIR6X750,3
30022,ELEMENTOS MALBEC 6X750 ,3
30022,ELEMENTOS RED BLEND 6 X 750,6
30022,F. LAS MORAS SAUV.BLANC 6X750 ,3
30022,F.LAS MORAS MALBEC 6X750,6
30022,FRIZZE EVOL BLUE NEW X1000,3
30022,LA GRAN NACHA X750,3
30022,LOS ARBOLES SEL MALBEC 6X750,3
30022,LOS INTOCABLES RED BLEND 6X750,6
30022,ORIGEN BY TRAPICHE MALBEC 6X750,6
30022,SAN TELMO MALBEC X750,18
30022,SUTER VARIETAL CABERNET 6X750,3
30022,TERMIDOR 2021 TINTO  12X1L ,12
30022,TRAPICHE ALARIS DULCE COSECHA 6X750,-6
30022,TRAPICHE ALARIS MALBEC 6X750,3
30022,TRAPICHE IMPURO MALBEC X750,3
30022,TRAPICHE PURO CAB.SAUV 6X750,3
30022,TRAPICHE RESERVA MALBEC 6X750,3
30023,ALMA MORA BLEND TINTO 6X750,3
30023,ALMA MORA MALBEC 6X750,24
30023,ALMA MORA SYRAH 6X750,3
30023,DADA ART MALBEC 6X750,3
30023,DADA FMORAS N°1 6X750,12
30023,DADA FMORAS N°3 6X750,3
30023,DADA N°9 CARAMEL 6X750,9
30023,ELEMENTOS MALBEC 6X750 ,12
30023,ELEMENTOS RED BLEND 6 X 750,9
30023,F. LAS MORAS BCO DULCE 6X750 ,3
30023,F. LAS MORAS SAUV.BLANC 6X750 ,6
30023,F.LAS MORAS MALBEC 6X750,51
30023,FRIZZE EVOL BLUE NEW X1000,3
30023,LOS ARBOLES SEL CABERNET 6X750,33
30023,LOS ARBOLES SEL MALBEC 6X750,84
30023,TRAPICHE ALARIS CABSAUV 6X750 ,3
30023,TRAPICHE ALARIS CHARDO 6X750 ,9
30023,TRAPICHE ALARIS DULCE COSECHA 6X750,36
30023,TRAPICHE ALARIS MALBEC 6X750,12
30024,FRIZZE EVOL BLUE NEW X1000,3
30025,ALMA MORA BLEND DULCE 6X 750,9
30025,ALMA MORA MALBEC 6X750,21
30025,ALMA MORA MERLOT 6X750,3
30025,ALMA MORA SEL RVE MALBEC 6X750,3
30025,ANTARES LAGER LATA 6X473,19
30025,ANTARES MICRO IPA 25 AÑOS,6
30025,CAZADOR MALBEC 6X750,3
30025,COLECCION PRIVADA MALBEC,12
30025,DADA ART MALBEC 6X750,21
30025,DADA ESPUMANTE MARACUYA 6X750,6
30025,DADA FMORAS N°1 6X750,0
30025,DADA N°8 CHOCOLATE 6X750 ,12
30025,DON DAVID MALBEC 6X750,6
30025,EL BAUTISMO BLEND TINTAS 6X750 ,6
30025,EL BAUTISMO MALBEC 6X750 ,9
30025,ELEMENTOS CABSAUV 6X750 ,3
30025,ELEMENTOS MALBEC 6X750 ,24
30025,F. LAS MORAS BCO DULCE 6X750 ,6
30025,F.LAS MORAS MALBEC 6X750,51
30025,FAIR FOR LIFE MALBEC 6X750 ,6
30025,FOND CAVE MALBEC 6X750 ,3
30025,FOND CAVE RVA MALBEC 6X750,3
30025,FRIZZE EVOL BLUE NEW X1000,3
30025,GORDON´S GIN 6x700,3
30025,LOS ARBOLES SEL MALBEC 6X750,18
30025,LOS ARBOLES SEL RED BLEND 6X750,9
30025,LOS INTOCABLES MALBEC 6X750,9
30025,NC SPARK EBRUT 6X750 estuche,6
30025,ORIGEN BY TRAPICHE MALBEC 6X750,12
30025,SAN TELMO MALBEC X750,24
30025,SAN TELMO SPARK DULCE 6X750,6
30025,SMF ICE GREENAPPLE LAT 4X6X473,6
30025,SMF ICE RED BERRIE LAT 4X6X473,6
30025,SMIRNOFF RASPBERRY DO 6X700,3
30025,SUTER VARIETAL MALBEC 6X750,9
30025,TRAPICHE ALARIS CABSAUV 6X750 ,6
30025,TRAPICHE ALARIS DULCE COSECHA 6X750,27
30025,TRAPICHE ALARIS MALBEC 6X750,6
30025,TRAPICHE RESERVA MALBEC 6X750,6
30026,ALMA MORA BLEND BLANCO 6X750,72
30026,ALMA MORA SYRAH 6X750,24
30026,DADA ART MALBEC 6X750,18
30026,DADA ESPUMANTE ROS6X750 ,18
30026,DOLORES ESPUMANTE ROSE 6X750,36
30026,DON DAVID CABERNET 6X750,18
30026,ELEMENTOS MALBEC 6X750 ,60
30026,ELEMENTOS RED BLEND 6 X 750,18
30026,ELEMENTOS SYRAH 6X750 ,24
30026,ELEMENTOS TORRONTES 6X750 ,0
30026,F. LAS MORAS BCO DULCE 6X750 ,96
30026,F.LAS MORAS SYRAH 6X750 ,60
30026,FOND CAVE G. RVA CABSAU 6 X 750,12
30026,FRIZZE EVOL BLUE NEW X1000,30
30026,GORDON´S PINK GIN 6X700,30
30026,GORDON´S TONIC 4X6X473,24
30026,LOS ARBOLES SEL MALBEC 6X750,24
30026,LOS ARBOLES SEL RED BLEND 6X750,18
30026,LOS INTOCABLES CAB.SAUV 6X750,18
30026,LOS INTOCABLES MALBEC 6X750,30
30026,TERMIDOR 2021 TINTO  12X1L ,1380
30026,TERMIDOR BLANCO 12X1L ,540
30030,INTOCABLES DOUBLE OAK 6 X 750,3
30030,LOS INTOCABLES MALBEC 6X750,3
30031,ALMA MORA BLEND DULCE 6X 750,9
30031,ALMA MORA MALBEC 6X750,9
30031,ALMA MORA SYRAH ROSE 6X750 ,3
30031,CAZADOR BLANCO DULCE 6X750,3
30031,CAZADOR MALBEC 6X750,6
30031,DADA ART MALBEC 6X750,6
30031,DADA N°8 CHOCOLATE 6X750 ,6
30031,EL BAUTISMO CABERNET 6X750,3
30031,ELEMENTOS MALBEC 6X750 ,3
30031,F. LAS MORAS BCO DULCE 6X750 ,6
30031,F.LAS MORAS MALBEC 6X750,6
30031,FRIZZE BLUE LATA X473,6
30031,FRIZZE EVOL BLUE NEW X1000,15
30031,FRIZZE IT LIM NEW X 1000,6
30031,GORDON´S PINK GIN 6X700,6
30031,GORDON´S TONIC 4X6X473,12
30031,SMF  BC GRAPEF&LIME  LATA 4X6X473,18
30031,SMF BC RUBYORANGE&LIME LATA 4X6X473,18
30031,SMF ICE GREENAPPLE LAT 4X6X473,48
30031,SMF ICE RED BERRIE LAT 4X6X473,48
30031,SMIRNOFF 21 DO 12X700,3
30031,SMIRNOFF GREEN APPLE DO 6X700,15
30031,SMIRNOFF ICE LATA 4X6X473,12
30031,SMIRNOFF RASPBERRY DO 6X700,9
30031,SMIRNOFF TAMARINDO 6 X 700,3
30031,WHITE HORSE DO 12X750,3
30032,ALMA MORA CABSAUV6X750 ,6
30032,ALMA MORA MALBEC 6X750,30
30032,COLECCION PRIVADA MALBEC,12
30032,DADA ART MALBEC 6X750,3
30032,DADA FMORAS N°1 6X750,3
30032,DADA FMORAS N°2 6X750 ,6
30032,DADA FMORAS N°3 6X750,3
30032,DADA N°8 CHOCOLATE 6X750 ,3
30032,DON DAVID MALBEC 6X750,3
30032,DON DAVID RESERVA MALBEC X750,6
30032,ELEMENTOS MALBEC 6X750 ,27
30032,F. LAS MORAS BCO DULCE 6X750 ,6
30032,F.LAS MORAS MALBEC 6X750,18
30032,FOND CAVE MALBEC 6X750 ,3
30032,FOND CAVE RVA MALBEC 6X750,6
30032,FRIZZE EVOL BLUE NEW X1000,3
30032,GORDONS  TROPICAL FRUITS 6X700,1
30032,GORDON´S GIN 6x700,3
30032,INTOCABLES DOUBLE OAK 6 X 750,12
30032,LA MASCOTA MALBEC 6X750,6
30032,LOS INTOCABLES CAB.SAUV 6X750,6
30032,LOS INTOCABLES MALBEC 6X750,24
30032,SMF  BC GRAPEF&LIME  LATA 4X6X473,0
30032,SMF ICE GREENAPPLE LAT 4X6X473,6
30032,SMF ICE RED BERRIE LAT 4X6X473,11
30032,SMIRNOFF BC ORANGE & LIME 6X700,3
30032,SMIRNOFF GREEN APPLE DO 6X700,6
30032,SMIRNOFF RASPBERRY DO 6X700,3
30032,SMIRNOFF TAMARINDO 6 X 700,3
30032,TRAPICHE ALARIS DULCE COSECHA 6X750,18
30032,TRAPICHE IMPURO CAB.SAUV 6X750,3
30033,ALARIS D.COSECHA TINTO 6X750,12
30033,ALARIS RED BLEND 6 X750,18
30033,ALEGORIA CHARDO 6X750,6
30033,ALEGORIA MALBEC 6X750,18
30033,ALMA MORA BLEND BLANCO 6X750,18
30033,ALMA MORA BLEND DULCE 6X 750,300
30033,ALMA MORA BLEND TINTO 6X750,6
30033,ALMA MORA CABSAUV6X750 ,102
30033,ALMA MORA CHARD 6X750,42
30033,ALMA MORA MALBEC 6X750,726
30033,ALMA MORA MERLOT 6X750,42
30033,ALMA MORA SEL RVE BLEND 6X750,23
30033,ALMA MORA SEL RVE CABER 6X750,54
30033,ALMA MORA SEL RVE CHARDO 6X750,6
30033,ALMA MORA SEL RVE MALBEC 6X750,66
30033,ALMA MORA SYRAH 6X750,30
30033,ALMA MORA SYRAH ROSE 6X750 ,6
30033,ANTARES IPA LATA 6X473 (NEW),36
30033,ANTARES IPA SIN ALC LATA 6X473,12
30033,ANTARES LAGER LATA 6X473,12
30033,ANTARES LATA CARAVANA 6 X 473ML,12
30033,ANTARES LATA IPA 6 X 473ML,30
30033,ANTARES LATA KOLSCH 6 X 473ML,12
30033,ANTARES LATA SCOTCH 6 X 473ML,12
30033,ANTARES MICRO IPA 25 AÑOS,12
30033,ANTARES PLAYA GRANDE 6 X 473ML,6
30033,BAILEYS NUEVA BOTELLA 12x750,6
30033,CAZADOR BLANCO DULCE 6X750,6
30033,CAZADOR CAB. SAU 6X750,12
30033,CAZADOR MALBEC 6X750,48
30033,COLECCION PRIVADA BLEND 6X750,18
30033,COLECCION PRIVADA CAB SAUV 6X750,54
30033,COLECCION PRIVADA MALBEC,102
30033,COLECCION PRIVADA MERLOT 6X750,6
30033,COLECCION PRIVADA PINOT 6X750,12
30033,DADA 7 ORANGE BITTER 6X750,18
30033,DADA 7 SWEET  6X750,6
30033,DADA ART CABERNET 6X750 ,18
30033,DADA ART MALBEC 6X750,66
30033,DADA ESPUMANTE 6X750 ,72
30033,DADA ESPUMANTE MARACUYA 6X750,66
30033,DADA ESPUMANTE ROS6X750 ,7
30033,DADA EXTRA BRUT 6X750,6
30033,DADA FMORAS N°1 6X750,42
30033,DADA FMORAS N°2 6X750 ,60
30033,DADA FMORAS N°3 6X750,24
30033,DADA INCREDIBLENDS 1  X750,30
30033,DADA INCREDIBLENDS 2  X750,30
30033,DADA N6 HONEY X750,24
30033,DADA N°8 CHOCOLATE 6X750 ,54
30033,DADA N°9 CARAMEL 6X750,18
30033,DADA WHITE MALBEC 6X750,30
30033,DEMENCIAL PINOT NOIR 6X750,12
30033,DON DAVID CABERNET 6X750,66
30033,DON DAVID CHARDONNAY 6X750,18
30033,DON DAVID MALBEC 6X750,84
30033,DON DAVID PINOT NOIR6X750,54
30033,DON DAVID RED BLEND 6X 750,6
30033,DON DAVID RESERVA MALBEC X750,30
30033,DON DAVID SYRAH 6X750,18
30033,DON DAVID TORRONTES 6X750,45
30033,EL BAUTISMO BLEND B. DLCE 6X750 ,30
30033,EL BAUTISMO BLEND TINTAS 6X750 ,18
30033,EL BAUTISMO CABERNET 6X750,18
30033,EL BAUTISMO MALBEC 6X750 ,42
30033,EL BAUTISMO ROSADO 6X750 ,6
30033,EL ESTECO CABERNET SAUV 6X750,12
30033,EL ESTECO MALBEC 6X750,12
30033,EL ULTIMO RIE MEJOR X750,12
30033,ELEMENTOS CABSAUV 6X750 ,66
30033,ELEMENTOS CHARDONNAY 6X750,36
30033,ELEMENTOS MALBEC 6X750 ,936
30033,ELEMENTOS RED BLEND 6 X 750,42
30033,ELEMENTOS ROSADO TORRONT 6X750 ,12
30033,ELEMENTOS SYRAH 6X750 ,18
30033,ELEMENTOS TANNAT 6X750 ,18
30033,ELEMENTOS TORRONTES 6X750 ,24
30033,ELEMENTOS TORRONTES DLCE6X750 ,12
30033,EXPEDICION DEL SUR CABSUA 6 X 750,48
30033,F LAS MORAS RED BLEND  6X 750,33
30033,F. LAS MORAS BCO DULCE 6X750 ,60
30033,F. LAS MORAS ROSADO 6X750 ,0
30033,F. LAS MORAS SAUV.BLANC 6X750 ,30
30033,F.LAS MORAS CABSAU 6X750 ,72
30033,F.LAS MORAS MALBEC 6X750,174
30033,FAIR FOR LIFE CAB.SAUV 6X750 ,12
30033,FAIR FOR LIFE CHARDONNAY 6X750 ,12
30033,FAIR FOR LIFE MALBEC 6X750 ,42
30033,FINCA NOTABLES MALBEC .6X750 ,6
30033,FLM GRAN SYRAH 6X750,36
30033,FOND CAV RESERVA CAB SAUV FRANCE X750,9
30033,FOND CAV RESERVA PET. VERDOT X750,12
30033,FOND CAVE CABSAU 6X750,108
30033,FOND CAVE CHARD 6X750,18
30033,FOND CAVE G. RVA CABSAU 6 X 750,6
30033,FOND CAVE G. RVA MALBEC 6X750,6
30033,FOND CAVE MALBEC 6X750 ,114
30033,FOND CAVE RVA CABSAU 6X750,12
30033,FOND CAVE RVA COS TARDIA 6 X 500,12
30033,FOND CAVE RVA MALBEC 6X750,54
30033,FOND CAVE RVA SAUVIGNON 6X750,6
30033,FOND CAVE SYRAH 6X750 ,72
30033,FRIZZE BLUE LATA X473,114
30033,FRIZZE EVOL BLUE NEW X1000,51
30033,GORDON´S GIN 6x700,24
30033,GORDON´S PINK GIN 6X700,6
30033,GORDON´S TONIC 4X6X473,36
30033,INTOCABLES DOUBLE OAK 6 X 750,6
30033,J WALKER BLUE LABEL 18 6x750,2
30033,J&B YELLOW 6X750,6
30033,JW BLACK LABEL 12x1000,12
30033,JW BLACK LABEL 12x750,27
30033,JW DOUBLE BLACK 6x750,6
30033,JW RED 12X1000 UK,9
30033,JW RED 12X750 UK,26
30033,JW SWING 12x750,2
30033,LA MASCOTA MALBEC 6X750,18
30033,LA MASCOTA SPARK BL NOIR 6X750,0
30033,LOS ARBOLES SEL CABERNET 6X750,36
30033,LOS ARBOLES SEL CHARD 6X750,24
30033,LOS ARBOLES SEL MALBEC 6X750,90
30033,LOS ARBOLES SEL RED BLEND 6X750,30
30033,LOS INTOCABLES CAB.SAUV 6X750,12
30033,LOS INTOCABLES CHARD  6X750,12
30033,LOS INTOCABLES MALBEC 6X750,60
30033,LOS INTOCABLES RED BLEND 6X750,12
30033,LOS INTOCABLES RUM BLEND 6X750,12
30033,MARANTIQUA CHARDONNAY 6X750,6
30033,MARANTIQUA MALBEC 6X750,6
30033,NC RESERVA MALBEC 6X750,6
30033,NC SPARK EBRUT 6X750 estuche,6
30033,NC SPARK EBRUT 6X750 nuevo,6
30033,NC SPARK NATURE 6X750 PREM ,6
30033,ORIGEN BY TRAPICHE CAB.S 6X750,18
30033,ORIGEN BY TRAPICHE MALBEC 6X750,54
30033,SAN TELMO CAB-SAUV X750,18
30033,SAN TELMO MALBEC X750,48
30033,SAN TELMO SEL CHARDONNA  X750,12
30033,SAN TELMO SPARK DULCE 6X750,24
30033,SAN TELMO SPARK E.BRUT 6X750,48
30033,SAN TELMO SPARK EXT DULCE 6X75 Ma,24
30033,SMF  BC GRAPEF&LIME  LATA 4X6X473,42
30033,SMF BC RUBYORANGE&LIME LATA 4X6X473,24
30033,SMF ICE GREENAPPLE LAT 4X6X473,516
30033,SMF ICE RED BERRIE LAT 4X6X473,282
30033,SMIRNOFF 21 DO 12X700,6
30033,SMIRNOFF BC GRAPEF.&LIME 6X700,6
30033,SMIRNOFF GREEN APPLE DO 6X700,2226
30033,SMIRNOFF ICE LATA 4X6X473,204
30033,SMIRNOFF RASPBERRY DO 6X700,3372
30033,SMIRNOFF TAMARINDO 6 X 700,66
30033,SMIRNOFF TROPICAL FRUITS 6X700,1206
30033,SMIRNOFF WATERMELON 6X700,3
30033,SUTER ETIQ MARRON NEW PIN 6X750,12
30033,SUTER VARIETAL CABERNET 6X750,12
30033,SUTER VARIETAL MALBEC 6X750,36
30033,SUTER VARIETAL TARDIO6X750,24
30033,TANQUERAY DRY GIN X700,3
30033,TANQUERAY SEVILLA GIN X750,3
30033,TRAPICHE ALARIS CABSAUV 6X750 ,42
30033,TRAPICHE ALARIS CHARDO 6X750 ,30
30033,TRAPICHE ALARIS DULCE COSECHA 6X750,114
30033,TRAPICHE ALARIS MALBEC 6X750,60
30033,TRAPICHE ALARIS MERLOT 6X750 ,6
30033,TRAPICHE ALARIS SYRAH 6X750 ,18
30033,TRAPICHE ALARIS TORRONTES 6X750 ,90
30033,TRAPICHE D. COSECHA ROSE 6X750 ,12
30033,TRAPICHE IMPURO CAB.SAUV 6X750,30
30033,TRAPICHE IMPURO MALBEC X750,48
30033,TRAPICHE PURO CAB.SAUV 6X750,6
30033,TRAPICHE PURO MALBEC,7
30033,TRAPICHE RESERVA CABSAU 6X750 ,6
30033,TRAPICHE RESERVA CHARD 6X750 ,12
30033,TRAPICHE RESERVA MALBEC 6X750,78
30033,UNANIME TINTO 6X750,6
30033,WHITE HORSE DO 12X750,12
30035,BAILEYS NUEVA BOTELLA 12x750,30
30035,COLECCION PRIVADA PINOT 6X750,6
30035,DON DAVID PINOT NOIR6X750,6
30035,FRIZZE EVOL BLUE NEW X1000,3
30035,GRAN MASCOTA MALBEC 6X750,6
30035,JW BLACK LABEL 12x750,3
30035,JW DOUBLE BLACK 6x750,3
30035,JW RED 12X1000 UK,6
30035,JW RED 12X750 UK,3
30035,OLD PARR 12YO 12x750,2
30035,SEL ENOLOGO BLEND 6X750,6
30035,SHERIDANS 6X750,12
30037,FRIZZE EVOL BLUE NEW X1000,3
30039,FRIZZE EVOL BLUE NEW X1000,3
30040,ALMA MORA BLEND DULCE 6X 750,6
30040,ALMA MORA MALBEC 6X750,84
30040,ALMA MORA MERLOT 6X750,6
30040,ALMA MORA SEL RVE CHARDO 6X750,6
30040,ALMA MORA SYRAH ROSE 6X750 ,6
30040,COLECCION PRIVADA MALBEC,6
30040,DADA ART MALBEC 6X750,21
30040,DADA FMORAS N°1 6X750,6
30040,DADA FMORAS N°3 6X750,18
30040,DADA WHITE MALBEC 6X750,6
30040,DON DAVID MALBEC 6X750,6
30040,EL BAUTISMO BLEND TINTAS 6X750 ,6
30040,EL BAUTISMO MALBEC 6X750 ,12
30040,ELEMENTOS MALBEC 6X750 ,6
30040,ELEMENTOS RED BLEND 6 X 750,6
30040,F LAS MORAS RED BLEND  6X 750,12
30040,F.LAS MORAS CABSAU 6X750 ,6
30040,F.LAS MORAS MALBEC 6X750,60
30040,FAIR FOR LIFE MALBEC 6X750 ,6
30040,FOND CAVE MALBEC 6X750 ,12
30040,FOND CAVE RVA MALBEC 6X750,6
30040,FRIZZE BLUE LATA X473,78
30040,FRIZZE EVOL BLUE NEW X1000,33
30040,GORDON´S GIN 6x700,3
30040,GORDON´S PINK GIN 6X700,3
30040,JW BLACK LABEL 12x750,12
30040,JW RED 12X750 UK,12
30040,LOS ARBOLES SEL CABERNET 6X750,6
30040,LOS ARBOLES SEL MALBEC 6X750,12
30040,ORIGEN BY TRAPICHE MALBEC 6X750,0
30040,SAN TELMO CAB-SAUV X750,6
30040,SAN TELMO MALBEC X750,6
30040,SAN TELMO SPARK DULCE 6X750,6
30040,SMF ICE GREENAPPLE LAT 4X6X473,174
30040,SMF ICE RED BERRIE LAT 4X6X473,72
30040,SMIRNOFF 21 DO 12X700,6
30040,SMIRNOFF GREEN APPLE DO 6X700,282
30040,SMIRNOFF ICE LATA 4X6X473,6
30040,SMIRNOFF RASPBERRY DO 6X700,450
30040,SMIRNOFF TAMARINDO 6 X 700,45
30040,TRAPICHE ALARIS CABSAUV 6X750 ,6
30040,TRAPICHE ALARIS DULCE COSECHA 6X750,18
30040,TRAPICHE ALARIS MALBEC 6X750,12
30040,TRAPICHE ALARIS SYRAH 6X750 ,6
30040,TRAPICHE ALARIS TORRONTES 6X750 ,6
30040,TRAPICHE D. COSECHA ROSE 6X750 ,6
30040,TRAPICHE RES  RED BLEND 6 X 750,3
30040,TRAPICHE RESERVA MALBEC 6X750,0
30041,FRIZZE EVOL BLUE NEW X1000,3
30042,FRIZZE EVOL BLUE NEW X1000,3
30043,ALMA MORA BLEND DULCE 6X 750,9
30043,ALMA MORA SEL RVE BLEND 6X750,3
30043,ALMA MORA SEL RVE MALBEC 6X750,3
30043,BAILEYS NUEVA BOTELLA 12x750,14
30043,CAZADOR BLANCO DULCE 6X750,6
30043,CAZADOR MALBEC 6X750,6
30043,COLECCION PRIVADA PINOT 6X750,3
30043,DADA ART MALBEC 6X750,3
30043,DADA FMORAS N°1 6X750,6
30043,DADA N°8 CHOCOLATE 6X750 ,12
30043,DEMENCIAL PINOT NOIR 6X750,6
30043,DON DAVID PINOT NOIR6X750,3
30043,EL ESTECO MALBEC 6X750,6
30043,ELEMENTOS CHARDONNAY 6X750,12
30043,ELEMENTOS MALBEC 6X750 ,6
30043,ELEMENTOS TORRONTES DLCE6X750 ,6
30043,F. LAS MORAS BCO DULCE 6X750 ,3
30043,FAIR FOR LIFE CHARDONNAY 6X750 ,3
30043,FAIR FOR LIFE MALBEC 6X750 ,3
30043,FOND CAVE CHARD 6X750,3
30043,FOND CAVE MALBEC 6X750 ,18
30043,FOND CAVE RVA MALBEC 6X750,6
30043,FRIZZE EVOL BLUE NEW X1000,3
30043,GORDON´S GIN 6x700,24
30043,GORDON´S PINK GIN 6X700,6
30043,GORDON´S TONIC 4X6X473,66
30043,J WALKER BLACK ICON 12X700,0
30043,JW GOLD RVE 6x750,0
30043,JW RED 12X1000 UK,6
30043,LA MASCOTA CHARDONNAY 6X750,6
30043,LOS ARBOLES SEL CHARD 6X750,6
30043,LOS ARBOLES SEL MALBEC 6X750,6
30043,LOS INTOCABLES CHARD  6X750,0
30043,LOS INTOCABLES MALBEC 6X750,3
30043,LOS INTOCABLES RUM BLEND 6X750,3
30043,MEDALLA MALBEC 6X750,6
30043,PAZ DE FLM SAUV BLANC 6X750,12
30043,SHERIDANS 6X750,3
30043,SINGLETON 15 YO 6X700,0
30043,SINGLETON 18 YO 6X700,0
30043,SMF  BC GRAPEF&LIME  LATA 4X6X473,42
30043,SMF BC RUBYORANGE&LIME LATA 4X6X473,42
30043,SMF ICE GREENAPPLE LAT 4X6X473,108
30043,SMF ICE RED BERRIE LAT 4X6X473,132
30043,SMIRNOFF 21 DO 12X700,24
30043,SMIRNOFF BC GRAPEF.&LIME 6X700,18
30043,SMIRNOFF BC ORANGE & LIME 6X700,12
30043,SMIRNOFF BC TANGE&LEMONGRASS 6X700,6
30043,SMIRNOFF GREEN APPLE DO 6X700,132
30043,SMIRNOFF ICE LATA 4X6X473,78
30043,SMIRNOFF RASPBERRY DO 6X700,114
30043,SMIRNOFF TAMARINDO 6 X 700,18
30043,SMIRNOFF TROPICAL FRUITS 6X700,48
30043,SMIRNOFF WATERMELON 6X700,35
30043,TRAPICHE ALARIS CHARDO 6X750 ,12
30043,TRAPICHE ALARIS DULCE COSECHA 6X750,24
30043,TRAPICHE IMPURO MALBEC X750,6
30043,TRAPICHE PURO MALBEC,6
30043,UNANIME TINTO 6X750,6
30044,ALARIS D.COSECHA TINTO 6X750,12
30044,ALARIS RED BLEND 6 X750,6
30044,ALMA MORA BLEND DULCE 6X 750,36
30044,ALMA MORA CABSAUV6X750 ,12
30044,ALMA MORA MALBEC 6X750,36
30044,ALMA MORA SEL RVE BLEND 6X750,6
30044,ALMA MORA SEL RVE MALBEC 6X750,24
30044,ALMA MORA SYRAH 6X750,6
30044,ANTARES IPA LATA 6X473 (NEW),6
30044,ANTARES LAGER LATA 6X473,30
30044,ANTARES LATA KOLSCH 6 X 473ML,12
30044,COLECCION PRIVADA BLEND 6X750,9
30044,COLECCION PRIVADA CAB SAUV 6X750,18
30044,COLECCION PRIVADA MALBEC,18
30044,COLECCION PRIVADA PINOT 6X750,12
30044,DADA ART MALBEC 6X750,12
30044,DADA ESPUMANTE 6X750 ,60
30044,DADA ESPUMANTE MARACUYA 6X750,60
30044,DADA FMORAS N°1 6X750,30
30044,DADA FMORAS N°2 6X750 ,30
30044,DADA FMORAS N°3 6X750,12
30044,DADA INCREDIBLENDS 1  X750,6
30044,DADA N°8 CHOCOLATE 6X750 ,60
30044,DADA SIDRA 6X750,12
30044,DEMENCIAL MALBEC 6X750,6
30044,DON DAVID MALBEC 6X750,36
30044,DON DAVID RESERVA MALBEC X750,12
30044,EL BAUTISMO CABERNET 6X750,6
30044,EL BAUTISMO MALBEC 6X750 ,12
30044,EL REGRESO SEM-CHEN  X750,12
30044,EL ULTIMO RIE MEJOR X750,44
30044,ELEMENTOS CABSAUV 6X750 ,6
30044,ELEMENTOS MALBEC 6X750 ,16
30044,ELEMENTOS RED BLEND 6 X 750,12
30044,ELEMENTOS TANNAT 6X750 ,18
30044,ELEMENTOS TORRONTES 6X750 ,12
30044,ELEMENTOS TORRONTES DLCE6X750 ,12
30044,F LAS MORAS RED BLEND  6X 750,18
30044,F. LAS MORAS BCO DULCE 6X750 ,6
30044,F. LAS MORAS SAUV.BLANC 6X750 ,6
30044,F.LAS MORAS MALBEC 6X750,24
30044,FAIR FOR LIFE MALBEC 6X750 ,12
30044,FOND CAVE CABSAU 6X750,6
30044,FOND CAVE MALBEC 6X750 ,12
30044,FOND CAVE RVA MALBEC 6X750,12
30044,FRIZZE EVOL BLUE NEW X1000,24
30044,FRIZZE POMELATA 6X473,6
30044,GORDON´S GIN 6x700,6
30044,GORDON´S PINK GIN 6X700,3
30044,INTOCABLES DOUBLE OAK 6 X 750,6
30044,J WALKER BLACK ICON 12X700,1
30044,LA GRAN NACHA X750,18
30044,LOS ARBOLES SEL CABERNET 6X750,18
30044,LOS ARBOLES SEL CHARD 6X750,0
30044,LOS ARBOLES SEL MALBEC 6X750,54
30044,LOS INTOCABLES CAB.SAUV 6X750,6
30044,LOS INTOCABLES MALBEC 6X750,24
30044,NC S E.BRUT4X6X355,12
30044,ORIGEN BY TRAPICHE MALBEC 6X750,6
30044,PAZ DE FLM CAB FRANC 6X750,24
30044,PAZ DE FLM MALBEC 6X750,6
30044,PAZ DE FLM SAUV BLANC 6X750,6
30044,SAN TELMO CAB-SAUV X750,12
30044,SAN TELMO MALBEC X750,42
30044,SAN TELMO SEL CHARDONNA  X750,6
30044,SINGLETON 12 YO 6X700,1
30044,SMF  BC GRAPEF&LIME  LATA 4X6X473,6
30044,SMF BC RUBYORANGE&LIME LATA 4X6X473,6
30044,SMF ICE GREENAPPLE LAT 4X6X473,288
30044,SMF ICE RED BERRIE LAT 4X6X473,264
30044,SMIRNOFF BC GRAPEF.&LIME 6X700,3
30044,SMIRNOFF GREEN APPLE DO 6X700,650
30044,SMIRNOFF ICE LATA 4X6X473,180
30044,SMIRNOFF RASPBERRY DO 6X700,568
30044,SMIRNOFF TROPICAL FRUITS 6X700,500
30044,SMIRNOFF WATERMELON 6X700,6
30044,SUTER VARIETAL CABERNET 6X750,6
30044,SUTER VARIETAL MALBEC 6X750,12
30044,SUTER VARIETAL TARDIO6X750,18
30044,TRAPICHE ALARIS CABSAUV 6X750 ,18
30044,TRAPICHE ALARIS DULCE COSECHA 6X750,60
30044,TRAPICHE ALARIS MALBEC 6X750,6
30044,TRAPICHE D. COSECHA ROSE 6X750 ,6
30044,TRAPICHE IMPURO CAB.SAUV 6X750,12
30044,TRAPICHE IMPURO MALBEC X750,12
30044,TRAPICHE PURO CAB.SAUV 6X750,6
30044,TRAPICHE PURO MALBEC,6
30044,TRAPICHE RES  RED BLEND 6 X 750,12
30044,TRAPICHE RESERVA MALBEC 6X750,18
30045,FRIZZE EVOL BLUE NEW X1000,3
30046,ALARIS D.COSECHA TINTO 6X750,6
30046,ALMA MORA CABSAUV6X750 ,6
30046,ALMA MORA MALBEC 6X750,18
30046,CAZADOR BLANCO DULCE 6X750,3
30046,CAZADOR MALBEC 6X750,3
30046,DADA ART CABERNET 6X750 ,3
30046,DADA ART MALBEC 6X750,9
30046,DADA FMORAS N°2 6X750 ,9
30046,DADA N°8 CHOCOLATE 6X750 ,3
30046,DADA N°9 CARAMEL 6X750,3
30046,ELEMENTOS MALBEC 6X750 ,3
30046,ELEMENTOS ROSADO TORRONT 6X750 ,3
30046,F.LAS MORAS CABSAU 6X750 ,6
30046,F.LAS MORAS MALBEC 6X750,3
30046,FOND CAVE RVA CABSAU 6X750,3
30046,FOND CAVE RVA MALBEC 6X750,3
30046,FRIZZE BLUE LATA X473,6
30046,FRIZZE EVOL BLUE NEW X1000,3
30046,FRIZZE POMELATA 6X473,12
30046,LOS INTOCABLES MALBEC 6X750,6
30046,SMIRNOFF GREEN APPLE DO 6X700,3
30046,SMIRNOFF RASPBERRY DO 6X700,3
30046,TERMIDOR 2021 TINTO  12X1L ,36
30046,TRAPICHE ALARIS DULCE COSECHA 6X750,12
30046,TRAPICHE ALARIS MALBEC 6X750,9
30047,FRIZZE EVOL BLUE NEW X1000,3
30048,ALMA MORA MALBEC 6X750,12
30048,FRIZZE EVOL BLUE NEW X1000,3
30048,JW BLACK LABEL 12x750,1
30048,SMIRNOFF GREEN APPLE DO 6X700,12
30048,SMIRNOFF RASPBERRY DO 6X700,12
30048,SMIRNOFF TAMARINDO 6 X 700,12
30048,SMIRNOFF WATERMELON 6X700,12
30048,WHITE HORSE DO 12X750,1
30049,FRIZZE EVOL BLUE NEW X1000,3
30049,TRAPICHE ALARIS DULCE COSECHA 6X750,6
30051,ALMA MORA BLEND DULCE 6X 750,6
30051,ALMA MORA MALBEC 6X750,30
30051,CAZADOR MALBEC 6X750,6
30051,ELEMENTOS MALBEC 6X750 ,6
30051,FRIZZE EVOL BLUE NEW X1000,3
30051,TRAPICHE ALARIS DULCE COSECHA 6X750,6
30052,ALMA MORA CABSAUV6X750 ,6
30052,ALMA MORA MALBEC 6X750,54
30052,DADA FMORAS N°1 6X750,6
30052,DADA N°9 CARAMEL 6X750,6
30052,ELEMENTOS CABSAUV 6X750 ,12
30052,ELEMENTOS MALBEC 6X750 ,6
30052,ELEMENTOS RED BLEND 6 X 750,12
30052,F. LAS MORAS SAUV.BLANC 6X750 ,12
30052,F.LAS MORAS CABSAU 6X750 ,6
30052,F.LAS MORAS MALBEC 6X750,18
30052,FAIR FOR LIFE MALBEC 6X750 ,12
30052,FRIZZE EVOL BLUE NEW X1000,3
30052,SAN TELMO MALBEC X750,12
30052,SUTER VARIETAL MALBEC 6X750,6
30052,TRAPICHE ALARIS CABSAUV 6X750 ,6
30052,TRAPICHE ALARIS DULCE COSECHA 6X750,18
30054,ALARIS D.COSECHA TINTO 6X750,6
30054,ALMA MORA BLANCO DULCE LOW 6X750,6
30054,ALMA MORA BLEND DULCE 6X 750,12
30054,ALMA MORA BLEND TINTO 6X750,6
30054,ALMA MORA CABSAUV6X750 ,24
30054,ALMA MORA MALBEC 6X750,51
30054,ALMA MORA MERLOT 6X750,15
30054,ALMA MORA SEL RVE MALBEC 6X750,6
30054,ALMA MORA SYRAH 6X750,9
30054,ANTARES MICRO IPA 25 AÑOS,6
30054,DADA ART MALBEC 6X750,27
30054,DADA ESPUMANTE MARACUYA 6X750,6
30054,DADA FMORAS N°1 6X750,18
30054,DADA FMORAS N°2 6X750 ,42
30054,DADA FMORAS N°3 6X750,12
30054,DADA INCREDIBLENDS 1  X750,6
30054,DADA N6 HONEY X750,6
30054,DADA N°8 CHOCOLATE 6X750 ,18
30054,DADA N°9 CARAMEL 6X750,6
30054,DADA WHITE MALBEC 6X750,6
30054,EL BAUTISMO CABERNET 6X750,6
30054,EL BAUTISMO MALBEC 6X750 ,6
30054,ELEMENTOS CABSAUV 6X750 ,12
30054,ELEMENTOS MALBEC 6X750 ,3
30054,F LAS MORAS RED BLEND  6X 750,6
30054,F. LAS MORAS BCO DULCE 6X750 ,6
30054,F.LAS MORAS MALBEC 6X750,0
30054,FOND CAVE MALBEC 6X750 ,12
30054,FOND CAVE SYRAH 6X750 ,6
30054,FRIZZE EVOL BLUE NEW X1000,3
30054,GORDON´S GIN 6x700,3
30054,INTOCABLES DOUBLE OAK 6 X 750,6
30054,LOS ARBOLES SEL CABERNET 6X750,6
30054,LOS ARBOLES SEL MALBEC 6X750,15
30054,LOS ARBOLES SEL RED BLEND 6X750,6
30054,LOS INTOCABLES MALBEC 6X750,3
30054,NC SPARK EBRUT 6X750 estuche,6
30054,ORIGEN BY TRAPICHE MALBEC 6X750,6
30054,SAN TELMO SPARK DULCE 6X750,6
30054,SMIRNOFF RASPBERRY DO 6X700,3
30054,TRAPICHE ALARIS MALBEC 6X750,3
30054,TRAPICHE RESERVA MALBEC 6X750,3
30055,FRIZZE EVOL BLUE NEW X1000,3
30056,ALARIS D.COSECHA TINTO 6X750,6
30056,ALARIS RED BLEND 6 X750,3
30056,ALMA MORA BLANCO DULCE LOW 6X750,6
30056,ALMA MORA BLEND BLANCO 6X750,3
30056,ALMA MORA BLEND DULCE 6X 750,3
30056,ALMA MORA CABSAUV6X750 ,24
30056,ALMA MORA MALBEC 6X750,39
30056,ALMA MORA MERLOT 6X750,15
30056,ALMA MORA SEL RVE MALBEC 6X750,6
30056,ALMA MORA SYRAH 6X750,6
30056,ALMA MORA SYRAH ROSE 6X750 ,3
30056,ANTARES IPA SIN ALC LATA 6X473,6
30056,BAILEYS NUEVA BOTELLA 12x750,1
30056,CAZADOR BLANCO DULCE 6X750,6
30056,COLECCION PRIVADA MALBEC,9
30056,DADA ART CABERNET 6X750 ,15
30056,DADA ART MALBEC 6X750,12
30056,DADA ESPUMANTE MARACUYA 6X750,3
30056,DADA ESPUMANTE ROS6X750 ,3
30056,DADA FMORAS N°1 6X750,3
30056,DADA FMORAS N°2 6X750 ,6
30056,DADA FMORAS N°3 6X750,15
30056,DADA INCREDIBLENDS 1  X750,6
30056,DADA INCREDIBLENDS 2  X750,6
30056,DADA N6 HONEY X750,3
30056,DADA N°8 CHOCOLATE 6X750 ,15
30056,DADA N°9 CARAMEL 6X750,9
30056,DADA SIDRA 6X750,3
30056,DEMENCIAL MALBEC 6X750,3
30056,DON DAVID CABERNET 6X750,6
30056,DON DAVID MALBEC 6X750,24
30056,DON DAVID RESERVA MALBEC X750,9
30056,DON DAVID TORRONTES 6X750,3
30056,EL BAUTISMO BLEND B. DLCE 6X750 ,3
30056,EL BAUTISMO BLEND TINTAS 6X750 ,6
30056,EL BAUTISMO CABERNET 6X750,3
30056,EL BAUTISMO MALBEC 6X750 ,21
30056,EL REGRESO SEM-CHEN  X750,6
30056,ELEMENTOS CABSAUV 6X750 ,21
30056,ELEMENTOS MALBEC 6X750 ,54
30056,ELEMENTOS TORRONTES DLCE6X750 ,9
30056,F LAS MORAS RED BLEND  6X 750,15
30056,F.LAS MORAS CABSAU 6X750 ,18
30056,F.LAS MORAS MALBEC 6X750,36
30056,FOND CAVE MALBEC 6X750 ,18
30056,FOND CAVE RVA CABSAU 6X750,3
30056,FOND CAVE RVA MALBEC 6X750,9
30056,FRIZZE BUBBLE MOOD 6X1000,6
30056,FRIZZE EVOL BLUE NEW X1000,3
30056,GORDON´S GIN 6x700,7
30056,GORDON´S PINK GIN 6X700,1
30056,INTOCABLES DOUBLE OAK 6 X 750,6
30056,JW BLACK LABEL 12x750,3
30056,JW RED 12X750 UK,2
30056,LOS ARBOLES SEL MALBEC 6X750,12
30056,LOS INTOCABLES CAB.SAUV 6X750,21
30056,LOS INTOCABLES MALBEC 6X750,27
30056,LOS INTOCABLES RED BLEND 6X750,21
30056,LOS INTOCABLES RUM BLEND 6X750,3
30056,MORA NEGRA MAL-BON 6X750,-5
30056,ORIGEN BY TRAPICHE CAB.S 6X750,3
30056,ORIGEN BY TRAPICHE MALBEC 6X750,9
30056,SHERIDANS 6X750,1
30056,SMF  BC GRAPEF&LIME  LATA 4X6X473,6
30056,SMF ICE GREENAPPLE LAT 4X6X473,6
30056,SMF ICE RED BERRIE LAT 4X6X473,18
30056,SMIRNOFF BC GRAPEF.&LIME 6X700,3
30056,SMIRNOFF BC ORANGE & LIME 6X700,6
30056,SMIRNOFF GREEN APPLE DO 6X700,21
30056,SMIRNOFF ICE LATA 4X6X473,6
30056,SMIRNOFF RASPBERRY DO 6X700,9
30056,SMIRNOFF TAMARINDO 6 X 700,3
30056,SMIRNOFF TROPICAL FRUITS 6X700,3
30056,SMIRNOFF WATERMELON 6X700,6
30056,TRAPICHE ALARIS CABSAUV 6X750 ,15
30056,TRAPICHE ALARIS DULCE COSECHA 6X750,27
30056,TRAPICHE ALARIS MALBEC 6X750,18
30056,TRAPICHE D. COSECHA ROSE 6X750 ,9
30056,TRAPICHE IMPURO MALBEC X750,3
30056,TRAPICHE RES  RED BLEND 6 X 750,3
30056,TRAPICHE RESERVA MALBEC 6X750,9
30057,FRIZZE EVOL BLUE NEW X1000,3
30058,FRIZZE EVOL BLUE NEW X1000,3
30058,GORDON´S GIN 6x700,4
30058,GORDON´S PINK GIN 6X700,5
30058,LEGUI 40 AÑOS 12X750,2
30058,SMIRNOFF 21 DO 12X700,6
30058,SMIRNOFF GREEN APPLE DO 6X700,15
30058,SMIRNOFF RASPBERRY DO 6X700,9
30058,WHITE HORSE DO 12X750,1
30059,FRIZZE EVOL BLUE NEW X1000,3
30060,EL REGRESO SEM-CHEN  X750,0
30060,ELEMENTOS CHARDONNAY 6X750,3
30060,ELEMENTOS MALBEC 6X750 ,6
30060,FRIZZE BLUE LATA X473,12
30060,FRIZZE EVOL BLUE NEW X1000,3
30060,FRIZZE POMELATA 6X473,12
30060,GORDON´S PINK GIN 6X700,15
30060,GORDON´S TONIC 4X6X473,96
30060,SMF BC RUBYORANGE&LIME LATA 4X6X473,24
30060,SMF ICE GREENAPPLE LAT 4X6X473,282
30060,SMF ICE RED BERRIE LAT 4X6X473,480
30060,SMIRNOFF 21 DO 12X700,102
30060,SMIRNOFF BC GRAPEF.&LIME 6X700,12
30060,SMIRNOFF BC ORANGE & LIME 6X700,6
30060,SMIRNOFF BC TANGE&LEMONGRASS 6X700,6
30060,SMIRNOFF GREEN APPLE DO 6X700,174
30060,SMIRNOFF ICE LATA 4X6X473,239
30060,SMIRNOFF RASPBERRY DO 6X700,413
30060,SMIRNOFF TAMARINDO 6 X 700,18
30060,SMIRNOFF TROPICAL FRUITS 6X700,312
30060,SMIRNOFF WATERMELON 6X700,24
30061,DADA ART CABERNET 6X750 ,12
30061,DADA ESPUMANTE 6X750 ,12
30061,DADA ESPUMANTE MARACUYA 6X750,12
30061,DADA FMORAS N°2 6X750 ,6
30061,DADA N6 HONEY X750,6
30061,DADA N°8 CHOCOLATE 6X750 ,12
30061,EL REGRESO SEM-CHEN  X750,0
30061,ELEMENTOS CABSAUV 6X750 ,18
30061,ELEMENTOS CHARDONNAY 6X750,6
30061,ELEMENTOS MALBEC 6X750 ,54
30061,ELEMENTOS ROSADO TORRONT 6X750 ,6
30061,ELEMENTOS TORRONTES 6X750 ,42
30061,F.LAS MORAS CABSAU 6X750 ,12
30061,SAN TELMO SPARK DULCE 6X750,6
30061,SMF ICE RED BERRIE LAT 4X6X473,480
30061,SMIRNOFF GREEN APPLE DO 6X700,480
30061,SMIRNOFF RASPBERRY DO 6X700,120
30061,TRAPICHE ALARIS MALBEC 6X750,12
30061,TRAPICHE ALARIS MERLOT 6X750 ,12
30062,FRIZZE EVOL BLUE NEW X1000,3
30063,ALMA MORA CABSAUV6X750 ,30
30063,ALMA MORA MALBEC 6X750,114
30063,ALMA MORA SEL RVE CABER 6X750,12
30063,ALMA MORA SEL RVE MALBEC 6X750,24
30063,ALMA MORA SYRAH 6X750,12
30063,ANTARES IPA LATA 6X473 (NEW),6
30063,ANTARES IPA SIN ALC LATA 6X473,6
30063,ANTARES LATA KOLSCH 6 X 473ML,6
30063,CAZADOR BLANCO DULCE 6X750,6
30063,CAZADOR CAB. SAU 6X750,18
30063,CAZADOR MALBEC 6X750,18
30063,COLECCION PRIVADA CAB SAUV 6X750,12
30063,COLECCION PRIVADA MALBEC,30
30063,DADA 7 ORANGE BITTER 6X750,6
30063,DADA 7 SWEET  6X750,6
30063,DADA ART CABERNET 6X750 ,42
30063,DADA ART MALBEC 6X750,54
30063,DADA ESPUMANTE 6X750 ,60
30063,DADA ESPUMANTE MARACUYA 6X750,84
30063,DADA ESPUMANTE ROS6X750 ,12
30063,DADA FMORAS N°1 6X750,12
30063,DADA N°8 CHOCOLATE 6X750 ,54
30063,DON DAVID CABERNET 6X750,48
30063,DON DAVID MALBEC 6X750,24
30063,DON DAVID RED BLEND 6X 750,6
30063,DON DAVID RESERVA MALBEC X750,6
30063,EL BAUTISMO MALBEC 6X750 ,18
30063,EL REGRESO SEM-CHEN  X750,6
30063,ELEMENTOS CABSAUV 6X750 ,24
30063,ELEMENTOS CHARDONNAY 6X750,6
30063,ELEMENTOS MALBEC 6X750 ,30
30063,ELEMENTOS TORRONTES DLCE6X750 ,12
30063,F. LAS MORAS BCO DULCE 6X750 ,18
30063,F. LAS MORAS ROSADO 6X750 ,0
30063,F. LAS MORAS SAUV.BLANC 6X750 ,12
30063,F.LAS MORAS CABSAU 6X750 ,36
30063,F.LAS MORAS MALBEC 6X750,102
30063,FAIR FOR LIFE CAB.SAUV 6X750 ,12
30063,FAIR FOR LIFE CHARDONNAY 6X750 ,12
30063,FAIR FOR LIFE MALBEC 6X750 ,24
30063,FOND CAVE CABSAU 6X750,36
30063,FOND CAVE G. RVA MALBEC 6X750,0
30063,FOND CAVE MALBEC 6X750 ,36
30063,FOND CAVE RVA MALBEC 6X750,12
30063,FOND CAVE SYRAH 6X750 ,6
30063,FRIZZE BLUE LATA X473,78
30063,FRIZZE EVOL BLUE NEW X1000,33
30063,GORDONS  TROPICAL FRUITS 6X700,3
30063,GORDON´S PINK GIN 6X700,9
30063,GORDON´S TONIC 4X6X473,96
30063,JW BLACK LABEL 12x750,13
30063,JW DOUBLE BLACK 6x750,3
30063,JW RED 12X750 UK,15
30063,LOS ARBOLES SEL CABERNET 6X750,42
30063,LOS ARBOLES SEL MALBEC 6X750,42
30063,LOS INTOCABLES CAB.SAUV 6X750,6
30063,LOS INTOCABLES MALBEC 6X750,6
30063,NC SPARK EBRUT 6X750 nuevo,12
30063,OLD PARR 12YO 12x750,3
30063,ORIGEN BY TRAPICHE CAB.S 6X750,18
30063,ORIGEN BY TRAPICHE MALBEC 6X750,18
30063,SAN TELMO CAB-SAUV X750,12
30063,SAN TELMO MALBEC X750,12
30063,SMF  BC GRAPEF&LIME  LATA 4X6X473,18
30063,SMF BC RUBYORANGE&LIME LATA 4X6X473,6
30063,SMF ICE GREENAPPLE LAT 4X6X473,384
30063,SMF ICE RED BERRIE LAT 4X6X473,324
30063,SMIRNOFF BC GRAPEF.&LIME 6X700,15
30063,SMIRNOFF BC TANGE&LEMONGRASS 6X700,12
30063,SMIRNOFF GREEN APPLE DO 6X700,450
30063,SMIRNOFF ICE LATA 4X6X473,222
30063,SMIRNOFF RASPBERRY DO 6X700,714
30063,SMIRNOFF TAMARINDO 6 X 700,45
30063,SMIRNOFF TROPICAL FRUITS 6X700,24
30063,SMIRNOFF WATERMELON 6X700,9
30063,SUTER ETIQ MARRON DNAT 6X750,6
30063,SUTER VARIETAL CABERNET 6X750,24
30063,SUTER VARIETAL MALBEC 6X750,12
30063,SUTER VARIETAL TARDIO6X750,6
30063,TANQUERAY DRY GIN X700,6
30063,TANQUERAY ROYALE X750,3
30063,TANQUERAY SEVILLA GIN X750,3
30063,TERMIDOR BLANCO 12X1L ,60
30063,TRAPICHE ALARIS CABSAUV 6X750 ,12
30063,TRAPICHE ALARIS DULCE COSECHA 6X750,54
30063,TRAPICHE ALARIS MALBEC 6X750,36
30063,TRAPICHE D. COSECHA ROSE 6X750 ,6
30063,TRAPICHE IMPURO CAB.SAUV 6X750,6
30063,TRAPICHE IMPURO MALBEC X750,12
30063,TRAPICHE RESERVA MALBEC 6X750,12
30063,WHITE HORSE DO 12X750,18
30064,ALMA MORA MALBEC 6X750,9
30064,BAILEYS NUEVA BOTELLA 12x750,1
30064,DADA ART CABERNET 6X750 ,9
30064,DADA ART MALBEC 6X750,18
30064,DADA ESPUMANTE MARACUYA 6X750,3
30064,DADA FMORAS N°1 6X750,30
30064,DADA FMORAS N°2 6X750 ,21
30064,DADA FMORAS N°3 6X750,12
30064,DADA N°8 CHOCOLATE 6X750 ,27
30064,DADA N°9 CARAMEL 6X750,6
30064,EL ESTECO CABERNET SAUV 6X750,6
30064,F.LAS MORAS MALBEC 6X750,3
30064,FRIZZE EVOL BLUE NEW X1000,9
30064,JW BLACK LABEL 12x1000,1
30064,JW BLACK LABEL 12x750,1
30064,JW DOUBLE BLACK 6x750,1
30064,JW RED 12X1000 UK,1
30064,JW RED 12X750 UK,1
30064,LOS INTOCABLES MALBEC 6X750,6
30064,ORIGEN BY TRAPICHE CAB.S 6X750,6
30064,SMF  BC GRAPEF&LIME  LATA 4X6X473,24
30064,SMF BC RUBYORANGE&LIME LATA 4X6X473,24
30064,SMF ICE GREENAPPLE LAT 4X6X473,72
30064,SMF ICE RED BERRIE LAT 4X6X473,162
30064,SMIRNOFF 21 DO 12X700,66
30064,SMIRNOFF BC GRAPEF.&LIME 6X700,18
30064,SMIRNOFF BC ORANGE & LIME 6X700,6
30064,SMIRNOFF BC TANGE&LEMONGRASS 6X700,12
30064,SMIRNOFF GREEN APPLE DO 6X700,54
30064,SMIRNOFF ICE LATA 4X6X473,12
30064,SMIRNOFF RASPBERRY DO 6X700,114
30064,SMIRNOFF TAMARINDO 6 X 700,12
30064,SMIRNOFF TROPICAL FRUITS 6X700,24
30064,SMIRNOFF WATERMELON 6X700,12
30064,TANQUERAY DRY GIN X700,1
30064,TANQUERAY SEVILLA GIN X750,1
30064,TRAPICHE ALARIS MALBEC 6X750,3
30066,ALMA MORA MALBEC 6X750,3
30066,ANTARES IPA LATA 6X473 (NEW),6
30066,ANTARES LAGER LATA 6X473,6
30066,ANTARES LATA HONEY 6 X 473ML,-6
30066,ANTARES LATA KOLSCH 6 X 473ML,0
30066,ANTARES PLAYA GRANDE 6 X 473ML,-6
30066,BAILEYS NUEVA BOTELLA 12x750,1
30066,DADA LATA SWEET  4X6X355,6
30066,F.LAS MORAS MALBEC 6X750,3
30066,FOND CAVE MALBEC 6X750 ,3
30066,FRIZZE EVOL BLUE NEW X1000,3
30066,PAZ DE FLM MALBEC 6X750,0
30066,SMF  BC GRAPEF&LIME  LATA 4X6X473,24
30066,SMF BC RUBYORANGE&LIME LATA 4X6X473,36
30066,SMF ICE GREENAPPLE LAT 4X6X473,12
30066,SMF ICE RED BERRIE LAT 4X6X473,36
30066,SMIRNOFF 21 DO 12X700,18
30066,SMIRNOFF BC GRAPEF.&LIME 6X700,12
30066,SMIRNOFF GREEN APPLE DO 6X700,6
30066,SMIRNOFF ICE LATA 4X6X473,18
30066,SMIRNOFF RASPBERRY DO 6X700,108
30066,SMIRNOFF TAMARINDO 6 X 700,24
30066,SMIRNOFF TROPICAL FRUITS 6X700,18
30067,FRIZZE EVOL BLUE NEW X1000,3
30068,ALMA MORA CHARD 6X750,24
30068,ALMA MORA MALBEC 6X750,12
30068,ALMA MORA SYRAH ROSE 6X750 ,18
30068,DADA 7 ORANGE BITTER 6X750,6
30068,DADA ART MALBEC 6X750,18
30068,DADA ESPUMANTE 6X750 ,12
30068,DADA ESPUMANTE MARACUYA 6X750,36
30068,DADA ESPUMANTE ROS6X750 ,18
30068,DADA EXTRA BRUT 6X750,6
30068,DADA N°8 CHOCOLATE 6X750 ,12
30068,DON DAVID CABERNET 6X750,12
30068,DON DAVID MALBEC 6X750,54
30068,FOND CAVE CHARD 6X750,6
30068,FOND CAVE MALBEC 6X750 ,48
30068,FRIZZE BLUE LATA X473,12
30068,FRIZZE EVOL BLUE NEW X1000,9
30068,GORDON´S GIN 6x700,6
30068,GORDON´S PINK GIN 6X700,36
30068,J&B YELLOW 6X750,3
30068,SAN TELMO SPARK EXT DULCE 6X75 Ma,6
30068,SMF  BC GRAPEF&LIME  LATA 4X6X473,12
30068,SMF ICE GREENAPPLE LAT 4X6X473,12
30068,SMIRNOFF BC ORANGE & LIME 6X700,24
30068,SMIRNOFF BC TANGE&LEMONGRASS 6X700,6
30068,SMIRNOFF ICE LATA 4X6X473,12
30068,SMIRNOFF TAMARINDO 6 X 700,6
30068,SMIRNOFF TROPICAL FRUITS 6X700,0
30068,SMIRNOFF WATERMELON 6X700,12
30068,TRAPICHE ALARIS DULCE COSECHA 6X750,60
30068,WHITE HORSE DO 12X750,6
30069,ALMA MORA BLEND BLANCO 6X750,12
30069,ALMA MORA MALBEC 6X750,96
30069,ALMA MORA SEL RVE CHARDO 6X750,0
30069,ALMA MORA SEL RVE MALBEC 6X750,3
30069,BAILEYS NUEVA BOTELLA 12x750,4
30069,COLECCION PRIVADA CAB SAUV 6X750,3
30069,DADA ART MALBEC 6X750,12
30069,DADA ESPUMANTE MARACUYA 6X750,-54
30069,DADA FMORAS N°2 6X750 ,12
30069,DADA N°9 CARAMEL 6X750,6
30069,DON DAVID MALBEC 6X750,3
30069,DON DAVID PINOT NOIR6X750,0
30069,EL BAUTISMO MALBEC 6X750 ,12
30069,ELEMENTOS MALBEC 6X750 ,12
30069,F.LAS MORAS MALBEC 6X750,30
30069,FOND CAVE MALBEC 6X750 ,27
30069,FOND CAVE RVA MALBEC 6X750,12
30069,FRIZZE EVOL BLUE NEW X1000,24
30069,GORDONS  TROPICAL FRUITS 6X700,6
30069,GORDON´S GIN 6x700,6
30069,GORDON´S PINK GIN 6X700,0
30069,GORDON´S TONIC 4X6X473,12
30069,JW BLACK LABEL 12x750,0
30069,JW DOUBLE BLACK 6x750,0
30069,JW RED 12X750 UK,0
30069,LA MASCOTA MALBEC 6X750,6
30069,LOS ARBOLES SEL MALBEC 6X750,96
30069,LOS INTOCABLES MALBEC 6X750,12
30069,NC S E.BRUT4X6X355,-12
30069,SAN TELMO CAB-SAUV X750,0
30069,SAN TELMO MALBEC X750,3
30069,SMF  BC GRAPEF&LIME  LATA 4X6X473,60
30069,SMF BC RUBYORANGE&LIME LATA 4X6X473,12
30069,SMF ICE GREENAPPLE LAT 4X6X473,168
30069,SMF ICE RED BERRIE LAT 4X6X473,396
30069,SMIRNOFF 21 DO 12X700,24
30069,SMIRNOFF BC GRAPEF.&LIME 6X700,168
30069,SMIRNOFF GREEN APPLE DO 6X700,630
30069,SMIRNOFF ICE LATA 4X6X473,120
30069,SMIRNOFF RASPBERRY DO 6X700,618
30069,SMIRNOFF TAMARINDO 6 X 700,12
30069,SMIRNOFF TROPICAL FRUITS 6X700,678
30069,SMIRNOFF WATERMELON 6X700,30
30069,SUTER VARIETAL MALBEC 6X750,51
30069,TANQUERAY DRY GIN X700,0
30069,TANQUERAY SEVILLA GIN X750,0
30069,TERMIDOR 2021 TINTO  12X1L ,240
30069,TRAPICHE ALARIS CHARDO 6X750 ,6
30069,TRAPICHE ALARIS DULCE COSECHA 6X750,6
30069,TRAPICHE ALARIS MALBEC 6X750,12
30069,TRAPICHE ALARIS SBLANC 6X750,6
30069,TRAPICHE IMPURO MALBEC X750,12
30069,TRAPICHE PURO MALBEC,12
30069,TRAPICHE RESERVA MALBEC 6X750,18
30069,WHITE HORSE DO 12X750,12
30086,ALMA MORA MALBEC 6X750,3
30086,DADA FMORAS N°1 6X750,3
30086,LOS ARBOLES SEL MALBEC 6X750,3
30089,ALMA MORA MALBEC 6X750,3
30089,DADA FMORAS N°1 6X750,3
30089,LOS ARBOLES SEL MALBEC 6X750,3
30092,ALMA MORA MALBEC 6X750,3
30092,DADA FMORAS N°1 6X750,3
30092,LOS ARBOLES SEL MALBEC 6X750,3
30093,ALMA MORA MALBEC 6X750,3
30093,DADA FMORAS N°1 6X750,3
30093,LOS ARBOLES SEL MALBEC 6X750,3
30102,ALMA MORA MALBEC 6X750,3
30102,DADA FMORAS N°1 6X750,3
30102,LOS ARBOLES SEL MALBEC 6X750,3
30107,ALMA MORA MALBEC 6X750,3
30107,DADA FMORAS N°1 6X750,3
30107,LOS ARBOLES SEL MALBEC 6X750,3
30117,ALMA MORA MALBEC 6X750,3
30117,DADA FMORAS N°1 6X750,3
30117,LOS ARBOLES SEL MALBEC 6X750,3
30119,ALMA MORA MALBEC 6X750,3
30119,DADA FMORAS N°1 6X750,3
30119,LOS ARBOLES SEL MALBEC 6X750,3
30120,ALMA MORA MALBEC 6X750,3
30120,DADA FMORAS N°1 6X750,3
30120,LOS ARBOLES SEL MALBEC 6X750,3
30122,ALMA MORA MALBEC 6X750,3
30122,DADA FMORAS N°1 6X750,3
30122,LOS ARBOLES SEL MALBEC 6X750,3
30124,ALMA MORA MALBEC 6X750,3
30124,DADA FMORAS N°1 6X750,3
30124,LOS ARBOLES SEL MALBEC 6X750,3
30125,DADA FMORAS N°1 6X750,60
30125,DADA FMORAS N°2 6X750 ,18
30125,DADA FMORAS N°3 6X750,24
30125,DADA N°8 CHOCOLATE 6X750 ,30
30125,ELEMENTOS MALBEC 6X750 ,6
30125,ELEMENTOS TORRONTES DLCE6X750 ,6
30125,F. LAS MORAS BCO DULCE 6X750 ,6
30125,FAIR FOR LIFE CAB.SAUV 6X750 ,18
30125,FAIR FOR LIFE MALBEC 6X750 ,30
30125,FRIZZE EVOL BLUE NEW X1000,3
30125,SMIRNOFF TAMARINDO 6 X 700,9
30397,FRIZZE EVOL BLUE NEW X1000,3
