Cliente;Direccion;Localidad;FechaComprobante;FechaEntrega;FechaCarga;NroComprobante;TipoDeVenta;Empresa;Codigo;CantBase;ImporteNetoItem;ImporteItem;RazonSocial;MotivoDevolucion;Descuento;CodVendedor;Vendedor;RutaPreventa;Articulo;NetoItem;Reparto;ComentarioInterno;Ramo;Subramo;PrecioCosto;Chofer;valorDescuento;Mon_Simbolo;Mon_Decimales;Proveedor;PesoKg;ImpuestoInterno;CondicionPago;FechaLiquidacion;ComboCodigo;Marca;Linea;Sabor;Calibre;Familia;Rubro;Tags;Promociones;SegmentoRentabilidad;CodSupervisor;NomSupervisor;Origen;ComprobanteReferencia;Etiqueta;VentaDirecta;NumeroVenta;Pendiente;ListaPrecio;Taxonomia;OrdenPreparacion;FechaPreparacion;Bodeguista;BodeguistaNombre
1205;25 DE MAYO 613;Devoto;1/4/2026;1/4/2026;1/4/2026;FAC-A0006-00060856;Venta;P&P LOGISTICA S.R.L;30022;12;76665,87;92765,71;DISTRIBUIDORA GEROSA;;6,00%;10;ORTEGA MILAGROS DESIREE;2050;SMIRNOFF RASPBERRY DO 6X700;6388,82;;;TRADITIONAL TRADE;Kiosco/Maxikiosco;64248,6;;407,8;$;2;GRUPO PEÑAFLOR SA;8,4;0;Contado;1/4/2026 11:44;;Smirnoff;Standard (S);No definido;;;Vodka;PEÑAFLOR GRUPO OBJETIVO;;;20032;GRIBAUDO ESTEBAN;Gescom;;;True;152663;0;Lista General;Kiosco/Maxikiosco - B;;1/1/2000;;
1205;25 DE MAYO 613;Devoto;1/4/2026;1/4/2026;1/4/2026;FAC-A0006-00060856;Venta;P&P LOGISTICA S.R.L;30020;36;229997,62;278297,12;DISTRIBUIDORA GEROSA;;6,00%;10;ORTEGA MILAGROS DESIREE;2050;SMIRNOFF GREEN APPLE DO 6X700;6388,82;;;TRADITIONAL TRADE;Kiosco/Maxikiosco;192745,8;;407,8;$;2;GRUPO PEÑAFLOR SA;25,2;0;Contado;1/4/2026 11:44;;Smirnoff;Standard (S);No definido;;;Vodka;PEÑAFLOR GRUPO OBJETIVO;;;20032;GRIBAUDO ESTEBAN;Gescom;;;True;152663;0;Lista General;Kiosco/Maxikiosco - B;;1/1/2000;;
1205;25 DE MAYO 613;Devoto;1/4/2026;1/4/2026;1/4/2026;FAC-A0006-00060856;Venta;P&P LOGISTICA S.R.L;30131;12;76665,87;92765,71;DISTRIBUIDORA GEROSA;;6,00%;10;ORTEGA MILAGROS DESIREE;2050;SMIRNOFF TROPICAL FRUITS 6X700;6388,82;;;TRADITIONAL TRADE;Kiosco/Maxikiosco;64248,6;;407,8;$;2;GRUPO PEÑAFLOR SA;8,4;0;Contado;1/4/2026 11:44;;Smirnoff;Standard (S);No definido;;;Vodka;PEÑAFLOR GRUPO OBJETIVO;;;20032;GRIBAUDO ESTEBAN;Gescom;;;True;152663;0;Lista General;Kiosco/Maxikiosco - B;;1/1/2000;;
2272;RAFAEL BIANCHI 597;ARROYITO;1/4/2026;2/4/2026;30/3/2026;FAC-A0006-00060868;Venta;P&P LOGISTICA S.R.L;74736;6;19979,24;24174,89;MANCINI GRACIELA BEATRIZ;;10,00%;2;LUDUEÑA JULIANA;2020;ALMA MORA MERLOT 6X750;3329,87;3533;;TRADITIONAL TRADE;Almacen/Despensa;16986,6;DELGADO MAYCO JOAQUIN;369,99;$;2;GRUPO PEÑAFLOR SA;0;0;Contado;6/4/2026 08:34;;Finca Las Moras;Alto;No definido;;-No Definido-;Vinos del Año;PEÑAFLOR GRUPO OBJETIVO;;;20032;GRIBAUDO ESTEBAN;AXUM;;;False;151858;0;Lista General;Almacen/Despensa - B;12261;31/3/2026;2;LESCANO FRANCO DARIO
1061;AV PERON 1955;ARROYITO;1/4/2026;2/4/2026;30/3/2026;FAC-A0006-00060873;Venta;P&P LOGISTICA S.R.L;35103;6;10911,88;13203,37;MOYA SIMON ARIEL;;6,00%;2;LUDUEÑA JULIANA;2020;SMIRNOFF ICE LATA 4X6X473;1818,65;3533;;TRADITIONAL TRADE;Kiosco/Maxikiosco;8882,64;DELGADO MAYCO JOAQUIN;116,08;$;2;GRUPO PEÑAFLOR SA;2,838;0;Contado;6/4/2026 08:34;;Smirnoff Ice;RTD (s);No definido;;;RTD (S);PEÑAFLOR GRUPO OBJETIVO;;;20032;GRIBAUDO ESTEBAN;AXUM;;;False;151940;0;Lista General;Kiosco/Maxikiosco - B;12261;31/3/2026;2;LESCANO FRANCO DARIO
1061;AV PERON 1955;ARROYITO;1/4/2026;2/4/2026;30/3/2026;FAC-A0006-00060873;Venta;P&P LOGISTICA S.R.L;35105;6;10911,88;13203,37;MOYA SIMON ARIEL;;6,00%;2;LUDUEÑA JULIANA;2020;SMF ICE RED BERRIE LAT 4X6X473;1818,65;3533;;TRADITIONAL TRADE;Kiosco/Maxikiosco;8882,64;DELGADO MAYCO JOAQUIN;116,08;$;2;GRUPO PEÑAFLOR SA;2,838;0;Contado;6/4/2026 08:34;;Smirnoff Ice Flavours;RTD (s);No definido;;;RTD (S);PEÑAFLOR GRUPO OBJETIVO;;;20032;GRIBAUDO ESTEBAN;AXUM;;;False;151940;0;Lista General;Kiosco/Maxikiosco - B;12261;31/3/2026;2;LESCANO FRANCO DARIO
1061;AV PERON 1955;ARROYITO;1/4/2026;2/4/2026;30/3/2026;FAC-A0006-00060873;Venta;P&P LOGISTICA S.R.L;35104;6;10911,88;13203,37;MOYA SIMON ARIEL;;6,00%;2;LUDUEÑA JULIANA;2020;SMF ICE GREENAPPLE LAT 4X6X473;1818,65;3533;;TRADITIONAL TRADE;Kiosco/Maxikiosco;8882,64;DELGADO MAYCO JOAQUIN;116,08;$;2;GRUPO PEÑAFLOR SA;2,838;0;Contado;6/4/2026 08:34;;Smirnoff Ice Flavours;RTD (s);No definido;;;RTD (S);PEÑAFLOR GRUPO OBJETIVO;;;20032;GRIBAUDO ESTEBAN;AXUM;;;False;151940;0;Lista General;Kiosco/Maxikiosco - B;12261;31/3/2026;2;LESCANO FRANCO DARIO
1061;AV PERON 1955;ARROYITO;1/4/2026;2/4/2026;30/3/2026;FAC-A0006-00060873;Venta;P&P LOGISTICA S.R.L;14619;6;11848,56;14336,76;MOYA SIMON ARIEL;;0,00%;2;LUDUEÑA JULIANA;2020;FRIZZE BUBBLE MOOD 6X1000;1974,76;3533;;TRADITIONAL TRADE;Kiosco/Maxikiosco;9066,42;DELGADO MAYCO JOAQUIN;0;$;2;GRUPO PEÑAFLOR SA;0;0;Contado;6/4/2026 08:34;;;;;;;;PEÑAFLOR GRUPO OBJETIVO;;;20032;GRIBAUDO ESTEBAN;AXUM;;;False;151940;0;Lista General;Kiosco/Maxikiosco - B;12261;31/3/2026;2;LESCANO FRANCO DARIO
1061;AV PERON 1955;ARROYITO;1/4/2026;2/4/2026;30/3/2026;FAC-A0006-00060873;Venta;P&P LOGISTICA S.R.L;35109;6;11457,43;13863,5;MOYA SIMON ARIEL;;6,00%;2;LUDUEÑA JULIANA;2020;SMF  BC GRAPEF&LIME  LATA 4X6X473;1909,57;3533;;TRADITIONAL TRADE;Kiosco/Maxikiosco;9326,7;DELGADO MAYCO JOAQUIN;121,89;$;2;GRUPO PEÑAFLOR SA;0;0;Contado;6/4/2026 08:34;;Smirnoff Ice Flavours;RTD (s);;;;RTD (S);PEÑAFLOR GRUPO OBJETIVO;;;20032;GRIBAUDO ESTEBAN;AXUM;;;False;151940;0;Lista General;Kiosco/Maxikiosco - B;12261;31/3/2026;2;LESCANO FRANCO DARIO
1061;AV PERON 1955;ARROYITO;1/4/2026;2/4/2026;30/3/2026;FAC-A0006-00060873;Venta;P&P LOGISTICA S.R.L;35108;6;11457,43;13863,5;MOYA SIMON ARIEL;;6,00%;2;LUDUEÑA JULIANA;2020;SMF BC RUBYORANGE&LIME LATA 4X6X473;1909,57;3533;;TRADITIONAL TRADE;Kiosco/Maxikiosco;9326,7;DELGADO MAYCO JOAQUIN;121,89;$;2;GRUPO PEÑAFLOR SA;0;0;Contado;6/4/2026 08:34;;Smirnoff Ice Flavours;RTD (S);;;;RTD (S);PEÑAFLOR GRUPO OBJETIVO;;;20032;GRIBAUDO ESTEBAN;AXUM;;;False;151940;0;Lista General;Kiosco/Maxikiosco - B;12261;31/3/2026;2;LESCANO FRANCO DARIO
2332;RIVADAVIA 355;ARROYITO;1/4/2026;2/4/2026;30/3/2026;FAC-A0006-00060877;Venta;P&P LOGISTICA S.R.L;30022;6;36701,75;44409,12;TONINI MARISA ELIZABETH;;10,00%;2;LUDUEÑA JULIANA;2020;SMIRNOFF RASPBERRY DO 6X700;6116,96;3533;;TRADITIONAL TRADE;Almacen/Despensa;32124,3;DELGADO MAYCO JOAQUIN;679,66;$;2;GRUPO PEÑAFLOR SA;4,2;0;Contado;6/4/2026 08:34;;Smirnoff;Standard (S);No definido;;;Vodka;PEÑAFLOR GRUPO OBJETIVO;;;20032;GRIBAUDO ESTEBAN;AXUM;;;False;152094;0;Lista General;Almacen/Despensa - C;12261;31/3/2026;2;LESCANO FRANCO DARIO
2332;RIVADAVIA 355;ARROYITO;1/4/2026;2/4/2026;30/3/2026;FAC-A0006-00060877;Venta;P&P LOGISTICA S.R.L;30020;6;36701,75;44409,12;TONINI MARISA ELIZABETH;;10,00%;2;LUDUEÑA JULIANA;2020;SMIRNOFF GREEN APPLE DO 6X700;6116,96;3533;;TRADITIONAL TRADE;Almacen/Despensa;32124,3;DELGADO MAYCO JOAQUIN;679,66;$;2;GRUPO PEÑAFLOR SA;4,2;0;Contado;6/4/2026 08:34;;Smirnoff;Standard (S);No definido;;;Vodka;PEÑAFLOR GRUPO OBJETIVO;;;20032;GRIBAUDO ESTEBAN;AXUM;;;False;152094;0;Lista General;Almacen/Despensa - C;12261;31/3/2026;2;LESCANO FRANCO DARIO
2332;RIVADAVIA 355;ARROYITO;1/4/2026;2/4/2026;30/3/2026;FAC-A0006-00060877;Venta;P&P LOGISTICA S.R.L;30139;6;56368,93;68206,4;TONINI MARISA ELIZABETH;;10,00%;2;LUDUEÑA JULIANA;2020;GORDONS  TROPICAL FRUITS 6X700;9394,82;3533;;TRADITIONAL TRADE;Almacen/Despensa;49363,26;DELGADO MAYCO JOAQUIN;1043,87;$;2;GRUPO PEÑAFLOR SA;0;0;Contado;6/4/2026 08:34;;;;;;;;PEÑAFLOR GRUPO OBJETIVO;;;20032;GRIBAUDO ESTEBAN;AXUM;;;False;152094;0;Lista General;Almacen/Despensa - C;12261;31/3/2026;2;LESCANO FRANCO DARIO
2332;RIVADAVIA 355;ARROYITO;1/4/2026;2/4/2026;30/3/2026;FAC-A0006-00060877;Venta;P&P LOGISTICA S.R.L;35105;6;10911,88;13203,37;TONINI MARISA ELIZABETH;;6,00%;2;LUDUEÑA JULIANA;2020;SMF ICE RED BERRIE LAT 4X6X473;1818,65;3533;;TRADITIONAL TRADE;Almacen/Despensa;8882,64;DELGADO MAYCO JOAQUIN;116,08;$;2;GRUPO PEÑAFLOR SA;2,838;0;Contado;6/4/2026 08:34;;Smirnoff Ice Flavours;RTD (s);No definido;;;RTD (S);PEÑAFLOR GRUPO OBJETIVO;;;20032;GRIBAUDO ESTEBAN;AXUM;;;False;152094;0;Lista General;Almacen/Despensa - C;12261;31/3/2026;2;LESCANO FRANCO DARIO
252;AV BRINKMANN 655;BRINKMANM;1/4/2026;2/4/2026;31/3/2026;FAC-A0006-00060890;Venta;P&P LOGISTICA S.R.L;80010;6;18259,98;22094,58;ACTIS LETICIA CARLA;;0,00%;4;GRIBAUDO ANGEL;4030;LOS ARBOLES SEL MALBEC 6X750;3043,33;3537;;TRADITIONAL TRADE;Almacen/Despensa;14391,54;CHOFER DE PRUEBA;0;$;2;GRUPO PEÑAFLOR SA;4,5;0;Contado;6/4/2026 07:34;;Los Arboles;Medio Alto;No definido;;;Vinos del Año;Grupo Peñaflor,PEÑAFLOR GRUPO OBJETIVO;;;20032;GRIBAUDO ESTEBAN;AXUM;;;False;152232;0;Lista General;Almacen/Despensa - A;12262;1/4/2026;2;LESCANO FRANCO DARIO
468;BROWN-MARMOL 1;BRINKMANN;1/4/2026;2/4/2026;31/3/2026;FAC-A0006-00060891;Venta;P&P LOGISTICA S.R.L;72857;3;7922,31;9586;SCALERANDI ALAN GABRIEL;;0,00%;4;GRIBAUDO ANGEL;4030;F.LAS MORAS CABSAU 6X750 ;2640,77;3537;;TRADITIONAL TRADE;Autoservicio Tradicional;6243,93;CHOFER DE PRUEBA;0;$;2;GRUPO PEÑAFLOR SA;2,25;0;Contado;6/4/2026 07:34;;Finca Las Moras;Medio Alto;No definido;;;Vinos del Año;PEÑAFLOR GRUPO OBJETIVO;;;20032;GRIBAUDO ESTEBAN;AXUM;;;False;152252;0;Lista General;Autoservicio Tradicional - C;12262;1/4/2026;2;LESCANO FRANCO DARIO
468;BROWN-MARMOL 1;BRINKMANN;1/4/2026;2/4/2026;31/3/2026;FAC-A0006-00060891;Venta;P&P LOGISTICA S.R.L;72859;3;7922,31;9586;SCALERANDI ALAN GABRIEL;;0,00%;4;GRIBAUDO ANGEL;4030;F.LAS MORAS MALBEC 6X750;2640,77;3537;;TRADITIONAL TRADE;Autoservicio Tradicional;5931,72;CHOFER DE PRUEBA;0;$;2;GRUPO PEÑAFLOR SA;2,25;0;Contado;6/4/2026 07:34;;Finca Las Moras;Medio Alto;No definido;;;Vinos del Año;PEÑAFLOR GRUPO OBJETIVO;;;20032;GRIBAUDO ESTEBAN;AXUM;;;False;152252;0;Lista General;Autoservicio Tradicional - C;12262;1/4/2026;2;LESCANO FRANCO DARIO
468;BROWN-MARMOL 1;BRINKMANN;1/4/2026;2/4/2026;31/3/2026;FAC-A0006-00060891;Venta;P&P LOGISTICA S.R.L;70750;3;8198,19;9919,81;SCALERANDI ALAN GABRIEL;;0,00%;4;GRIBAUDO ANGEL;4030;TRAPICHE ALARIS CABSAUV 6X750 ;2732,73;3537;;TRADITIONAL TRADE;Autoservicio Tradicional;6461,37;CHOFER DE PRUEBA;0;$;2;GRUPO PEÑAFLOR SA;2,25;0;Contado;6/4/2026 07:34;;Alaris;Medio Alto;No definido;;;Vinos del Año;PEÑAFLOR GRUPO OBJETIVO;;;20032;GRIBAUDO ESTEBAN;AXUM;;;False;152252;0;Lista General;Autoservicio Tradicional - C;12262;1/4/2026;2;LESCANO FRANCO DARIO
468;BROWN-MARMOL 1;BRINKMANN;1/4/2026;2/4/2026;31/3/2026;FAC-A0006-00060891;Venta;P&P LOGISTICA S.R.L;71704;3;8198,19;9919,81;SCALERANDI ALAN GABRIEL;;0,00%;4;GRIBAUDO ANGEL;4030;TRAPICHE ALARIS MALBEC 6X750;2732,73;3537;;TRADITIONAL TRADE;Autoservicio Tradicional;6461,37;CHOFER DE PRUEBA;0;$;2;GRUPO PEÑAFLOR SA;2,25;0;Contado;6/4/2026 07:34;;Alaris;Medio Alto;No definido;;;Vinos del Año;PEÑAFLOR GRUPO OBJETIVO;;;20032;GRIBAUDO ESTEBAN;AXUM;;;False;152252;0;Lista General;Autoservicio Tradicional - C;12262;1/4/2026;2;LESCANO FRANCO DARIO
468;BROWN-MARMOL 1;BRINKMANN;1/4/2026;2/4/2026;31/3/2026;FAC-A0006-00060891;Venta;P&P LOGISTICA S.R.L;80007;3;9129,99;11047,29;SCALERANDI ALAN GABRIEL;;0,00%;4;GRIBAUDO ANGEL;4030;LOS ARBOLES SEL CABERNET 6X750;3043,33;3537;;TRADITIONAL TRADE;Autoservicio Tradicional;7195,77;CHOFER DE PRUEBA;0;$;2;GRUPO PEÑAFLOR SA;2,25;0;Contado;6/4/2026 07:34;;;Medio Alto;No definido;;;Vinos del Año;PEÑAFLOR GRUPO OBJETIVO;;;20032;GRIBAUDO ESTEBAN;AXUM;;;False;152252;0;Lista General;Autoservicio Tradicional - C;12262;1/4/2026;2;LESCANO FRANCO DARIO
468;BROWN-MARMOL 1;BRINKMANN;1/4/2026;2/4/2026;31/3/2026;FAC-A0006-00060891;Venta;P&P LOGISTICA S.R.L;80010;3;9129,99;11047,29;SCALERANDI ALAN GABRIEL;;0,00%;4;GRIBAUDO ANGEL;4030;LOS ARBOLES SEL MALBEC 6X750;3043,33;3537;;TRADITIONAL TRADE;Autoservicio Tradicional;7195,77;CHOFER DE PRUEBA;0;$;2;GRUPO PEÑAFLOR SA;2,25;0;Contado;6/4/2026 07:34;;Los Arboles;Medio Alto;No definido;;;Vinos del Año;Grupo Peñaflor,PEÑAFLOR GRUPO OBJETIVO;;;20032;GRIBAUDO ESTEBAN;AXUM;;;False;152252;0;Lista General;Autoservicio Tradicional - C;12262;1/4/2026;2;LESCANO FRANCO DARIO
886;Comuna de Giaveno 61;BRINKMANN;1/4/2026;2/4/2026;31/3/2026;FAC-A0006-00060902;Venta;P&P LOGISTICA S.R.L;74446;3;15881,82;19217;BUSTOS GERARDO GABRIEL ;;0,00%;4;GRIBAUDO ANGEL;4030;DADA 7 SWEET  6X750;5293,94;3537;;TRADITIONAL TRADE;Almacen/Despensa;12152,64;CHOFER DE PRUEBA;0;$;2;GRUPO PEÑAFLOR SA;0;0;Contado;6/4/2026 07:34;;;;;;;;PEÑAFLOR GRUPO OBJETIVO;;;20032;GRIBAUDO ESTEBAN;AXUM;;;False;152505;0;Lista General;Almacen/Despensa - P;12262;1/4/2026;2;LESCANO FRANCO DARIO
886;Comuna de Giaveno 61;BRINKMANN;1/4/2026;2/4/2026;31/3/2026;FAC-A0006-00060902;Venta;P&P LOGISTICA S.R.L;74473;3;15881,82;19217;BUSTOS GERARDO GABRIEL ;;0,00%;4;GRIBAUDO ANGEL;4030;DADA ESPUMANTE ROS6X750 ;5293,94;3537;;TRADITIONAL TRADE;Almacen/Despensa;12146,55;CHOFER DE PRUEBA;0;$;2;GRUPO PEÑAFLOR SA;2,25;0;Contado;6/4/2026 07:34;;Champaña Dada;Champaña Alta y Premium;No definido;;;Espumantes;PEÑAFLOR GRUPO OBJETIVO;;;20032;GRIBAUDO ESTEBAN;AXUM;;;False;152505;0;Lista General;Almacen/Despensa - P;12262;1/4/2026;2;LESCANO FRANCO DARIO
886;Comuna de Giaveno 61;BRINKMANN;1/4/2026;2/4/2026;31/3/2026;FAC-A0006-00060902;Venta;P&P LOGISTICA S.R.L;72859;3;7922,31;9586;BUSTOS GERARDO GABRIEL ;;0,00%;4;GRIBAUDO ANGEL;4030;F.LAS MORAS MALBEC 6X750;2640,77;3537;;TRADITIONAL TRADE;Almacen/Despensa;5931,72;CHOFER DE PRUEBA;0;$;2;GRUPO PEÑAFLOR SA;2,25;0;Contado;6/4/2026 07:34;;Finca Las Moras;Medio Alto;No definido;;;Vinos del Año;PEÑAFLOR GRUPO OBJETIVO;;;20032;GRIBAUDO ESTEBAN;AXUM;;;False;152505;0;Lista General;Almacen/Despensa - P;12262;1/4/2026;2;LESCANO FRANCO DARIO
886;Comuna de Giaveno 61;BRINKMANN;1/4/2026;2/4/2026;31/3/2026;FAC-A0006-00060902;Venta;P&P LOGISTICA S.R.L;71704;3;8198,19;9919,81;BUSTOS GERARDO GABRIEL ;;0,00%;4;GRIBAUDO ANGEL;4030;TRAPICHE ALARIS MALBEC 6X750;2732,73;3537;;TRADITIONAL TRADE;Almacen/Despensa;6461,37;CHOFER DE PRUEBA;0;$;2;GRUPO PEÑAFLOR SA;2,25;0;Contado;6/4/2026 07:34;;Alaris;Medio Alto;No definido;;;Vinos del Año;PEÑAFLOR GRUPO OBJETIVO;;;20032;GRIBAUDO ESTEBAN;AXUM;;;False;152505;0;Lista General;Almacen/Despensa - P;12262;1/4/2026;2;LESCANO FRANCO DARIO
2630;AV. TRISTAN CORNEJO 114;BALNEARIA;1/4/2026;2/4/2026;31/3/2026;FAC-A0006-00060914;Venta;P&P LOGISTICA S.R.L;30023;12;122425,8;151807,99;CHEN MEI;;11,00%;6;PEYRONEL ANDREA;6031;WHITE HORSE DO 12X750;10202,15;3544;;TRADITIONAL TRADE;Autoservicio Tradicional;108415,08;ACOSTA FACUNDO;1260,94;$;2;GRUPO PEÑAFLOR SA;9;0;Contado;7/4/2026 10:35;;White Horse;Standard (S);No definido;;;Whisky;PEÑAFLOR GRUPO OBJETIVO;;;20032;GRIBAUDO ESTEBAN;AXUM;;;False;152243;0;Lista General;Autoservicio Tradicional - B;12263;1/4/2026;20000;MOLINA JUAN
2630;AV. TRISTAN CORNEJO 114;BALNEARIA;1/4/2026;2/4/2026;31/3/2026;FAC-A0006-00060914;Venta;P&P LOGISTICA S.R.L;44395;6;17575,19;21793,24;CHEN MEI;;9,00%;6;PEYRONEL ANDREA;6031;ELEMENTOS RED BLEND 6 X 750;2929,2;3544;;TRADITIONAL TRADE;Autoservicio Tradicional;14778,42;ACOSTA FACUNDO;289,7;$;2;GRUPO PEÑAFLOR SA;0;0;Contado;7/4/2026 10:35;;ELEMENTOS;Alto;;;;Vinos del Año;PEÑAFLOR GRUPO OBJETIVO;;;20032;GRIBAUDO ESTEBAN;AXUM;;;False;152243;0;Lista General;Autoservicio Tradicional - B;12263;1/4/2026;20000;MOLINA JUAN
2630;AV. TRISTAN CORNEJO 114;BALNEARIA;1/4/2026;2/4/2026;31/3/2026;FAC-A0006-00060914;Venta;P&P LOGISTICA S.R.L;30004;1;48718,78;60411,29;CHEN MEI;;0,00%;6;PEYRONEL ANDREA;6031;JW BLACK LABEL 12x1000;48718,78;3544;;TRADITIONAL TRADE;Autoservicio Tradicional;35553,26;ACOSTA FACUNDO;0;$;2;GRUPO PEÑAFLOR SA;1;0;Contado;7/4/2026 10:35;;JW;Premium (S);No definido;;;Whisky;PEÑAFLOR GRUPO OBJETIVO;;;20032;GRIBAUDO ESTEBAN;AXUM;;;False;152243;0;Lista General;Autoservicio Tradicional - B;12263;1/4/2026;20000;MOLINA JUAN
3522;SUC BALNEARIA 0;BALNEARIA;1/4/2026;2/4/2026;31/3/2026;FAC-A0006-00060916;Venta;P&P LOGISTICA S.R.L;74827;6;20201,89;24444,29;SUPERMERCADO GAIDO SRL;;9,00%;6;PEYRONEL ANDREA;6031;ALMA MORA BLANCO DULCE LOW 6X750;3366,98;3544;;TRADITIONAL TRADE;Autoservicio Tradicional;16987,14;ACOSTA FACUNDO;333;$;2;GRUPO PEÑAFLOR SA;0;0;Contado;7/4/2026 10:35;;;Alto;;;;Vinos del Año;PEÑAFLOR GRUPO OBJETIVO;;;20032;GRIBAUDO ESTEBAN;AXUM;;;False;152311;0;Lista General;Autoservicio Tradicional - B;12263;1/4/2026;20000;MOLINA JUAN
1143;SAN JOSE 171;Balnearia;1/4/2026;2/4/2026;31/3/2026;FAC-A0006-00060920;Venta;P&P LOGISTICA S.R.L;35104;6;11608,38;14046,14;ERCOLE ARRASCAETA NICOLAS JOSE;;0,00%;6;PEYRONEL ANDREA;6031;SMF ICE GREENAPPLE LAT 4X6X473;1934,73;3544;;TRADITIONAL TRADE;Kiosco/Maxikiosco;8882,64;ACOSTA FACUNDO;0;$;2;GRUPO PEÑAFLOR SA;2,838;0;Contado;7/4/2026 10:35;;Smirnoff Ice Flavours;RTD (s);No definido;;;RTD (S);PEÑAFLOR GRUPO OBJETIVO;;;20032;GRIBAUDO ESTEBAN;AXUM;;;False;152394;0;Lista General;Kiosco/Maxikiosco - C;12263;1/4/2026;20000;MOLINA JUAN
1143;SAN JOSE 171;Balnearia;1/4/2026;2/4/2026;31/3/2026;FAC-A0006-00060920;Venta;P&P LOGISTICA S.R.L;30075;1;8673,19;10494,56;ERCOLE ARRASCAETA NICOLAS JOSE;;9,00%;6;PEYRONEL ANDREA;6031;GORDON´S GIN 6x700;8673,19;3544;;TRADITIONAL TRADE;Kiosco/Maxikiosco;7511,8;ACOSTA FACUNDO;857,79;$;2;GRUPO PEÑAFLOR SA;0,7;0;Contado;7/4/2026 10:35;;Gordon´s;Standard (S);No definido;;;Gin;PEÑAFLOR GRUPO OBJETIVO;;;20032;GRIBAUDO ESTEBAN;AXUM;;;False;152394;0;Lista General;Kiosco/Maxikiosco - C;12263;1/4/2026;20000;MOLINA JUAN
2239;GUIDO ACTIS 271;BALNEARIA;1/4/2026;2/4/2026;31/3/2026;FAC-A0006-00060922;Venta;P&P LOGISTICA S.R.L;74208;3;10100,95;12222,14;MADUEÑO FLAVIA ROMINA;;9,00%;6;PEYRONEL ANDREA;6031;ALMA MORA CABSAUV6X750 ;3366,98;3544;;TRADITIONAL TRADE;Almacen/Despensa;8493,57;ACOSTA FACUNDO;333;$;2;GRUPO PEÑAFLOR SA;2,25;0;Contado;7/4/2026 10:35;;Alma Mora;Alto;No definido;;;Vinos del Año;PEÑAFLOR GRUPO OBJETIVO;;;20032;GRIBAUDO ESTEBAN;AXUM;;;False;152397;0;Lista General;Almacen/Despensa - C;12263;1/4/2026;20000;MOLINA JUAN
2239;GUIDO ACTIS 271;BALNEARIA;1/4/2026;2/4/2026;31/3/2026;FAC-A0006-00060922;Venta;P&P LOGISTICA S.R.L;74393;3;9600,95;11617,14;MADUEÑO FLAVIA ROMINA;;9,00%;6;PEYRONEL ANDREA;6031;DADA FMORAS N°1 6X750;3200,32;3544;;TRADITIONAL TRADE;Almacen/Despensa;7669,5;ACOSTA FACUNDO;316,51;$;2;GRUPO PEÑAFLOR SA;2,25;0;Contado;7/4/2026 10:35;;Dada;Alto;No definido;;;Vinos del Año;PEÑAFLOR GRUPO OBJETIVO;;;20032;GRIBAUDO ESTEBAN;AXUM;;;False;152397;0;Lista General;Almacen/Despensa - C;12263;1/4/2026;20000;MOLINA JUAN
2239;GUIDO ACTIS 271;BALNEARIA;1/4/2026;2/4/2026;31/3/2026;FAC-A0006-00060922;Venta;P&P LOGISTICA S.R.L;74840;3;7460,35;9027,03;MADUEÑO FLAVIA ROMINA;;9,00%;6;PEYRONEL ANDREA;6031;ALARIS D.COSECHA TINTO 6X750;2486,78;3544;;TRADITIONAL TRADE;Almacen/Despensa;6461,37;ACOSTA FACUNDO;245,95;$;2;GRUPO PEÑAFLOR SA;0;0;Contado;7/4/2026 10:35;;Alaris;Medio Alto;;;;Vinos del Año;PEÑAFLOR GRUPO OBJETIVO;;;20032;GRIBAUDO ESTEBAN;AXUM;;;False;152397;0;Lista General;Almacen/Despensa - C;12263;1/4/2026;20000;MOLINA JUAN
3149;MAIPU ESQ. LAVALLE 1;BALNEARIA;1/4/2026;2/4/2026;1/4/2026;FAC-A0006-00060931;Venta;P&P LOGISTICA S.R.L;72859;3;7288,53;8819,12;MANSILLA EMANUEL JOSE LUIS;;8,00%;6;PEYRONEL ANDREA;6040;F.LAS MORAS MALBEC 6X750;2429,51;3544;;TRADITIONAL TRADE;Almacen/Despensa;5931,72;ACOSTA FACUNDO;211,26;$;2;GRUPO PEÑAFLOR SA;2,25;0;Contado;7/4/2026 10:35;;Finca Las Moras;Medio Alto;No definido;;;Vinos del Año;PEÑAFLOR GRUPO OBJETIVO;;;20032;GRIBAUDO ESTEBAN;AXUM;;;False;152558;0;Lista General;Almacen/Despensa - A;12264;1/4/2026;2;LESCANO FRANCO DARIO
3149;MAIPU ESQ. LAVALLE 1;BALNEARIA;1/4/2026;2/4/2026;1/4/2026;FAC-A0006-00060931;Venta;P&P LOGISTICA S.R.L;14507;3;8468,12;10246,43;MANSILLA EMANUEL JOSE LUIS;;8,00%;6;PEYRONEL ANDREA;6040;EL BAUTISMO MALBEC 6X750 ;2822,71;3544;;TRADITIONAL TRADE;Almacen/Despensa;7254,48;ACOSTA FACUNDO;245,45;$;2;GRUPO PEÑAFLOR SA;2,25;0;Contado;7/4/2026 10:35;;El Bautismo;Medio Alto;No definido;;;Vinos del Año;PEÑAFLOR GRUPO OBJETIVO;;;20032;GRIBAUDO ESTEBAN;AXUM;;;False;152558;0;Lista General;Almacen/Despensa - A;12264;1/4/2026;2;LESCANO FRANCO DARIO
3458;LIBERTAD ESQ. CORDOBA 1;MIRAMAR;1/4/2026;2/4/2026;1/4/2026;FAC-A0006-00060935;Venta;P&P LOGISTICA S.R.L;30022;12;74219,09;89805,1;FANER PORCHETTO JORGE DENIS;;9,00%;6;PEYRONEL ANDREA;6040;SMIRNOFF RASPBERRY DO 6X700;6184,92;3544;;TRADITIONAL TRADE;Kiosco/Maxikiosco;64248,6;ACOSTA FACUNDO;611,7;$;2;GRUPO PEÑAFLOR SA;8,4;0;Contado;7/4/2026 10:35;;Smirnoff;Standard (S);No definido;;;Vodka;PEÑAFLOR GRUPO OBJETIVO;;;20032;GRIBAUDO ESTEBAN;AXUM;;;False;152629;0;Lista General;Kiosco/Maxikiosco - P;12269;1/4/2026;20000;MOLINA JUAN
3458;LIBERTAD ESQ. CORDOBA 1;MIRAMAR;1/4/2026;2/4/2026;1/4/2026;FAC-A0006-00060941;Venta;P&P LOGISTICA S.R.L;35105;24;46433,52;56184,56;FANER PORCHETTO JORGE DENIS;;0,00%;6;PEYRONEL ANDREA;6040;SMF ICE RED BERRIE LAT 4X6X473;1934,73;3544;;TRADITIONAL TRADE;Kiosco/Maxikiosco;35530,56;ACOSTA FACUNDO;0;$;2;GRUPO PEÑAFLOR SA;11,352;0;Contado;7/4/2026 10:35;;Smirnoff Ice Flavours;RTD (s);No definido;;;RTD (S);PEÑAFLOR GRUPO OBJETIVO;;;20032;GRIBAUDO ESTEBAN;AXUM;;;False;152642;0;Lista General;Kiosco/Maxikiosco - P;12269;1/4/2026;20000;MOLINA JUAN
981;RIVADAVIA ESQ YRIGOYEN 0;MIRAMAR;1/4/2026;2/4/2026;1/4/2026;FAC-A0006-00060943;Venta;P&P LOGISTICA S.R.L;74840;3;7542,33;9126,23;BAZAN MARCO ANTONIO;;8,00%;6;PEYRONEL ANDREA;6040;ALARIS D.COSECHA TINTO 6X750;2514,11;3544;;TRADITIONAL TRADE;Almacen/Despensa;6461,37;ACOSTA FACUNDO;218,62;$;2;GRUPO PEÑAFLOR SA;0;0;Contado;7/4/2026 10:35;;Alaris;Medio Alto;;;;Vinos del Año;PEÑAFLOR GRUPO OBJETIVO;;;20032;GRIBAUDO ESTEBAN;AXUM;;;False;152648;0;Lista General;Almacen/Despensa - A;12269;1/4/2026;20000;MOLINA JUAN
981;RIVADAVIA ESQ YRIGOYEN 0;MIRAMAR;1/4/2026;2/4/2026;1/4/2026;FAC-A0006-00060943;Venta;P&P LOGISTICA S.R.L;74188;3;7542,33;9126,23;BAZAN MARCO ANTONIO;;8,00%;6;PEYRONEL ANDREA;6040;TRAPICHE ALARIS DULCE COSECHA 6X750;2514,11;3544;;TRADITIONAL TRADE;Almacen/Despensa;6138,3;ACOSTA FACUNDO;218,62;$;2;GRUPO PEÑAFLOR SA;2,25;0;Contado;7/4/2026 10:35;;Alaris;Medio Alto;No definido;;;Vinos del Año;PEÑAFLOR GRUPO OBJETIVO;;;20032;GRIBAUDO ESTEBAN;AXUM;;;False;152648;0;Lista General;Almacen/Despensa - A;12269;1/4/2026;20000;MOLINA JUAN
981;RIVADAVIA ESQ YRIGOYEN 0;MIRAMAR;1/4/2026;2/4/2026;1/4/2026;FAC-A0006-00060943;Venta;P&P LOGISTICA S.R.L;72859;3;7288,53;8819,12;BAZAN MARCO ANTONIO;;8,00%;6;PEYRONEL ANDREA;6040;F.LAS MORAS MALBEC 6X750;2429,51;3544;;TRADITIONAL TRADE;Almacen/Despensa;5931,72;ACOSTA FACUNDO;211,26;$;2;GRUPO PEÑAFLOR SA;2,25;0;Contado;7/4/2026 10:35;;Finca Las Moras;Medio Alto;No definido;;;Vinos del Año;PEÑAFLOR GRUPO OBJETIVO;;;20032;GRIBAUDO ESTEBAN;AXUM;;;False;152648;0;Lista General;Almacen/Despensa - A;12269;1/4/2026;20000;MOLINA JUAN
981;RIVADAVIA ESQ YRIGOYEN 0;MIRAMAR;1/4/2026;2/4/2026;1/4/2026;FAC-A0006-00060943;Venta;P&P LOGISTICA S.R.L;71704;3;7542,33;9126,23;BAZAN MARCO ANTONIO;;8,00%;6;PEYRONEL ANDREA;6040;TRAPICHE ALARIS MALBEC 6X750;2514,11;3544;;TRADITIONAL TRADE;Almacen/Despensa;6461,37;ACOSTA FACUNDO;218,62;$;2;GRUPO PEÑAFLOR SA;2,25;0;Contado;7/4/2026 10:35;;Alaris;Medio Alto;No definido;;;Vinos del Año;PEÑAFLOR GRUPO OBJETIVO;;;20032;GRIBAUDO ESTEBAN;AXUM;;;False;152648;0;Lista General;Almacen/Despensa - A;12269;1/4/2026;20000;MOLINA JUAN
1039;ROSARIO DE SANTA FE 1979;SAN FRANCISCO;1/4/2026;2/4/2026;1/4/2026;FAC-A0006-00060957;Venta;P&P LOGISTICA S.R.L;74146;3;13548,69;16393,91;ALTO.VEA.PASE S.A.S.;;6,00%;8;ALVAREZ VANESA  KAFF;8040;FOND CAVE MALBEC 6X750 ;4516,23;3551;;TRADITIONAL TRADE;Autoservicio Tradicional;11029,08;BLAS ALMADA;288,27;$;2;GRUPO PEÑAFLOR SA;2,25;0;Contado;6/4/2026 08:06;;Fond De Cave;Superior;No definido;;;Vinos del Año;PEÑAFLOR GRUPO OBJETIVO;;;20032;GRIBAUDO ESTEBAN;AXUM;;;False;152603;0;Lista General;Autoservicio Tradicional - P;12268;1/4/2026;20000;MOLINA JUAN
1039;ROSARIO DE SANTA FE 1979;SAN FRANCISCO;1/4/2026;2/4/2026;1/4/2026;FAC-A0006-00060957;Venta;P&P LOGISTICA S.R.L;74188;3;7706,3;9324,62;ALTO.VEA.PASE S.A.S.;;6,00%;8;ALVAREZ VANESA  KAFF;8040;TRAPICHE ALARIS DULCE COSECHA 6X750;2568,77;3551;;TRADITIONAL TRADE;Autoservicio Tradicional;6138,3;BLAS ALMADA;163,96;$;2;GRUPO PEÑAFLOR SA;2,25;0;Contado;6/4/2026 08:06;;Alaris;Medio Alto;No definido;;;Vinos del Año;PEÑAFLOR GRUPO OBJETIVO;;;20032;GRIBAUDO ESTEBAN;AXUM;;;False;152603;0;Lista General;Autoservicio Tradicional - P;12268;1/4/2026;20000;MOLINA JUAN
1039;ROSARIO DE SANTA FE 1979;SAN FRANCISCO;1/4/2026;2/4/2026;1/4/2026;FAC-A0006-00060957;Venta;P&P LOGISTICA S.R.L;74419;3;14778,55;17882,04;ALTO.VEA.PASE S.A.S.;;6,00%;8;ALVAREZ VANESA  KAFF;8040;TRAPICHE RESERVA MALBEC 6X750;4926,18;3551;;TRADITIONAL TRADE;Autoservicio Tradicional;12030,21;BLAS ALMADA;314,44;$;2;GRUPO PEÑAFLOR SA;2,25;0;Contado;6/4/2026 08:06;;Trapiche Reserva;Superior;No definido;;;Vinos del Año;PEÑAFLOR GRUPO OBJETIVO;;;20032;GRIBAUDO ESTEBAN;AXUM;;;False;152603;0;Lista General;Autoservicio Tradicional - P;12268;1/4/2026;20000;MOLINA JUAN
596;LAS MALVINAS 1232;San Francisco;1/4/2026;2/4/2026;1/4/2026;FAC-A0006-00060959;Venta;P&P LOGISTICA S.R.L;74608;6;24050,25;29100,8;YBAÑEZ ALICIA RAQUEL;;10,00%;8;ALVAREZ VANESA  KAFF;8040;ALMA MORA SEL RVE MALBEC 6X750;4008,38;3551;;TRADITIONAL TRADE;Autoservicio Tradicional;20447,82;BLAS ALMADA;445,38;$;2;GRUPO PEÑAFLOR SA;4,5;0;Contado;6/4/2026 08:06;;Alma Mora;Superior;No definido;;;Vinos del Año;PEÑAFLOR GRUPO OBJETIVO;;;20032;GRIBAUDO ESTEBAN;AXUM;;;False;152612;0;Lista General;Autoservicio Tradicional - C;12268;1/4/2026;20000;MOLINA JUAN
596;LAS MALVINAS 1232;San Francisco;1/4/2026;2/4/2026;1/4/2026;FAC-A0006-00060959;Venta;P&P LOGISTICA S.R.L;14507;6;16568,06;20047,36;YBAÑEZ ALICIA RAQUEL;;10,00%;8;ALVAREZ VANESA  KAFF;8040;EL BAUTISMO MALBEC 6X750 ;2761,34;3551;;TRADITIONAL TRADE;Autoservicio Tradicional;14508,96;BLAS ALMADA;306,82;$;2;GRUPO PEÑAFLOR SA;4,5;0;Contado;6/4/2026 08:06;;El Bautismo;Medio Alto;No definido;;;Vinos del Año;PEÑAFLOR GRUPO OBJETIVO;;;20032;GRIBAUDO ESTEBAN;AXUM;;;False;152612;0;Lista General;Autoservicio Tradicional - C;12268;1/4/2026;20000;MOLINA JUAN
596;LAS MALVINAS 1232;San Francisco;1/4/2026;2/4/2026;1/4/2026;FAC-A0006-00060959;Venta;P&P LOGISTICA S.R.L;42102;6;17382,06;21032,29;YBAÑEZ ALICIA RAQUEL;;10,00%;8;ALVAREZ VANESA  KAFF;8040;ELEMENTOS MALBEC 6X750 ;2897,01;3551;;TRADITIONAL TRADE;Autoservicio Tradicional;14039,52;BLAS ALMADA;321,89;$;2;GRUPO PEÑAFLOR SA;4,5;0;Contado;6/4/2026 08:06;;ELEMENTOS;Alto;No definido;;;Vinos del Año;PEÑAFLOR GRUPO OBJETIVO;;;20032;GRIBAUDO ESTEBAN;AXUM;;;False;152612;0;Lista General;Autoservicio Tradicional - C;12268;1/4/2026;20000;MOLINA JUAN
30056;LIBERTADOR NORTE 1606;SAN FRANCISCO;1/4/2026;2/4/2026;1/4/2026;FAC-A0006-00060968;Venta;P&P LOGISTICA S.R.L;72859;3;7446,97;9010,84;CONIGLIO DIEGO ALFONSO ;;6,00%;8;ALVAREZ VANESA  KAFF;8040;F.LAS MORAS MALBEC 6X750;2482,32;3551;;TRADITIONAL TRADE;Almacen/Despensa;5931,72;BLAS ALMADA;158,45;$;2;GRUPO PEÑAFLOR SA;2,25;0;Contado;6/4/2026 08:06;;Finca Las Moras;Medio Alto;No definido;;;Vinos del Año;PEÑAFLOR GRUPO OBJETIVO;;;20032;GRIBAUDO ESTEBAN;AXUM;;;False;152640;0;Lista General;Almacen/Despensa - P;12271;1/4/2026;2;LESCANO FRANCO DARIO
30056;LIBERTADOR NORTE 1606;SAN FRANCISCO;1/4/2026;2/4/2026;1/4/2026;FAC-A0006-00060968;Venta;P&P LOGISTICA S.R.L;74735;3;7446,97;9010,84;CONIGLIO DIEGO ALFONSO ;;6,00%;8;ALVAREZ VANESA  KAFF;8040;F LAS MORAS RED BLEND  6X 750;2482,32;3551;;TRADITIONAL TRADE;Almacen/Despensa;6243,93;BLAS ALMADA;158,45;$;2;GRUPO PEÑAFLOR SA;0;0;Contado;6/4/2026 08:06;;;Medio Alto;;;;Vinos del Año;PEÑAFLOR GRUPO OBJETIVO;;;20032;GRIBAUDO ESTEBAN;AXUM;;;False;152640;0;Lista General;Almacen/Despensa - P;12271;1/4/2026;2;LESCANO FRANCO DARIO
30056;LIBERTADOR NORTE 1606;SAN FRANCISCO;1/4/2026;2/4/2026;1/4/2026;FAC-A0006-00060968;Venta;P&P LOGISTICA S.R.L;74394;3;9917,46;12000,13;CONIGLIO DIEGO ALFONSO ;;6,00%;8;ALVAREZ VANESA  KAFF;8040;DADA FMORAS N°3 6X750;3305,82;3551;;TRADITIONAL TRADE;Almacen/Despensa;8073,15;BLAS ALMADA;211,01;$;2;GRUPO PEÑAFLOR SA;2,25;0;Contado;6/4/2026 08:06;;Dada;Alto;No definido;;;Vinos del Año;PEÑAFLOR GRUPO OBJETIVO;;;20032;GRIBAUDO ESTEBAN;AXUM;;;False;152640;0;Lista General;Almacen/Despensa - P;12271;1/4/2026;2;LESCANO FRANCO DARIO
30056;LIBERTADOR NORTE 1606;SAN FRANCISCO;1/4/2026;2/4/2026;1/4/2026;FAC-A0006-00060968;Venta;P&P LOGISTICA S.R.L;74395;3;9917,46;12000,13;CONIGLIO DIEGO ALFONSO ;;6,00%;8;ALVAREZ VANESA  KAFF;8040;DADA FMORAS N°2 6X750 ;3305,82;3551;;TRADITIONAL TRADE;Almacen/Despensa;7669,5;BLAS ALMADA;211,01;$;2;GRUPO PEÑAFLOR SA;2,25;0;Contado;6/4/2026 08:06;;Dada;Alto;No definido;;;Vinos del Año;PEÑAFLOR GRUPO OBJETIVO;;;20032;GRIBAUDO ESTEBAN;AXUM;;;False;152640;0;Lista General;Almacen/Despensa - P;12271;1/4/2026;2;LESCANO FRANCO DARIO
309;AV. DE LA UNIVERSIDAD 1973;San Francisco;1/4/2026;2/4/2026;1/4/2026;FAC-A0006-00060975;Venta;P&P LOGISTICA S.R.L;35104;6;10911,88;13203,37;CONIGLIO FERRERO Y MARSILLOU MARTEK S.R.L.;;6,00%;8;ALVAREZ VANESA  KAFF;8040;SMF ICE GREENAPPLE LAT 4X6X473;1818,65;3551;;TRADITIONAL TRADE;Autoservicio Tradicional;8882,64;BLAS ALMADA;116,08;$;2;GRUPO PEÑAFLOR SA;2,838;0;Contado;6/4/2026 08:06;;Smirnoff Ice Flavours;RTD (s);No definido;;;RTD (S);PEÑAFLOR GRUPO OBJETIVO;;;20032;GRIBAUDO ESTEBAN;AXUM;;;False;152666;0;Lista General;Autoservicio Tradicional - C;12274;1/4/2026;2;LESCANO FRANCO DARIO
309;AV. DE LA UNIVERSIDAD 1973;San Francisco;1/4/2026;2/4/2026;1/4/2026;FAC-A0006-00060975;Venta;P&P LOGISTICA S.R.L;35105;6;10911,88;13203,37;CONIGLIO FERRERO Y MARSILLOU MARTEK S.R.L.;;6,00%;8;ALVAREZ VANESA  KAFF;8040;SMF ICE RED BERRIE LAT 4X6X473;1818,65;3551;;TRADITIONAL TRADE;Autoservicio Tradicional;8882,64;BLAS ALMADA;116,08;$;2;GRUPO PEÑAFLOR SA;2,838;0;Contado;6/4/2026 08:06;;Smirnoff Ice Flavours;RTD (s);No definido;;;RTD (S);PEÑAFLOR GRUPO OBJETIVO;;;20032;GRIBAUDO ESTEBAN;AXUM;;;False;152666;0;Lista General;Autoservicio Tradicional - C;12274;1/4/2026;2;LESCANO FRANCO DARIO
309;AV. DE LA UNIVERSIDAD 1973;San Francisco;1/4/2026;2/4/2026;1/4/2026;FAC-A0006-00060975;Venta;P&P LOGISTICA S.R.L;35107;6;11457,43;13863,5;CONIGLIO FERRERO Y MARSILLOU MARTEK S.R.L.;;6,00%;8;ALVAREZ VANESA  KAFF;8040;GORDON´S TONIC 4X6X473;1909,57;3551;;TRADITIONAL TRADE;Autoservicio Tradicional;9326,7;BLAS ALMADA;121,89;$;2;GRUPO PEÑAFLOR SA;2,838;0;Contado;6/4/2026 08:06;;Gordon´s;RTD (S);No definido;;;RTD (S);PEÑAFLOR GRUPO OBJETIVO;;;20032;GRIBAUDO ESTEBAN;AXUM;;;False;152666;0;Lista General;Autoservicio Tradicional - C;12274;1/4/2026;2;LESCANO FRANCO DARIO
309;AV. DE LA UNIVERSIDAD 1973;San Francisco;1/4/2026;2/4/2026;1/4/2026;FAC-A0006-00060975;Venta;P&P LOGISTICA S.R.L;35108;6;11457,43;13863,5;CONIGLIO FERRERO Y MARSILLOU MARTEK S.R.L.;;6,00%;8;ALVAREZ VANESA  KAFF;8040;SMF BC RUBYORANGE&LIME LATA 4X6X473;1909,57;3551;;TRADITIONAL TRADE;Autoservicio Tradicional;9326,7;BLAS ALMADA;121,89;$;2;GRUPO PEÑAFLOR SA;0;0;Contado;6/4/2026 08:06;;Smirnoff Ice Flavours;RTD (S);;;;RTD (S);PEÑAFLOR GRUPO OBJETIVO;;;20032;GRIBAUDO ESTEBAN;AXUM;;;False;152666;0;Lista General;Autoservicio Tradicional - C;12274;1/4/2026;2;LESCANO FRANCO DARIO
309;AV. DE LA UNIVERSIDAD 1973;San Francisco;1/4/2026;2/4/2026;1/4/2026;FAC-A0006-00060976;Venta;P&P LOGISTICA S.R.L;74208;6;19979,89;24175,67;CONIGLIO FERRERO Y MARSILLOU MARTEK S.R.L.;;10,00%;8;ALVAREZ VANESA  KAFF;8040;ALMA MORA CABSAUV6X750 ;3329,98;3551;;TRADITIONAL TRADE;Autoservicio Tradicional;16987,14;BLAS ALMADA;370;$;2;GRUPO PEÑAFLOR SA;4,5;0;Contado;6/4/2026 08:06;;Alma Mora;Alto;No definido;;;Vinos del Año;PEÑAFLOR GRUPO OBJETIVO;;;20032;GRIBAUDO ESTEBAN;AXUM;;;False;152667;0;Lista General;Autoservicio Tradicional - C;12274;1/4/2026;2;LESCANO FRANCO DARIO
309;AV. DE LA UNIVERSIDAD 1973;San Francisco;1/4/2026;2/4/2026;1/4/2026;FAC-A0006-00060976;Venta;P&P LOGISTICA S.R.L;74210;6;19979,24;24174,89;CONIGLIO FERRERO Y MARSILLOU MARTEK S.R.L.;;10,00%;8;ALVAREZ VANESA  KAFF;8040;ALMA MORA MALBEC 6X750;3329,87;3551;;TRADITIONAL TRADE;Autoservicio Tradicional;16978,08;BLAS ALMADA;369,99;$;2;GRUPO PEÑAFLOR SA;4,5;0;Contado;6/4/2026 08:06;;Alma Mora;Alto;No definido;;;Vinos del Año;PEÑAFLOR GRUPO OBJETIVO;;;20032;GRIBAUDO ESTEBAN;AXUM;;;False;152667;0;Lista General;Autoservicio Tradicional - C;12274;1/4/2026;2;LESCANO FRANCO DARIO
309;AV. DE LA UNIVERSIDAD 1973;San Francisco;1/4/2026;2/4/2026;1/4/2026;FAC-A0006-00060976;Venta;P&P LOGISTICA S.R.L;74748;3;9495,44;11489,48;CONIGLIO FERRERO Y MARSILLOU MARTEK S.R.L.;;10,00%;8;ALVAREZ VANESA  KAFF;8040;DADA N°9 CARAMEL 6X750;3165,15;3551;;TRADITIONAL TRADE;Autoservicio Tradicional;8069,1;BLAS ALMADA;351,68;$;2;GRUPO PEÑAFLOR SA;0;0;Contado;6/4/2026 08:06;;Dada;Alto;;;-No Definido-;Vinos del Año;PEÑAFLOR GRUPO OBJETIVO;;;20032;GRIBAUDO ESTEBAN;AXUM;;;False;152667;0;Lista General;Autoservicio Tradicional - C;12274;1/4/2026;2;LESCANO FRANCO DARIO
309;AV. DE LA UNIVERSIDAD 1973;San Francisco;1/4/2026;2/4/2026;1/4/2026;FAC-A0006-00060976;Venta;P&P LOGISTICA S.R.L;42102;6;17382,06;21032,29;CONIGLIO FERRERO Y MARSILLOU MARTEK S.R.L.;;10,00%;8;ALVAREZ VANESA  KAFF;8040;ELEMENTOS MALBEC 6X750 ;2897,01;3551;;TRADITIONAL TRADE;Autoservicio Tradicional;14039,52;BLAS ALMADA;321,89;$;2;GRUPO PEÑAFLOR SA;4,5;0;Contado;6/4/2026 08:06;;ELEMENTOS;Alto;No definido;;;Vinos del Año;PEÑAFLOR GRUPO OBJETIVO;;;20032;GRIBAUDO ESTEBAN;AXUM;;;False;152667;0;Lista General;Autoservicio Tradicional - C;12274;1/4/2026;2;LESCANO FRANCO DARIO
1336;AV BUENOS AIRES 73;San Francisco;1/4/2026;2/4/2026;1/4/2026;FAC-A0006-00060977;Venta;P&P LOGISTICA S.R.L;30020;3;20389,86;24671,73;ROSTAGNO RAFAEL ERNESTO;;0,00%;8;ALVAREZ VANESA  KAFF;8040;SMIRNOFF GREEN APPLE DO 6X700;6796,62;3551;;TRADITIONAL TRADE;Kiosco/Maxikiosco;16062,15;BLAS ALMADA;0;$;2;GRUPO PEÑAFLOR SA;2,1;0;Contado;6/4/2026 08:06;;Smirnoff;Standard (S);No definido;;;Vodka;PEÑAFLOR GRUPO OBJETIVO;;;20032;GRIBAUDO ESTEBAN;AXUM;;;False;152675;0;Lista General;Kiosco/Maxikiosco - C;12274;1/4/2026;2;LESCANO FRANCO DARIO
7240;J.J PASO 2505;SAN FRANCISCO;1/4/2026;2/4/2026;1/4/2026;FAC-A0006-00060978;Venta;P&P LOGISTICA S.R.L;35105;6;11608,38;14046,14;FUNEZ SOLANGE BEATRIZ;;0,00%;3;GAMBINO NADIA;3040;SMF ICE RED BERRIE LAT 4X6X473;1934,73;3551;;TRADITIONAL TRADE;Almacen/Despensa;8882,64;BLAS ALMADA;0;$;2;GRUPO PEÑAFLOR SA;2,838;0;Contado;6/4/2026 08:06;;Smirnoff Ice Flavours;RTD (s);No definido;;;RTD (S);PEÑAFLOR GRUPO OBJETIVO;;;20032;GRIBAUDO ESTEBAN;AXUM;;;False;152676;0;Lista General;Almacen/Despensa - B;12274;1/4/2026;2;LESCANO FRANCO DARIO
89;AV MARIAN O MORENO ESQ RIVADAVIA 0;Arroyito;1/4/2026;2/4/2026;30/3/2026;FAC-B0006-00012980;Venta;P&P LOGISTICA S.R.L;30022;6;36701,75;44409,12;LUNA JESICA PAOLA;;10,00%;2;LUDUEÑA JULIANA;2020;SMIRNOFF RASPBERRY DO 6X700;6116,96;3533;;TRADITIONAL TRADE;Kiosco/Maxikiosco;32124,3;DELGADO MAYCO JOAQUIN;679,66;$;2;GRUPO PEÑAFLOR SA;4,2;0;Contado;6/4/2026 08:34;;Smirnoff;Standard (S);No definido;;;Vodka;PEÑAFLOR GRUPO OBJETIVO;;;20032;GRIBAUDO ESTEBAN;AXUM;;;False;151806;0;Lista General;Kiosco/Maxikiosco - P;12261;31/3/2026;2;LESCANO FRANCO DARIO
89;AV MARIAN O MORENO ESQ RIVADAVIA 0;Arroyito;1/4/2026;2/4/2026;30/3/2026;FAC-B0006-00012980;Venta;P&P LOGISTICA S.R.L;30020;12;73403,5;88818,23;LUNA JESICA PAOLA;;10,00%;2;LUDUEÑA JULIANA;2020;SMIRNOFF GREEN APPLE DO 6X700;6116,96;3533;;TRADITIONAL TRADE;Kiosco/Maxikiosco;64248,6;DELGADO MAYCO JOAQUIN;679,66;$;2;GRUPO PEÑAFLOR SA;8,4;0;Contado;6/4/2026 08:34;;Smirnoff;Standard (S);No definido;;;Vodka;PEÑAFLOR GRUPO OBJETIVO;;;20032;GRIBAUDO ESTEBAN;AXUM;;;False;151806;0;Lista General;Kiosco/Maxikiosco - P;12261;31/3/2026;2;LESCANO FRANCO DARIO
89;AV MARIAN O MORENO ESQ RIVADAVIA 0;Arroyito;1/4/2026;2/4/2026;30/3/2026;FAC-B0006-00012980;Venta;P&P LOGISTICA S.R.L;30131;6;36701,75;44409,12;LUNA JESICA PAOLA;;10,00%;2;LUDUEÑA JULIANA;2020;SMIRNOFF TROPICAL FRUITS 6X700;6116,96;3533;;TRADITIONAL TRADE;Kiosco/Maxikiosco;32124,3;DELGADO MAYCO JOAQUIN;679,66;$;2;GRUPO PEÑAFLOR SA;4,2;0;Contado;6/4/2026 08:34;;Smirnoff;Standard (S);No definido;;;Vodka;PEÑAFLOR GRUPO OBJETIVO;;;20032;GRIBAUDO ESTEBAN;AXUM;;;False;151806;0;Lista General;Kiosco/Maxikiosco - P;12261;31/3/2026;2;LESCANO FRANCO DARIO
89;AV MARIAN O MORENO ESQ RIVADAVIA 0;Arroyito;1/4/2026;2/4/2026;30/3/2026;FAC-B0006-00012980;Venta;P&P LOGISTICA S.R.L;35105;12;21823,75;26406,74;LUNA JESICA PAOLA;;6,00%;2;LUDUEÑA JULIANA;2020;SMF ICE RED BERRIE LAT 4X6X473;1818,65;3533;;TRADITIONAL TRADE;Kiosco/Maxikiosco;17765,28;DELGADO MAYCO JOAQUIN;116,08;$;2;GRUPO PEÑAFLOR SA;5,676;0;Contado;6/4/2026 08:34;;Smirnoff Ice Flavours;RTD (s);No definido;;;RTD (S);PEÑAFLOR GRUPO OBJETIVO;;;20032;GRIBAUDO ESTEBAN;AXUM;;;False;151806;0;Lista General;Kiosco/Maxikiosco - P;12261;31/3/2026;2;LESCANO FRANCO DARIO
89;AV MARIAN O MORENO ESQ RIVADAVIA 0;Arroyito;1/4/2026;2/4/2026;30/3/2026;FAC-B0006-00012980;Venta;P&P LOGISTICA S.R.L;35104;6;10911,88;13203,37;LUNA JESICA PAOLA;;6,00%;2;LUDUEÑA JULIANA;2020;SMF ICE GREENAPPLE LAT 4X6X473;1818,65;3533;;TRADITIONAL TRADE;Kiosco/Maxikiosco;8882,64;DELGADO MAYCO JOAQUIN;116,08;$;2;GRUPO PEÑAFLOR SA;2,838;0;Contado;6/4/2026 08:34;;Smirnoff Ice Flavours;RTD (s);No definido;;;RTD (S);PEÑAFLOR GRUPO OBJETIVO;;;20032;GRIBAUDO ESTEBAN;AXUM;;;False;151806;0;Lista General;Kiosco/Maxikiosco - P;12261;31/3/2026;2;LESCANO FRANCO DARIO
2201;JOSE A VOCOS 72;ARROYITO;1/4/2026;2/4/2026;30/3/2026;FAC-B0006-00012984;Venta;P&P LOGISTICA S.R.L;74840;6;14756,74;17855,66;LUNA SANDRA;;10,00%;2;LUDUEÑA JULIANA;2020;ALARIS D.COSECHA TINTO 6X750;2459,46;3533;;TRADITIONAL TRADE;Kiosco/Maxikiosco;12922,74;DELGADO MAYCO JOAQUIN;273,27;$;2;GRUPO PEÑAFLOR SA;0;0;Contado;6/4/2026 08:34;;Alaris;Medio Alto;;;;Vinos del Año;PEÑAFLOR GRUPO OBJETIVO;;;20032;GRIBAUDO ESTEBAN;AXUM;;;False;152095;0;Lista General;Kiosco/Maxikiosco - B;12261;31/3/2026;2;LESCANO FRANCO DARIO
2201;JOSE A VOCOS 72;ARROYITO;1/4/2026;2/4/2026;30/3/2026;FAC-B0006-00012984;Venta;P&P LOGISTICA S.R.L;35105;6;10911,88;13203,37;LUNA SANDRA;;6,00%;2;LUDUEÑA JULIANA;2020;SMF ICE RED BERRIE LAT 4X6X473;1818,65;3533;;TRADITIONAL TRADE;Kiosco/Maxikiosco;8882,64;DELGADO MAYCO JOAQUIN;116,08;$;2;GRUPO PEÑAFLOR SA;2,838;0;Contado;6/4/2026 08:34;;Smirnoff Ice Flavours;RTD (s);No definido;;;RTD (S);PEÑAFLOR GRUPO OBJETIVO;;;20032;GRIBAUDO ESTEBAN;AXUM;;;False;152095;0;Lista General;Kiosco/Maxikiosco - B;12261;31/3/2026;2;LESCANO FRANCO DARIO
2201;JOSE A VOCOS 72;ARROYITO;1/4/2026;2/4/2026;30/3/2026;FAC-B0006-00012984;Venta;P&P LOGISTICA S.R.L;35105;6;10911,88;13203,37;LUNA SANDRA;;6,00%;2;LUDUEÑA JULIANA;2020;SMF ICE RED BERRIE LAT 4X6X473;1818,65;3533;;TRADITIONAL TRADE;Kiosco/Maxikiosco;8882,64;DELGADO MAYCO JOAQUIN;116,08;$;2;GRUPO PEÑAFLOR SA;2,838;0;Contado;6/4/2026 08:34;;Smirnoff Ice Flavours;RTD (s);No definido;;;RTD (S);PEÑAFLOR GRUPO OBJETIVO;;;20032;GRIBAUDO ESTEBAN;AXUM;;;False;152095;0;Lista General;Kiosco/Maxikiosco - B;12261;31/3/2026;2;LESCANO FRANCO DARIO
2201;JOSE A VOCOS 72;ARROYITO;1/4/2026;2/4/2026;30/3/2026;FAC-B0006-00012984;Venta;P&P LOGISTICA S.R.L;30023;3;30950,34;37449,92;LUNA SANDRA;;10,00%;2;LUDUEÑA JULIANA;2020;WHITE HORSE DO 12X750;10316,78;3533;;TRADITIONAL TRADE;Kiosco/Maxikiosco;27103,77;DELGADO MAYCO JOAQUIN;1146,31;$;2;GRUPO PEÑAFLOR SA;2,25;0;Contado;6/4/2026 08:34;;White Horse;Standard (S);No definido;;;Whisky;PEÑAFLOR GRUPO OBJETIVO;;;20032;GRIBAUDO ESTEBAN;AXUM;;;False;152095;0;Lista General;Kiosco/Maxikiosco - B;12261;31/3/2026;2;LESCANO FRANCO DARIO
190;MARIANO MORENO 1536;Arroyito;1/4/2026;2/4/2026;31/3/2026;FAC-B0006-00012993;Venta;P&P LOGISTICA S.R.L;35104;48;92867,04;112369,12;PIOVANO JENNIFER;;0,00%;10;ORTEGA MILAGROS DESIREE;1020;SMF ICE GREENAPPLE LAT 4X6X473;1934,73;3533;;TRADITIONAL TRADE;Kiosco/Maxikiosco;71061,12;DELGADO MAYCO JOAQUIN;0;$;2;GRUPO PEÑAFLOR SA;22,704;0;Contado;6/4/2026 08:34;;Smirnoff Ice Flavours;RTD (s);No definido;;;RTD (S);PEÑAFLOR GRUPO OBJETIVO;;;20032;GRIBAUDO ESTEBAN;AXUM;;;False;152488;0;Lista General;Kiosco/Maxikiosco - P;12262;1/4/2026;2;LESCANO FRANCO DARIO
190;MARIANO MORENO 1536;Arroyito;1/4/2026;2/4/2026;31/3/2026;FAC-B0006-00012993;Venta;P&P LOGISTICA S.R.L;35105;48;92867,04;112369,12;PIOVANO JENNIFER;;0,00%;10;ORTEGA MILAGROS DESIREE;1020;SMF ICE RED BERRIE LAT 4X6X473;1934,73;3533;;TRADITIONAL TRADE;Kiosco/Maxikiosco;71061,12;DELGADO MAYCO JOAQUIN;0;$;2;GRUPO PEÑAFLOR SA;22,704;0;Contado;6/4/2026 08:34;;Smirnoff Ice Flavours;RTD (s);No definido;;;RTD (S);PEÑAFLOR GRUPO OBJETIVO;;;20032;GRIBAUDO ESTEBAN;AXUM;;;False;152488;0;Lista General;Kiosco/Maxikiosco - P;12262;1/4/2026;2;LESCANO FRANCO DARIO
1098;JOSE QUINTELA 1315;Arroyito;1/4/2026;2/4/2026;31/3/2026;FAC-B0006-00012994;Venta;P&P LOGISTICA S.R.L;74393;6;19412,9;23489,61;LA FAMILIA;;8,00%;10;ORTEGA MILAGROS DESIREE;1030;DADA FMORAS N°1 6X750;3235,48;3533;;TRADITIONAL TRADE;Almacen/Despensa;15339;DELGADO MAYCO JOAQUIN;281,35;$;2;GRUPO PEÑAFLOR SA;4,5;0;Contado;6/4/2026 08:34;;Dada;Alto;No definido;;;Vinos del Año;PEÑAFLOR GRUPO OBJETIVO;;;20032;GRIBAUDO ESTEBAN;AXUM;;;False;152489;0;Lista General;Almacen/Despensa - B;12262;1/4/2026;2;LESCANO FRANCO DARIO
638;JOSE M. ESTRADA 1372;BRINKMANN;1/4/2026;2/4/2026;31/3/2026;FAC-B0006-00012996;Venta;P&P LOGISTICA S.R.L;30002;1;26286,11;31806,19;DALMAU RUBEN DARIO;;0,00%;4;GRIBAUDO ANGEL;4030;JW RED 12X1000 UK;26286,11;3537;;TRADITIONAL TRADE;Almacen/Despensa;20717,3;CHOFER DE PRUEBA;0;$;2;GRUPO PEÑAFLOR SA;1;0;Contado;6/4/2026 07:34;;JW;Standard (S);No definido;;;Whisky;PEÑAFLOR GRUPO OBJETIVO;;;20032;GRIBAUDO ESTEBAN;AXUM;;;False;152239;0;Lista General;Almacen/Despensa - A;12262;1/4/2026;2;LESCANO FRANCO DARIO
2674;SAN JOSE 446;BALNEARIA;1/4/2026;2/4/2026;31/3/2026;FAC-B0006-00013001;Venta;P&P LOGISTICA S.R.L;35104;6;11608,38;14046,14;SANJUAN CARLOS JOAQUIN;;0,00%;6;PEYRONEL ANDREA;6031;SMF ICE GREENAPPLE LAT 4X6X473;1934,73;3544;;TRADITIONAL TRADE;Almacen/Despensa;8882,64;ACOSTA FACUNDO;0;$;2;GRUPO PEÑAFLOR SA;2,838;0;Contado;7/4/2026 10:35;;Smirnoff Ice Flavours;RTD (s);No definido;;;RTD (S);PEÑAFLOR GRUPO OBJETIVO;;;20032;GRIBAUDO ESTEBAN;AXUM;;;False;152235;0;Lista General;Almacen/Despensa - B;12263;1/4/2026;20000;MOLINA JUAN
2674;SAN JOSE 446;BALNEARIA;1/4/2026;2/4/2026;31/3/2026;FAC-B0006-00013001;Venta;P&P LOGISTICA S.R.L;35105;6;11608,38;14046,14;SANJUAN CARLOS JOAQUIN;;0,00%;6;PEYRONEL ANDREA;6031;SMF ICE RED BERRIE LAT 4X6X473;1934,73;3544;;TRADITIONAL TRADE;Almacen/Despensa;8882,64;ACOSTA FACUNDO;0;$;2;GRUPO PEÑAFLOR SA;2,838;0;Contado;7/4/2026 10:35;;Smirnoff Ice Flavours;RTD (s);No definido;;;RTD (S);PEÑAFLOR GRUPO OBJETIVO;;;20032;GRIBAUDO ESTEBAN;AXUM;;;False;152235;0;Lista General;Almacen/Despensa - B;12263;1/4/2026;20000;MOLINA JUAN
2674;SAN JOSE 446;BALNEARIA;1/4/2026;2/4/2026;31/3/2026;FAC-B0006-00013001;Venta;P&P LOGISTICA S.R.L;74210;6;20201,24;24443,5;SANJUAN CARLOS JOAQUIN;;9,00%;6;PEYRONEL ANDREA;6031;ALMA MORA MALBEC 6X750;3366,87;3544;;TRADITIONAL TRADE;Almacen/Despensa;16978,08;ACOSTA FACUNDO;332,99;$;2;GRUPO PEÑAFLOR SA;4,5;0;Contado;7/4/2026 10:35;;Alma Mora;Alto;No definido;;;Vinos del Año;PEÑAFLOR GRUPO OBJETIVO;;;20032;GRIBAUDO ESTEBAN;AXUM;;;False;152235;0;Lista General;Almacen/Despensa - B;12263;1/4/2026;20000;MOLINA JUAN
277;ESQUIU 69;MIRAMAR;1/4/2026;2/4/2026;1/4/2026;FAC-B0006-00013006;Venta;P&P LOGISTICA S.R.L;35105;6;11608,38;14046,14;CRAVERO RUBEN DARIO;;0,00%;6;PEYRONEL ANDREA;6040;SMF ICE RED BERRIE LAT 4X6X473;1934,73;3544;;TRADITIONAL TRADE;Almacen/Despensa;8882,64;ACOSTA FACUNDO;0;$;2;GRUPO PEÑAFLOR SA;2,838;0;Contado;7/4/2026 10:35;;Smirnoff Ice Flavours;RTD (s);No definido;;;RTD (S);PEÑAFLOR GRUPO OBJETIVO;;;20032;GRIBAUDO ESTEBAN;AXUM;;;False;152672;0;Lista General;Almacen/Despensa - C;12273;1/4/2026;20000;MOLINA JUAN
277;ESQUIU 69;MIRAMAR;1/4/2026;2/4/2026;1/4/2026;FAC-B0006-00013006;Venta;P&P LOGISTICA S.R.L;71704;3;7542,33;9126,23;CRAVERO RUBEN DARIO;;8,00%;6;PEYRONEL ANDREA;6040;TRAPICHE ALARIS MALBEC 6X750;2514,11;3544;;TRADITIONAL TRADE;Almacen/Despensa;6461,37;ACOSTA FACUNDO;218,62;$;2;GRUPO PEÑAFLOR SA;2,25;0;Contado;7/4/2026 10:35;;Alaris;Medio Alto;No definido;;;Vinos del Año;PEÑAFLOR GRUPO OBJETIVO;;;20032;GRIBAUDO ESTEBAN;AXUM;;;False;152672;0;Lista General;Almacen/Despensa - C;12273;1/4/2026;20000;MOLINA JUAN
277;ESQUIU 69;MIRAMAR;1/4/2026;2/4/2026;1/4/2026;FAC-B0006-00013006;Venta;P&P LOGISTICA S.R.L;74814;3;8219;9944,99;CRAVERO RUBEN DARIO;;8,00%;6;PEYRONEL ANDREA;6040;CAZADOR MALBEC 6X750;2739,67;3544;;TRADITIONAL TRADE;Almacen/Despensa;6835,98;ACOSTA FACUNDO;238,23;$;2;GRUPO PEÑAFLOR SA;0;0;Contado;7/4/2026 10:35;;;;;;;;PEÑAFLOR GRUPO OBJETIVO;;;20032;GRIBAUDO ESTEBAN;AXUM;;;False;152672;0;Lista General;Almacen/Despensa - C;12273;1/4/2026;20000;MOLINA JUAN
277;ESQUIU 69;MIRAMAR;1/4/2026;2/4/2026;1/4/2026;FAC-B0006-00013006;Venta;P&P LOGISTICA S.R.L;14507;3;8468,12;10246,43;CRAVERO RUBEN DARIO;;8,00%;6;PEYRONEL ANDREA;6040;EL BAUTISMO MALBEC 6X750 ;2822,71;3544;;TRADITIONAL TRADE;Almacen/Despensa;7254,48;ACOSTA FACUNDO;245,45;$;2;GRUPO PEÑAFLOR SA;2,25;0;Contado;7/4/2026 10:35;;El Bautismo;Medio Alto;No definido;;;Vinos del Año;PEÑAFLOR GRUPO OBJETIVO;;;20032;GRIBAUDO ESTEBAN;AXUM;;;False;152672;0;Lista General;Almacen/Despensa - C;12273;1/4/2026;20000;MOLINA JUAN
277;ESQUIU 69;MIRAMAR;1/4/2026;2/4/2026;1/4/2026;FAC-B0006-00013006;Venta;P&P LOGISTICA S.R.L;74263;3;7542,33;9126,23;CRAVERO RUBEN DARIO;;8,00%;6;PEYRONEL ANDREA;6040;TRAPICHE ALARIS TORRONTES 6X750 ;2514,11;3544;;TRADITIONAL TRADE;Almacen/Despensa;6461,37;ACOSTA FACUNDO;218,62;$;2;GRUPO PEÑAFLOR SA;2,25;0;Contado;7/4/2026 10:35;;Alaris;Medio Alto;No definido;;;Vinos del Año;PEÑAFLOR GRUPO OBJETIVO;;;20032;GRIBAUDO ESTEBAN;AXUM;;;False;152672;0;Lista General;Almacen/Despensa - C;12273;1/4/2026;20000;MOLINA JUAN
2357;BELGRANO 601;ARROYITO;1/4/2026;2/4/2026;30/3/2026;FAC-A0001-00042194;Venta;Empresa;30134;2;18789,64;22735,47;HECTOR IVAN HERNANDEZ;;10,00%;2;LUDUEÑA JULIANA;2020;GORDON´S PINK GIN 6X700;9394,82;3533;;TRADITIONAL TRADE;Autoservicio Tradicional;16454,42;DELGADO MAYCO JOAQUIN;1043,87;$;2;GRUPO PEÑAFLOR SA;0;0;Contado;6/4/2026 08:34;;#¿NOMBRE?;Standard (S);No definido;;-No Definido-;Gin;PEÑAFLOR GRUPO OBJETIVO;;;20032;GRIBAUDO ESTEBAN;AXUM;;;False;151935;0;Lista General;Autoservicio Tradicional - B;12261;31/3/2026;2;LESCANO FRANCO DARIO
2357;BELGRANO 601;ARROYITO;1/4/2026;2/4/2026;30/3/2026;FAC-A0001-00042194;Venta;Empresa;30139;2;18789,64;22735,47;HECTOR IVAN HERNANDEZ;;10,00%;2;LUDUEÑA JULIANA;2020;GORDONS  TROPICAL FRUITS 6X700;9394,82;3533;;TRADITIONAL TRADE;Autoservicio Tradicional;16454,42;DELGADO MAYCO JOAQUIN;1043,87;$;2;GRUPO PEÑAFLOR SA;0;0;Contado;6/4/2026 08:34;;;;;;;;PEÑAFLOR GRUPO OBJETIVO;;;20032;GRIBAUDO ESTEBAN;AXUM;;;False;151935;0;Lista General;Autoservicio Tradicional - B;12261;31/3/2026;2;LESCANO FRANCO DARIO
2357;BELGRANO 601;ARROYITO;1/4/2026;2/4/2026;30/3/2026;FAC-A0001-00042194;Venta;Empresa;30131;18;110105,24;133227,35;HECTOR IVAN HERNANDEZ;;10,00%;2;LUDUEÑA JULIANA;2020;SMIRNOFF TROPICAL FRUITS 6X700;6116,96;3533;;TRADITIONAL TRADE;Autoservicio Tradicional;96372,9;DELGADO MAYCO JOAQUIN;679,66;$;2;GRUPO PEÑAFLOR SA;12,6;0;Contado;6/4/2026 08:34;;Smirnoff;Standard (S);No definido;;;Vodka;PEÑAFLOR GRUPO OBJETIVO;;;20032;GRIBAUDO ESTEBAN;AXUM;;;False;151935;0;Lista General;Autoservicio Tradicional - B;12261;31/3/2026;2;LESCANO FRANCO DARIO
1288;AV MANUEL SERRA 1863;Arroyito;1/4/2026;2/4/2026;31/3/2026;FAC-A0001-00042196;Venta;Empresa;30020;18;110105,24;133227,35;LIN AGUSTIN;;10,00%;10;ORTEGA MILAGROS DESIREE;1030;SMIRNOFF GREEN APPLE DO 6X700;6116,96;3533;;TRADITIONAL TRADE;Autoservicio Tradicional;96372,9;DELGADO MAYCO JOAQUIN;679,66;$;2;GRUPO PEÑAFLOR SA;12,6;0;Contado;6/4/2026 08:34;;Smirnoff;Standard (S);No definido;;;Vodka;PEÑAFLOR GRUPO OBJETIVO;;;20032;GRIBAUDO ESTEBAN;AXUM;;;False;152452;0;Lista General;Autoservicio Tradicional - A;12262;1/4/2026;2;LESCANO FRANCO DARIO
1288;AV MANUEL SERRA 1863;Arroyito;1/4/2026;2/4/2026;31/3/2026;FAC-A0001-00042196;Venta;Empresa;30131;18;110105,24;133227,35;LIN AGUSTIN;;10,00%;10;ORTEGA MILAGROS DESIREE;1030;SMIRNOFF TROPICAL FRUITS 6X700;6116,96;3533;;TRADITIONAL TRADE;Autoservicio Tradicional;96372,9;DELGADO MAYCO JOAQUIN;679,66;$;2;GRUPO PEÑAFLOR SA;12,6;0;Contado;6/4/2026 08:34;;Smirnoff;Standard (S);No definido;;;Vodka;PEÑAFLOR GRUPO OBJETIVO;;;20032;GRIBAUDO ESTEBAN;AXUM;;;False;152452;0;Lista General;Autoservicio Tradicional - A;12262;1/4/2026;2;LESCANO FRANCO DARIO
2953;SAN MARTIN ESQ TOMAS JUAREZ 0;ARROYITO;1/4/2026;2/4/2026;31/3/2026;FAC-A0001-00042197;Venta;Empresa;30022;6;37109,55;44902,55;YAKO DRUGSTORE S.A.S.;;9,00%;10;ORTEGA MILAGROS DESIREE;1020;SMIRNOFF RASPBERRY DO 6X700;6184,92;3533;;TRADITIONAL TRADE;Almacen/Despensa;32124,3;DELGADO MAYCO JOAQUIN;611,7;$;2;GRUPO PEÑAFLOR SA;4,2;0;Contado;6/4/2026 08:34;;Smirnoff;Standard (S);No definido;;;Vodka;PEÑAFLOR GRUPO OBJETIVO;;;20032;GRIBAUDO ESTEBAN;AXUM;;;False;152512;0;Lista General;Almacen/Despensa - P;12262;1/4/2026;2;LESCANO FRANCO DARIO
2953;SAN MARTIN ESQ TOMAS JUAREZ 0;ARROYITO;1/4/2026;2/4/2026;31/3/2026;FAC-A0001-00042197;Venta;Empresa;30020;24;148438,18;179610,2;YAKO DRUGSTORE S.A.S.;;9,00%;10;ORTEGA MILAGROS DESIREE;1020;SMIRNOFF GREEN APPLE DO 6X700;6184,92;3533;;TRADITIONAL TRADE;Almacen/Despensa;128497,2;DELGADO MAYCO JOAQUIN;611,7;$;2;GRUPO PEÑAFLOR SA;16,8;0;Contado;6/4/2026 08:34;;Smirnoff;Standard (S);No definido;;;Vodka;PEÑAFLOR GRUPO OBJETIVO;;;20032;GRIBAUDO ESTEBAN;AXUM;;;False;152512;0;Lista General;Almacen/Despensa - P;12262;1/4/2026;2;LESCANO FRANCO DARIO
2953;SAN MARTIN ESQ TOMAS JUAREZ 0;ARROYITO;1/4/2026;2/4/2026;31/3/2026;FAC-A0001-00042197;Venta;Empresa;74446;24;114349,1;138362,42;YAKO DRUGSTORE S.A.S.;;10,00%;10;ORTEGA MILAGROS DESIREE;1020;DADA 7 SWEET  6X750;4764,55;3533;;TRADITIONAL TRADE;Almacen/Despensa;97221,12;DELGADO MAYCO JOAQUIN;529,39;$;2;GRUPO PEÑAFLOR SA;0;0;Contado;6/4/2026 08:34;;;;;;;;PEÑAFLOR GRUPO OBJETIVO;;;20032;GRIBAUDO ESTEBAN;AXUM;;;False;152512;0;Lista General;Almacen/Despensa - P;12262;1/4/2026;2;LESCANO FRANCO DARIO
563;PASAJE MARCHIARO 1146;BRINKMANN;1/4/2026;2/4/2026;31/3/2026;FAC-A0001-00042200;Venta;Empresa;14507;6;16936,24;20492,85;LUDUEÑA ALEJANDRA DEL VALLE;;8,00%;4;GRIBAUDO ANGEL;4030;EL BAUTISMO MALBEC 6X750 ;2822,71;3537;;TRADITIONAL TRADE;Almacen/Despensa;14508,96;CHOFER DE PRUEBA;245,45;$;2;GRUPO PEÑAFLOR SA;4,5;0;Contado;6/4/2026 07:34;;El Bautismo;Medio Alto;No definido;;;Vinos del Año;PEÑAFLOR GRUPO OBJETIVO;;;20032;GRIBAUDO ESTEBAN;AXUM;;;False;152443;0;Lista General;Almacen/Despensa - P;12262;1/4/2026;2;LESCANO FRANCO DARIO
563;PASAJE MARCHIARO 1146;BRINKMANN;1/4/2026;2/4/2026;31/3/2026;FAC-A0001-00042200;Venta;Empresa;74210;6;20423,23;24712,1;LUDUEÑA ALEJANDRA DEL VALLE;;8,00%;4;GRIBAUDO ANGEL;4030;ALMA MORA MALBEC 6X750;3403,87;3537;;TRADITIONAL TRADE;Almacen/Despensa;16978,08;CHOFER DE PRUEBA;295,99;$;2;GRUPO PEÑAFLOR SA;4,5;0;Contado;6/4/2026 07:34;;Alma Mora;Alto;No definido;;;Vinos del Año;PEÑAFLOR GRUPO OBJETIVO;;;20032;GRIBAUDO ESTEBAN;AXUM;;;False;152443;0;Lista General;Almacen/Despensa - P;12262;1/4/2026;2;LESCANO FRANCO DARIO
563;PASAJE MARCHIARO 1146;BRINKMANN;1/4/2026;2/4/2026;31/3/2026;FAC-A0001-00042200;Venta;Empresa;35105;12;20895,08;25283,05;LUDUEÑA ALEJANDRA DEL VALLE;;10,00%;4;GRIBAUDO ANGEL;4030;SMF ICE RED BERRIE LAT 4X6X473;1741,26;3537;;TRADITIONAL TRADE;Almacen/Despensa;17765,28;CHOFER DE PRUEBA;193,47;$;2;GRUPO PEÑAFLOR SA;5,676;0;Contado;6/4/2026 07:34;;Smirnoff Ice Flavours;RTD (s);No definido;;;RTD (S);PEÑAFLOR GRUPO OBJETIVO;;;20032;GRIBAUDO ESTEBAN;AXUM;;;False;152443;0;Lista General;Almacen/Despensa - P;12262;1/4/2026;2;LESCANO FRANCO DARIO
563;PASAJE MARCHIARO 1146;BRINKMANN;1/4/2026;2/4/2026;31/3/2026;FAC-A0001-00042200;Venta;Empresa;14594;6;7668,54;9278,93;LUDUEÑA ALEJANDRA DEL VALLE;;0,00%;4;GRIBAUDO ANGEL;4030;FRIZZE BLUE LATA X473;1278,09;3537;;TRADITIONAL TRADE;Almacen/Despensa;5867,88;CHOFER DE PRUEBA;0;$;2;GRUPO PEÑAFLOR SA;2,838;0;Contado;6/4/2026 07:34;;;RTD (S);No definido;;;RTD (S);PEÑAFLOR GRUPO OBJETIVO;;;20032;GRIBAUDO ESTEBAN;AXUM;;;False;152443;0;Lista General;Almacen/Despensa - P;12262;1/4/2026;2;LESCANO FRANCO DARIO
1255;AV BRINKMAN-ESQ  BV BELGRANO 901;Brinkmann;1/4/2026;2/4/2026;31/3/2026;FAC-A0001-00042203;Venta;Empresa;42101;3;8401,33;10165,61;CLEMENTE C Y J S.A.S.;;13,00%;4;GRIBAUDO ANGEL;4030;ELEMENTOS CABSAUV 6X750 ;2800,44;3537;;TRADITIONAL TRADE;Autoservicio Tradicional;7389,21;CHOFER DE PRUEBA;418,46;$;2;GRUPO PEÑAFLOR SA;2,25;0;Contado;6/4/2026 07:34;;ELEMENTOS;Alto;No definido;;;Vinos del Año;PEÑAFLOR GRUPO OBJETIVO;;;20032;GRIBAUDO ESTEBAN;AXUM;;;False;152513;0;Lista General;Autoservicio Tradicional - P;12262;31/3/2026;2;LESCANO FRANCO DARIO
1255;AV BRINKMAN-ESQ  BV BELGRANO 901;Brinkmann;1/4/2026;2/4/2026;31/3/2026;FAC-A0001-00042203;Venta;Empresa;72859;6;13784,82;16679,63;CLEMENTE C Y J S.A.S.;;13,00%;4;GRIBAUDO ANGEL;4030;F.LAS MORAS MALBEC 6X750;2297,47;3537;;TRADITIONAL TRADE;Autoservicio Tradicional;11863,44;CHOFER DE PRUEBA;343,3;$;2;GRUPO PEÑAFLOR SA;4,5;0;Contado;6/4/2026 07:34;;Finca Las Moras;Medio Alto;No definido;;;Vinos del Año;PEÑAFLOR GRUPO OBJETIVO;;;20032;GRIBAUDO ESTEBAN;AXUM;;;False;152513;0;Lista General;Autoservicio Tradicional - P;12262;31/3/2026;2;LESCANO FRANCO DARIO
1255;AV BRINKMAN-ESQ  BV BELGRANO 901;Brinkmann;1/4/2026;2/4/2026;31/3/2026;FAC-A0001-00042203;Venta;Empresa;74393;6;18357,85;22213;CLEMENTE C Y J S.A.S.;;13,00%;4;GRIBAUDO ANGEL;4030;DADA FMORAS N°1 6X750;3059,64;3537;;TRADITIONAL TRADE;Autoservicio Tradicional;15339;CHOFER DE PRUEBA;457,19;$;2;GRUPO PEÑAFLOR SA;4,5;0;Contado;6/4/2026 07:34;;Dada;Alto;No definido;;;Vinos del Año;PEÑAFLOR GRUPO OBJETIVO;;;20032;GRIBAUDO ESTEBAN;AXUM;;;False;152513;0;Lista General;Autoservicio Tradicional - P;12262;31/3/2026;2;LESCANO FRANCO DARIO
1255;AV BRINKMAN-ESQ  BV BELGRANO 901;Brinkmann;1/4/2026;2/4/2026;31/3/2026;FAC-A0001-00042203;Venta;Empresa;74749;6;31255,32;37818,94;CLEMENTE C Y J S.A.S.;;13,00%;4;GRIBAUDO ANGEL;4030;INTOCABLES DOUBLE OAK 6 X 750;5209,22;3537;;TRADITIONAL TRADE;Autoservicio Tradicional;28314,66;CHOFER DE PRUEBA;778,39;$;2;GRUPO PEÑAFLOR SA;0;0;Contado;6/4/2026 07:34;;#¿NOMBRE?;Premium;;;-No Definido-;Vino de Guarda;PEÑAFLOR GRUPO OBJETIVO;;;20032;GRIBAUDO ESTEBAN;AXUM;;;False;152513;0;Lista General;Autoservicio Tradicional - P;12262;31/3/2026;2;LESCANO FRANCO DARIO
1178;BV CORDOBA 249;La Francia;1/4/2026;1/4/2026;1/4/2026;FAC-A0001-00042205;Venta;Empresa;74210;6;19979,24;24174,89;WANG JINHUA;;10,00%;10;ORTEGA MILAGROS DESIREE;1041;ALMA MORA MALBEC 6X750;3329,87;3550;;TRADITIONAL TRADE;Autoservicio Tradicional;16978,08;ACOSTA FACUNDO;369,99;$;2;GRUPO PEÑAFLOR SA;4,5;0;Contado;7/4/2026 10:40;;Alma Mora;Alto;No definido;;;Vinos del Año;PEÑAFLOR GRUPO OBJETIVO;;;20032;GRIBAUDO ESTEBAN;AXUM;;;False;152660;0;Lista General;Autoservicio Tradicional - P;12270;1/4/2026;20000;MOLINA JUAN
1178;BV CORDOBA 249;La Francia;1/4/2026;1/4/2026;1/4/2026;FAC-A0001-00042205;Venta;Empresa;74569;3;9495,44;11489,48;WANG JINHUA;;10,00%;10;ORTEGA MILAGROS DESIREE;1041;DADA N°8 CHOCOLATE 6X750 ;3165,15;3550;;TRADITIONAL TRADE;Autoservicio Tradicional;8073,15;ACOSTA FACUNDO;351,68;$;2;GRUPO PEÑAFLOR SA;2,25;0;Contado;7/4/2026 10:40;;Dada;Alto;No definido;;;Vinos del Año;PEÑAFLOR GRUPO OBJETIVO;;;20032;GRIBAUDO ESTEBAN;AXUM;;;False;152660;0;Lista General;Autoservicio Tradicional - P;12270;1/4/2026;20000;MOLINA JUAN
1178;BV CORDOBA 249;La Francia;1/4/2026;1/4/2026;1/4/2026;FAC-A0001-00042205;Venta;Empresa;74813;3;14293,64;17295,3;WANG JINHUA;;10,00%;10;ORTEGA MILAGROS DESIREE;1041;DADA EXTRA BRUT 6X750;4764,55;3550;;TRADITIONAL TRADE;Autoservicio Tradicional;12152,64;ACOSTA FACUNDO;529,39;$;2;GRUPO PEÑAFLOR SA;0;0;Contado;7/4/2026 10:40;;;;;;;;PEÑAFLOR GRUPO OBJETIVO;;;20032;GRIBAUDO ESTEBAN;AXUM;;;False;152660;0;Lista General;Autoservicio Tradicional - P;12270;1/4/2026;20000;MOLINA JUAN
1178;BV CORDOBA 249;La Francia;1/4/2026;1/4/2026;1/4/2026;FAC-A0001-00042205;Venta;Empresa;20500;3;10127,79;12254,63;WANG JINHUA;;8,00%;10;ORTEGA MILAGROS DESIREE;1041;SUTER CHAMPAÑA E.BRUT 6X750;3375,93;3550;;TRADITIONAL TRADE;Autoservicio Tradicional;8423,58;ACOSTA FACUNDO;293,56;$;2;GRUPO PEÑAFLOR SA;2,25;0;Contado;7/4/2026 10:40;;#¿NOMBRE?;Champaña Medio;No definido;;;Espumantes;PEÑAFLOR GRUPO OBJETIVO;;;20032;GRIBAUDO ESTEBAN;AXUM;;;False;152660;0;Lista General;Autoservicio Tradicional - P;12270;1/4/2026;20000;MOLINA JUAN
1178;BV CORDOBA 249;La Francia;1/4/2026;1/4/2026;1/4/2026;FAC-A0001-00042205;Venta;Empresa;14594;6;7131,74;8629,41;WANG JINHUA;;7,00%;10;ORTEGA MILAGROS DESIREE;1041;FRIZZE BLUE LATA X473;1188,62;3550;;TRADITIONAL TRADE;Autoservicio Tradicional;5867,88;ACOSTA FACUNDO;89,47;$;2;GRUPO PEÑAFLOR SA;2,838;0;Contado;7/4/2026 10:40;;;RTD (S);No definido;;;RTD (S);PEÑAFLOR GRUPO OBJETIVO;;;20032;GRIBAUDO ESTEBAN;AXUM;;;False;152660;0;Lista General;Autoservicio Tradicional - P;12270;1/4/2026;20000;MOLINA JUAN
1178;BV CORDOBA 249;La Francia;1/4/2026;1/4/2026;1/4/2026;FAC-A0001-00042205;Venta;Empresa;35109;6;12188,76;14748,4;WANG JINHUA;;0,00%;10;ORTEGA MILAGROS DESIREE;1041;SMF  BC GRAPEF&LIME  LATA 4X6X473;2031,46;3550;;TRADITIONAL TRADE;Autoservicio Tradicional;9326,7;ACOSTA FACUNDO;0;$;2;GRUPO PEÑAFLOR SA;0;0;Contado;7/4/2026 10:40;;Smirnoff Ice Flavours;RTD (s);;;;RTD (S);PEÑAFLOR GRUPO OBJETIVO;;;20032;GRIBAUDO ESTEBAN;AXUM;;;False;152660;0;Lista General;Autoservicio Tradicional - P;12270;1/4/2026;20000;MOLINA JUAN
1178;BV CORDOBA 249;La Francia;1/4/2026;1/4/2026;1/4/2026;FAC-A0001-00042205;Venta;Empresa;35108;6;12188,76;14748,4;WANG JINHUA;;0,00%;10;ORTEGA MILAGROS DESIREE;1041;SMF BC RUBYORANGE&LIME LATA 4X6X473;2031,46;3550;;TRADITIONAL TRADE;Autoservicio Tradicional;9326,7;ACOSTA FACUNDO;0;$;2;GRUPO PEÑAFLOR SA;0;0;Contado;7/4/2026 10:40;;Smirnoff Ice Flavours;RTD (S);;;;RTD (S);PEÑAFLOR GRUPO OBJETIVO;;;20032;GRIBAUDO ESTEBAN;AXUM;;;False;152660;0;Lista General;Autoservicio Tradicional - P;12270;1/4/2026;20000;MOLINA JUAN
1178;BV CORDOBA 249;La Francia;1/4/2026;1/4/2026;1/4/2026;FAC-A0001-00042205;Venta;Empresa;35105;6;11608,38;14046,14;WANG JINHUA;;0,00%;10;ORTEGA MILAGROS DESIREE;1041;SMF ICE RED BERRIE LAT 4X6X473;1934,73;3550;;TRADITIONAL TRADE;Autoservicio Tradicional;8882,64;ACOSTA FACUNDO;0;$;2;GRUPO PEÑAFLOR SA;2,838;0;Contado;7/4/2026 10:40;;Smirnoff Ice Flavours;RTD (s);No definido;;;RTD (S);PEÑAFLOR GRUPO OBJETIVO;;;20032;GRIBAUDO ESTEBAN;AXUM;;;False;152660;0;Lista General;Autoservicio Tradicional - P;12270;1/4/2026;20000;MOLINA JUAN
1178;BV CORDOBA 249;La Francia;1/4/2026;1/4/2026;1/4/2026;FAC-A0001-00042205;Venta;Empresa;44389;3;13359,68;16165,21;WANG JINHUA;;10,00%;10;ORTEGA MILAGROS DESIREE;1041;DON DAVID PINOT NOIR6X750;4453,23;3550;;TRADITIONAL TRADE;Autoservicio Tradicional;11358,57;ACOSTA FACUNDO;494,8;$;2;GRUPO PEÑAFLOR SA;2,25;0;Contado;7/4/2026 10:40;;Don David;Superior;No definido;;;Vinos del Año;PEÑAFLOR GRUPO OBJETIVO;;;20032;GRIBAUDO ESTEBAN;AXUM;;;False;152660;0;Lista General;Autoservicio Tradicional - P;12270;1/4/2026;20000;MOLINA JUAN
1178;BV CORDOBA 249;La Francia;1/4/2026;1/4/2026;1/4/2026;FAC-A0001-00042205;Venta;Empresa;74419;3;14149,67;17121,11;WANG JINHUA;;10,00%;10;ORTEGA MILAGROS DESIREE;1041;TRAPICHE RESERVA MALBEC 6X750;4716,56;3550;;TRADITIONAL TRADE;Autoservicio Tradicional;12030,21;ACOSTA FACUNDO;524,06;$;2;GRUPO PEÑAFLOR SA;2,25;0;Contado;7/4/2026 10:40;;Trapiche Reserva;Superior;No definido;;;Vinos del Año;PEÑAFLOR GRUPO OBJETIVO;;;20032;GRIBAUDO ESTEBAN;AXUM;;;False;152660;0;Lista General;Autoservicio Tradicional - P;12270;1/4/2026;20000;MOLINA JUAN
912;VELEZ SARFIELD 738;BALNEARIA;1/4/2026;2/4/2026;31/3/2026;FAC-B0001-00011795;Venta;Empresa;74504;12;37137,72;44936,65;VEGA SUSANA ESTER;;12,00%;6;PEYRONEL ANDREA;6031;DADA ART MALBEC 6X750;3094,81;3544;;TRADITIONAL TRADE;Almacen/Despensa;32292,6;ACOSTA FACUNDO;422,02;$;2;GRUPO PEÑAFLOR SA;9;0;Contado;7/4/2026 10:35;;Dada;Alto;No definido;;;Vinos del Año;PEÑAFLOR GRUPO OBJETIVO;;;20032;GRIBAUDO ESTEBAN;AXUM;;;False;152463;0;Lista General;Almacen/Despensa - C;12263;1/4/2026;20000;MOLINA JUAN
912;VELEZ SARFIELD 738;BALNEARIA;1/4/2026;2/4/2026;31/3/2026;FAC-B0001-00011796;Venta;Empresa;74210;30;97676,3;118188,33;VEGA SUSANA ESTER;;12,00%;6;PEYRONEL ANDREA;6031;ALMA MORA MALBEC 6X750;3255,88;3544;;TRADITIONAL TRADE;Almacen/Despensa;84890,4;ACOSTA FACUNDO;443,98;$;2;GRUPO PEÑAFLOR SA;22,5;0;Contado;7/4/2026 10:35;;Alma Mora;Alto;No definido;;;Vinos del Año;PEÑAFLOR GRUPO OBJETIVO;;;20032;GRIBAUDO ESTEBAN;AXUM;;;False;152465;0;Lista General;Almacen/Despensa - C;12263;1/4/2026;20000;MOLINA JUAN
912;VELEZ SARFIELD 738;BALNEARIA;1/4/2026;2/4/2026;31/3/2026;FAC-B0001-00011796;Venta;Empresa;42105;30;84978,96;102824,54;VEGA SUSANA ESTER;;12,00%;6;PEYRONEL ANDREA;6031;ELEMENTOS TORRONTES 6X750 ;2832,63;3544;;TRADITIONAL TRADE;Almacen/Despensa;73892,1;ACOSTA FACUNDO;386,27;$;2;GRUPO PEÑAFLOR SA;22,5;0;Contado;7/4/2026 10:35;;ELEMENTOS;Alto;No definido;;;Vinos del Año;PEÑAFLOR GRUPO OBJETIVO;;;20032;GRIBAUDO ESTEBAN;AXUM;;;False;152465;0;Lista General;Almacen/Despensa - C;12263;1/4/2026;20000;MOLINA JUAN
1017;GARIBALDI 55;SAN FRANCISCO;1/4/2026;2/4/2026;1/4/2026;FAC-B0001-00011797;Venta;Empresa;35105;12;23216,76;28092,28;LESTA LUCAS JOEL;;0,00%;8;ALVAREZ VANESA  KAFF;8040;SMF ICE RED BERRIE LAT 4X6X473;1934,73;3551;;TRADITIONAL TRADE;Vinoteca;17765,28;BLAS ALMADA;0;$;2;GRUPO PEÑAFLOR SA;5,676;0;Contado;6/4/2026 08:06;;Smirnoff Ice Flavours;RTD (s);No definido;;;RTD (S);PEÑAFLOR GRUPO OBJETIVO;;;20032;GRIBAUDO ESTEBAN;AXUM;;;False;152600;0;Lista General;Vinoteca - B;12268;1/4/2026;20000;MOLINA JUAN
1017;GARIBALDI 55;SAN FRANCISCO;1/4/2026;2/4/2026;1/4/2026;FAC-B0001-00011797;Venta;Empresa;35104;12;23216,76;28092,28;LESTA LUCAS JOEL;;0,00%;8;ALVAREZ VANESA  KAFF;8040;SMF ICE GREENAPPLE LAT 4X6X473;1934,73;3551;;TRADITIONAL TRADE;Vinoteca;17765,28;BLAS ALMADA;0;$;2;GRUPO PEÑAFLOR SA;5,676;0;Contado;6/4/2026 08:06;;Smirnoff Ice Flavours;RTD (s);No definido;;;RTD (S);PEÑAFLOR GRUPO OBJETIVO;;;20032;GRIBAUDO ESTEBAN;AXUM;;;False;152600;0;Lista General;Vinoteca - B;12268;1/4/2026;20000;MOLINA JUAN
3075;SAN MARTIN 400;DEVOTO;2/4/2026;4/4/2026;2/4/2026;FAC-A0006-00060993;Venta;P&P LOGISTICA S.R.L;35105;12;23216,76;28092,28;PERRONE JAVIER D.;;0,00%;10;ORTEGA MILAGROS DESIREE;1050;SMF ICE RED BERRIE LAT 4X6X473;1934,73;3556;;TRADITIONAL TRADE;Kiosco/Maxikiosco;17765,28;BLAS ALMADA;0;$;2;GRUPO PEÑAFLOR SA;5,676;0;Contado;7/4/2026 11:06;;Smirnoff Ice Flavours;RTD (s);No definido;;;RTD (S);PEÑAFLOR GRUPO OBJETIVO;;;20032;GRIBAUDO ESTEBAN;AXUM;;;False;152731;0;Lista General;Kiosco/Maxikiosco - P;12284;2/4/2026;20000;MOLINA JUAN
1205;25 DE MAYO 613;Devoto;2/4/2026;4/4/2026;2/4/2026;FAC-A0006-00061003;Venta;P&P LOGISTICA S.R.L;74146;3;13116,29;15870,7;DISTRIBUIDORA GEROSA;;9,00%;10;ORTEGA MILAGROS DESIREE;1050;FOND CAVE MALBEC 6X750 ;4372,1;3556;;TRADITIONAL TRADE;Kiosco/Maxikiosco;11029,08;BLAS ALMADA;432,41;$;2;GRUPO PEÑAFLOR SA;2,25;0;Contado;7/4/2026 11:06;;Fond De Cave;Superior;No definido;;;Vinos del Año;PEÑAFLOR GRUPO OBJETIVO;;;20032;GRIBAUDO ESTEBAN;AXUM;;;False;152786;0;Lista General;Kiosco/Maxikiosco - B;12295;2/4/2026;20000;MOLINA JUAN
1205;25 DE MAYO 613;Devoto;2/4/2026;4/4/2026;2/4/2026;FAC-A0006-00061003;Venta;P&P LOGISTICA S.R.L;80010;3;8308,29;10053,03;DISTRIBUIDORA GEROSA;;9,00%;10;ORTEGA MILAGROS DESIREE;1050;LOS ARBOLES SEL MALBEC 6X750;2769,43;3556;;TRADITIONAL TRADE;Kiosco/Maxikiosco;7195,77;BLAS ALMADA;273,9;$;2;GRUPO PEÑAFLOR SA;2,25;0;Contado;7/4/2026 11:06;;Los Arboles;Medio Alto;No definido;;;Vinos del Año;Grupo Peñaflor,PEÑAFLOR GRUPO OBJETIVO;;;20032;GRIBAUDO ESTEBAN;AXUM;;;False;152786;0;Lista General;Kiosco/Maxikiosco - B;12295;2/4/2026;20000;MOLINA JUAN
1205;25 DE MAYO 613;Devoto;2/4/2026;4/4/2026;2/4/2026;FAC-A0006-00061003;Venta;P&P LOGISTICA S.R.L;35105;6;11608,38;14046,14;DISTRIBUIDORA GEROSA;;0,00%;10;ORTEGA MILAGROS DESIREE;1050;SMF ICE RED BERRIE LAT 4X6X473;1934,73;3556;;TRADITIONAL TRADE;Kiosco/Maxikiosco;8882,64;BLAS ALMADA;0;$;2;GRUPO PEÑAFLOR SA;2,838;0;Contado;7/4/2026 11:06;;Smirnoff Ice Flavours;RTD (s);No definido;;;RTD (S);PEÑAFLOR GRUPO OBJETIVO;;;20032;GRIBAUDO ESTEBAN;AXUM;;;False;152786;0;Lista General;Kiosco/Maxikiosco - B;12295;2/4/2026;20000;MOLINA JUAN
1205;25 DE MAYO 613;Devoto;2/4/2026;4/4/2026;2/4/2026;FAC-A0006-00061003;Venta;P&P LOGISTICA S.R.L;30131;3;19166,47;23191,43;DISTRIBUIDORA GEROSA;;6,00%;10;ORTEGA MILAGROS DESIREE;1050;SMIRNOFF TROPICAL FRUITS 6X700;6388,82;3556;;TRADITIONAL TRADE;Kiosco/Maxikiosco;16062,15;BLAS ALMADA;407,8;$;2;GRUPO PEÑAFLOR SA;2,1;0;Contado;7/4/2026 11:06;;Smirnoff;Standard (S);No definido;;;Vodka;PEÑAFLOR GRUPO OBJETIVO;;;20032;GRIBAUDO ESTEBAN;AXUM;;;False;152786;0;Lista General;Kiosco/Maxikiosco - B;12295;2/4/2026;20000;MOLINA JUAN
1205;25 DE MAYO 613;Devoto;2/4/2026;4/4/2026;2/4/2026;FAC-A0006-00061003;Venta;P&P LOGISTICA S.R.L;35101;3;19166,47;23191,43;DISTRIBUIDORA GEROSA;;6,00%;10;ORTEGA MILAGROS DESIREE;1050;SMIRNOFF BC ORANGE & LIME 6X700;6388,82;3556;;TRADITIONAL TRADE;Kiosco/Maxikiosco;16070,19;BLAS ALMADA;407,8;$;2;GRUPO PEÑAFLOR SA;2,1;0;Contado;7/4/2026 11:06;;Smirnoff;Standard (S);No definido;;;Vodka;PEÑAFLOR GRUPO OBJETIVO;;;20032;GRIBAUDO ESTEBAN;AXUM;;;False;152786;0;Lista General;Kiosco/Maxikiosco - B;12295;2/4/2026;20000;MOLINA JUAN
2414;SAN MARTIN-ESPAÑA 0;DEVOTO;2/4/2026;4/4/2026;2/4/2026;FAC-A0006-00061007;Venta;P&P LOGISTICA S.R.L;35105;18;34825,14;42138,42;RINERO MARIA DE LOS ANGELES;;0,00%;10;ORTEGA MILAGROS DESIREE;1050;SMF ICE RED BERRIE LAT 4X6X473;1934,73;3556;;TRADITIONAL TRADE;Almacen/Despensa;26647,92;BLAS ALMADA;0;$;2;GRUPO PEÑAFLOR SA;8,514;0;Contado;7/4/2026 11:06;;Smirnoff Ice Flavours;RTD (s);No definido;;;RTD (S);PEÑAFLOR GRUPO OBJETIVO;;;20032;GRIBAUDO ESTEBAN;AXUM;;;False;152824;0;Lista General;Almacen/Despensa - P;12306;2/4/2026;2;LESCANO FRANCO DARIO
2414;SAN MARTIN-ESPAÑA 0;DEVOTO;2/4/2026;4/4/2026;2/4/2026;FAC-A0006-00061007;Venta;P&P LOGISTICA S.R.L;30020;6;38332,94;46382,85;RINERO MARIA DE LOS ANGELES;;6,00%;10;ORTEGA MILAGROS DESIREE;1050;SMIRNOFF GREEN APPLE DO 6X700;6388,82;3556;;TRADITIONAL TRADE;Almacen/Despensa;32124,3;BLAS ALMADA;407,8;$;2;GRUPO PEÑAFLOR SA;4,2;0;Contado;7/4/2026 11:06;;Smirnoff;Standard (S);No definido;;;Vodka;PEÑAFLOR GRUPO OBJETIVO;;;20032;GRIBAUDO ESTEBAN;AXUM;;;False;152824;0;Lista General;Almacen/Despensa - P;12306;2/4/2026;2;LESCANO FRANCO DARIO
2414;SAN MARTIN-ESPAÑA 0;DEVOTO;2/4/2026;4/4/2026;2/4/2026;FAC-A0006-00061007;Venta;P&P LOGISTICA S.R.L;30022;6;38332,94;46382,85;RINERO MARIA DE LOS ANGELES;;6,00%;10;ORTEGA MILAGROS DESIREE;1050;SMIRNOFF RASPBERRY DO 6X700;6388,82;3556;;TRADITIONAL TRADE;Almacen/Despensa;32124,3;BLAS ALMADA;407,8;$;2;GRUPO PEÑAFLOR SA;4,2;0;Contado;7/4/2026 11:06;;Smirnoff;Standard (S);No definido;;;Vodka;PEÑAFLOR GRUPO OBJETIVO;;;20032;GRIBAUDO ESTEBAN;AXUM;;;False;152824;0;Lista General;Almacen/Despensa - P;12306;2/4/2026;2;LESCANO FRANCO DARIO
158;MARIANO MORENO911 911;SANTIAGO TEMPLE;2/4/2026;6/4/2026;1/4/2026;FAC-A0006-00061011;Venta;P&P LOGISTICA S.R.L;35104;6;11608,38;14046,14;MEZZOPEVA FERNANDA PAOLA;;0,00%;10;ORTEGA MILAGROS DESIREE;1042;SMF ICE GREENAPPLE LAT 4X6X473;1934,73;3553;;TRADITIONAL TRADE;Kiosco/Maxikiosco;8882,64;DELGADO MAYCO JOAQUIN;0;$;2;GRUPO PEÑAFLOR SA;2,838;0;Contado;7/4/2026 17:17;;Smirnoff Ice Flavours;RTD (s);No definido;;;RTD (S);PEÑAFLOR GRUPO OBJETIVO;;;20032;GRIBAUDO ESTEBAN;AXUM;;;False;152659;0;Lista General;Kiosco/Maxikiosco - C;12282;2/4/2026;20000;MOLINA JUAN
158;MARIANO MORENO911 911;SANTIAGO TEMPLE;2/4/2026;6/4/2026;1/4/2026;FAC-A0006-00061011;Venta;P&P LOGISTICA S.R.L;35104;6;11608,38;14046,14;MEZZOPEVA FERNANDA PAOLA;;0,00%;10;ORTEGA MILAGROS DESIREE;1042;SMF ICE GREENAPPLE LAT 4X6X473;1934,73;3553;;TRADITIONAL TRADE;Kiosco/Maxikiosco;8882,64;DELGADO MAYCO JOAQUIN;0;$;2;GRUPO PEÑAFLOR SA;2,838;0;Contado;7/4/2026 17:17;;Smirnoff Ice Flavours;RTD (s);No definido;;;RTD (S);PEÑAFLOR GRUPO OBJETIVO;;;20032;GRIBAUDO ESTEBAN;AXUM;;;False;152659;0;Lista General;Kiosco/Maxikiosco - C;12282;2/4/2026;20000;MOLINA JUAN
446;AV. MITRE 298;RIO PRIMERO;2/4/2026;6/4/2026;2/4/2026;FAC-A0006-00061013;Venta;P&P LOGISTICA S.R.L;35105;24;46433,52;56184,56;ARNAUDO MARIA ANGEL;;0,00%;6;PEYRONEL ANDREA;6050;SMF ICE RED BERRIE LAT 4X6X473;1934,73;3553;;TRADITIONAL TRADE;Kiosco/Maxikiosco;35530,56;DELGADO MAYCO JOAQUIN;0;$;2;GRUPO PEÑAFLOR SA;11,352;0;Contado;7/4/2026 17:17;;Smirnoff Ice Flavours;RTD (s);No definido;;;RTD (S);PEÑAFLOR GRUPO OBJETIVO;;;20032;GRIBAUDO ESTEBAN;AXUM;;;False;152710;0;Lista General;Kiosco/Maxikiosco - P;12282;2/4/2026;20000;MOLINA JUAN
21;SARMIENTO 676;Río Primero;2/4/2026;6/4/2026;2/4/2026;FAC-A0006-00061019;Venta;P&P LOGISTICA S.R.L;30131;30;179430,77;222494,15;BORGIATINO DAVID HERNAN+;;12,00%;6;PEYRONEL ANDREA;6050;SMIRNOFF TROPICAL FRUITS 6X700;5981,03;3553;;TRADITIONAL TRADE;Vinoteca;160621,5;DELGADO MAYCO JOAQUIN;815,59;$;2;GRUPO PEÑAFLOR SA;21;0;Contado;7/4/2026 17:17;;Smirnoff;Standard (S);No definido;;;Vodka;PEÑAFLOR GRUPO OBJETIVO;;;20032;GRIBAUDO ESTEBAN;AXUM;;;False;152776;0;Lista General;Vinoteca - P;12293;2/4/2026;2;LESCANO FRANCO DARIO
21;SARMIENTO 676;Río Primero;2/4/2026;6/4/2026;2/4/2026;FAC-A0006-00061019;Venta;P&P LOGISTICA S.R.L;30023;24;242100,46;300204,57;BORGIATINO DAVID HERNAN+;;12,00%;6;PEYRONEL ANDREA;6050;WHITE HORSE DO 12X750;10087,52;3553;;TRADITIONAL TRADE;Vinoteca;216830,16;DELGADO MAYCO JOAQUIN;1375,57;$;2;GRUPO PEÑAFLOR SA;18;0;Contado;7/4/2026 17:17;;White Horse;Standard (S);No definido;;;Whisky;PEÑAFLOR GRUPO OBJETIVO;;;20032;GRIBAUDO ESTEBAN;AXUM;;;False;152776;0;Lista General;Vinoteca - P;12293;2/4/2026;2;LESCANO FRANCO DARIO
21;SARMIENTO 676;Río Primero;2/4/2026;6/4/2026;2/4/2026;FAC-A0006-00061019;Venta;P&P LOGISTICA S.R.L;30003;6;245687,1;304652;BORGIATINO DAVID HERNAN+;;0,00%;6;PEYRONEL ANDREA;6050;JW BLACK LABEL 12x750;40947,85;3553;;TRADITIONAL TRADE;Vinoteca;179293,86;DELGADO MAYCO JOAQUIN;0;$;2;GRUPO PEÑAFLOR SA;4,5;0;Contado;7/4/2026 17:17;;JW;Premium (S);No definido;;;Whisky;PEÑAFLOR GRUPO OBJETIVO;;;20032;GRIBAUDO ESTEBAN;AXUM;;;False;152776;0;Lista General;Vinoteca - P;12293;2/4/2026;2;LESCANO FRANCO DARIO
21;SARMIENTO 676;Río Primero;2/4/2026;6/4/2026;2/4/2026;FAC-A0006-00061019;Venta;P&P LOGISTICA S.R.L;74188;36;86572,89;107350,38;BORGIATINO DAVID HERNAN+;;12,00%;6;PEYRONEL ANDREA;6050;TRAPICHE ALARIS DULCE COSECHA 6X750;2404,8;3553;;TRADITIONAL TRADE;Vinoteca;73659,6;DELGADO MAYCO JOAQUIN;327,93;$;2;GRUPO PEÑAFLOR SA;27;0;Contado;7/4/2026 17:17;;Alaris;Medio Alto;No definido;;;Vinos del Año;PEÑAFLOR GRUPO OBJETIVO;;;20032;GRIBAUDO ESTEBAN;AXUM;;;False;152776;0;Lista General;Vinoteca - P;12293;2/4/2026;2;LESCANO FRANCO DARIO
2012;JOSE HERNANDEZ 126;RIO PRIMERO;2/4/2026;6/4/2026;2/4/2026;FAC-A0006-00061024;Venta;P&P LOGISTICA S.R.L;74438;6;20423,89;24712,91;CANAVESIO OSCAR ROLANDO;;8,00%;6;PEYRONEL ANDREA;6050;ALMA MORA BLEND BLANCO 6X750;3403,98;3553;;TRADITIONAL TRADE;Almacen/Despensa;16987,14;DELGADO MAYCO JOAQUIN;296;$;2;GRUPO PEÑAFLOR SA;4,5;0;Contado;7/4/2026 17:17;;Alma Mora;Alto;No definido;;;Vinos del Año;PEÑAFLOR GRUPO OBJETIVO;;;20032;GRIBAUDO ESTEBAN;AXUM;;;False;152798;0;Lista General;Almacen/Despensa - B;12297;2/4/2026;20000;MOLINA JUAN
456;BV. 9 DE JULIO 9;PORTE„A;2/4/2026;6/4/2026;1/4/2026;FAC-A0006-00061045;Venta;P&P LOGISTICA S.R.L;72859;6;15844,62;19171,99;SADA KAREN JANET ;;0,00%;4;GRIBAUDO ANGEL;4040;F.LAS MORAS MALBEC 6X750;2640,77;3552;;TRADITIONAL TRADE;Almacen/Despensa;11863,44;ACOSTA FACUNDO;0;$;2;GRUPO PEÑAFLOR SA;4,5;0;Contado;7/4/2026 10:23;;Finca Las Moras;Medio Alto;No definido;;;Vinos del Año;PEÑAFLOR GRUPO OBJETIVO;;;20032;GRIBAUDO ESTEBAN;AXUM;;;False;152582;0;Lista General;Almacen/Despensa - A;12279;1/4/2026;2;LESCANO FRANCO DARIO
456;BV. 9 DE JULIO 9;PORTE„A;2/4/2026;6/4/2026;1/4/2026;FAC-A0006-00061045;Venta;P&P LOGISTICA S.R.L;71704;6;16396,38;19839,62;SADA KAREN JANET ;;0,00%;4;GRIBAUDO ANGEL;4040;TRAPICHE ALARIS MALBEC 6X750;2732,73;3552;;TRADITIONAL TRADE;Almacen/Despensa;12922,74;ACOSTA FACUNDO;0;$;2;GRUPO PEÑAFLOR SA;4,5;0;Contado;7/4/2026 10:23;;Alaris;Medio Alto;No definido;;;Vinos del Año;PEÑAFLOR GRUPO OBJETIVO;;;20032;GRIBAUDO ESTEBAN;AXUM;;;False;152582;0;Lista General;Almacen/Despensa - A;12279;1/4/2026;2;LESCANO FRANCO DARIO
583;25 DE MAYO 301;FREYRE;2/4/2026;6/4/2026;2/4/2026;FAC-A0006-00061053;Venta;P&P LOGISTICA S.R.L;30343;6;11931,6;14437,24;MARTINA  ANDRES;;0,00%;4;GRIBAUDO ANGEL;4050;ANTARES LATA SCOTCH 6 X 473ML;1988,6;3552;;TRADITIONAL TRADE;Almacen/Despensa;12000;ACOSTA FACUNDO;0;$;2;GRUPO PEÑAFLOR SA;2,838;0;Contado;7/4/2026 10:23;;;CERVEZA ARTESANAL;No definido;;-No Definido-;CERVEZA ARTESANAL;PEÑAFLOR GRUPO OBJETIVO;;;20032;GRIBAUDO ESTEBAN;AXUM;;;False;152703;0;Lista General;Almacen/Despensa - P;12281;2/4/2026;2;LESCANO FRANCO DARIO
370;SAN MARTIN 1025;FREYRE;2/4/2026;6/4/2026;2/4/2026;FAC-A0006-00061063;Venta;P&P LOGISTICA S.R.L;74816;6;15544,64;19275,35;HUANG WEIZHEN;;13,00%;4;GRIBAUDO ANGEL;4050;CAZADOR BLANCO DULCE 6X750;2590,77;3552;;TRADITIONAL TRADE;Autoservicio Tradicional;13671,96;ACOSTA FACUNDO;387,13;$;2;GRUPO PEÑAFLOR SA;0;0;Contado;7/4/2026 10:23;;;;;;;;PEÑAFLOR GRUPO OBJETIVO;;;20032;GRIBAUDO ESTEBAN;AXUM;;;False;152793;0;Lista General;Autoservicio Tradicional - A;12296;2/4/2026;20000;MOLINA JUAN
370;SAN MARTIN 1025;FREYRE;2/4/2026;6/4/2026;2/4/2026;FAC-A0006-00061063;Venta;P&P LOGISTICA S.R.L;35104;6;10447,54;12954,95;HUANG WEIZHEN;;10,00%;4;GRIBAUDO ANGEL;4050;SMF ICE GREENAPPLE LAT 4X6X473;1741,26;3552;;TRADITIONAL TRADE;Autoservicio Tradicional;8882,64;ACOSTA FACUNDO;193,47;$;2;GRUPO PEÑAFLOR SA;2,838;0;Contado;7/4/2026 10:23;;Smirnoff Ice Flavours;RTD (s);No definido;;;RTD (S);PEÑAFLOR GRUPO OBJETIVO;;;20032;GRIBAUDO ESTEBAN;AXUM;;;False;152793;0;Lista General;Autoservicio Tradicional - A;12296;2/4/2026;20000;MOLINA JUAN
370;SAN MARTIN 1025;FREYRE;2/4/2026;6/4/2026;2/4/2026;FAC-A0006-00061063;Venta;P&P LOGISTICA S.R.L;30268;6;12235,42;15171,92;HUANG WEIZHEN;;6,00%;4;GRIBAUDO ANGEL;4050;ANTARES LATA CARAVANA 6 X 473ML;2039,24;3552;;TRADITIONAL TRADE;Autoservicio Tradicional;12000;ACOSTA FACUNDO;130,16;$;2;GRUPO PEÑAFLOR SA;2,838;0;Contado;7/4/2026 10:23;;;CERVEZA ARTESANAL;No definido;;-No Definido-;CERVEZA ARTESANAL;PEÑAFLOR GRUPO OBJETIVO;;;20032;GRIBAUDO ESTEBAN;AXUM;;;False;152793;0;Lista General;Autoservicio Tradicional - A;12296;2/4/2026;20000;MOLINA JUAN
370;SAN MARTIN 1025;FREYRE;2/4/2026;6/4/2026;2/4/2026;FAC-A0006-00061063;Venta;P&P LOGISTICA S.R.L;80094;6;16081,31;19940,82;HUANG WEIZHEN;;10,00%;4;GRIBAUDO ANGEL;4050;NC S E.BRUT4X6X355;2680,22;3552;;TRADITIONAL TRADE;Autoservicio Tradicional;13672,5;ACOSTA FACUNDO;297,8;$;2;GRUPO PEÑAFLOR SA;0;0;Contado;7/4/2026 10:23;;;;;;;;PEÑAFLOR GRUPO OBJETIVO;;;20032;GRIBAUDO ESTEBAN;AXUM;;;False;152793;0;Lista General;Autoservicio Tradicional - A;12296;2/4/2026;20000;MOLINA JUAN
370;SAN MARTIN 1025;FREYRE;2/4/2026;6/4/2026;2/4/2026;FAC-A0006-00061063;Venta;P&P LOGISTICA S.R.L;42102;30;84013,29;104176,48;HUANG WEIZHEN;;13,00%;4;GRIBAUDO ANGEL;4050;ELEMENTOS MALBEC 6X750 ;2800,44;3552;;TRADITIONAL TRADE;Autoservicio Tradicional;70197,6;ACOSTA FACUNDO;418,46;$;2;GRUPO PEÑAFLOR SA;22,5;0;Contado;7/4/2026 10:23;;ELEMENTOS;Alto;No definido;;;Vinos del Año;PEÑAFLOR GRUPO OBJETIVO;;;20032;GRIBAUDO ESTEBAN;AXUM;;;False;152793;0;Lista General;Autoservicio Tradicional - A;12296;2/4/2026;20000;MOLINA JUAN
373;GUEMES OESTE 107;FREYRE;2/4/2026;6/4/2026;2/4/2026;FAC-A0006-00061069;Venta;P&P LOGISTICA S.R.L;80010;12;36519,96;44189,15;MANFREY;;0,00%;4;GRIBAUDO ANGEL;4050;LOS ARBOLES SEL MALBEC 6X750;3043,33;3552;;TRADITIONAL TRADE;Autoservicio Tradicional;28783,08;ACOSTA FACUNDO;0;$;2;GRUPO PEÑAFLOR SA;9;0;Contado;7/4/2026 10:23;;Los Arboles;Medio Alto;No definido;;;Vinos del Año;Grupo Peñaflor,PEÑAFLOR GRUPO OBJETIVO;;;20032;GRIBAUDO ESTEBAN;AXUM;;;False;152816;0;Lista General;Autoservicio Tradicional - B;12303;2/4/2026;20000;MOLINA JUAN
455;BV. ROCA 3154;SAN FRANCISCO;2/4/2026;6/4/2026;2/4/2026;FAC-A0006-00061074;Venta;P&P LOGISTICA S.R.L;35104;6;11608,38;14046,14;GIACCONE RENZO NICOLAS ;;0,00%;8;ALVAREZ VANESA  KAFF;8050;SMF ICE GREENAPPLE LAT 4X6X473;1934,73;3555;;TRADITIONAL TRADE;Almacen/Despensa;8882,64;BLAS ALMADA;0;$;2;GRUPO PEÑAFLOR SA;2,838;0;Contado;7/4/2026 10:53;;Smirnoff Ice Flavours;RTD (s);No definido;;;RTD (S);PEÑAFLOR GRUPO OBJETIVO;;;20032;GRIBAUDO ESTEBAN;AXUM;;;False;152714;0;Lista General;Almacen/Despensa - A;12286;2/4/2026;20000;MOLINA JUAN
455;BV. ROCA 3154;SAN FRANCISCO;2/4/2026;6/4/2026;2/4/2026;FAC-A0006-00061074;Venta;P&P LOGISTICA S.R.L;35108;6;12188,76;14748,4;GIACCONE RENZO NICOLAS ;;0,00%;8;ALVAREZ VANESA  KAFF;8050;SMF BC RUBYORANGE&LIME LATA 4X6X473;2031,46;3555;;TRADITIONAL TRADE;Almacen/Despensa;9326,7;BLAS ALMADA;0;$;2;GRUPO PEÑAFLOR SA;0;0;Contado;7/4/2026 10:53;;Smirnoff Ice Flavours;RTD (S);;;;RTD (S);PEÑAFLOR GRUPO OBJETIVO;;;20032;GRIBAUDO ESTEBAN;AXUM;;;False;152714;0;Lista General;Almacen/Despensa - A;12286;2/4/2026;20000;MOLINA JUAN
455;BV. ROCA 3154;SAN FRANCISCO;2/4/2026;6/4/2026;2/4/2026;FAC-A0006-00061074;Venta;P&P LOGISTICA S.R.L;35104;6;11608,38;14046,14;GIACCONE RENZO NICOLAS ;;0,00%;8;ALVAREZ VANESA  KAFF;8050;SMF ICE GREENAPPLE LAT 4X6X473;1934,73;3555;;TRADITIONAL TRADE;Almacen/Despensa;8882,64;BLAS ALMADA;0;$;2;GRUPO PEÑAFLOR SA;2,838;0;Contado;7/4/2026 10:53;;Smirnoff Ice Flavours;RTD (s);No definido;;;RTD (S);PEÑAFLOR GRUPO OBJETIVO;;;20032;GRIBAUDO ESTEBAN;AXUM;;;False;152714;0;Lista General;Almacen/Despensa - A;12286;2/4/2026;20000;MOLINA JUAN
455;BV. ROCA 3154;SAN FRANCISCO;2/4/2026;6/4/2026;2/4/2026;FAC-A0006-00061074;Venta;P&P LOGISTICA S.R.L;35107;6;12188,76;14748,4;GIACCONE RENZO NICOLAS ;;0,00%;8;ALVAREZ VANESA  KAFF;8050;GORDON´S TONIC 4X6X473;2031,46;3555;;TRADITIONAL TRADE;Almacen/Despensa;9326,7;BLAS ALMADA;0;$;2;GRUPO PEÑAFLOR SA;2,838;0;Contado;7/4/2026 10:53;;Gordon´s;RTD (S);No definido;;;RTD (S);PEÑAFLOR GRUPO OBJETIVO;;;20032;GRIBAUDO ESTEBAN;AXUM;;;False;152714;0;Lista General;Almacen/Despensa - A;12286;2/4/2026;20000;MOLINA JUAN
455;BV. ROCA 3154;SAN FRANCISCO;2/4/2026;6/4/2026;2/4/2026;FAC-A0006-00061074;Venta;P&P LOGISTICA S.R.L;74188;3;7706,3;9324,62;GIACCONE RENZO NICOLAS ;;6,00%;8;ALVAREZ VANESA  KAFF;8050;TRAPICHE ALARIS DULCE COSECHA 6X750;2568,77;3555;;TRADITIONAL TRADE;Almacen/Despensa;6138,3;BLAS ALMADA;163,96;$;2;GRUPO PEÑAFLOR SA;2,25;0;Contado;7/4/2026 10:53;;Alaris;Medio Alto;No definido;;;Vinos del Año;PEÑAFLOR GRUPO OBJETIVO;;;20032;GRIBAUDO ESTEBAN;AXUM;;;False;152714;0;Lista General;Almacen/Despensa - A;12286;2/4/2026;20000;MOLINA JUAN
455;BV. ROCA 3154;SAN FRANCISCO;2/4/2026;6/4/2026;2/4/2026;FAC-A0006-00061074;Venta;P&P LOGISTICA S.R.L;80010;3;8582,19;10384,45;GIACCONE RENZO NICOLAS ;;6,00%;8;ALVAREZ VANESA  KAFF;8050;LOS ARBOLES SEL MALBEC 6X750;2860,73;3555;;TRADITIONAL TRADE;Almacen/Despensa;7195,77;BLAS ALMADA;182,6;$;2;GRUPO PEÑAFLOR SA;2,25;0;Contado;7/4/2026 10:53;;Los Arboles;Medio Alto;No definido;;;Vinos del Año;Grupo Peñaflor,PEÑAFLOR GRUPO OBJETIVO;;;20032;GRIBAUDO ESTEBAN;AXUM;;;False;152714;0;Lista General;Almacen/Despensa - A;12286;2/4/2026;20000;MOLINA JUAN
815;AV J B JUSTO 546;SAN FRANCISCO;2/4/2026;6/4/2026;2/4/2026;FAC-A0006-00061093;Venta;P&P LOGISTICA S.R.L;74210;6;20867,21;25249,32;SALDAÑO WALTER SEBASTIAN ;;6,00%;8;ALVAREZ VANESA  KAFF;8050;ALMA MORA MALBEC 6X750;3477,87;3555;;TRADITIONAL TRADE;Almacen/Despensa;16978,08;BLAS ALMADA;221,99;$;2;GRUPO PEÑAFLOR SA;4,5;0;Contado;7/4/2026 10:53;;Alma Mora;Alto;No definido;;;Vinos del Año;PEÑAFLOR GRUPO OBJETIVO;;;20032;GRIBAUDO ESTEBAN;AXUM;;;False;152787;0;Lista General;Almacen/Despensa - B;12294;2/4/2026;20000;MOLINA JUAN
1082;RUTA 14 0;Los Hornillos;2/4/2026;1/4/2026;31/3/2026;FAC-A0008-00002429;Venta;P&P LOGISTICA S.R.L;74840;3;7542,33;9126,23;VELASCO PATRICIA ALEJANDRA;;8,00%;9;SANCHEZ FERNANDO JAVIER;9002;ALARIS D.COSECHA TINTO 6X750;2514,11;3549;;ALMACENES;ALMACENES;6461,37;CHOFER VILLA DOLORES BEBIDA;218,62;$;2;GRUPO PEÑAFLOR SA;0;0;Contado;13/4/2026 10:09;;Alaris;Medio Alto;;;;Vinos del Año;PEÑAFLOR GRUPO OBJETIVO;;;1002;BENITEZ RAUL;AXUM;;;False;152490;0;Lista General;ALMACENES - C;12258;31/3/2026;BD-003;VILLAFAÑE MARIANO
1082;RUTA 14 0;Los Hornillos;2/4/2026;1/4/2026;31/3/2026;FAC-A0008-00002429;Venta;P&P LOGISTICA S.R.L;74188;3;7542,33;9126,23;VELASCO PATRICIA ALEJANDRA;;8,00%;9;SANCHEZ FERNANDO JAVIER;9002;TRAPICHE ALARIS DULCE COSECHA 6X750;2514,11;3549;;ALMACENES;ALMACENES;6138,3;CHOFER VILLA DOLORES BEBIDA;218,62;$;2;GRUPO PEÑAFLOR SA;2,25;0;Contado;13/4/2026 10:09;;Alaris;Medio Alto;No definido;;;Vinos del Año;PEÑAFLOR GRUPO OBJETIVO;;;1002;BENITEZ RAUL;AXUM;;;False;152490;0;Lista General;ALMACENES - C;12258;31/3/2026;BD-003;VILLAFAÑE MARIANO
1082;RUTA 14 0;Los Hornillos;2/4/2026;1/4/2026;31/3/2026;FAC-A0008-00002429;Venta;P&P LOGISTICA S.R.L;74814;6;15008,62;18160,43;VELASCO PATRICIA ALEJANDRA;;16,00%;9;SANCHEZ FERNANDO JAVIER;9002;CAZADOR MALBEC 6X750;2501,44;3549;;ALMACENES;ALMACENES;13671,96;CHOFER VILLA DOLORES BEBIDA;476,46;$;2;GRUPO PEÑAFLOR SA;0;0;Contado;13/4/2026 10:09;;;;;;;;PEÑAFLOR GRUPO OBJETIVO;;;1002;BENITEZ RAUL;AXUM;;;False;152490;0;Lista General;ALMACENES - C;12258;31/3/2026;BD-003;VILLAFAÑE MARIANO
1082;RUTA 14 0;Los Hornillos;2/4/2026;1/4/2026;31/3/2026;FAC-A0008-00002429;Venta;P&P LOGISTICA S.R.L;74816;3;7504,31;9080,21;VELASCO PATRICIA ALEJANDRA;;16,00%;9;SANCHEZ FERNANDO JAVIER;9002;CAZADOR BLANCO DULCE 6X750;2501,44;3549;;ALMACENES;ALMACENES;6835,98;CHOFER VILLA DOLORES BEBIDA;476,46;$;2;GRUPO PEÑAFLOR SA;0;0;Contado;13/4/2026 10:09;;;;;;;;PEÑAFLOR GRUPO OBJETIVO;;;1002;BENITEZ RAUL;AXUM;;;False;152490;0;Lista General;ALMACENES - C;12258;31/3/2026;BD-003;VILLAFAÑE MARIANO
1082;RUTA 14 0;Los Hornillos;2/4/2026;1/4/2026;31/3/2026;FAC-A0008-00002429;Venta;P&P LOGISTICA S.R.L;74786;3;7731,76;9355,43;VELASCO PATRICIA ALEJANDRA;;16,00%;9;SANCHEZ FERNANDO JAVIER;9002;EL BAUTISMO CABERNET 6X750;2577,25;3549;;ALMACENES;ALMACENES;7254,48;CHOFER VILLA DOLORES BEBIDA;490,91;$;2;GRUPO PEÑAFLOR SA;2,25;0;Contado;13/4/2026 10:09;;;Vinos Del Año;;;;Vinos del Año;PEÑAFLOR GRUPO OBJETIVO;;;1002;BENITEZ RAUL;AXUM;;;False;152490;0;Lista General;ALMACENES - C;12258;31/3/2026;BD-003;VILLAFAÑE MARIANO
1082;RUTA 14 0;Los Hornillos;2/4/2026;1/4/2026;31/3/2026;FAC-A0008-00002429;Venta;P&P LOGISTICA S.R.L;74569;6;19412,9;23489,61;VELASCO PATRICIA ALEJANDRA;;8,00%;9;SANCHEZ FERNANDO JAVIER;9002;DADA N°8 CHOCOLATE 6X750 ;3235,48;3549;;ALMACENES;ALMACENES;16146,3;CHOFER VILLA DOLORES BEBIDA;281,35;$;2;GRUPO PEÑAFLOR SA;4,5;0;Contado;13/4/2026 10:09;;Dada;Alto;No definido;;;Vinos del Año;PEÑAFLOR GRUPO OBJETIVO;;;1002;BENITEZ RAUL;AXUM;;;False;152490;0;Lista General;ALMACENES - C;12258;31/3/2026;BD-003;VILLAFAÑE MARIANO
8088;BELGRANO 33;VILLA DOLORES;2/4/2026;1/4/2026;1/4/2026;FAC-A0008-00002430;Venta;P&P LOGISTICA S.R.L;35104;12;23216,76;28092,28;RIVADERA FUENTES LIDIA VERONICA;;0,00%;9;SANCHEZ FERNANDO JAVIER;9005;SMF ICE GREENAPPLE LAT 4X6X473;1934,73;3548;;TRADITIONAL TRADE;Almacen/Despensa;17765,28;CHOFER VILLA DOLORES BEBIDA;0;$;2;GRUPO PEÑAFLOR SA;5,676;0;Contado;;;Smirnoff Ice Flavours;RTD (s);No definido;;;RTD (S);PEÑAFLOR GRUPO OBJETIVO;;;1002;BENITEZ RAUL;AXUM;;;False;152584;1;Lista General;Almacen/Despensa - B;12278;2/4/2026;BD-003;VILLAFAÑE MARIANO
8088;BELGRANO 33;VILLA DOLORES;2/4/2026;1/4/2026;1/4/2026;FAC-A0008-00002430;Venta;P&P LOGISTICA S.R.L;35105;12;23216,76;28092,28;RIVADERA FUENTES LIDIA VERONICA;;0,00%;9;SANCHEZ FERNANDO JAVIER;9005;SMF ICE RED BERRIE LAT 4X6X473;1934,73;3548;;TRADITIONAL TRADE;Almacen/Despensa;17765,28;CHOFER VILLA DOLORES BEBIDA;0;$;2;GRUPO PEÑAFLOR SA;5,676;0;Contado;;;Smirnoff Ice Flavours;RTD (s);No definido;;;RTD (S);PEÑAFLOR GRUPO OBJETIVO;;;1002;BENITEZ RAUL;AXUM;;;False;152584;1;Lista General;Almacen/Despensa - B;12278;2/4/2026;BD-003;VILLAFAÑE MARIANO
8088;BELGRANO 33;VILLA DOLORES;2/4/2026;1/4/2026;1/4/2026;FAC-A0008-00002430;Venta;P&P LOGISTICA S.R.L;35109;6;10969,88;13273,56;RIVADERA FUENTES LIDIA VERONICA;;10,00%;9;SANCHEZ FERNANDO JAVIER;9005;SMF  BC GRAPEF&LIME  LATA 4X6X473;1828,31;3548;;TRADITIONAL TRADE;Almacen/Despensa;9326,7;CHOFER VILLA DOLORES BEBIDA;203,15;$;2;GRUPO PEÑAFLOR SA;0;0;Contado;;;Smirnoff Ice Flavours;RTD (s);;;;RTD (S);PEÑAFLOR GRUPO OBJETIVO;;;1002;BENITEZ RAUL;AXUM;;;False;152584;1;Lista General;Almacen/Despensa - B;12278;2/4/2026;BD-003;VILLAFAÑE MARIANO
8008;PuBLICA S/N-50 MTS DEL PUENTE 218;SAN JAVIER;2/4/2026;2/4/2026;2/4/2026;FAC-A0008-00002431;Venta;P&P LOGISTICA S.R.L;30022;12;74219,09;89805,1;CALDERON SOLEDAD DEL CARMEN ;;9,00%;9;SANCHEZ FERNANDO JAVIER;9005;SMIRNOFF RASPBERRY DO 6X700;6184,92;3557;;TRADITIONAL TRADE;Almacen/Despensa;64248,6;CHOFER VILLA DOLORES BEBIDA;611,7;$;2;GRUPO PEÑAFLOR SA;8,4;0;Contado;15/4/2026 16:48;;Smirnoff;Standard (S);No definido;;;Vodka;PEÑAFLOR GRUPO OBJETIVO;;;1002;BENITEZ RAUL;AXUM;;;False;152708;0;Lista General;Almacen/Despensa - P;12290;2/4/2026;BD-003;VILLAFAÑE MARIANO
8008;PuBLICA S/N-50 MTS DEL PUENTE 218;SAN JAVIER;2/4/2026;2/4/2026;2/4/2026;FAC-A0008-00002431;Venta;P&P LOGISTICA S.R.L;74146;6;26232,57;31741,41;CALDERON SOLEDAD DEL CARMEN ;;9,00%;9;SANCHEZ FERNANDO JAVIER;9005;FOND CAVE MALBEC 6X750 ;4372,1;3557;;TRADITIONAL TRADE;Almacen/Despensa;22058,16;CHOFER VILLA DOLORES BEBIDA;432,41;$;2;GRUPO PEÑAFLOR SA;4,5;0;Contado;15/4/2026 16:48;;Fond De Cave;Superior;No definido;;;Vinos del Año;PEÑAFLOR GRUPO OBJETIVO;;;1002;BENITEZ RAUL;AXUM;;;False;152708;0;Lista General;Almacen/Despensa - P;12290;2/4/2026;BD-003;VILLAFAÑE MARIANO
8008;PuBLICA S/N-50 MTS DEL PUENTE 218;SAN JAVIER;2/4/2026;2/4/2026;2/4/2026;FAC-A0008-00002431;Venta;P&P LOGISTICA S.R.L;35105;12;23216,76;28092,28;CALDERON SOLEDAD DEL CARMEN ;;0,00%;9;SANCHEZ FERNANDO JAVIER;9005;SMF ICE RED BERRIE LAT 4X6X473;1934,73;3557;;TRADITIONAL TRADE;Almacen/Despensa;17765,28;CHOFER VILLA DOLORES BEBIDA;0;$;2;GRUPO PEÑAFLOR SA;5,676;0;Contado;15/4/2026 16:48;;Smirnoff Ice Flavours;RTD (s);No definido;;;RTD (S);PEÑAFLOR GRUPO OBJETIVO;;;1002;BENITEZ RAUL;AXUM;;;False;152708;0;Lista General;Almacen/Despensa - P;12290;2/4/2026;BD-003;VILLAFAÑE MARIANO
8010;ENTRE RUTA 14 Y U.CASTELLANO 0;SAN JAVIER;2/4/2026;2/4/2026;2/4/2026;FAC-A0008-00002432;Venta;P&P LOGISTICA S.R.L;74608;6;24050,25;29822,31;GARAY ELENA DEL VALLE;;10,00%;9;SANCHEZ FERNANDO JAVIER;9005;ALMA MORA SEL RVE MALBEC 6X750;4008,38;3557;;TRADITIONAL TRADE;Autoservicio Tradicional;20447,82;CHOFER VILLA DOLORES BEBIDA;445,38;$;2;GRUPO PEÑAFLOR SA;4,5;0;Contado;15/4/2026 16:48;;Alma Mora;Superior;No definido;;;Vinos del Año;PEÑAFLOR GRUPO OBJETIVO;;;1002;BENITEZ RAUL;AXUM;;;False;152729;0;Lista General;Autoservicio Tradicional - P;12312;2/4/2026;BD-003;VILLAFAÑE MARIANO
8010;ENTRE RUTA 14 Y U.CASTELLANO 0;SAN JAVIER;2/4/2026;2/4/2026;2/4/2026;FAC-A0008-00002432;Venta;P&P LOGISTICA S.R.L;74419;6;28299,35;35091,19;GARAY ELENA DEL VALLE;;10,00%;9;SANCHEZ FERNANDO JAVIER;9005;TRAPICHE RESERVA MALBEC 6X750;4716,56;3557;;TRADITIONAL TRADE;Autoservicio Tradicional;24060,42;CHOFER VILLA DOLORES BEBIDA;524,06;$;2;GRUPO PEÑAFLOR SA;4,5;0;Contado;15/4/2026 16:48;;Trapiche Reserva;Superior;No definido;;;Vinos del Año;PEÑAFLOR GRUPO OBJETIVO;;;1002;BENITEZ RAUL;AXUM;;;False;152729;0;Lista General;Autoservicio Tradicional - P;12312;2/4/2026;BD-003;VILLAFAÑE MARIANO
8010;ENTRE RUTA 14 Y U.CASTELLANO 0;SAN JAVIER;2/4/2026;2/4/2026;2/4/2026;FAC-A0008-00002432;Venta;P&P LOGISTICA S.R.L;74146;12;51888,6;64341,86;GARAY ELENA DEL VALLE;;10,00%;9;SANCHEZ FERNANDO JAVIER;9005;FOND CAVE MALBEC 6X750 ;4324,05;3557;;TRADITIONAL TRADE;Autoservicio Tradicional;44116,32;CHOFER VILLA DOLORES BEBIDA;480,45;$;2;GRUPO PEÑAFLOR SA;9;0;Contado;15/4/2026 16:48;;Fond De Cave;Superior;No definido;;;Vinos del Año;PEÑAFLOR GRUPO OBJETIVO;;;1002;BENITEZ RAUL;AXUM;;;False;152729;0;Lista General;Autoservicio Tradicional - P;12312;2/4/2026;BD-003;VILLAFAÑE MARIANO
8010;ENTRE RUTA 14 Y U.CASTELLANO 0;SAN JAVIER;2/4/2026;2/4/2026;2/4/2026;FAC-A0008-00002432;Venta;P&P LOGISTICA S.R.L;74726;3;10193,93;12640,47;GARAY ELENA DEL VALLE;;10,00%;9;SANCHEZ FERNANDO JAVIER;9005;ORIGEN BY TRAPICHE MALBEC 6X750;3397,98;3557;;TRADITIONAL TRADE;Autoservicio Tradicional;8667;CHOFER VILLA DOLORES BEBIDA;377,55;$;2;GRUPO PEÑAFLOR SA;2,25;0;Contado;15/4/2026 16:48;;Trapiche Reserva;Alto;No definido;-No Definido-;;Vinos del Año;PEÑAFLOR GRUPO OBJETIVO;;;1002;BENITEZ RAUL;AXUM;;;False;152729;0;Lista General;Autoservicio Tradicional - P;12312;2/4/2026;BD-003;VILLAFAÑE MARIANO
8010;ENTRE RUTA 14 Y U.CASTELLANO 0;SAN JAVIER;2/4/2026;2/4/2026;2/4/2026;FAC-A0008-00002432;Venta;P&P LOGISTICA S.R.L;74393;6;18990,88;23548,69;GARAY ELENA DEL VALLE;;10,00%;9;SANCHEZ FERNANDO JAVIER;9005;DADA FMORAS N°1 6X750;3165,15;3557;;TRADITIONAL TRADE;Autoservicio Tradicional;15339;CHOFER VILLA DOLORES BEBIDA;351,68;$;2;GRUPO PEÑAFLOR SA;4,5;0;Contado;15/4/2026 16:48;;Dada;Alto;No definido;;;Vinos del Año;PEÑAFLOR GRUPO OBJETIVO;;;1002;BENITEZ RAUL;AXUM;;;False;152729;0;Lista General;Autoservicio Tradicional - P;12312;2/4/2026;BD-003;VILLAFAÑE MARIANO
8010;ENTRE RUTA 14 Y U.CASTELLANO 0;SAN JAVIER;2/4/2026;2/4/2026;2/4/2026;FAC-A0008-00002432;Venta;P&P LOGISTICA S.R.L;71704;6;14756,74;18298,36;GARAY ELENA DEL VALLE;;10,00%;9;SANCHEZ FERNANDO JAVIER;9005;TRAPICHE ALARIS MALBEC 6X750;2459,46;3557;;TRADITIONAL TRADE;Autoservicio Tradicional;12922,74;CHOFER VILLA DOLORES BEBIDA;273,27;$;2;GRUPO PEÑAFLOR SA;4,5;0;Contado;15/4/2026 16:48;;Alaris;Medio Alto;No definido;;;Vinos del Año;PEÑAFLOR GRUPO OBJETIVO;;;1002;BENITEZ RAUL;AXUM;;;False;152729;0;Lista General;Autoservicio Tradicional - P;12312;2/4/2026;BD-003;VILLAFAÑE MARIANO
8010;ENTRE RUTA 14 Y U.CASTELLANO 0;SAN JAVIER;2/4/2026;2/4/2026;2/4/2026;FAC-A0008-00002432;Venta;P&P LOGISTICA S.R.L;74840;6;14756,74;18298,36;GARAY ELENA DEL VALLE;;10,00%;9;SANCHEZ FERNANDO JAVIER;9005;ALARIS D.COSECHA TINTO 6X750;2459,46;3557;;TRADITIONAL TRADE;Autoservicio Tradicional;12922,74;CHOFER VILLA DOLORES BEBIDA;273,27;$;2;GRUPO PEÑAFLOR SA;0;0;Contado;15/4/2026 16:48;;Alaris;Medio Alto;;;;Vinos del Año;PEÑAFLOR GRUPO OBJETIVO;;;1002;BENITEZ RAUL;AXUM;;;False;152729;0;Lista General;Autoservicio Tradicional - P;12312;2/4/2026;BD-003;VILLAFAÑE MARIANO
1139;BELGRANO 0;La Paz;2/4/2026;2/4/2026;2/4/2026;FAC-A0008-00002433;Venta;P&P LOGISTICA S.R.L;30022;3;18554,77;22451,27;MARTINEZ CECILIA LORENA;;9,00%;9;SANCHEZ FERNANDO JAVIER;9004;SMIRNOFF RASPBERRY DO 6X700;6184,92;3557;;TRADITIONAL TRADE;Almacen/Despensa;16062,15;CHOFER VILLA DOLORES BEBIDA;611,7;$;2;GRUPO PEÑAFLOR SA;2,1;0;Contado;15/4/2026 16:48;;Smirnoff;Standard (S);No definido;;;Vodka;PEÑAFLOR GRUPO OBJETIVO;;;1002;BENITEZ RAUL;AXUM;;;False;152761;0;Lista General;Almacen/Despensa - C;12290;2/4/2026;BD-003;VILLAFAÑE MARIANO
1139;BELGRANO 0;La Paz;2/4/2026;2/4/2026;2/4/2026;FAC-A0008-00002433;Venta;P&P LOGISTICA S.R.L;30020;3;18554,77;22451,27;MARTINEZ CECILIA LORENA;;9,00%;9;SANCHEZ FERNANDO JAVIER;9004;SMIRNOFF GREEN APPLE DO 6X700;6184,92;3557;;TRADITIONAL TRADE;Almacen/Despensa;16062,15;CHOFER VILLA DOLORES BEBIDA;611,7;$;2;GRUPO PEÑAFLOR SA;2,1;0;Contado;15/4/2026 16:48;;Smirnoff;Standard (S);No definido;;;Vodka;PEÑAFLOR GRUPO OBJETIVO;;;1002;BENITEZ RAUL;AXUM;;;False;152761;0;Lista General;Almacen/Despensa - C;12290;2/4/2026;BD-003;VILLAFAÑE MARIANO
1277;RUTA 14 173;Cruz de Caña;2/4/2026;2/4/2026;2/4/2026;FAC-A0008-00002434;Venta;P&P LOGISTICA S.R.L;30020;3;18554,77;22451,27;URQUIZA VIVIANA ELIZABETH;;9,00%;9;SANCHEZ FERNANDO JAVIER;9004;SMIRNOFF GREEN APPLE DO 6X700;6184,92;3557;;TRADITIONAL TRADE;Almacen/Despensa;16062,15;CHOFER VILLA DOLORES BEBIDA;611,7;$;2;GRUPO PEÑAFLOR SA;2,1;0;Contado;15/4/2026 16:48;;Smirnoff;Standard (S);No definido;;;Vodka;PEÑAFLOR GRUPO OBJETIVO;;;1002;BENITEZ RAUL;AXUM;;;False;152762;0;Lista General;Almacen/Despensa - C;12290;2/4/2026;BD-003;VILLAFAÑE MARIANO
1277;RUTA 14 173;Cruz de Caña;2/4/2026;2/4/2026;2/4/2026;FAC-A0008-00002434;Venta;P&P LOGISTICA S.R.L;30022;3;18554,77;22451,27;URQUIZA VIVIANA ELIZABETH;;9,00%;9;SANCHEZ FERNANDO JAVIER;9004;SMIRNOFF RASPBERRY DO 6X700;6184,92;3557;;TRADITIONAL TRADE;Almacen/Despensa;16062,15;CHOFER VILLA DOLORES BEBIDA;611,7;$;2;GRUPO PEÑAFLOR SA;2,1;0;Contado;15/4/2026 16:48;;Smirnoff;Standard (S);No definido;;;Vodka;PEÑAFLOR GRUPO OBJETIVO;;;1002;BENITEZ RAUL;AXUM;;;False;152762;0;Lista General;Almacen/Despensa - C;12290;2/4/2026;BD-003;VILLAFAÑE MARIANO
10103;XXXXXXXXXXXXXX 0;LA FRANCIA;2/4/2026;2/4/2026;2/4/2026;FAC-B0006-00013009;Venta;P&P LOGISTICA S.R.L;42102;12;38626,8;46738,43;MOSTRADOR LA FCIA;;0,00%;20;DEPOSITO;99;ELEMENTOS MALBEC 6X750 ;3218,9;;;AWAY FROM HOME;Temporada;28079,04;;0;$;2;GRUPO PEÑAFLOR SA;9;0;Contado;2/4/2026 11:36;;ELEMENTOS;Alto;No definido;;;Vinos del Año;PEÑAFLOR GRUPO OBJETIVO;;;;;Gescom;;;True;152783;0;Lista General;Temporada - C;;1/1/2000;;
2410;SAN MARTIN 231;DEVOTO;2/4/2026;4/4/2026;2/4/2026;FAC-B0006-00013011;Venta;P&P LOGISTICA S.R.L;30023;12;129303,66;156457,42;SOCIEDAD COSMOPOLITA DE SOCORROS  MUTUOS;;6,00%;10;ORTEGA MILAGROS DESIREE;1050;WHITE HORSE DO 12X750;10775,3;3556;;TRADITIONAL TRADE;Autoservicio Tradicional;108415,08;BLAS ALMADA;687,79;$;2;GRUPO PEÑAFLOR SA;9;0;Contado;7/4/2026 11:06;;White Horse;Standard (S);No definido;;;Whisky;PEÑAFLOR GRUPO OBJETIVO;;;20032;GRIBAUDO ESTEBAN;AXUM;;;False;152728;0;Lista General;Autoservicio Tradicional - P;12284;2/4/2026;20000;MOLINA JUAN
1089;RUTA 14 0;Los Hornillos;2/4/2026;1/4/2026;31/3/2026;FAC-B0008-00000508;Venta;P&P LOGISTICA S.R.L;42102;30;86910,3;105161,46;CHEN MIN;;10,00%;9;SANCHEZ FERNANDO JAVIER;9002;ELEMENTOS MALBEC 6X750 ;2897,01;3549;;TRADITIONAL TRADE;Autoservicio Tradicional;70197,6;CHOFER VILLA DOLORES BEBIDA;321,89;$;2;GRUPO PEÑAFLOR SA;22,5;0;Contado;13/4/2026 10:09;;ELEMENTOS;Alto;No definido;;;Vinos del Año;PEÑAFLOR GRUPO OBJETIVO;;;1002;BENITEZ RAUL;AXUM;;;False;152474;0;Lista General;Autoservicio Tradicional - C;12258;2/4/2026;BD-003;VILLAFAÑE MARIANO
1089;RUTA 14 0;Los Hornillos;2/4/2026;1/4/2026;31/3/2026;FAC-B0008-00000508;Venta;P&P LOGISTICA S.R.L;74786;6;16568,06;20047,36;CHEN MIN;;10,00%;9;SANCHEZ FERNANDO JAVIER;9002;EL BAUTISMO CABERNET 6X750;2761,34;3549;;TRADITIONAL TRADE;Autoservicio Tradicional;14508,96;CHOFER VILLA DOLORES BEBIDA;306,82;$;2;GRUPO PEÑAFLOR SA;4,5;0;Contado;13/4/2026 10:09;;;Vinos Del Año;;;;Vinos del Año;PEÑAFLOR GRUPO OBJETIVO;;;1002;BENITEZ RAUL;AXUM;;;False;152474;0;Lista General;Autoservicio Tradicional - C;12258;2/4/2026;BD-003;VILLAFAÑE MARIANO
1089;RUTA 14 0;Los Hornillos;2/4/2026;1/4/2026;31/3/2026;FAC-B0008-00000508;Venta;P&P LOGISTICA S.R.L;74610;6;24050,25;29100,8;CHEN MIN;;10,00%;9;SANCHEZ FERNANDO JAVIER;9002;ALMA MORA SEL RVE BLEND 6X750;4008,38;3549;;TRADITIONAL TRADE;Autoservicio Tradicional;20447,82;CHOFER VILLA DOLORES BEBIDA;445,38;$;2;GRUPO PEÑAFLOR SA;4,5;0;Contado;13/4/2026 10:09;;Alma Mora;Superior;No definido;;;Vinos del Año;PEÑAFLOR GRUPO OBJETIVO;;;1002;BENITEZ RAUL;AXUM;;;False;152474;0;Lista General;Autoservicio Tradicional - C;12258;2/4/2026;BD-003;VILLAFAÑE MARIANO
1089;RUTA 14 0;Los Hornillos;2/4/2026;1/4/2026;31/3/2026;FAC-B0008-00000508;Venta;P&P LOGISTICA S.R.L;74840;6;14756,74;17855,66;CHEN MIN;;10,00%;9;SANCHEZ FERNANDO JAVIER;9002;ALARIS D.COSECHA TINTO 6X750;2459,46;3549;;TRADITIONAL TRADE;Autoservicio Tradicional;12922,74;CHOFER VILLA DOLORES BEBIDA;273,27;$;2;GRUPO PEÑAFLOR SA;0;0;Contado;13/4/2026 10:09;;Alaris;Medio Alto;;;;Vinos del Año;PEÑAFLOR GRUPO OBJETIVO;;;1002;BENITEZ RAUL;AXUM;;;False;152474;0;Lista General;Autoservicio Tradicional - C;12258;2/4/2026;BD-003;VILLAFAÑE MARIANO
1224;AV GRL SAN MARTIN 104;Villa Dolores;2/4/2026;1/4/2026;1/4/2026;FAC-B0008-00000509;Venta;P&P LOGISTICA S.R.L;74504;3;9600,95;11617,14;NIEVAS DEL VALLE;;9,00%;9;SANCHEZ FERNANDO JAVIER;9003;DADA ART MALBEC 6X750;3200,32;3548;;TRADITIONAL TRADE;Almacen/Despensa;8073,15;CHOFER VILLA DOLORES BEBIDA;316,51;$;2;GRUPO PEÑAFLOR SA;2,25;0;Contado;;;Dada;Alto;No definido;;;Vinos del Año;PEÑAFLOR GRUPO OBJETIVO;;;1002;BENITEZ RAUL;AXUM;;;False;152633;1;Lista General;Almacen/Despensa - C;12278;1/4/2026;BD-003;VILLAFAÑE MARIANO
1224;AV GRL SAN MARTIN 104;Villa Dolores;2/4/2026;1/4/2026;1/4/2026;FAC-B0008-00000509;Venta;P&P LOGISTICA S.R.L;74395;3;9600,95;11617,14;NIEVAS DEL VALLE;;9,00%;9;SANCHEZ FERNANDO JAVIER;9003;DADA FMORAS N°2 6X750 ;3200,32;3548;;TRADITIONAL TRADE;Almacen/Despensa;7669,5;CHOFER VILLA DOLORES BEBIDA;316,51;$;2;GRUPO PEÑAFLOR SA;2,25;0;Contado;;;Dada;Alto;No definido;;;Vinos del Año;PEÑAFLOR GRUPO OBJETIVO;;;1002;BENITEZ RAUL;AXUM;;;False;152633;1;Lista General;Almacen/Despensa - C;12278;1/4/2026;BD-003;VILLAFAÑE MARIANO
1224;AV GRL SAN MARTIN 104;Villa Dolores;2/4/2026;1/4/2026;1/4/2026;FAC-B0008-00000509;Venta;P&P LOGISTICA S.R.L;74210;3;10100,62;12221,75;NIEVAS DEL VALLE;;9,00%;9;SANCHEZ FERNANDO JAVIER;9003;ALMA MORA MALBEC 6X750;3366,87;3548;;TRADITIONAL TRADE;Almacen/Despensa;8489,04;CHOFER VILLA DOLORES BEBIDA;332,99;$;2;GRUPO PEÑAFLOR SA;2,25;0;Contado;;;Alma Mora;Alto;No definido;;;Vinos del Año;PEÑAFLOR GRUPO OBJETIVO;;;1002;BENITEZ RAUL;AXUM;;;False;152633;1;Lista General;Almacen/Despensa - C;12278;1/4/2026;BD-003;VILLAFAÑE MARIANO
1224;AV GRL SAN MARTIN 104;Villa Dolores;2/4/2026;1/4/2026;1/4/2026;FAC-B0008-00000509;Venta;P&P LOGISTICA S.R.L;74208;3;10100,95;12222,14;NIEVAS DEL VALLE;;9,00%;9;SANCHEZ FERNANDO JAVIER;9003;ALMA MORA CABSAUV6X750 ;3366,98;3548;;TRADITIONAL TRADE;Almacen/Despensa;8493,57;CHOFER VILLA DOLORES BEBIDA;333;$;2;GRUPO PEÑAFLOR SA;2,25;0;Contado;;;Alma Mora;Alto;No definido;;;Vinos del Año;PEÑAFLOR GRUPO OBJETIVO;;;1002;BENITEZ RAUL;AXUM;;;False;152633;1;Lista General;Almacen/Despensa - C;12278;1/4/2026;BD-003;VILLAFAÑE MARIANO
1224;AV GRL SAN MARTIN 104;Villa Dolores;2/4/2026;1/4/2026;1/4/2026;FAC-B0008-00000509;Venta;P&P LOGISTICA S.R.L;35105;12;23216,76;28092,28;NIEVAS DEL VALLE;;0,00%;9;SANCHEZ FERNANDO JAVIER;9003;SMF ICE RED BERRIE LAT 4X6X473;1934,73;3548;;TRADITIONAL TRADE;Almacen/Despensa;17765,28;CHOFER VILLA DOLORES BEBIDA;0;$;2;GRUPO PEÑAFLOR SA;5,676;0;Contado;;;Smirnoff Ice Flavours;RTD (s);No definido;;;RTD (S);PEÑAFLOR GRUPO OBJETIVO;;;1002;BENITEZ RAUL;AXUM;;;False;152633;1;Lista General;Almacen/Despensa - C;12278;1/4/2026;BD-003;VILLAFAÑE MARIANO
1150;RUTA 14 A  100 M DEL CRUCE 0;San Javier y Yacanto;2/4/2026;2/4/2026;2/4/2026;FAC-B0008-00000510;Venta;P&P LOGISTICA S.R.L;72859;12;28837,21;34893,02;FERREYRA MERCEDES ANABEL;;9,00%;9;SANCHEZ FERNANDO JAVIER;9004;F.LAS MORAS MALBEC 6X750;2403,1;3557;;TRADITIONAL TRADE;Almacen/Despensa;23726,88;CHOFER VILLA DOLORES BEBIDA;237,67;$;2;GRUPO PEÑAFLOR SA;9;0;Contado;15/4/2026 16:48;;Finca Las Moras;Medio Alto;No definido;;;Vinos del Año;PEÑAFLOR GRUPO OBJETIVO;;;1002;BENITEZ RAUL;AXUM;;;False;152752;0;Lista General;Almacen/Despensa - C;12290;2/4/2026;BD-003;VILLAFAÑE MARIANO
1360;VICENTE CASTRO ESQUINA RUTA 14 0;Nono;2/4/2026;1/4/2026;31/3/2026;FAC-A0001-00042208;Venta;Empresa;30139;3;28497,62;34482,12;MURUA ELIAS NICOLAS;;9,00%;9;SANCHEZ FERNANDO JAVIER;9002;GORDONS  TROPICAL FRUITS 6X700;9499,21;3549;;TRADITIONAL TRADE;Almacen/Despensa;24681,63;CHOFER VILLA DOLORES BEBIDA;939,48;$;2;GRUPO PEÑAFLOR SA;0;0;Contado;13/4/2026 10:09;;;;;;;;PEÑAFLOR GRUPO OBJETIVO;;;1002;BENITEZ RAUL;AXUM;;;False;152473;0;Lista General;Almacen/Despensa - C;12260;2/4/2026;BD-003;VILLAFAÑE MARIANO
1360;VICENTE CASTRO ESQUINA RUTA 14 0;Nono;2/4/2026;1/4/2026;31/3/2026;FAC-A0001-00042208;Venta;Empresa;30134;3;28497,62;34482,12;MURUA ELIAS NICOLAS;;9,00%;9;SANCHEZ FERNANDO JAVIER;9002;GORDON´S PINK GIN 6X700;9499,21;3549;;TRADITIONAL TRADE;Almacen/Despensa;24681,63;CHOFER VILLA DOLORES BEBIDA;939,48;$;2;GRUPO PEÑAFLOR SA;0;0;Contado;13/4/2026 10:09;;#¿NOMBRE?;Standard (S);No definido;;-No Definido-;Gin;PEÑAFLOR GRUPO OBJETIVO;;;1002;BENITEZ RAUL;AXUM;;;False;152473;0;Lista General;Almacen/Despensa - C;12260;2/4/2026;BD-003;VILLAFAÑE MARIANO
1360;VICENTE CASTRO ESQUINA RUTA 14 0;Nono;2/4/2026;1/4/2026;31/3/2026;FAC-A0001-00042208;Venta;Empresa;35105;6;11608,38;14046,14;MURUA ELIAS NICOLAS;;0,00%;9;SANCHEZ FERNANDO JAVIER;9002;SMF ICE RED BERRIE LAT 4X6X473;1934,73;3549;;TRADITIONAL TRADE;Almacen/Despensa;8882,64;CHOFER VILLA DOLORES BEBIDA;0;$;2;GRUPO PEÑAFLOR SA;2,838;0;Contado;13/4/2026 10:09;;Smirnoff Ice Flavours;RTD (s);No definido;;;RTD (S);PEÑAFLOR GRUPO OBJETIVO;;;1002;BENITEZ RAUL;AXUM;;;False;152473;0;Lista General;Almacen/Despensa - C;12260;2/4/2026;BD-003;VILLAFAÑE MARIANO
1360;VICENTE CASTRO ESQUINA RUTA 14 0;Nono;2/4/2026;1/4/2026;31/3/2026;FAC-A0001-00042208;Venta;Empresa;70751;6;15084,67;18252,45;MURUA ELIAS NICOLAS;;8,00%;9;SANCHEZ FERNANDO JAVIER;9002;TRAPICHE ALARIS CHARDO 6X750 ;2514,11;3549;;TRADITIONAL TRADE;Almacen/Despensa;12922,74;CHOFER VILLA DOLORES BEBIDA;218,62;$;2;GRUPO PEÑAFLOR SA;4,5;0;Contado;13/4/2026 10:09;;Alaris;Medio Alto;No definido;;;Vinos del Año;PEÑAFLOR GRUPO OBJETIVO;;;1002;BENITEZ RAUL;AXUM;;;False;152473;0;Lista General;Almacen/Despensa - C;12260;2/4/2026;BD-003;VILLAFAÑE MARIANO
1360;VICENTE CASTRO ESQUINA RUTA 14 0;Nono;2/4/2026;1/4/2026;31/3/2026;FAC-A0001-00042208;Venta;Empresa;30022;6;37109,55;44902,55;MURUA ELIAS NICOLAS;;9,00%;9;SANCHEZ FERNANDO JAVIER;9002;SMIRNOFF RASPBERRY DO 6X700;6184,92;3549;;TRADITIONAL TRADE;Almacen/Despensa;32124,3;CHOFER VILLA DOLORES BEBIDA;611,7;$;2;GRUPO PEÑAFLOR SA;4,2;0;Contado;13/4/2026 10:09;;Smirnoff;Standard (S);No definido;;;Vodka;PEÑAFLOR GRUPO OBJETIVO;;;1002;BENITEZ RAUL;AXUM;;;False;152473;0;Lista General;Almacen/Despensa - C;12260;2/4/2026;BD-003;VILLAFAÑE MARIANO
1379;RUTA 14 A 100 DEL CHINO 0;Los Hornillos;2/4/2026;1/4/2026;31/3/2026;FAC-A0001-00042209;Venta;Empresa;42102;6;17768,33;21499,68;AGUILAR GUSTAVO ARIEL;;8,00%;9;SANCHEZ FERNANDO JAVIER;9002;ELEMENTOS MALBEC 6X750 ;2961,39;3549;;TRADITIONAL TRADE;Almacen/Despensa;14039,52;CHOFER VILLA DOLORES BEBIDA;257,51;$;2;GRUPO PEÑAFLOR SA;4,5;0;Contado;13/4/2026 10:09;;ELEMENTOS;Alto;No definido;;;Vinos del Año;PEÑAFLOR GRUPO OBJETIVO;;;1002;BENITEZ RAUL;AXUM;;;False;152529;0;Lista General;Almacen/Despensa - C;12260;31/3/2026;BD-003;VILLAFAÑE MARIANO
1379;RUTA 14 A 100 DEL CHINO 0;Los Hornillos;2/4/2026;1/4/2026;31/3/2026;FAC-A0001-00042209;Venta;Empresa;74210;6;20423,23;24712,1;AGUILAR GUSTAVO ARIEL;;8,00%;9;SANCHEZ FERNANDO JAVIER;9002;ALMA MORA MALBEC 6X750;3403,87;3549;;TRADITIONAL TRADE;Almacen/Despensa;16978,08;CHOFER VILLA DOLORES BEBIDA;295,99;$;2;GRUPO PEÑAFLOR SA;4,5;0;Contado;13/4/2026 10:09;;Alma Mora;Alto;No definido;;;Vinos del Año;PEÑAFLOR GRUPO OBJETIVO;;;1002;BENITEZ RAUL;AXUM;;;False;152529;0;Lista General;Almacen/Despensa - C;12260;31/3/2026;BD-003;VILLAFAÑE MARIANO
1089;RUTA 14 0;Los Hornillos;2/4/2026;1/4/2026;31/3/2026;FAC-B0001-00011798;Venta;Empresa;72859;6;14260,16;17254,79;CHEN MIN;;10,00%;9;SANCHEZ FERNANDO JAVIER;9002;F.LAS MORAS MALBEC 6X750;2376,69;3549;;TRADITIONAL TRADE;Autoservicio Tradicional;11863,44;CHOFER VILLA DOLORES BEBIDA;264,08;$;2;GRUPO PEÑAFLOR SA;4,5;0;Contado;13/4/2026 10:09;;Finca Las Moras;Medio Alto;No definido;;;Vinos del Año;PEÑAFLOR GRUPO OBJETIVO;;;1002;BENITEZ RAUL;AXUM;;;False;152519;0;Lista General;Autoservicio Tradicional - C;12260;2/4/2026;BD-003;VILLAFAÑE MARIANO
1089;RUTA 14 0;Los Hornillos;2/4/2026;1/4/2026;31/3/2026;FAC-B0001-00011798;Venta;Empresa;42102;12;34764,12;42064,59;CHEN MIN;;10,00%;9;SANCHEZ FERNANDO JAVIER;9002;ELEMENTOS MALBEC 6X750 ;2897,01;3549;;TRADITIONAL TRADE;Autoservicio Tradicional;28079,04;CHOFER VILLA DOLORES BEBIDA;321,89;$;2;GRUPO PEÑAFLOR SA;9;0;Contado;13/4/2026 10:09;;ELEMENTOS;Alto;No definido;;;Vinos del Año;PEÑAFLOR GRUPO OBJETIVO;;;1002;BENITEZ RAUL;AXUM;;;False;152519;0;Lista General;Autoservicio Tradicional - C;12260;2/4/2026;BD-003;VILLAFAÑE MARIANO
1089;RUTA 14 0;Los Hornillos;2/4/2026;1/4/2026;31/3/2026;FAC-B0001-00011798;Venta;Empresa;80010;6;16433,98;19885,12;CHEN MIN;;10,00%;9;SANCHEZ FERNANDO JAVIER;9002;LOS ARBOLES SEL MALBEC 6X750;2739;3549;;TRADITIONAL TRADE;Autoservicio Tradicional;14391,54;CHOFER VILLA DOLORES BEBIDA;304,33;$;2;GRUPO PEÑAFLOR SA;4,5;0;Contado;13/4/2026 10:09;;Los Arboles;Medio Alto;No definido;;;Vinos del Año;Grupo Peñaflor,PEÑAFLOR GRUPO OBJETIVO;;;1002;BENITEZ RAUL;AXUM;;;False;152519;0;Lista General;Autoservicio Tradicional - C;12260;2/4/2026;BD-003;VILLAFAÑE MARIANO
1262;HIPOLITO IRIGOYEN 574;Villa Dolores;2/4/2026;1/4/2026;31/3/2026;FAC-A0001-00042210;Venta;Empresa;74570;3;16885,06;20430,92;ASIS ABRAMO JULIETA;;6,00%;9;SANCHEZ FERNANDO JAVIER;9005;LOS INTOCABLES MALBEC 6X750;5628,35;3548;;AUTOSERVICIO;AUTOSERVICIO;13449,45;CHOFER VILLA DOLORES BEBIDA;359,26;$;2;GRUPO PEÑAFLOR SA;2,25;0;Contado;;;;Premium;No definido;;;Vino de Guarda;PEÑAFLOR GRUPO OBJETIVO;;;1002;BENITEZ RAUL;AXUM;;;False;152428;1;Lista General;AUTOSERVICIO - C;12257;31/3/2026;BD-003;VILLAFAÑE MARIANO
1262;HIPOLITO IRIGOYEN 574;Villa Dolores;2/4/2026;1/4/2026;31/3/2026;FAC-A0001-00042210;Venta;Empresa;74583;3;16885,06;20430,92;ASIS ABRAMO JULIETA;;6,00%;9;SANCHEZ FERNANDO JAVIER;9005;LOS INTOCABLES CAB.SAUV 6X750;5628,35;3548;;AUTOSERVICIO;AUTOSERVICIO;14157,33;CHOFER VILLA DOLORES BEBIDA;359,26;$;2;GRUPO PEÑAFLOR SA;2,25;0;Contado;;;;Premium;No definido;;;Vino de Guarda;PEÑAFLOR GRUPO OBJETIVO;;;1002;BENITEZ RAUL;AXUM;;;False;152428;1;Lista General;AUTOSERVICIO - C;12257;31/3/2026;BD-003;VILLAFAÑE MARIANO
8139;CURA BROCHERO ESQ JUAN JOSE PASO (FRENTE A PLAZA) 0;VILLA DOLORES;2/4/2026;1/4/2026;31/3/2026;FAC-A0001-00042211;Venta;Empresa;42102;3;0;0;CHEN XIANYU;;100,00%;9;SANCHEZ FERNANDO JAVIER;9005;ELEMENTOS MALBEC 6X750 ;0;3548;;TRADITIONAL TRADE;Autoservicio Tradicional;7019,76;CHOFER VILLA DOLORES BEBIDA;3218,9;$;2;GRUPO PEÑAFLOR SA;2,25;0;Contado;;;ELEMENTOS;Alto;No definido;;;Vinos del Año;PEÑAFLOR GRUPO OBJETIVO;;;1002;BENITEZ RAUL;AXUM;;;False;152537;1;Lista General;Autoservicio Tradicional - P;12278;2/4/2026;BD-003;VILLAFAÑE MARIANO
8176;BELGRANO 730;VILLA DOLORES;2/4/2026;1/4/2026;1/4/2026;FAC-A0001-00042212;Venta;Empresa;30131;6;37109,55;44902,55;ORDOÑES JOEL ISAIAS;;9,00%;9;SANCHEZ FERNANDO JAVIER;9005;SMIRNOFF TROPICAL FRUITS 6X700;6184,92;3548;;TRADITIONAL TRADE;Almacen/Despensa;32124,3;CHOFER VILLA DOLORES BEBIDA;611,7;$;2;GRUPO PEÑAFLOR SA;4,2;0;Contado;;;Smirnoff;Standard (S);No definido;;;Vodka;PEÑAFLOR GRUPO OBJETIVO;;;1002;BENITEZ RAUL;AXUM;;;False;152596;1;Lista General;Almacen/Despensa - B;12278;2/4/2026;BD-003;VILLAFAÑE MARIANO
3123;AV. CONTARDO FERRINI 187;RIO PRIMERO;2/4/2026;6/4/2026;2/4/2026;FAC-A0001-00042214;Venta;Empresa;74146;6;26520,84;32090,22;CHEN JINMEI;;8,00%;6;PEYRONEL ANDREA;6050;FOND CAVE MALBEC 6X750 ;4420,14;3553;;TRADITIONAL TRADE;Autoservicio Tradicional;22058,16;DELGADO MAYCO JOAQUIN;384,36;$;2;GRUPO PEÑAFLOR SA;4,5;0;Contado;7/4/2026 17:17;;Fond De Cave;Superior;No definido;;;Vinos del Año;PEÑAFLOR GRUPO OBJETIVO;;;20032;GRIBAUDO ESTEBAN;AXUM;;;False;152706;0;Lista General;Autoservicio Tradicional - B;12282;2/4/2026;20000;MOLINA JUAN
3123;AV. CONTARDO FERRINI 187;RIO PRIMERO;2/4/2026;6/4/2026;2/4/2026;FAC-A0001-00042214;Venta;Empresa;70201;6;26520,84;32090,22;CHEN JINMEI;;8,00%;6;PEYRONEL ANDREA;6050;FOND CAVE CABSAU 6X750;4420,14;3553;;TRADITIONAL TRADE;Autoservicio Tradicional;22058,16;DELGADO MAYCO JOAQUIN;384,36;$;2;GRUPO PEÑAFLOR SA;4,5;0;Contado;7/4/2026 17:17;;Fond De Cave;Superior;No definido;;;Vinos del Año;PEÑAFLOR GRUPO OBJETIVO;;;20032;GRIBAUDO ESTEBAN;AXUM;;;False;152706;0;Lista General;Autoservicio Tradicional - B;12282;2/4/2026;20000;MOLINA JUAN
3123;AV. CONTARDO FERRINI 187;RIO PRIMERO;2/4/2026;6/4/2026;2/4/2026;FAC-A0001-00042214;Venta;Empresa;20251;6;12573,24;15213,61;CHEN JINMEI;;8,00%;6;PEYRONEL ANDREA;6050;SUTER VARIETAL MALBEC 6X750;2095,54;3553;;TRADITIONAL TRADE;Autoservicio Tradicional;10771,26;DELGADO MAYCO JOAQUIN;182,22;$;2;GRUPO PEÑAFLOR SA;4,5;0;Contado;7/4/2026 17:17;;#¿NOMBRE?;Medio;No definido;;;Vinos del Año;PEÑAFLOR GRUPO OBJETIVO;;;20032;GRIBAUDO ESTEBAN;AXUM;;;False;152706;0;Lista General;Autoservicio Tradicional - B;12282;2/4/2026;20000;MOLINA JUAN
3123;AV. CONTARDO FERRINI 187;RIO PRIMERO;2/4/2026;6/4/2026;2/4/2026;FAC-A0001-00042214;Venta;Empresa;74569;6;19412,9;23489,61;CHEN JINMEI;;8,00%;6;PEYRONEL ANDREA;6050;DADA N°8 CHOCOLATE 6X750 ;3235,48;3553;;TRADITIONAL TRADE;Autoservicio Tradicional;16146,3;DELGADO MAYCO JOAQUIN;281,35;$;2;GRUPO PEÑAFLOR SA;4,5;0;Contado;7/4/2026 17:17;;Dada;Alto;No definido;;;Vinos del Año;PEÑAFLOR GRUPO OBJETIVO;;;20032;GRIBAUDO ESTEBAN;AXUM;;;False;152706;0;Lista General;Autoservicio Tradicional - B;12282;2/4/2026;20000;MOLINA JUAN
3123;AV. CONTARDO FERRINI 187;RIO PRIMERO;2/4/2026;6/4/2026;2/4/2026;FAC-A0001-00042214;Venta;Empresa;72859;12;29154,1;35276,46;CHEN JINMEI;;8,00%;6;PEYRONEL ANDREA;6050;F.LAS MORAS MALBEC 6X750;2429,51;3553;;TRADITIONAL TRADE;Autoservicio Tradicional;23726,88;DELGADO MAYCO JOAQUIN;211,26;$;2;GRUPO PEÑAFLOR SA;9;0;Contado;7/4/2026 17:17;;Finca Las Moras;Medio Alto;No definido;;;Vinos del Año;PEÑAFLOR GRUPO OBJETIVO;;;20032;GRIBAUDO ESTEBAN;AXUM;;;False;152706;0;Lista General;Autoservicio Tradicional - B;12282;2/4/2026;20000;MOLINA JUAN
3123;AV. CONTARDO FERRINI 187;RIO PRIMERO;2/4/2026;6/4/2026;2/4/2026;FAC-A0001-00042214;Venta;Empresa;74735;6;14577,05;17638,23;CHEN JINMEI;;8,00%;6;PEYRONEL ANDREA;6050;F LAS MORAS RED BLEND  6X 750;2429,51;3553;;TRADITIONAL TRADE;Autoservicio Tradicional;12487,86;DELGADO MAYCO JOAQUIN;211,26;$;2;GRUPO PEÑAFLOR SA;0;0;Contado;7/4/2026 17:17;;;Medio Alto;;;;Vinos del Año;PEÑAFLOR GRUPO OBJETIVO;;;20032;GRIBAUDO ESTEBAN;AXUM;;;False;152706;0;Lista General;Autoservicio Tradicional - B;12282;2/4/2026;20000;MOLINA JUAN
599;AV MITRE 266;Río Primero;2/4/2026;6/4/2026;2/4/2026;FAC-A0001-00042215;Venta;Empresa;35103;24;46433,52;56184,56;JALILES S.A.S.;;0,00%;6;PEYRONEL ANDREA;6050;SMIRNOFF ICE LATA 4X6X473;1934,73;3553;;TRADITIONAL TRADE;Kiosco/Maxikiosco;35530,56;DELGADO MAYCO JOAQUIN;0;$;2;GRUPO PEÑAFLOR SA;11,352;0;Contado;7/4/2026 17:17;;Smirnoff Ice;RTD (s);No definido;;;RTD (S);PEÑAFLOR GRUPO OBJETIVO;;;20032;GRIBAUDO ESTEBAN;AXUM;;;False;152722;0;Lista General;Kiosco/Maxikiosco - P;12283;2/4/2026;2;LESCANO FRANCO DARIO
273;25 DE MAYO 325;OBISPO TREJO;2/4/2026;2/4/2026;2/4/2026;FAC-A0001-00042218;Venta;Empresa;30022;1170;6759238,59;8178678,69;FONTANA DANIEL OCTAVIO ;;15,00%;10;ORTEGA MILAGROS DESIREE;2020;SMIRNOFF RASPBERRY DO 6X700;5777,13;;;AWAY FROM HOME;Eventos;6264238,5;;1019,49;$;2;GRUPO PEÑAFLOR SA;819;0;Contado;2/4/2026 16:33;;Smirnoff;Standard (S);No definido;;;Vodka;PEÑAFLOR GRUPO OBJETIVO;;;20032;GRIBAUDO ESTEBAN;Gescom;;;True;152839;0;Lista General;Eventos - A;;1/1/2000;;
273;25 DE MAYO 325;OBISPO TREJO;2/4/2026;2/4/2026;2/4/2026;FAC-A0001-00042218;Venta;Empresa;30020;12;69325,52;83883,88;FONTANA DANIEL OCTAVIO ;;15,00%;10;ORTEGA MILAGROS DESIREE;2020;SMIRNOFF GREEN APPLE DO 6X700;5777,13;;;AWAY FROM HOME;Eventos;64248,6;;1019,49;$;2;GRUPO PEÑAFLOR SA;8,4;0;Contado;2/4/2026 16:33;;Smirnoff;Standard (S);No definido;;;Vodka;PEÑAFLOR GRUPO OBJETIVO;;;20032;GRIBAUDO ESTEBAN;Gescom;;;True;152839;0;Lista General;Eventos - A;;1/1/2000;;
273;25 DE MAYO 325;OBISPO TREJO;2/4/2026;2/4/2026;2/4/2026;FAC-A0001-00042218;Venta;Empresa;30131;102;589266,95;713013,01;FONTANA DANIEL OCTAVIO ;;15,00%;10;ORTEGA MILAGROS DESIREE;2020;SMIRNOFF TROPICAL FRUITS 6X700;5777,13;;;AWAY FROM HOME;Eventos;546113,1;;1019,49;$;2;GRUPO PEÑAFLOR SA;71,4;0;Contado;2/4/2026 16:33;;Smirnoff;Standard (S);No definido;;;Vodka;PEÑAFLOR GRUPO OBJETIVO;;;20032;GRIBAUDO ESTEBAN;Gescom;;;True;152839;0;Lista General;Eventos - A;;1/1/2000;;
273;25 DE MAYO 325;OBISPO TREJO;2/4/2026;2/4/2026;2/4/2026;FAC-A0001-00042218;Venta;Empresa;30019;12;62359,74;75455,29;FONTANA DANIEL OCTAVIO ;;15,00%;10;ORTEGA MILAGROS DESIREE;2020;SMIRNOFF 21 DO 12X700;5196,65;;;AWAY FROM HOME;Eventos;57821,88;;917,06;$;2;GRUPO PEÑAFLOR SA;8,4;0;Contado;2/4/2026 16:33;;Smirnoff;Standard (S);No definido;;;Vodka;PEÑAFLOR GRUPO OBJETIVO;;;20032;GRIBAUDO ESTEBAN;Gescom;;;True;152839;0;Lista General;Eventos - A;;1/1/2000;;
8006;PUBLICA 0;SAN JAVIER;2/4/2026;2/4/2026;2/4/2026;FAC-A0001-00042219;Venta;Empresa;74210;3;10100,62;12221,75;ARREGUIS CLAUDIA MARCELA;;9,00%;9;SANCHEZ FERNANDO JAVIER;9005;ALMA MORA MALBEC 6X750;3366,87;3557;;TRADITIONAL TRADE;Almacen/Despensa;8489,04;CHOFER VILLA DOLORES BEBIDA;332,99;$;2;GRUPO PEÑAFLOR SA;2,25;0;Contado;15/4/2026 16:48;;Alma Mora;Alto;No definido;;;Vinos del Año;PEÑAFLOR GRUPO OBJETIVO;;;1002;BENITEZ RAUL;AXUM;;;False;152763;0;Lista General;Almacen/Despensa - P;12290;2/4/2026;BD-003;VILLAFAÑE MARIANO
8006;PUBLICA 0;SAN JAVIER;2/4/2026;2/4/2026;2/4/2026;FAC-A0001-00042219;Venta;Empresa;71704;3;7460,35;9027,03;ARREGUIS CLAUDIA MARCELA;;9,00%;9;SANCHEZ FERNANDO JAVIER;9005;TRAPICHE ALARIS MALBEC 6X750;2486,78;3557;;TRADITIONAL TRADE;Almacen/Despensa;6461,37;CHOFER VILLA DOLORES BEBIDA;245,95;$;2;GRUPO PEÑAFLOR SA;2,25;0;Contado;15/4/2026 16:48;;Alaris;Medio Alto;No definido;;;Vinos del Año;PEÑAFLOR GRUPO OBJETIVO;;;1002;BENITEZ RAUL;AXUM;;;False;152763;0;Lista General;Almacen/Despensa - P;12290;2/4/2026;BD-003;VILLAFAÑE MARIANO
8006;PUBLICA 0;SAN JAVIER;2/4/2026;2/4/2026;2/4/2026;FAC-A0001-00042219;Venta;Empresa;72859;3;7209,3;8723,26;ARREGUIS CLAUDIA MARCELA;;9,00%;9;SANCHEZ FERNANDO JAVIER;9005;F.LAS MORAS MALBEC 6X750;2403,1;3557;;TRADITIONAL TRADE;Almacen/Despensa;5931,72;CHOFER VILLA DOLORES BEBIDA;237,67;$;2;GRUPO PEÑAFLOR SA;2,25;0;Contado;15/4/2026 16:48;;Finca Las Moras;Medio Alto;No definido;;;Vinos del Año;PEÑAFLOR GRUPO OBJETIVO;;;1002;BENITEZ RAUL;AXUM;;;False;152763;0;Lista General;Almacen/Despensa - P;12290;2/4/2026;BD-003;VILLAFAÑE MARIANO
8006;PUBLICA 0;SAN JAVIER;2/4/2026;2/4/2026;2/4/2026;FAC-A0001-00042219;Venta;Empresa;80010;3;8582,19;10384,45;ARREGUIS CLAUDIA MARCELA;;6,00%;9;SANCHEZ FERNANDO JAVIER;9005;LOS ARBOLES SEL MALBEC 6X750;2860,73;3557;;TRADITIONAL TRADE;Almacen/Despensa;7195,77;CHOFER VILLA DOLORES BEBIDA;182,6;$;2;GRUPO PEÑAFLOR SA;2,25;0;Contado;15/4/2026 16:48;;Los Arboles;Medio Alto;No definido;;;Vinos del Año;Grupo Peñaflor,PEÑAFLOR GRUPO OBJETIVO;;;1002;BENITEZ RAUL;AXUM;;;False;152763;0;Lista General;Almacen/Despensa - P;12290;2/4/2026;BD-003;VILLAFAÑE MARIANO
8006;PUBLICA 0;SAN JAVIER;2/4/2026;2/4/2026;2/4/2026;FAC-A0001-00042219;Venta;Empresa;30022;3;18554,77;22451,27;ARREGUIS CLAUDIA MARCELA;;9,00%;9;SANCHEZ FERNANDO JAVIER;9005;SMIRNOFF RASPBERRY DO 6X700;6184,92;3557;;TRADITIONAL TRADE;Almacen/Despensa;16062,15;CHOFER VILLA DOLORES BEBIDA;611,7;$;2;GRUPO PEÑAFLOR SA;2,1;0;Contado;15/4/2026 16:48;;Smirnoff;Standard (S);No definido;;;Vodka;PEÑAFLOR GRUPO OBJETIVO;;;1002;BENITEZ RAUL;AXUM;;;False;152763;0;Lista General;Almacen/Despensa - P;12290;2/4/2026;BD-003;VILLAFAÑE MARIANO
8006;PUBLICA 0;SAN JAVIER;2/4/2026;2/4/2026;2/4/2026;FAC-A0001-00042219;Venta;Empresa;30020;3;18554,77;22451,27;ARREGUIS CLAUDIA MARCELA;;9,00%;9;SANCHEZ FERNANDO JAVIER;9005;SMIRNOFF GREEN APPLE DO 6X700;6184,92;3557;;TRADITIONAL TRADE;Almacen/Despensa;16062,15;CHOFER VILLA DOLORES BEBIDA;611,7;$;2;GRUPO PEÑAFLOR SA;2,1;0;Contado;15/4/2026 16:48;;Smirnoff;Standard (S);No definido;;;Vodka;PEÑAFLOR GRUPO OBJETIVO;;;1002;BENITEZ RAUL;AXUM;;;False;152763;0;Lista General;Almacen/Despensa - P;12290;2/4/2026;BD-003;VILLAFAÑE MARIANO
1093;LIBERTADOR URQUIZA 0;La Paz;2/4/2026;2/4/2026;2/4/2026;FAC-A0001-00042220;Venta;Empresa;71704;6;14756,74;17855,66;RAMIREZ LUISINA AINELEN;;10,00%;9;SANCHEZ FERNANDO JAVIER;9004;TRAPICHE ALARIS MALBEC 6X750;2459,46;3557;;TRADITIONAL TRADE;Autoservicio Tradicional;12922,74;CHOFER VILLA DOLORES BEBIDA;273,27;$;2;GRUPO PEÑAFLOR SA;4,5;0;Contado;15/4/2026 16:48;;Alaris;Medio Alto;No definido;;;Vinos del Año;PEÑAFLOR GRUPO OBJETIVO;;;1002;BENITEZ RAUL;AXUM;;;False;152785;0;Lista General;Autoservicio Tradicional - C;12311;2/4/2026;BD-003;VILLAFAÑE MARIANO
1093;LIBERTADOR URQUIZA 0;La Paz;2/4/2026;2/4/2026;2/4/2026;FAC-A0001-00042220;Venta;Empresa;72859;3;7130,08;8627,4;RAMIREZ LUISINA AINELEN;;10,00%;9;SANCHEZ FERNANDO JAVIER;9004;F.LAS MORAS MALBEC 6X750;2376,69;3557;;TRADITIONAL TRADE;Autoservicio Tradicional;5931,72;CHOFER VILLA DOLORES BEBIDA;264,08;$;2;GRUPO PEÑAFLOR SA;2,25;0;Contado;15/4/2026 16:48;;Finca Las Moras;Medio Alto;No definido;;;Vinos del Año;PEÑAFLOR GRUPO OBJETIVO;;;1002;BENITEZ RAUL;AXUM;;;False;152785;0;Lista General;Autoservicio Tradicional - C;12311;2/4/2026;BD-003;VILLAFAÑE MARIANO
1093;LIBERTADOR URQUIZA 0;La Paz;2/4/2026;2/4/2026;2/4/2026;FAC-A0001-00042220;Venta;Empresa;80010;3;8216,99;9942,56;RAMIREZ LUISINA AINELEN;;10,00%;9;SANCHEZ FERNANDO JAVIER;9004;LOS ARBOLES SEL MALBEC 6X750;2739;3557;;TRADITIONAL TRADE;Autoservicio Tradicional;7195,77;CHOFER VILLA DOLORES BEBIDA;304,33;$;2;GRUPO PEÑAFLOR SA;2,25;0;Contado;15/4/2026 16:48;;Los Arboles;Medio Alto;No definido;;;Vinos del Año;Grupo Peñaflor,PEÑAFLOR GRUPO OBJETIVO;;;1002;BENITEZ RAUL;AXUM;;;False;152785;0;Lista General;Autoservicio Tradicional - C;12311;2/4/2026;BD-003;VILLAFAÑE MARIANO
1093;LIBERTADOR URQUIZA 0;La Paz;2/4/2026;2/4/2026;2/4/2026;FAC-A0001-00042220;Venta;Empresa;74726;3;10193,93;12334,66;RAMIREZ LUISINA AINELEN;;10,00%;9;SANCHEZ FERNANDO JAVIER;9004;ORIGEN BY TRAPICHE MALBEC 6X750;3397,98;3557;;TRADITIONAL TRADE;Autoservicio Tradicional;8667;CHOFER VILLA DOLORES BEBIDA;377,55;$;2;GRUPO PEÑAFLOR SA;2,25;0;Contado;15/4/2026 16:48;;Trapiche Reserva;Alto;No definido;-No Definido-;;Vinos del Año;PEÑAFLOR GRUPO OBJETIVO;;;1002;BENITEZ RAUL;AXUM;;;False;152785;0;Lista General;Autoservicio Tradicional - C;12311;2/4/2026;BD-003;VILLAFAÑE MARIANO
1093;LIBERTADOR URQUIZA 0;La Paz;2/4/2026;2/4/2026;2/4/2026;FAC-A0001-00042220;Venta;Empresa;74721;3;9168,04;11093,33;RAMIREZ LUISINA AINELEN;;10,00%;9;SANCHEZ FERNANDO JAVIER;9004;FAIR FOR LIFE MALBEC 6X750 ;3056,01;3557;;TRADITIONAL TRADE;Autoservicio Tradicional;7794,78;CHOFER VILLA DOLORES BEBIDA;339,56;$;2;GRUPO PEÑAFLOR SA;2,25;0;Contado;15/4/2026 16:48;;FAIR FOR LIFE;Alto;No definido;;;Vinos del Año;PEÑAFLOR GRUPO OBJETIVO;;;1002;BENITEZ RAUL;AXUM;;;False;152785;0;Lista General;Autoservicio Tradicional - C;12311;2/4/2026;BD-003;VILLAFAÑE MARIANO
8084;BELGRANO ESQ YAPEYU 0;VILLA DOLORES;2/4/2026;2/4/2026;1/4/2026;FAC-A0001-00042221;Venta;Empresa;30022;18;111328,64;134707,65;MOLINA EDUARDO;;9,00%;9;SANCHEZ FERNANDO JAVIER;9005;SMIRNOFF RASPBERRY DO 6X700;6184,92;3558;;TRADITIONAL TRADE;Almacen/Despensa;96372,9;CHOFER VILLA DOLORES BEBIDA;611,7;$;2;GRUPO PEÑAFLOR SA;12,6;0;Contado;;;Smirnoff;Standard (S);No definido;;;Vodka;PEÑAFLOR GRUPO OBJETIVO;;;1002;BENITEZ RAUL;AXUM;;;False;152699;1;Lista General;Almacen/Despensa - P;12291;2/4/2026;BD-003;VILLAFAÑE MARIANO
8084;BELGRANO ESQ YAPEYU 0;VILLA DOLORES;2/4/2026;2/4/2026;1/4/2026;FAC-A0001-00042221;Venta;Empresa;30020;6;37109,55;44902,55;MOLINA EDUARDO;;9,00%;9;SANCHEZ FERNANDO JAVIER;9005;SMIRNOFF GREEN APPLE DO 6X700;6184,92;3558;;TRADITIONAL TRADE;Almacen/Despensa;32124,3;CHOFER VILLA DOLORES BEBIDA;611,7;$;2;GRUPO PEÑAFLOR SA;4,2;0;Contado;;;Smirnoff;Standard (S);No definido;;;Vodka;PEÑAFLOR GRUPO OBJETIVO;;;1002;BENITEZ RAUL;AXUM;;;False;152699;1;Lista General;Almacen/Despensa - P;12291;2/4/2026;BD-003;VILLAFAÑE MARIANO
8084;BELGRANO ESQ YAPEYU 0;VILLA DOLORES;2/4/2026;2/4/2026;1/4/2026;FAC-A0001-00042221;Venta;Empresa;35109;6;10969,88;13273,56;MOLINA EDUARDO;;10,00%;9;SANCHEZ FERNANDO JAVIER;9005;SMF  BC GRAPEF&LIME  LATA 4X6X473;1828,31;3558;;TRADITIONAL TRADE;Almacen/Despensa;9326,7;CHOFER VILLA DOLORES BEBIDA;203,15;$;2;GRUPO PEÑAFLOR SA;0;0;Contado;;;Smirnoff Ice Flavours;RTD (s);;;;RTD (S);PEÑAFLOR GRUPO OBJETIVO;;;1002;BENITEZ RAUL;AXUM;;;False;152699;1;Lista General;Almacen/Despensa - P;12291;2/4/2026;BD-003;VILLAFAÑE MARIANO
8084;BELGRANO ESQ YAPEYU 0;VILLA DOLORES;2/4/2026;2/4/2026;1/4/2026;FAC-A0001-00042221;Venta;Empresa;35108;6;10969,88;13273,56;MOLINA EDUARDO;;10,00%;9;SANCHEZ FERNANDO JAVIER;9005;SMF BC RUBYORANGE&LIME LATA 4X6X473;1828,31;3558;;TRADITIONAL TRADE;Almacen/Despensa;9326,7;CHOFER VILLA DOLORES BEBIDA;203,15;$;2;GRUPO PEÑAFLOR SA;0;0;Contado;;;Smirnoff Ice Flavours;RTD (S);;;;RTD (S);PEÑAFLOR GRUPO OBJETIVO;;;1002;BENITEZ RAUL;AXUM;;;False;152699;1;Lista General;Almacen/Despensa - P;12291;2/4/2026;BD-003;VILLAFAÑE MARIANO
8084;BELGRANO ESQ YAPEYU 0;VILLA DOLORES;2/4/2026;2/4/2026;1/4/2026;FAC-A0001-00042221;Venta;Empresa;74210;3;10211,61;12356,05;MOLINA EDUARDO;;8,00%;9;SANCHEZ FERNANDO JAVIER;9005;ALMA MORA MALBEC 6X750;3403,87;3558;;TRADITIONAL TRADE;Almacen/Despensa;8489,04;CHOFER VILLA DOLORES BEBIDA;295,99;$;2;GRUPO PEÑAFLOR SA;2,25;0;Contado;;;Alma Mora;Alto;No definido;;;Vinos del Año;PEÑAFLOR GRUPO OBJETIVO;;;1002;BENITEZ RAUL;AXUM;;;False;152699;1;Lista General;Almacen/Despensa - P;12291;2/4/2026;BD-003;VILLAFAÑE MARIANO
8084;BELGRANO ESQ YAPEYU 0;VILLA DOLORES;2/4/2026;2/4/2026;1/4/2026;FAC-A0001-00042221;Venta;Empresa;71704;3;7542,33;9126,23;MOLINA EDUARDO;;8,00%;9;SANCHEZ FERNANDO JAVIER;9005;TRAPICHE ALARIS MALBEC 6X750;2514,11;3558;;TRADITIONAL TRADE;Almacen/Despensa;6461,37;CHOFER VILLA DOLORES BEBIDA;218,62;$;2;GRUPO PEÑAFLOR SA;2,25;0;Contado;;;Alaris;Medio Alto;No definido;;;Vinos del Año;PEÑAFLOR GRUPO OBJETIVO;;;1002;BENITEZ RAUL;AXUM;;;False;152699;1;Lista General;Almacen/Despensa - P;12291;2/4/2026;BD-003;VILLAFAÑE MARIANO
8084;BELGRANO ESQ YAPEYU 0;VILLA DOLORES;2/4/2026;2/4/2026;1/4/2026;FAC-A0001-00042221;Venta;Empresa;74188;3;7460,35;9027,03;MOLINA EDUARDO;;9,00%;9;SANCHEZ FERNANDO JAVIER;9005;TRAPICHE ALARIS DULCE COSECHA 6X750;2486,78;3558;;TRADITIONAL TRADE;Almacen/Despensa;6138,3;CHOFER VILLA DOLORES BEBIDA;245,95;$;2;GRUPO PEÑAFLOR SA;2,25;0;Contado;;;Alaris;Medio Alto;No definido;;;Vinos del Año;PEÑAFLOR GRUPO OBJETIVO;;;1002;BENITEZ RAUL;AXUM;;;False;152699;1;Lista General;Almacen/Despensa - P;12291;2/4/2026;BD-003;VILLAFAÑE MARIANO
30064;G.L. CABRERA 246;LAS VARILLAS;6/4/2026;7/4/2026;6/4/2026;FAC-A0006-00061107;Venta;P&P LOGISTICA S.R.L;30131;12;76665,87;92765,71;ANDRADA ROMINA PAOLA ;;6,00%;8;ALVAREZ VANESA  KAFF;8010;SMIRNOFF TROPICAL FRUITS 6X700;6388,82;3562;;TRADITIONAL TRADE;Almacen/Despensa;64248,6;ACOSTA FACUNDO;407,8;$;2;GRUPO PEÑAFLOR SA;8,4;0;Contado;7/4/2026 17:32;;Smirnoff;Standard (S);No definido;;;Vodka;PEÑAFLOR GRUPO OBJETIVO;;;20032;GRIBAUDO ESTEBAN;AXUM;;;False;152927;0;Lista General;Almacen/Despensa - P;12321;6/4/2026;2;LESCANO FRANCO DARIO
30064;G.L. CABRERA 246;LAS VARILLAS;6/4/2026;7/4/2026;6/4/2026;FAC-A0006-00061108;Venta;P&P LOGISTICA S.R.L;35104;12;23216,76;28092,28;ANDRADA ROMINA PAOLA ;;0,00%;8;ALVAREZ VANESA  KAFF;8010;SMF ICE GREENAPPLE LAT 4X6X473;1934,73;3562;;TRADITIONAL TRADE;Almacen/Despensa;17765,28;ACOSTA FACUNDO;0;$;2;GRUPO PEÑAFLOR SA;5,676;0;Contado;7/4/2026 17:32;;Smirnoff Ice Flavours;RTD (s);No definido;;;RTD (S);PEÑAFLOR GRUPO OBJETIVO;;;20032;GRIBAUDO ESTEBAN;AXUM;;;False;152928;0;Lista General;Almacen/Despensa - P;12321;6/4/2026;2;LESCANO FRANCO DARIO
30064;G.L. CABRERA 246;LAS VARILLAS;6/4/2026;7/4/2026;6/4/2026;FAC-A0006-00061109;Venta;P&P LOGISTICA S.R.L;35105;24;46433,52;56184,56;ANDRADA ROMINA PAOLA ;;0,00%;8;ALVAREZ VANESA  KAFF;8010;SMF ICE RED BERRIE LAT 4X6X473;1934,73;3562;;TRADITIONAL TRADE;Almacen/Despensa;35530,56;ACOSTA FACUNDO;0;$;2;GRUPO PEÑAFLOR SA;11,352;0;Contado;7/4/2026 17:32;;Smirnoff Ice Flavours;RTD (s);No definido;;;RTD (S);PEÑAFLOR GRUPO OBJETIVO;;;20032;GRIBAUDO ESTEBAN;AXUM;;;False;152929;0;Lista General;Almacen/Despensa - P;12321;6/4/2026;2;LESCANO FRANCO DARIO
30064;G.L. CABRERA 246;LAS VARILLAS;6/4/2026;7/4/2026;6/4/2026;FAC-A0006-00061109;Venta;P&P LOGISTICA S.R.L;35104;12;23216,76;28092,28;ANDRADA ROMINA PAOLA ;;0,00%;8;ALVAREZ VANESA  KAFF;8010;SMF ICE GREENAPPLE LAT 4X6X473;1934,73;3562;;TRADITIONAL TRADE;Almacen/Despensa;17765,28;ACOSTA FACUNDO;0;$;2;GRUPO PEÑAFLOR SA;5,676;0;Contado;7/4/2026 17:32;;Smirnoff Ice Flavours;RTD (s);No definido;;;RTD (S);PEÑAFLOR GRUPO OBJETIVO;;;20032;GRIBAUDO ESTEBAN;AXUM;;;False;152929;0;Lista General;Almacen/Despensa - P;12321;6/4/2026;2;LESCANO FRANCO DARIO
30068;RIVADAVIA 242;LAS VARILLAS;6/4/2026;7/4/2026;6/4/2026;FAC-A0006-00061113;Venta;P&P LOGISTICA S.R.L;30065;6;38332,94;46382,85;VASCHETTI IGNACIO ;;6,00%;8;ALVAREZ VANESA  KAFF;8010;SMIRNOFF WATERMELON 6X700;6388,82;3562;;TRADITIONAL TRADE;Almacen/Despensa;32140,38;ACOSTA FACUNDO;407,8;$;2;GRUPO PEÑAFLOR SA;4,2;0;Contado;7/4/2026 17:32;;Smirnoff;Standard (S);No definido;;;Vodka;PEÑAFLOR GRUPO OBJETIVO;;;20032;GRIBAUDO ESTEBAN;AXUM;;;False;152963;0;Lista General;Almacen/Despensa - P;12325;6/4/2026;BD-003;VILLAFAÑE MARIANO
30068;RIVADAVIA 242;LAS VARILLAS;6/4/2026;7/4/2026;6/4/2026;FAC-A0006-00061113;Venta;P&P LOGISTICA S.R.L;30131;6;38332,94;46382,85;VASCHETTI IGNACIO ;;6,00%;8;ALVAREZ VANESA  KAFF;8010;SMIRNOFF TROPICAL FRUITS 6X700;6388,82;3562;;TRADITIONAL TRADE;Almacen/Despensa;32124,3;ACOSTA FACUNDO;407,8;$;2;GRUPO PEÑAFLOR SA;4,2;0;Contado;7/4/2026 17:32;;Smirnoff;Standard (S);No definido;;;Vodka;PEÑAFLOR GRUPO OBJETIVO;;;20032;GRIBAUDO ESTEBAN;AXUM;;;False;152963;0;Lista General;Almacen/Despensa - P;12325;6/4/2026;BD-003;VILLAFAÑE MARIANO
30068;RIVADAVIA 242;LAS VARILLAS;6/4/2026;7/4/2026;6/4/2026;FAC-A0006-00061114;Venta;P&P LOGISTICA S.R.L;35101;6;38332,94;46382,85;VASCHETTI IGNACIO ;;6,00%;8;ALVAREZ VANESA  KAFF;8010;SMIRNOFF BC ORANGE & LIME 6X700;6388,82;3562;;TRADITIONAL TRADE;Almacen/Despensa;32140,38;ACOSTA FACUNDO;407,8;$;2;GRUPO PEÑAFLOR SA;4,2;0;Contado;7/4/2026 17:32;;Smirnoff;Standard (S);No definido;;;Vodka;PEÑAFLOR GRUPO OBJETIVO;;;20032;GRIBAUDO ESTEBAN;AXUM;;;False;152964;0;Lista General;Almacen/Despensa - P;12325;6/4/2026;BD-003;VILLAFAÑE MARIANO
698;GENERAL ROCA 99;LAS VARILLAS;6/4/2026;7/4/2026;6/4/2026;FAC-A0006-00061118;Venta;P&P LOGISTICA S.R.L;30003;1;40947,85;49546,9;SALAMANCA JACOBO RAMIRO ;;0,00%;8;ALVAREZ VANESA  KAFF;8010;JW BLACK LABEL 12x750;40947,85;3562;;VINOTECAS;VINOTECAS;29882,31;ACOSTA FACUNDO;0;$;2;GRUPO PEÑAFLOR SA;0,75;0;Contado;7/4/2026 17:32;;JW;Premium (S);No definido;;;Whisky;PEÑAFLOR GRUPO OBJETIVO;;;20032;GRIBAUDO ESTEBAN;AXUM;;;False;152993;0;Lista General;VINOTECAS - P;12331;6/4/2026;BD-003;VILLAFAÑE MARIANO
698;GENERAL ROCA 99;LAS VARILLAS;6/4/2026;7/4/2026;6/4/2026;FAC-A0006-00061118;Venta;P&P LOGISTICA S.R.L;30004;1;48718,78;58949,72;SALAMANCA JACOBO RAMIRO ;;0,00%;8;ALVAREZ VANESA  KAFF;8010;JW BLACK LABEL 12x1000;48718,78;3562;;VINOTECAS;VINOTECAS;35553,26;ACOSTA FACUNDO;0;$;2;GRUPO PEÑAFLOR SA;1;0;Contado;7/4/2026 17:32;;JW;Premium (S);No definido;;;Whisky;PEÑAFLOR GRUPO OBJETIVO;;;20032;GRIBAUDO ESTEBAN;AXUM;;;False;152993;0;Lista General;VINOTECAS - P;12331;6/4/2026;BD-003;VILLAFAÑE MARIANO
698;GENERAL ROCA 99;LAS VARILLAS;6/4/2026;7/4/2026;6/4/2026;FAC-A0006-00061119;Venta;P&P LOGISTICA S.R.L;30048;1;36989,74;44757,59;SALAMANCA JACOBO RAMIRO ;;0,00%;8;ALVAREZ VANESA  KAFF;8010;OLD PARR 12YO 12x750;36989,74;3562;;VINOTECAS;VINOTECAS;26993,82;ACOSTA FACUNDO;0;$;2;GRUPO PEÑAFLOR SA;0,75;0;Contado;7/4/2026 17:32;;JW;Premium (S);No definido;;;Whisky;PEÑAFLOR GRUPO OBJETIVO;;;20032;GRIBAUDO ESTEBAN;AXUM;;;False;152994;0;Lista General;VINOTECAS - P;12331;6/4/2026;BD-003;VILLAFAÑE MARIANO
698;GENERAL ROCA 99;LAS VARILLAS;6/4/2026;7/4/2026;6/4/2026;FAC-A0006-00061119;Venta;P&P LOGISTICA S.R.L;30075;5;44795,61;54202,68;SALAMANCA JACOBO RAMIRO ;;6,00%;8;ALVAREZ VANESA  KAFF;8010;GORDON´S GIN 6x700;8959,12;3562;;VINOTECAS;VINOTECAS;37559;ACOSTA FACUNDO;571,86;$;2;GRUPO PEÑAFLOR SA;3,5;0;Contado;7/4/2026 17:32;;Gordon´s;Standard (S);No definido;;;Gin;PEÑAFLOR GRUPO OBJETIVO;;;20032;GRIBAUDO ESTEBAN;AXUM;;;False;152994;0;Lista General;VINOTECAS - P;12331;6/4/2026;BD-003;VILLAFAÑE MARIANO
698;GENERAL ROCA 99;LAS VARILLAS;6/4/2026;7/4/2026;6/4/2026;FAC-A0006-00061120;Venta;P&P LOGISTICA S.R.L;30012;2;45798,5;55416,19;SALAMANCA JACOBO RAMIRO ;;0,00%;8;ALVAREZ VANESA  KAFF;8010;BAILEYS NUEVA BOTELLA 12x750;22899,25;3562;;VINOTECAS;VINOTECAS;32814,48;ACOSTA FACUNDO;0;$;2;GRUPO PEÑAFLOR SA;1,5;0;Contado;7/4/2026 17:32;;Baileys;Premium (S);No definido;;;Licores;PEÑAFLOR GRUPO OBJETIVO;;;20032;GRIBAUDO ESTEBAN;AXUM;;;False;152995;0;Lista General;VINOTECAS - P;12331;6/4/2026;BD-003;VILLAFAÑE MARIANO
698;GENERAL ROCA 99;LAS VARILLAS;6/4/2026;7/4/2026;6/4/2026;FAC-A0006-00061120;Venta;P&P LOGISTICA S.R.L;30010;1;17304,69;20938,67;SALAMANCA JACOBO RAMIRO ;;0,00%;8;ALVAREZ VANESA  KAFF;8010;J&B RARE 12X750;17304,69;3562;;VINOTECAS;VINOTECAS;13631,81;ACOSTA FACUNDO;0;$;2;GRUPO PEÑAFLOR SA;0;0;Contado;7/4/2026 17:32;;#¿NOMBRE?;Whisky;;;;Whisky;PEÑAFLOR GRUPO OBJETIVO;;;20032;GRIBAUDO ESTEBAN;AXUM;;;False;152995;0;Lista General;VINOTECAS - P;12331;6/4/2026;BD-003;VILLAFAÑE MARIANO
698;GENERAL ROCA 99;LAS VARILLAS;6/4/2026;7/4/2026;6/4/2026;FAC-A0006-00061121;Venta;P&P LOGISTICA S.R.L;74248;3;40514,7;49022,79;SALAMANCA JACOBO RAMIRO ;;0,00%;8;ALVAREZ VANESA  KAFF;8010;FOND CAVE G. RVA MALBEC 6X750;13504,9;3562;;VINOTECAS;VINOTECAS;31001,46;ACOSTA FACUNDO;0;$;2;GRUPO PEÑAFLOR SA;2,25;0;Contado;7/4/2026 17:32;;Fond De Cave;Super premium;No definido;;;Vino de Guarda;PEÑAFLOR GRUPO OBJETIVO;;;20032;GRIBAUDO ESTEBAN;AXUM;;;False;152996;0;Lista General;VINOTECAS - P;12331;6/4/2026;BD-003;VILLAFAÑE MARIANO
698;GENERAL ROCA 99;LAS VARILLAS;6/4/2026;7/4/2026;6/4/2026;FAC-A0006-00061121;Venta;P&P LOGISTICA S.R.L;74144;6;35791,85;43308,14;SALAMANCA JACOBO RAMIRO ;;10,00%;8;ALVAREZ VANESA  KAFF;8010;FOND CAVE RVA CABSAU 6X750;5965,31;3562;;VINOTECAS;VINOTECAS;31343,58;ACOSTA FACUNDO;662,81;$;2;GRUPO PEÑAFLOR SA;4,5;0;Contado;7/4/2026 17:32;;#¿NOMBRE?;Premium;No definido;;-No Definido-;Vino de Guarda;Grupo Peñaflor,PEÑAFLOR GRUPO OBJETIVO;;;20032;GRIBAUDO ESTEBAN;AXUM;;;False;152996;0;Lista General;VINOTECAS - P;12331;6/4/2026;BD-003;VILLAFAÑE MARIANO
698;GENERAL ROCA 99;LAS VARILLAS;6/4/2026;7/4/2026;6/4/2026;FAC-A0006-00061122;Venta;P&P LOGISTICA S.R.L;74726;6;20387,86;24669,31;SALAMANCA JACOBO RAMIRO ;;10,00%;8;ALVAREZ VANESA  KAFF;8010;ORIGEN BY TRAPICHE MALBEC 6X750;3397,98;3562;;VINOTECAS;VINOTECAS;17334;ACOSTA FACUNDO;377,55;$;2;GRUPO PEÑAFLOR SA;4,5;0;Contado;7/4/2026 17:32;;Trapiche Reserva;Alto;No definido;-No Definido-;;Vinos del Año;PEÑAFLOR GRUPO OBJETIVO;;;20032;GRIBAUDO ESTEBAN;AXUM;;;False;152997;0;Lista General;VINOTECAS - P;12331;6/4/2026;BD-003;VILLAFAÑE MARIANO
698;GENERAL ROCA 99;LAS VARILLAS;6/4/2026;7/4/2026;6/4/2026;FAC-A0006-00061122;Venta;P&P LOGISTICA S.R.L;72859;12;28520,32;34509,58;SALAMANCA JACOBO RAMIRO ;;10,00%;8;ALVAREZ VANESA  KAFF;8010;F.LAS MORAS MALBEC 6X750;2376,69;3562;;VINOTECAS;VINOTECAS;23726,88;ACOSTA FACUNDO;264,08;$;2;GRUPO PEÑAFLOR SA;9;0;Contado;7/4/2026 17:32;;Finca Las Moras;Medio Alto;No definido;;;Vinos del Año;PEÑAFLOR GRUPO OBJETIVO;;;20032;GRIBAUDO ESTEBAN;AXUM;;;False;152997;0;Lista General;VINOTECAS - P;12331;6/4/2026;BD-003;VILLAFAÑE MARIANO
698;GENERAL ROCA 99;LAS VARILLAS;6/4/2026;7/4/2026;6/4/2026;FAC-A0006-00061122;Venta;P&P LOGISTICA S.R.L;74570;3;16166,55;19561,52;SALAMANCA JACOBO RAMIRO ;;10,00%;8;ALVAREZ VANESA  KAFF;8010;LOS INTOCABLES MALBEC 6X750;5388,85;3562;;VINOTECAS;VINOTECAS;13449,45;ACOSTA FACUNDO;598,76;$;2;GRUPO PEÑAFLOR SA;2,25;0;Contado;7/4/2026 17:32;;;Premium;No definido;;;Vino de Guarda;PEÑAFLOR GRUPO OBJETIVO;;;20032;GRIBAUDO ESTEBAN;AXUM;;;False;152997;0;Lista General;VINOTECAS - P;12331;6/4/2026;BD-003;VILLAFAÑE MARIANO
698;GENERAL ROCA 99;LAS VARILLAS;6/4/2026;7/4/2026;6/4/2026;FAC-A0006-00061122;Venta;P&P LOGISTICA S.R.L;30329;6;11335,02;13715,37;SALAMANCA JACOBO RAMIRO ;;5,00%;8;ALVAREZ VANESA  KAFF;8010;ANTARES LATA KOLSCH 6 X 473ML;1889,17;3562;;VINOTECAS;VINOTECAS;12000;ACOSTA FACUNDO;99,43;$;2;GRUPO PEÑAFLOR SA;2,838;0;Contado;7/4/2026 17:32;;;CERVEZA ARTESANAL;No definido;;-No Definido-;CERVEZA ARTESANAL;PEÑAFLOR GRUPO OBJETIVO;;;20032;GRIBAUDO ESTEBAN;AXUM;;;False;152997;0;Lista General;VINOTECAS - P;12331;6/4/2026;BD-003;VILLAFAÑE MARIANO
698;GENERAL ROCA 99;LAS VARILLAS;6/4/2026;7/4/2026;6/4/2026;FAC-A0006-00061123;Venta;P&P LOGISTICA S.R.L;30329;6;11335,02;13715,37;SALAMANCA JACOBO RAMIRO ;;5,00%;8;ALVAREZ VANESA  KAFF;8010;ANTARES LATA KOLSCH 6 X 473ML;1889,17;3562;;VINOTECAS;VINOTECAS;12000;ACOSTA FACUNDO;99,43;$;2;GRUPO PEÑAFLOR SA;2,838;0;Contado;7/4/2026 17:32;;;CERVEZA ARTESANAL;No definido;;-No Definido-;CERVEZA ARTESANAL;PEÑAFLOR GRUPO OBJETIVO;;;20032;GRIBAUDO ESTEBAN;AXUM;;;False;152998;0;Lista General;VINOTECAS - P;12331;6/4/2026;BD-003;VILLAFAÑE MARIANO
698;GENERAL ROCA 99;LAS VARILLAS;6/4/2026;7/4/2026;6/4/2026;FAC-A0006-00061123;Venta;P&P LOGISTICA S.R.L;30343;12;22670,04;27430,75;SALAMANCA JACOBO RAMIRO ;;5,00%;8;ALVAREZ VANESA  KAFF;8010;ANTARES LATA SCOTCH 6 X 473ML;1889,17;3562;;VINOTECAS;VINOTECAS;24000;ACOSTA FACUNDO;99,43;$;2;GRUPO PEÑAFLOR SA;5,676;0;Contado;7/4/2026 17:32;;;CERVEZA ARTESANAL;No definido;;-No Definido-;CERVEZA ARTESANAL;PEÑAFLOR GRUPO OBJETIVO;;;20032;GRIBAUDO ESTEBAN;AXUM;;;False;152998;0;Lista General;VINOTECAS - P;12331;6/4/2026;BD-003;VILLAFAÑE MARIANO
698;GENERAL ROCA 99;LAS VARILLAS;6/4/2026;7/4/2026;6/4/2026;FAC-A0006-00061123;Venta;P&P LOGISTICA S.R.L;60015;6;12116,78;14661,3;SALAMANCA JACOBO RAMIRO ;;5,00%;8;ALVAREZ VANESA  KAFF;8010;ANTARES PLAYA GRANDE 6 X 473ML;2019,46;3562;;VINOTECAS;VINOTECAS;10052,4;ACOSTA FACUNDO;106,29;$;2;GRUPO PEÑAFLOR SA;2,838;0;Contado;7/4/2026 17:32;;;CERVEZA ARTESANAL;No definido;;-No Definido-;CERVEZA ARTESANAL;PEÑAFLOR GRUPO OBJETIVO;;;20032;GRIBAUDO ESTEBAN;AXUM;;;False;152998;0;Lista General;VINOTECAS - P;12331;6/4/2026;BD-003;VILLAFAÑE MARIANO
698;GENERAL ROCA 99;LAS VARILLAS;6/4/2026;7/4/2026;6/4/2026;FAC-A0006-00061123;Venta;P&P LOGISTICA S.R.L;74815;6;16080,66;19457,6;SALAMANCA JACOBO RAMIRO ;;10,00%;8;ALVAREZ VANESA  KAFF;8010;CAZADOR CAB. SAU 6X750;2680,11;3562;;VINOTECAS;VINOTECAS;13671,96;ACOSTA FACUNDO;297,79;$;2;GRUPO PEÑAFLOR SA;0;0;Contado;7/4/2026 17:32;;;;;;;;PEÑAFLOR GRUPO OBJETIVO;;;20032;GRIBAUDO ESTEBAN;AXUM;;;False;152998;0;Lista General;VINOTECAS - P;12331;6/4/2026;BD-003;VILLAFAÑE MARIANO
698;GENERAL ROCA 99;LAS VARILLAS;6/4/2026;7/4/2026;6/4/2026;FAC-A0006-00061123;Venta;P&P LOGISTICA S.R.L;74709;6;10574,94;12795,68;SALAMANCA JACOBO RAMIRO ;;0,00%;8;ALVAREZ VANESA  KAFF;8010;DADA LATA SWEET  4X6X355;1762,49;3562;;VINOTECAS;VINOTECAS;8091,84;ACOSTA FACUNDO;0;$;2;GRUPO PEÑAFLOR SA;2,13;0;Contado;7/4/2026 17:32;;Champaña Dada;Champaña Alta y Premium;No definido;;;Espumantes;PEÑAFLOR GRUPO OBJETIVO;;;20032;GRIBAUDO ESTEBAN;AXUM;;;False;152998;0;Lista General;VINOTECAS - P;12331;6/4/2026;BD-003;VILLAFAÑE MARIANO
698;GENERAL ROCA 99;LAS VARILLAS;6/4/2026;7/4/2026;6/4/2026;FAC-A0006-00061124;Venta;P&P LOGISTICA S.R.L;41082;6;115731,18;143506,66;SALAMANCA JACOBO RAMIRO ;;0,00%;8;ALVAREZ VANESA  KAFF;8010;FINCA NOTABLES MALBEC .6X750 ;19288,53;3562;;VINOTECAS;VINOTECAS;88556,4;ACOSTA FACUNDO;0;$;2;GRUPO PEÑAFLOR SA;4,5;0;Contado;7/4/2026 17:32;;Finca Las Moras;Ultra Premium;No definido;;;Vino de Guarda;PEÑAFLOR GRUPO OBJETIVO;;;20032;GRIBAUDO ESTEBAN;AXUM;;;False;152999;0;Lista General;VINOTECAS - P;12331;6/4/2026;BD-003;VILLAFAÑE MARIANO
698;GENERAL ROCA 99;LAS VARILLAS;6/4/2026;7/4/2026;6/4/2026;FAC-A0006-00061125;Venta;P&P LOGISTICA S.R.L;30075;1;8959,12;10840,54;SALAMANCA JACOBO RAMIRO ;;6,00%;8;ALVAREZ VANESA  KAFF;8010;GORDON´S GIN 6x700;8959,12;3562;;VINOTECAS;VINOTECAS;7511,8;ACOSTA FACUNDO;571,86;$;2;GRUPO PEÑAFLOR SA;0,7;0;Contado;7/4/2026 17:32;;Gordon´s;Standard (S);No definido;;;Gin;PEÑAFLOR GRUPO OBJETIVO;;;20032;GRIBAUDO ESTEBAN;AXUM;;;False;153000;0;Lista General;VINOTECAS - P;12331;6/4/2026;BD-003;VILLAFAÑE MARIANO
698;GENERAL ROCA 99;LAS VARILLAS;6/4/2026;7/4/2026;6/4/2026;FAC-A0006-00061125;Venta;P&P LOGISTICA S.R.L;30134;6;58874,21;71237,8;SALAMANCA JACOBO RAMIRO ;;6,00%;8;ALVAREZ VANESA  KAFF;8010;GORDON´S PINK GIN 6X700;9812,37;3562;;VINOTECAS;VINOTECAS;49363,26;ACOSTA FACUNDO;626,32;$;2;GRUPO PEÑAFLOR SA;0;0;Contado;7/4/2026 17:32;;#¿NOMBRE?;Standard (S);No definido;;-No Definido-;Gin;PEÑAFLOR GRUPO OBJETIVO;;;20032;GRIBAUDO ESTEBAN;AXUM;;;False;153000;0;Lista General;VINOTECAS - P;12331;6/4/2026;BD-003;VILLAFAÑE MARIANO
698;GENERAL ROCA 99;LAS VARILLAS;6/4/2026;7/4/2026;6/4/2026;FAC-A0006-00061126;Venta;P&P LOGISTICA S.R.L;30131;12;76665,87;92765,71;SALAMANCA JACOBO RAMIRO ;;6,00%;8;ALVAREZ VANESA  KAFF;8010;SMIRNOFF TROPICAL FRUITS 6X700;6388,82;3562;;VINOTECAS;VINOTECAS;64248,6;ACOSTA FACUNDO;407,8;$;2;GRUPO PEÑAFLOR SA;8,4;0;Contado;7/4/2026 17:32;;Smirnoff;Standard (S);No definido;;;Vodka;PEÑAFLOR GRUPO OBJETIVO;;;20032;GRIBAUDO ESTEBAN;AXUM;;;False;153001;0;Lista General;VINOTECAS - P;12331;6/4/2026;BD-003;VILLAFAÑE MARIANO
698;GENERAL ROCA 99;LAS VARILLAS;6/4/2026;7/4/2026;6/4/2026;FAC-A0006-00061127;Venta;P&P LOGISTICA S.R.L;30020;6;38332,94;46382,85;SALAMANCA JACOBO RAMIRO ;;6,00%;8;ALVAREZ VANESA  KAFF;8010;SMIRNOFF GREEN APPLE DO 6X700;6388,82;3562;;VINOTECAS;VINOTECAS;32124,3;ACOSTA FACUNDO;407,8;$;2;GRUPO PEÑAFLOR SA;4,2;0;Contado;7/4/2026 17:32;;Smirnoff;Standard (S);No definido;;;Vodka;PEÑAFLOR GRUPO OBJETIVO;;;20032;GRIBAUDO ESTEBAN;AXUM;;;False;153002;0;Lista General;VINOTECAS - P;12331;6/4/2026;BD-003;VILLAFAÑE MARIANO
698;GENERAL ROCA 99;LAS VARILLAS;6/4/2026;7/4/2026;6/4/2026;FAC-A0006-00061128;Venta;P&P LOGISTICA S.R.L;30022;12;76665,87;92765,71;SALAMANCA JACOBO RAMIRO ;;6,00%;8;ALVAREZ VANESA  KAFF;8010;SMIRNOFF RASPBERRY DO 6X700;6388,82;3562;;VINOTECAS;VINOTECAS;64248,6;ACOSTA FACUNDO;407,8;$;2;GRUPO PEÑAFLOR SA;8,4;0;Contado;7/4/2026 17:32;;Smirnoff;Standard (S);No definido;;;Vodka;PEÑAFLOR GRUPO OBJETIVO;;;20032;GRIBAUDO ESTEBAN;AXUM;;;False;153003;0;Lista General;VINOTECAS - P;12331;6/4/2026;BD-003;VILLAFAÑE MARIANO
698;GENERAL ROCA 99;LAS VARILLAS;6/4/2026;7/4/2026;6/4/2026;FAC-A0006-00061129;Venta;P&P LOGISTICA S.R.L;44288;6;69781,62;86529,21;SALAMANCA JACOBO RAMIRO ;;0,00%;8;ALVAREZ VANESA  KAFF;8010;EL ESTECO MALBEC 6X750;11630,27;3562;;VINOTECAS;VINOTECAS;53396,22;ACOSTA FACUNDO;0;$;2;GRUPO PEÑAFLOR SA;4,5;0;Contado;7/4/2026 17:32;;#¿NOMBRE?;Super premium;No definido;;;Vino de Guarda;PEÑAFLOR GRUPO OBJETIVO;;;20032;GRIBAUDO ESTEBAN;AXUM;;;False;153004;0;Lista General;VINOTECAS - P;12331;6/4/2026;BD-003;VILLAFAÑE MARIANO
698;GENERAL ROCA 99;LAS VARILLAS;6/4/2026;7/4/2026;6/4/2026;FAC-A0006-00061129;Venta;P&P LOGISTICA S.R.L;54035;6;68541,06;84990,91;SALAMANCA JACOBO RAMIRO ;;0,00%;8;ALVAREZ VANESA  KAFF;8010;LA MASCOTA SPARK BL NOIR 6X750;11423,51;3562;;VINOTECAS;VINOTECAS;52447,02;ACOSTA FACUNDO;0;$;2;GRUPO PEÑAFLOR SA;4,5;0;Contado;7/4/2026 17:32;;;Champaña Alta y Premium;No definido;;-No Definido-;Espumantes;PEÑAFLOR GRUPO OBJETIVO;;;20032;GRIBAUDO ESTEBAN;AXUM;;;False;153004;0;Lista General;VINOTECAS - P;12331;6/4/2026;BD-003;VILLAFAÑE MARIANO
30060;SAN MARTIN ESQ ESPAÑA 0;LAS VARILLAS;6/4/2026;7/4/2026;6/4/2026;FAC-A0006-00061131;Venta;P&P LOGISTICA S.R.L;35105;24;46433,52;56184,56;AIASSA MARICEL JUDITH;;0,00%;8;ALVAREZ VANESA  KAFF;8010;SMF ICE RED BERRIE LAT 4X6X473;1934,73;3562;;TRADITIONAL TRADE;Almacen/Despensa;35530,56;ACOSTA FACUNDO;0;$;2;GRUPO PEÑAFLOR SA;11,352;0;Contado;7/4/2026 17:32;;Smirnoff Ice Flavours;RTD (s);No definido;;;RTD (S);PEÑAFLOR GRUPO OBJETIVO;;;20032;GRIBAUDO ESTEBAN;AXUM;;;False;153009;0;Lista General;Almacen/Despensa - P;12331;6/4/2026;BD-003;VILLAFAÑE MARIANO
30063;MANUEL BELGRANO 370;LAS VARILLAS;6/4/2026;7/4/2026;6/4/2026;FAC-A0006-00061132;Venta;P&P LOGISTICA S.R.L;74473;6;29540,19;35743,62;YINGYING CHEN (SUP. SAN VICENTE);;7,00%;8;ALVAREZ VANESA  KAFF;8010;DADA ESPUMANTE ROS6X750 ;4923,36;3562;;TRADITIONAL TRADE;Autoservicio Tradicional;24293,1;ACOSTA FACUNDO;370,58;$;2;GRUPO PEÑAFLOR SA;4,5;0;Contado;7/4/2026 17:32;;Champaña Dada;Champaña Alta y Premium;No definido;;;Espumantes;PEÑAFLOR GRUPO OBJETIVO;;;20032;GRIBAUDO ESTEBAN;AXUM;;;False;153010;0;Lista General;Autoservicio Tradicional - P;12331;6/4/2026;BD-003;VILLAFAÑE MARIANO
30063;MANUEL BELGRANO 370;LAS VARILLAS;6/4/2026;7/4/2026;6/4/2026;FAC-A0006-00061132;Venta;P&P LOGISTICA S.R.L;74446;6;29540,19;35743,62;YINGYING CHEN (SUP. SAN VICENTE);;7,00%;8;ALVAREZ VANESA  KAFF;8010;DADA 7 SWEET  6X750;4923,36;3562;;TRADITIONAL TRADE;Autoservicio Tradicional;24305,28;ACOSTA FACUNDO;370,58;$;2;GRUPO PEÑAFLOR SA;0;0;Contado;7/4/2026 17:32;;;;;;;;PEÑAFLOR GRUPO OBJETIVO;;;20032;GRIBAUDO ESTEBAN;AXUM;;;False;153010;0;Lista General;Autoservicio Tradicional - P;12331;6/4/2026;BD-003;VILLAFAÑE MARIANO
615;Rivadavia Esq. Independen 0;LAS VARILLAS;6/4/2026;7/4/2026;6/4/2026;FAC-A0006-00061137;Venta;P&P LOGISTICA S.R.L;80007;6;17164,38;20768,9;LI WENFANG  (SUC. PLAZA);;6,00%;8;ALVAREZ VANESA  KAFF;8010;LOS ARBOLES SEL CABERNET 6X750;2860,73;3562;;TRADITIONAL TRADE;Autoservicio Tradicional;14391,54;ACOSTA FACUNDO;182,6;$;2;GRUPO PEÑAFLOR SA;4,5;0;Contado;7/4/2026 17:32;;;Medio Alto;No definido;;;Vinos del Año;PEÑAFLOR GRUPO OBJETIVO;;;20032;GRIBAUDO ESTEBAN;AXUM;;;False;153031;0;Lista General;Autoservicio Tradicional - P;12331;6/4/2026;BD-003;VILLAFAÑE MARIANO
615;Rivadavia Esq. Independen 0;LAS VARILLAS;6/4/2026;7/4/2026;6/4/2026;FAC-A0006-00061137;Venta;P&P LOGISTICA S.R.L;80008;6;17164,38;20768,9;LI WENFANG  (SUC. PLAZA);;6,00%;8;ALVAREZ VANESA  KAFF;8010;LOS ARBOLES SEL CHARD 6X750;2860,73;3562;;TRADITIONAL TRADE;Autoservicio Tradicional;14391,54;ACOSTA FACUNDO;182,6;$;2;GRUPO PEÑAFLOR SA;4,5;0;Contado;7/4/2026 17:32;;;Medio Alto;No definido;;;Vinos del Año;Grupo Peñaflor,PEÑAFLOR GRUPO OBJETIVO;;;20032;GRIBAUDO ESTEBAN;AXUM;;;False;153031;0;Lista General;Autoservicio Tradicional - P;12331;6/4/2026;BD-003;VILLAFAÑE MARIANO
615;Rivadavia Esq. Independen 0;LAS VARILLAS;6/4/2026;7/4/2026;6/4/2026;FAC-A0006-00061137;Venta;P&P LOGISTICA S.R.L;80010;6;17164,38;20768,9;LI WENFANG  (SUC. PLAZA);;6,00%;8;ALVAREZ VANESA  KAFF;8010;LOS ARBOLES SEL MALBEC 6X750;2860,73;3562;;TRADITIONAL TRADE;Autoservicio Tradicional;14391,54;ACOSTA FACUNDO;182,6;$;2;GRUPO PEÑAFLOR SA;4,5;0;Contado;7/4/2026 17:32;;Los Arboles;Medio Alto;No definido;;;Vinos del Año;Grupo Peñaflor,PEÑAFLOR GRUPO OBJETIVO;;;20032;GRIBAUDO ESTEBAN;AXUM;;;False;153031;0;Lista General;Autoservicio Tradicional - P;12331;6/4/2026;BD-003;VILLAFAÑE MARIANO
615;Rivadavia Esq. Independen 0;LAS VARILLAS;6/4/2026;7/4/2026;6/4/2026;FAC-A0006-00061137;Venta;P&P LOGISTICA S.R.L;74144;6;37382,6;45232,94;LI WENFANG  (SUC. PLAZA);;6,00%;8;ALVAREZ VANESA  KAFF;8010;FOND CAVE RVA CABSAU 6X750;6230,43;3562;;TRADITIONAL TRADE;Autoservicio Tradicional;31343,58;ACOSTA FACUNDO;397,69;$;2;GRUPO PEÑAFLOR SA;4,5;0;Contado;7/4/2026 17:32;;#¿NOMBRE?;Premium;No definido;;-No Definido-;Vino de Guarda;Grupo Peñaflor,PEÑAFLOR GRUPO OBJETIVO;;;20032;GRIBAUDO ESTEBAN;AXUM;;;False;153031;0;Lista General;Autoservicio Tradicional - P;12331;6/4/2026;BD-003;VILLAFAÑE MARIANO
615;Rivadavia Esq. Independen 0;LAS VARILLAS;6/4/2026;7/4/2026;6/4/2026;FAC-A0006-00061138;Venta;P&P LOGISTICA S.R.L;74210;12;41734,42;50498,65;LI WENFANG  (SUC. PLAZA);;6,00%;8;ALVAREZ VANESA  KAFF;8010;ALMA MORA MALBEC 6X750;3477,87;3562;;TRADITIONAL TRADE;Autoservicio Tradicional;33956,16;ACOSTA FACUNDO;221,99;$;2;GRUPO PEÑAFLOR SA;9;0;Contado;7/4/2026 17:32;;Alma Mora;Alto;No definido;;;Vinos del Año;PEÑAFLOR GRUPO OBJETIVO;;;20032;GRIBAUDO ESTEBAN;AXUM;;;False;153032;0;Lista General;Autoservicio Tradicional - P;12331;6/4/2026;BD-003;VILLAFAÑE MARIANO
615;Rivadavia Esq. Independen 0;LAS VARILLAS;6/4/2026;7/4/2026;6/4/2026;FAC-A0006-00061138;Venta;P&P LOGISTICA S.R.L;44297;6;38660,62;46779,35;LI WENFANG  (SUC. PLAZA);;6,00%;8;ALVAREZ VANESA  KAFF;8010;DON DAVID RESERVA CAB.SAUV X750;6443,44;3562;;TRADITIONAL TRADE;Autoservicio Tradicional;32415,12;ACOSTA FACUNDO;411,28;$;2;GRUPO PEÑAFLOR SA;4,5;0;Contado;7/4/2026 17:32;;;Premium;No definido;;;Vino de Guarda;PEÑAFLOR GRUPO OBJETIVO;;;20032;GRIBAUDO ESTEBAN;AXUM;;;False;153032;0;Lista General;Autoservicio Tradicional - P;12331;6/4/2026;BD-003;VILLAFAÑE MARIANO
606;LINIERS 985;LAS VARILLAS;6/4/2026;7/4/2026;6/4/2026;FAC-A0006-00061140;Venta;P&P LOGISTICA S.R.L;35103;18;31342,63;37924,58;MILANESIO VICTORIA;;10,00%;8;ALVAREZ VANESA  KAFF;8010;SMIRNOFF ICE LATA 4X6X473;1741,26;3562;;TRADITIONAL TRADE;Almacen/Despensa;26647,92;ACOSTA FACUNDO;193,47;$;2;GRUPO PEÑAFLOR SA;8,514;0;Contado;7/4/2026 17:32;;Smirnoff Ice;RTD (s);No definido;;;RTD (S);PEÑAFLOR GRUPO OBJETIVO;;;20032;GRIBAUDO ESTEBAN;AXUM;;;False;153041;0;Lista General;Almacen/Despensa - B;12331;6/4/2026;BD-003;VILLAFAÑE MARIANO
606;LINIERS 985;LAS VARILLAS;6/4/2026;7/4/2026;6/4/2026;FAC-A0006-00061140;Venta;P&P LOGISTICA S.R.L;35104;18;34825,14;42138,42;MILANESIO VICTORIA;;0,00%;8;ALVAREZ VANESA  KAFF;8010;SMF ICE GREENAPPLE LAT 4X6X473;1934,73;3562;;TRADITIONAL TRADE;Almacen/Despensa;26647,92;ACOSTA FACUNDO;0;$;2;GRUPO PEÑAFLOR SA;8,514;0;Contado;7/4/2026 17:32;;Smirnoff Ice Flavours;RTD (s);No definido;;;RTD (S);PEÑAFLOR GRUPO OBJETIVO;;;20032;GRIBAUDO ESTEBAN;AXUM;;;False;153041;0;Lista General;Almacen/Despensa - B;12331;6/4/2026;BD-003;VILLAFAÑE MARIANO
606;LINIERS 985;LAS VARILLAS;6/4/2026;7/4/2026;6/4/2026;FAC-A0006-00061140;Venta;P&P LOGISTICA S.R.L;35105;12;23216,76;28092,28;MILANESIO VICTORIA;;0,00%;8;ALVAREZ VANESA  KAFF;8010;SMF ICE RED BERRIE LAT 4X6X473;1934,73;3562;;TRADITIONAL TRADE;Almacen/Despensa;17765,28;ACOSTA FACUNDO;0;$;2;GRUPO PEÑAFLOR SA;5,676;0;Contado;7/4/2026 17:32;;Smirnoff Ice Flavours;RTD (s);No definido;;;RTD (S);PEÑAFLOR GRUPO OBJETIVO;;;20032;GRIBAUDO ESTEBAN;AXUM;;;False;153041;0;Lista General;Almacen/Despensa - B;12331;6/4/2026;BD-003;VILLAFAÑE MARIANO
2134;E. F. OLMOS 114;TRANSITO;6/4/2026;7/4/2026;2/4/2026;FAC-A0006-00061150;Venta;P&P LOGISTICA S.R.L;30020;18;114998,81;139148,56;ALVAREZ ANA LAURA;;6,00%;10;ORTEGA MILAGROS DESIREE;1051;SMIRNOFF GREEN APPLE DO 6X700;6388,82;3560;;TRADITIONAL TRADE;Almacen/Despensa;96372,9;DELGADO MAYCO JOAQUIN;407,8;$;2;GRUPO PEÑAFLOR SA;12,6;0;Contado;7/4/2026 17:37;;Smirnoff;Standard (S);No definido;;;Vodka;PEÑAFLOR GRUPO OBJETIVO;;;20032;GRIBAUDO ESTEBAN;AXUM;;;False;152840;0;Lista General;Almacen/Despensa - P;12313;6/4/2026;2;LESCANO FRANCO DARIO
2134;E. F. OLMOS 114;TRANSITO;6/4/2026;7/4/2026;2/4/2026;FAC-A0006-00061150;Venta;P&P LOGISTICA S.R.L;30022;12;76665,87;92765,71;ALVAREZ ANA LAURA;;6,00%;10;ORTEGA MILAGROS DESIREE;1051;SMIRNOFF RASPBERRY DO 6X700;6388,82;3560;;TRADITIONAL TRADE;Almacen/Despensa;64248,6;DELGADO MAYCO JOAQUIN;407,8;$;2;GRUPO PEÑAFLOR SA;8,4;0;Contado;7/4/2026 17:37;;Smirnoff;Standard (S);No definido;;;Vodka;PEÑAFLOR GRUPO OBJETIVO;;;20032;GRIBAUDO ESTEBAN;AXUM;;;False;152840;0;Lista General;Almacen/Despensa - P;12313;6/4/2026;2;LESCANO FRANCO DARIO
2134;E. F. OLMOS 114;TRANSITO;6/4/2026;7/4/2026;2/4/2026;FAC-A0006-00061150;Venta;P&P LOGISTICA S.R.L;30131;12;76665,87;92765,71;ALVAREZ ANA LAURA;;6,00%;10;ORTEGA MILAGROS DESIREE;1051;SMIRNOFF TROPICAL FRUITS 6X700;6388,82;3560;;TRADITIONAL TRADE;Almacen/Despensa;64248,6;DELGADO MAYCO JOAQUIN;407,8;$;2;GRUPO PEÑAFLOR SA;8,4;0;Contado;7/4/2026 17:37;;Smirnoff;Standard (S);No definido;;;Vodka;PEÑAFLOR GRUPO OBJETIVO;;;20032;GRIBAUDO ESTEBAN;AXUM;;;False;152840;0;Lista General;Almacen/Despensa - P;12313;6/4/2026;2;LESCANO FRANCO DARIO
2134;E. F. OLMOS 114;TRANSITO;6/4/2026;7/4/2026;2/4/2026;FAC-A0006-00061150;Venta;P&P LOGISTICA S.R.L;35101;6;38332,94;46382,85;ALVAREZ ANA LAURA;;6,00%;10;ORTEGA MILAGROS DESIREE;1051;SMIRNOFF BC ORANGE & LIME 6X700;6388,82;3560;;TRADITIONAL TRADE;Almacen/Despensa;32140,38;DELGADO MAYCO JOAQUIN;407,8;$;2;GRUPO PEÑAFLOR SA;4,2;0;Contado;7/4/2026 17:37;;Smirnoff;Standard (S);No definido;;;Vodka;PEÑAFLOR GRUPO OBJETIVO;;;20032;GRIBAUDO ESTEBAN;AXUM;;;False;152840;0;Lista General;Almacen/Despensa - P;12313;6/4/2026;2;LESCANO FRANCO DARIO
2134;E. F. OLMOS 114;TRANSITO;6/4/2026;7/4/2026;2/4/2026;FAC-A0006-00061150;Venta;P&P LOGISTICA S.R.L;74473;6;31763,64;38434;ALVAREZ ANA LAURA;;0,00%;10;ORTEGA MILAGROS DESIREE;1051;DADA ESPUMANTE ROS6X750 ;5293,94;3560;;TRADITIONAL TRADE;Almacen/Despensa;24293,1;DELGADO MAYCO JOAQUIN;0;$;2;GRUPO PEÑAFLOR SA;4,5;0;Contado;7/4/2026 17:37;;Champaña Dada;Champaña Alta y Premium;No definido;;;Espumantes;PEÑAFLOR GRUPO OBJETIVO;;;20032;GRIBAUDO ESTEBAN;AXUM;;;False;152840;0;Lista General;Almacen/Despensa - P;12313;6/4/2026;2;LESCANO FRANCO DARIO
2134;E. F. OLMOS 114;TRANSITO;6/4/2026;7/4/2026;2/4/2026;FAC-A0006-00061150;Venta;P&P LOGISTICA S.R.L;35105;18;34825,14;42138,42;ALVAREZ ANA LAURA;;0,00%;10;ORTEGA MILAGROS DESIREE;1051;SMF ICE RED BERRIE LAT 4X6X473;1934,73;3560;;TRADITIONAL TRADE;Almacen/Despensa;26647,92;DELGADO MAYCO JOAQUIN;0;$;2;GRUPO PEÑAFLOR SA;8,514;0;Contado;7/4/2026 17:37;;Smirnoff Ice Flavours;RTD (s);No definido;;;RTD (S);PEÑAFLOR GRUPO OBJETIVO;;;20032;GRIBAUDO ESTEBAN;AXUM;;;False;152840;0;Lista General;Almacen/Despensa - P;12313;6/4/2026;2;LESCANO FRANCO DARIO
3069;RICARDO BOETTO 525;ARROYITO;6/4/2026;7/4/2026;6/4/2026;FAC-A0006-00061157;Venta;P&P LOGISTICA S.R.L;35105;6;11608,38;14046,14;BAIGORRIA BETIANA SOLEDAD;;0,00%;10;ORTEGA MILAGROS DESIREE;1010;SMF ICE RED BERRIE LAT 4X6X473;1934,73;3560;;TRADITIONAL TRADE;Almacen/Despensa;8882,64;DELGADO MAYCO JOAQUIN;0;$;2;GRUPO PEÑAFLOR SA;2,838;0;Contado;7/4/2026 17:37;;Smirnoff Ice Flavours;RTD (s);No definido;;;RTD (S);PEÑAFLOR GRUPO OBJETIVO;;;20032;GRIBAUDO ESTEBAN;AXUM;;;False;153011;0;Lista General;Almacen/Despensa - P;12329;6/4/2026;2;LESCANO FRANCO DARIO
3069;RICARDO BOETTO 525;ARROYITO;6/4/2026;7/4/2026;6/4/2026;FAC-A0006-00061157;Venta;P&P LOGISTICA S.R.L;35108;6;11457,43;13863,5;BAIGORRIA BETIANA SOLEDAD;;6,00%;10;ORTEGA MILAGROS DESIREE;1010;SMF BC RUBYORANGE&LIME LATA 4X6X473;1909,57;3560;;TRADITIONAL TRADE;Almacen/Despensa;9326,7;DELGADO MAYCO JOAQUIN;121,89;$;2;GRUPO PEÑAFLOR SA;0;0;Contado;7/4/2026 17:37;;Smirnoff Ice Flavours;RTD (S);;;;RTD (S);PEÑAFLOR GRUPO OBJETIVO;;;20032;GRIBAUDO ESTEBAN;AXUM;;;False;153011;0;Lista General;Almacen/Despensa - P;12329;6/4/2026;2;LESCANO FRANCO DARIO
30025;AV. LIBERTADOR SUR 1274;SAN FRANCISCO;6/4/2026;7/4/2026;2/4/2026;FAC-A0006-00061167;Venta;P&P LOGISTICA S.R.L;74814;3;8397,68;10161,19;DAVID ALEJANDRO CREMASCO;;6,00%;8;ALVAREZ VANESA  KAFF;8050;CAZADOR MALBEC 6X750;2799,23;3561;;TRADITIONAL TRADE;Autoservicio Tradicional;6835,98;BLAS ALMADA;178,67;$;2;GRUPO PEÑAFLOR SA;0;0;Contado;7/4/2026 17:23;;;;;;;;PEÑAFLOR GRUPO OBJETIVO;;;20032;GRIBAUDO ESTEBAN;AXUM;;;False;152836;0;Lista General;Autoservicio Tradicional - P;12314;6/4/2026;BD-003;VILLAFAÑE MARIANO
30025;AV. LIBERTADOR SUR 1274;SAN FRANCISCO;6/4/2026;7/4/2026;2/4/2026;FAC-A0006-00061167;Venta;P&P LOGISTICA S.R.L;80004;3;6620,94;8011,33;DAVID ALEJANDRO CREMASCO;;6,00%;8;ALVAREZ VANESA  KAFF;8050;SAN TELMO MALBEC X750;2206,98;3561;;TRADITIONAL TRADE;Autoservicio Tradicional;5551,35;BLAS ALMADA;140,87;$;2;GRUPO PEÑAFLOR SA;2,25;0;Contado;7/4/2026 17:23;;;Medio;No definido;;;Vinos del Año;Grupo Peñaflor,PEÑAFLOR GRUPO OBJETIVO;;;20032;GRIBAUDO ESTEBAN;AXUM;;;False;152836;0;Lista General;Autoservicio Tradicional - P;12314;6/4/2026;BD-003;VILLAFAÑE MARIANO
30025;AV. LIBERTADOR SUR 1274;SAN FRANCISCO;6/4/2026;7/4/2026;2/4/2026;FAC-A0006-00061167;Venta;P&P LOGISTICA S.R.L;74504;3;9917,46;12000,13;DAVID ALEJANDRO CREMASCO;;6,00%;8;ALVAREZ VANESA  KAFF;8050;DADA ART MALBEC 6X750;3305,82;3561;;TRADITIONAL TRADE;Autoservicio Tradicional;8073,15;BLAS ALMADA;211,01;$;2;GRUPO PEÑAFLOR SA;2,25;0;Contado;7/4/2026 17:23;;Dada;Alto;No definido;;;Vinos del Año;PEÑAFLOR GRUPO OBJETIVO;;;20032;GRIBAUDO ESTEBAN;AXUM;;;False;152836;0;Lista General;Autoservicio Tradicional - P;12314;6/4/2026;BD-003;VILLAFAÑE MARIANO
30025;AV. LIBERTADOR SUR 1274;SAN FRANCISCO;6/4/2026;7/4/2026;2/4/2026;FAC-A0006-00061167;Venta;P&P LOGISTICA S.R.L;42102;3;9077,3;10983,53;DAVID ALEJANDRO CREMASCO;;6,00%;8;ALVAREZ VANESA  KAFF;8050;ELEMENTOS MALBEC 6X750 ;3025,77;3561;;TRADITIONAL TRADE;Autoservicio Tradicional;7019,76;BLAS ALMADA;193,13;$;2;GRUPO PEÑAFLOR SA;2,25;0;Contado;7/4/2026 17:23;;ELEMENTOS;Alto;No definido;;;Vinos del Año;PEÑAFLOR GRUPO OBJETIVO;;;20032;GRIBAUDO ESTEBAN;AXUM;;;False;152836;0;Lista General;Autoservicio Tradicional - P;12314;6/4/2026;BD-003;VILLAFAÑE MARIANO
7602;LA RIOJA 2343;SAN FRANCISCO;6/4/2026;7/4/2026;2/4/2026;FAC-A0006-00061168;Venta;P&P LOGISTICA S.R.L;74210;3;10433,61;12624,66;BATTAN VANINA CELESTE RITA ;;6,00%;8;ALVAREZ VANESA  KAFF;8050;ALMA MORA MALBEC 6X750;3477,87;3561;;TRADITIONAL TRADE;Almacen/Despensa;8489,04;BLAS ALMADA;221,99;$;2;GRUPO PEÑAFLOR SA;2,25;0;Contado;7/4/2026 17:23;;Alma Mora;Alto;No definido;;;Vinos del Año;PEÑAFLOR GRUPO OBJETIVO;;;20032;GRIBAUDO ESTEBAN;AXUM;;;False;152837;0;Lista General;Almacen/Despensa - B;12314;6/4/2026;BD-003;VILLAFAÑE MARIANO
7602;LA RIOJA 2343;SAN FRANCISCO;6/4/2026;7/4/2026;2/4/2026;FAC-A0006-00061168;Venta;P&P LOGISTICA S.R.L;72859;3;7446,97;9010,84;BATTAN VANINA CELESTE RITA ;;6,00%;8;ALVAREZ VANESA  KAFF;8050;F.LAS MORAS MALBEC 6X750;2482,32;3561;;TRADITIONAL TRADE;Almacen/Despensa;5931,72;BLAS ALMADA;158,45;$;2;GRUPO PEÑAFLOR SA;2,25;0;Contado;7/4/2026 17:23;;Finca Las Moras;Medio Alto;No definido;;;Vinos del Año;PEÑAFLOR GRUPO OBJETIVO;;;20032;GRIBAUDO ESTEBAN;AXUM;;;False;152837;0;Lista General;Almacen/Despensa - B;12314;6/4/2026;BD-003;VILLAFAÑE MARIANO
7602;LA RIOJA 2343;SAN FRANCISCO;6/4/2026;7/4/2026;2/4/2026;FAC-A0006-00061168;Venta;P&P LOGISTICA S.R.L;14507;3;8652,21;10469,18;BATTAN VANINA CELESTE RITA ;;6,00%;8;ALVAREZ VANESA  KAFF;8050;EL BAUTISMO MALBEC 6X750 ;2884,07;3561;;TRADITIONAL TRADE;Almacen/Despensa;7254,48;BLAS ALMADA;184,09;$;2;GRUPO PEÑAFLOR SA;2,25;0;Contado;7/4/2026 17:23;;El Bautismo;Medio Alto;No definido;;;Vinos del Año;PEÑAFLOR GRUPO OBJETIVO;;;20032;GRIBAUDO ESTEBAN;AXUM;;;False;152837;0;Lista General;Almacen/Despensa - B;12314;6/4/2026;BD-003;VILLAFAÑE MARIANO
7602;LA RIOJA 2343;SAN FRANCISCO;6/4/2026;7/4/2026;2/4/2026;FAC-A0006-00061168;Venta;P&P LOGISTICA S.R.L;74504;3;9917,46;12000,13;BATTAN VANINA CELESTE RITA ;;6,00%;8;ALVAREZ VANESA  KAFF;8050;DADA ART MALBEC 6X750;3305,82;3561;;TRADITIONAL TRADE;Almacen/Despensa;8073,15;BLAS ALMADA;211,01;$;2;GRUPO PEÑAFLOR SA;2,25;0;Contado;7/4/2026 17:23;;Dada;Alto;No definido;;;Vinos del Año;PEÑAFLOR GRUPO OBJETIVO;;;20032;GRIBAUDO ESTEBAN;AXUM;;;False;152837;0;Lista General;Almacen/Despensa - B;12314;6/4/2026;BD-003;VILLAFAÑE MARIANO
30006;SALTA 2353;SAN FRANCISCO;6/4/2026;7/4/2026;2/4/2026;FAC-A0006-00061169;Venta;P&P LOGISTICA S.R.L;74210;6;19979,24;24174,89;ZHENZHEN WU;;10,00%;8;ALVAREZ VANESA  KAFF;8050;ALMA MORA MALBEC 6X750;3329,87;3561;;TRADITIONAL TRADE;Autoservicio Tradicional;16978,08;BLAS ALMADA;369,99;$;2;GRUPO PEÑAFLOR SA;4,5;0;Contado;7/4/2026 17:23;;Alma Mora;Alto;No definido;;;Vinos del Año;PEÑAFLOR GRUPO OBJETIVO;;;20032;GRIBAUDO ESTEBAN;AXUM;;;False;152838;0;Lista General;Autoservicio Tradicional - P;12314;6/4/2026;BD-003;VILLAFAÑE MARIANO
30006;SALTA 2353;SAN FRANCISCO;6/4/2026;7/4/2026;2/4/2026;FAC-A0006-00061169;Venta;P&P LOGISTICA S.R.L;74509;6;14260,16;17254,79;ZHENZHEN WU;;10,00%;8;ALVAREZ VANESA  KAFF;8050;F. LAS MORAS BCO DULCE 6X750 ;2376,69;3561;;TRADITIONAL TRADE;Autoservicio Tradicional;11863,44;BLAS ALMADA;264,08;$;2;GRUPO PEÑAFLOR SA;4,5;0;Contado;7/4/2026 17:23;;Alaris;Medio Alto;No definido;;;Vinos del Año;PEÑAFLOR GRUPO OBJETIVO;;;20032;GRIBAUDO ESTEBAN;AXUM;;;False;152838;0;Lista General;Autoservicio Tradicional - P;12314;6/4/2026;BD-003;VILLAFAÑE MARIANO
30006;SALTA 2353;SAN FRANCISCO;6/4/2026;7/4/2026;2/4/2026;FAC-A0006-00061169;Venta;P&P LOGISTICA S.R.L;74840;6;14756,74;17855,66;ZHENZHEN WU;;10,00%;8;ALVAREZ VANESA  KAFF;8050;ALARIS D.COSECHA TINTO 6X750;2459,46;3561;;TRADITIONAL TRADE;Autoservicio Tradicional;12922,74;BLAS ALMADA;273,27;$;2;GRUPO PEÑAFLOR SA;0;0;Contado;7/4/2026 17:23;;Alaris;Medio Alto;;;;Vinos del Año;PEÑAFLOR GRUPO OBJETIVO;;;20032;GRIBAUDO ESTEBAN;AXUM;;;False;152838;0;Lista General;Autoservicio Tradicional - P;12314;6/4/2026;BD-003;VILLAFAÑE MARIANO
30006;SALTA 2353;SAN FRANCISCO;6/4/2026;7/4/2026;2/4/2026;FAC-A0006-00061169;Venta;P&P LOGISTICA S.R.L;74398;6;19979,89;24175,67;ZHENZHEN WU;;10,00%;8;ALVAREZ VANESA  KAFF;8050;ALMA MORA SYRAH ROSE 6X750 ;3329,98;3561;;TRADITIONAL TRADE;Autoservicio Tradicional;16987,14;BLAS ALMADA;370;$;2;GRUPO PEÑAFLOR SA;4,5;0;Contado;7/4/2026 17:23;;Alma Mora;Alto;No definido;;;Vinos del Año;PEÑAFLOR GRUPO OBJETIVO;;;20032;GRIBAUDO ESTEBAN;AXUM;;;False;152838;0;Lista General;Autoservicio Tradicional - P;12314;6/4/2026;BD-003;VILLAFAÑE MARIANO
746;J. B. JUSTO 1350;SAN FRANCISCO;6/4/2026;7/4/2026;6/4/2026;FAC-A0006-00061183;Venta;P&P LOGISTICA S.R.L;20251;6;12846,57;15544,35;BELTRAMONE ALFREDO  JOSE ;;6,00%;3;GAMBINO NADIA;3010;SUTER VARIETAL MALBEC 6X750;2141,09;3561;;TRADITIONAL TRADE;Almacen/Despensa;10771,26;BLAS ALMADA;136,67;$;2;GRUPO PEÑAFLOR SA;4,5;0;Contado;7/4/2026 17:23;;#¿NOMBRE?;Medio;No definido;;;Vinos del Año;PEÑAFLOR GRUPO OBJETIVO;;;20032;GRIBAUDO ESTEBAN;AXUM;;;False;152932;0;Lista General;Almacen/Despensa - A;12320;6/4/2026;2;LESCANO FRANCO DARIO
1006;CORDOBA 35;LAS VARILLAS;6/4/2026;7/4/2026;6/4/2026;FAC-B0006-00013024;Venta;P&P LOGISTICA S.R.L;72859;6;14260,16;17254,79;LIN HAIJUN;;10,00%;8;ALVAREZ VANESA  KAFF;8010;F.LAS MORAS MALBEC 6X750;2376,69;3562;;TRADITIONAL TRADE;Autoservicio Tradicional;11863,44;ACOSTA FACUNDO;264,08;$;2;GRUPO PEÑAFLOR SA;4,5;0;Contado;7/4/2026 17:32;;Finca Las Moras;Medio Alto;No definido;;;Vinos del Año;PEÑAFLOR GRUPO OBJETIVO;;;20032;GRIBAUDO ESTEBAN;AXUM;;Revisar Orden;False;152942;0;Lista General;Autoservicio Tradicional - P;12338;6/4/2026;2;LESCANO FRANCO DARIO
1006;CORDOBA 35;LAS VARILLAS;6/4/2026;7/4/2026;6/4/2026;FAC-B0006-00013024;Venta;P&P LOGISTICA S.R.L;74188;30;69684,62;84318,38;LIN HAIJUN;;15,00%;8;ALVAREZ VANESA  KAFF;8010;TRAPICHE ALARIS DULCE COSECHA 6X750;2322,82;3562;;TRADITIONAL TRADE;Autoservicio Tradicional;61383;ACOSTA FACUNDO;409,91;$;2;GRUPO PEÑAFLOR SA;22,5;0;Contado;7/4/2026 17:32;;Alaris;Medio Alto;No definido;;;Vinos del Año;PEÑAFLOR GRUPO OBJETIVO;;;20032;GRIBAUDO ESTEBAN;AXUM;;Revisar Orden;False;152942;0;Lista General;Autoservicio Tradicional - P;12338;6/4/2026;2;LESCANO FRANCO DARIO
1006;CORDOBA 35;LAS VARILLAS;6/4/2026;7/4/2026;6/4/2026;FAC-B0006-00013025;Venta;P&P LOGISTICA S.R.L;74583;3;16166,55;19561,52;LIN HAIJUN;;10,00%;8;ALVAREZ VANESA  KAFF;8010;LOS INTOCABLES CAB.SAUV 6X750;5388,85;3562;;TRADITIONAL TRADE;Autoservicio Tradicional;14157,33;ACOSTA FACUNDO;598,76;$;2;GRUPO PEÑAFLOR SA;2,25;0;Contado;7/4/2026 17:32;;;Premium;No definido;;;Vino de Guarda;PEÑAFLOR GRUPO OBJETIVO;;;20032;GRIBAUDO ESTEBAN;AXUM;;;False;152943;0;Lista General;Autoservicio Tradicional - P;12321;6/4/2026;2;LESCANO FRANCO DARIO
1006;CORDOBA 35;LAS VARILLAS;6/4/2026;7/4/2026;6/4/2026;FAC-B0006-00013025;Venta;P&P LOGISTICA S.R.L;74570;3;16166,55;19561,52;LIN HAIJUN;;10,00%;8;ALVAREZ VANESA  KAFF;8010;LOS INTOCABLES MALBEC 6X750;5388,85;3562;;TRADITIONAL TRADE;Autoservicio Tradicional;13449,45;ACOSTA FACUNDO;598,76;$;2;GRUPO PEÑAFLOR SA;2,25;0;Contado;7/4/2026 17:32;;;Premium;No definido;;;Vino de Guarda;PEÑAFLOR GRUPO OBJETIVO;;;20032;GRIBAUDO ESTEBAN;AXUM;;;False;152943;0;Lista General;Autoservicio Tradicional - P;12321;6/4/2026;2;LESCANO FRANCO DARIO
1006;CORDOBA 35;LAS VARILLAS;6/4/2026;7/4/2026;6/4/2026;FAC-B0006-00013025;Venta;P&P LOGISTICA S.R.L;35105;6;10911,88;13203,37;LIN HAIJUN;;6,00%;8;ALVAREZ VANESA  KAFF;8010;SMF ICE RED BERRIE LAT 4X6X473;1818,65;3562;;TRADITIONAL TRADE;Autoservicio Tradicional;8882,64;ACOSTA FACUNDO;116,08;$;2;GRUPO PEÑAFLOR SA;2,838;0;Contado;7/4/2026 17:32;;Smirnoff Ice Flavours;RTD (s);No definido;;;RTD (S);PEÑAFLOR GRUPO OBJETIVO;;;20032;GRIBAUDO ESTEBAN;AXUM;;;False;152943;0;Lista General;Autoservicio Tradicional - P;12321;6/4/2026;2;LESCANO FRANCO DARIO
1006;CORDOBA 35;LAS VARILLAS;6/4/2026;7/4/2026;6/4/2026;FAC-B0006-00013025;Venta;P&P LOGISTICA S.R.L;35103;6;10447,54;12641,53;LIN HAIJUN;;10,00%;8;ALVAREZ VANESA  KAFF;8010;SMIRNOFF ICE LATA 4X6X473;1741,26;3562;;TRADITIONAL TRADE;Autoservicio Tradicional;8882,64;ACOSTA FACUNDO;193,47;$;2;GRUPO PEÑAFLOR SA;2,838;0;Contado;7/4/2026 17:32;;Smirnoff Ice;RTD (s);No definido;;;RTD (S);PEÑAFLOR GRUPO OBJETIVO;;;20032;GRIBAUDO ESTEBAN;AXUM;;;False;152943;0;Lista General;Autoservicio Tradicional - P;12321;6/4/2026;2;LESCANO FRANCO DARIO
1006;CORDOBA 35;LAS VARILLAS;6/4/2026;7/4/2026;6/4/2026;FAC-B0006-00013025;Venta;P&P LOGISTICA S.R.L;60017;6;11992,11;14510,45;LIN HAIJUN;;6,00%;8;ALVAREZ VANESA  KAFF;8010;ANTARES IPA LATA 6X473 (NEW);1998,68;3562;;TRADITIONAL TRADE;Autoservicio Tradicional;10054,86;ACOSTA FACUNDO;127,58;$;2;GRUPO PEÑAFLOR SA;0;0;Contado;7/4/2026 17:32;;#¿NOMBRE?;CERVEZA ARTESANAL;No definido;;-No Definido-;CERVEZA ARTESANAL;PEÑAFLOR GRUPO OBJETIVO;;;20032;GRIBAUDO ESTEBAN;AXUM;;;False;152943;0;Lista General;Autoservicio Tradicional - P;12321;6/4/2026;2;LESCANO FRANCO DARIO
1006;CORDOBA 35;LAS VARILLAS;6/4/2026;7/4/2026;6/4/2026;FAC-B0006-00013026;Venta;P&P LOGISTICA S.R.L;41682;6;26719,36;32330,43;LIN HAIJUN;;10,00%;8;ALVAREZ VANESA  KAFF;8010;DON DAVID MALBEC 6X750;4453,23;3562;;TRADITIONAL TRADE;Autoservicio Tradicional;22717,14;ACOSTA FACUNDO;494,8;$;2;GRUPO PEÑAFLOR SA;4,5;0;Contado;7/4/2026 17:32;;Don David;Superior;No definido;;;Vinos del Año;PEÑAFLOR GRUPO OBJETIVO;;;20032;GRIBAUDO ESTEBAN;AXUM;;;False;152944;0;Lista General;Autoservicio Tradicional - P;12321;6/4/2026;2;LESCANO FRANCO DARIO
1006;CORDOBA 35;LAS VARILLAS;6/4/2026;7/4/2026;6/4/2026;FAC-B0006-00013026;Venta;P&P LOGISTICA S.R.L;42373;6;26719,36;32330,43;LIN HAIJUN;;10,00%;8;ALVAREZ VANESA  KAFF;8010;DON DAVID CABERNET 6X750;4453,23;3562;;TRADITIONAL TRADE;Autoservicio Tradicional;22717,14;ACOSTA FACUNDO;494,8;$;2;GRUPO PEÑAFLOR SA;4,5;0;Contado;7/4/2026 17:32;;Don David;Superior;No definido;;;Vinos del Año;PEÑAFLOR GRUPO OBJETIVO;;;20032;GRIBAUDO ESTEBAN;AXUM;;;False;152944;0;Lista General;Autoservicio Tradicional - P;12321;6/4/2026;2;LESCANO FRANCO DARIO
1006;CORDOBA 35;LAS VARILLAS;6/4/2026;7/4/2026;6/4/2026;FAC-B0006-00013026;Venta;P&P LOGISTICA S.R.L;74608;6;24050,25;29100,8;LIN HAIJUN;;10,00%;8;ALVAREZ VANESA  KAFF;8010;ALMA MORA SEL RVE MALBEC 6X750;4008,38;3562;;TRADITIONAL TRADE;Autoservicio Tradicional;20447,82;ACOSTA FACUNDO;445,38;$;2;GRUPO PEÑAFLOR SA;4,5;0;Contado;7/4/2026 17:32;;Alma Mora;Superior;No definido;;;Vinos del Año;PEÑAFLOR GRUPO OBJETIVO;;;20032;GRIBAUDO ESTEBAN;AXUM;;;False;152944;0;Lista General;Autoservicio Tradicional - P;12321;6/4/2026;2;LESCANO FRANCO DARIO
1006;CORDOBA 35;LAS VARILLAS;6/4/2026;7/4/2026;6/4/2026;FAC-B0006-00013027;Venta;P&P LOGISTICA S.R.L;74726;3;10193,93;12334,66;LIN HAIJUN;;10,00%;8;ALVAREZ VANESA  KAFF;8010;ORIGEN BY TRAPICHE MALBEC 6X750;3397,98;3562;;TRADITIONAL TRADE;Autoservicio Tradicional;8667;ACOSTA FACUNDO;377,55;$;2;GRUPO PEÑAFLOR SA;2,25;0;Contado;7/4/2026 17:32;;Trapiche Reserva;Alto;No definido;-No Definido-;;Vinos del Año;PEÑAFLOR GRUPO OBJETIVO;;;20032;GRIBAUDO ESTEBAN;AXUM;;;False;152945;0;Lista General;Autoservicio Tradicional - P;12325;6/4/2026;BD-003;VILLAFAÑE MARIANO
1006;CORDOBA 35;LAS VARILLAS;6/4/2026;7/4/2026;6/4/2026;FAC-B0006-00013027;Venta;P&P LOGISTICA S.R.L;74721;3;9168,04;11093,33;LIN HAIJUN;;10,00%;8;ALVAREZ VANESA  KAFF;8010;FAIR FOR LIFE MALBEC 6X750 ;3056,01;3562;;TRADITIONAL TRADE;Autoservicio Tradicional;7794,78;ACOSTA FACUNDO;339,56;$;2;GRUPO PEÑAFLOR SA;2,25;0;Contado;7/4/2026 17:32;;FAIR FOR LIFE;Alto;No definido;;;Vinos del Año;PEÑAFLOR GRUPO OBJETIVO;;;20032;GRIBAUDO ESTEBAN;AXUM;;;False;152945;0;Lista General;Autoservicio Tradicional - P;12325;6/4/2026;BD-003;VILLAFAÑE MARIANO
1006;CORDOBA 35;LAS VARILLAS;6/4/2026;7/4/2026;6/4/2026;FAC-B0006-00013027;Venta;P&P LOGISTICA S.R.L;70201;6;25944,3;31392,6;LIN HAIJUN;;10,00%;8;ALVAREZ VANESA  KAFF;8010;FOND CAVE CABSAU 6X750;4324,05;3562;;TRADITIONAL TRADE;Autoservicio Tradicional;22058,16;ACOSTA FACUNDO;480,45;$;2;GRUPO PEÑAFLOR SA;4,5;0;Contado;7/4/2026 17:32;;Fond De Cave;Superior;No definido;;;Vinos del Año;PEÑAFLOR GRUPO OBJETIVO;;;20032;GRIBAUDO ESTEBAN;AXUM;;;False;152945;0;Lista General;Autoservicio Tradicional - P;12325;6/4/2026;BD-003;VILLAFAÑE MARIANO
1006;CORDOBA 35;LAS VARILLAS;6/4/2026;7/4/2026;6/4/2026;FAC-B0006-00013027;Venta;P&P LOGISTICA S.R.L;70201;6;25944,3;31392,6;LIN HAIJUN;;10,00%;8;ALVAREZ VANESA  KAFF;8010;FOND CAVE CABSAU 6X750;4324,05;3562;;TRADITIONAL TRADE;Autoservicio Tradicional;22058,16;ACOSTA FACUNDO;480,45;$;2;GRUPO PEÑAFLOR SA;4,5;0;Contado;7/4/2026 17:32;;Fond De Cave;Superior;No definido;;;Vinos del Año;PEÑAFLOR GRUPO OBJETIVO;;;20032;GRIBAUDO ESTEBAN;AXUM;;;False;152945;0;Lista General;Autoservicio Tradicional - P;12325;6/4/2026;BD-003;VILLAFAÑE MARIANO
1006;CORDOBA 35;LAS VARILLAS;6/4/2026;7/4/2026;6/4/2026;FAC-B0006-00013028;Venta;P&P LOGISTICA S.R.L;74397;18;56609,69;68497,73;LIN HAIJUN;;15,00%;8;ALVAREZ VANESA  KAFF;8010;ALMA MORA BLEND DULCE 6X 750;3144,98;3562;;TRADITIONAL TRADE;Autoservicio Tradicional;48413,34;ACOSTA FACUNDO;555;$;2;GRUPO PEÑAFLOR SA;13,5;0;Contado;7/4/2026 17:32;;;Alto;No definido;;;Vinos del Año;PEÑAFLOR GRUPO OBJETIVO;;;20032;GRIBAUDO ESTEBAN;AXUM;;;False;152946;0;Lista General;Autoservicio Tradicional - P;12321;6/4/2026;2;LESCANO FRANCO DARIO
1006;CORDOBA 35;LAS VARILLAS;6/4/2026;7/4/2026;6/4/2026;FAC-B0006-00013028;Venta;P&P LOGISTICA S.R.L;74395;6;18990,88;22978,97;LIN HAIJUN;;10,00%;8;ALVAREZ VANESA  KAFF;8010;DADA FMORAS N°2 6X750 ;3165,15;3562;;TRADITIONAL TRADE;Autoservicio Tradicional;15339;ACOSTA FACUNDO;351,68;$;2;GRUPO PEÑAFLOR SA;4,5;0;Contado;7/4/2026 17:32;;Dada;Alto;No definido;;;Vinos del Año;PEÑAFLOR GRUPO OBJETIVO;;;20032;GRIBAUDO ESTEBAN;AXUM;;;False;152946;0;Lista General;Autoservicio Tradicional - P;12321;6/4/2026;2;LESCANO FRANCO DARIO
1006;CORDOBA 35;LAS VARILLAS;6/4/2026;7/4/2026;6/4/2026;FAC-B0006-00013029;Venta;P&P LOGISTICA S.R.L;74786;6;16568,06;20047,36;LIN HAIJUN;;10,00%;8;ALVAREZ VANESA  KAFF;8010;EL BAUTISMO CABERNET 6X750;2761,34;3562;;TRADITIONAL TRADE;Autoservicio Tradicional;14508,96;ACOSTA FACUNDO;306,82;$;2;GRUPO PEÑAFLOR SA;4,5;0;Contado;7/4/2026 17:32;;;Vinos Del Año;;;;Vinos del Año;PEÑAFLOR GRUPO OBJETIVO;;;20032;GRIBAUDO ESTEBAN;AXUM;;Revisar Orden;False;152947;0;Lista General;Autoservicio Tradicional - P;12338;6/4/2026;2;LESCANO FRANCO DARIO
1006;CORDOBA 35;LAS VARILLAS;6/4/2026;7/4/2026;6/4/2026;FAC-B0006-00013029;Venta;P&P LOGISTICA S.R.L;14507;6;16568,06;20047,36;LIN HAIJUN;;10,00%;8;ALVAREZ VANESA  KAFF;8010;EL BAUTISMO MALBEC 6X750 ;2761,34;3562;;TRADITIONAL TRADE;Autoservicio Tradicional;14508,96;ACOSTA FACUNDO;306,82;$;2;GRUPO PEÑAFLOR SA;4,5;0;Contado;7/4/2026 17:32;;El Bautismo;Medio Alto;No definido;;;Vinos del Año;PEÑAFLOR GRUPO OBJETIVO;;;20032;GRIBAUDO ESTEBAN;AXUM;;Revisar Orden;False;152947;0;Lista General;Autoservicio Tradicional - P;12338;6/4/2026;2;LESCANO FRANCO DARIO
1006;CORDOBA 35;LAS VARILLAS;6/4/2026;7/4/2026;6/4/2026;FAC-B0006-00013029;Venta;P&P LOGISTICA S.R.L;74827;6;18869,9;22832,58;LIN HAIJUN;;15,00%;8;ALVAREZ VANESA  KAFF;8010;ALMA MORA BLANCO DULCE LOW 6X750;3144,98;3562;;TRADITIONAL TRADE;Autoservicio Tradicional;16987,14;ACOSTA FACUNDO;555;$;2;GRUPO PEÑAFLOR SA;0;0;Contado;7/4/2026 17:32;;;Alto;;;;Vinos del Año;PEÑAFLOR GRUPO OBJETIVO;;;20032;GRIBAUDO ESTEBAN;AXUM;;Revisar Orden;False;152947;0;Lista General;Autoservicio Tradicional - P;12338;6/4/2026;2;LESCANO FRANCO DARIO
1006;CORDOBA 35;LAS VARILLAS;6/4/2026;7/4/2026;6/4/2026;FAC-B0006-00013029;Venta;P&P LOGISTICA S.R.L;74397;12;37739,8;45665,15;LIN HAIJUN;;15,00%;8;ALVAREZ VANESA  KAFF;8010;ALMA MORA BLEND DULCE 6X 750;3144,98;3562;;TRADITIONAL TRADE;Autoservicio Tradicional;32275,56;ACOSTA FACUNDO;555;$;2;GRUPO PEÑAFLOR SA;9;0;Contado;7/4/2026 17:32;;;Alto;No definido;;;Vinos del Año;PEÑAFLOR GRUPO OBJETIVO;;;20032;GRIBAUDO ESTEBAN;AXUM;;Revisar Orden;False;152947;0;Lista General;Autoservicio Tradicional - P;12338;6/4/2026;2;LESCANO FRANCO DARIO
2392;SAN MARTIN 844;La Para;6/4/2026;1/4/2026;6/4/2026;NCR-A0006-00008549;Devolución por Rechazo;P&P LOGISTICA S.R.L;42102;-6;-17575,19;-21793,24;CHEN FANG;NO RECIBIO;9,00%;6;PEYRONEL ANDREA;6030;ELEMENTOS MALBEC 6X750 ;2929,2;3525;;TRADITIONAL TRADE;Autoservicio Tradicional;-14039,52;DELGADO MAYCO JOAQUIN;289,7;$;2;GRUPO PEÑAFLOR SA;-4,5;0;Contado;6/4/2026 07:48;;ELEMENTOS;Alto;No definido;;;Vinos del Año;PEÑAFLOR GRUPO OBJETIVO;;;20032;GRIBAUDO ESTEBAN;Gescom;FAC-A0006-00060775;;True;152877;0;Lista General;Autoservicio Tradicional - C;;1/1/2000;;
2392;SAN MARTIN 844;La Para;6/4/2026;1/4/2026;6/4/2026;NCR-A0006-00008549;Devolución por Rechazo;P&P LOGISTICA S.R.L;74438;-6;-20201,89;-25050,34;CHEN FANG;NO RECIBIO;9,00%;6;PEYRONEL ANDREA;6030;ALMA MORA BLEND BLANCO 6X750;3366,98;3525;;TRADITIONAL TRADE;Autoservicio Tradicional;-16987,14;DELGADO MAYCO JOAQUIN;333;$;2;GRUPO PEÑAFLOR SA;-4,5;0;Contado;6/4/2026 07:48;;Alma Mora;Alto;No definido;;;Vinos del Año;PEÑAFLOR GRUPO OBJETIVO;;;20032;GRIBAUDO ESTEBAN;Gescom;FAC-A0006-00060775;;True;152877;0;Lista General;Autoservicio Tradicional - C;;1/1/2000;;
2691;SAN MARTIN 415;MARULL;6/4/2026;1/4/2026;6/4/2026;NCR-A0006-00008550;Devolución por Rechazo;P&P LOGISTICA S.R.L;35105;-6;-11608,38;-14046,14;GONZALEZ ANGEL MARTIN;Error de Armado: Diferencia de unidades;0,00%;6;PEYRONEL ANDREA;6031;SMF ICE RED BERRIE LAT 4X6X473;1934,73;3525;;TRADITIONAL TRADE;Almacen/Despensa;-8882,64;DELGADO MAYCO JOAQUIN;0;$;2;GRUPO PEÑAFLOR SA;-2,838;0;Contado;6/4/2026 07:48;;Smirnoff Ice Flavours;RTD (s);No definido;;;RTD (S);PEÑAFLOR GRUPO OBJETIVO;;;20032;GRIBAUDO ESTEBAN;Gescom;FAC-A0006-00060783;;True;152878;0;Lista General;Almacen/Despensa - P;;1/1/2000;;
2332;RIVADAVIA 355;ARROYITO;6/4/2026;2/4/2026;6/4/2026;NCR-A0006-00008551;Devolución por Rechazo;P&P LOGISTICA S.R.L;30139;-6;-56368,93;-68206,4;TONINI MARISA ELIZABETH;NO RECIBIO;10,00%;2;LUDUEÑA JULIANA;2020;GORDONS  TROPICAL FRUITS 6X700;9394,82;3533;;TRADITIONAL TRADE;Almacen/Despensa;-49363,26;DELGADO MAYCO JOAQUIN;1043,87;$;2;GRUPO PEÑAFLOR SA;0;0;Contado;6/4/2026 08:34;;;;;;;;PEÑAFLOR GRUPO OBJETIVO;;;20032;GRIBAUDO ESTEBAN;Gescom;FAC-A0006-00060877;;True;152883;0;Lista General;Almacen/Despensa - C;;1/1/2000;;
2272;RAFAEL BIANCHI 597;ARROYITO;6/4/2026;2/4/2026;6/4/2026;NCR-A0006-00008552;Devolución por Rechazo;P&P LOGISTICA S.R.L;74736;-6;-19979,24;-24174,89;MANCINI GRACIELA BEATRIZ;CERRADO;10,00%;2;LUDUEÑA JULIANA;2020;ALMA MORA MERLOT 6X750;3329,87;3533;;TRADITIONAL TRADE;Almacen/Despensa;-16986,6;DELGADO MAYCO JOAQUIN;369,99;$;2;GRUPO PEÑAFLOR SA;0;0;Contado;6/4/2026 08:34;;Finca Las Moras;Alto;No definido;;-No Definido-;Vinos del Año;PEÑAFLOR GRUPO OBJETIVO;;;20032;GRIBAUDO ESTEBAN;Gescom;FAC-A0006-00060868;;True;152884;0;Lista General;Almacen/Despensa - B;;1/1/2000;;
1061;AV PERON 1955;ARROYITO;6/4/2026;2/4/2026;6/4/2026;NCR-A0006-00008554;Devolución por Rechazo;P&P LOGISTICA S.R.L;35105;-6;-10911,88;-13203,37;MOYA SIMON ARIEL;NO RECIBIO;6,00%;2;LUDUEÑA JULIANA;2020;SMF ICE RED BERRIE LAT 4X6X473;1818,65;3533;;TRADITIONAL TRADE;Kiosco/Maxikiosco;-8882,64;DELGADO MAYCO JOAQUIN;116,08;$;2;GRUPO PEÑAFLOR SA;-2,838;0;Contado;6/4/2026 08:34;;Smirnoff Ice Flavours;RTD (s);No definido;;;RTD (S);PEÑAFLOR GRUPO OBJETIVO;;;20032;GRIBAUDO ESTEBAN;Gescom;FAC-A0006-00060873;;True;152889;0;Lista General;Kiosco/Maxikiosco - B;;1/1/2000;;
2857;SOBRE RUTA 10 10;VILLA SANTA ROSA;7/4/2026;8/4/2026;6/4/2026;FAC-A0006-00061201;Venta;P&P LOGISTICA S.R.L;42102;6;17575,19;21265,98;YANG ZHENKUN-LA ESPERANZA 2;;9,00%;6;PEYRONEL ANDREA;6010;ELEMENTOS MALBEC 6X750 ;2929,2;3565;;TRADITIONAL TRADE;Autoservicio Tradicional;14039,52;DELGADO MAYCO JOAQUIN;289,7;$;2;GRUPO PEÑAFLOR SA;4,5;0;Contado;8/4/2026 16:16;;ELEMENTOS;Alto;No definido;;;Vinos del Año;PEÑAFLOR GRUPO OBJETIVO;;;20032;GRIBAUDO ESTEBAN;AXUM;;;False;152910;0;Lista General;Autoservicio Tradicional - C;12336;6/4/2026;BD-003;VILLAFAÑE MARIANO
2857;SOBRE RUTA 10 10;VILLA SANTA ROSA;7/4/2026;8/4/2026;6/4/2026;FAC-A0006-00061201;Venta;P&P LOGISTICA S.R.L;42113;6;17575,19;21265,98;YANG ZHENKUN-LA ESPERANZA 2;;9,00%;6;PEYRONEL ANDREA;6010;ELEMENTOS TORRONTES DLCE6X750 ;2929,2;3565;;TRADITIONAL TRADE;Autoservicio Tradicional;14778,42;DELGADO MAYCO JOAQUIN;289,7;$;2;GRUPO PEÑAFLOR SA;4,5;0;Contado;8/4/2026 16:16;;ELEMENTOS;Alto;No definido;;;Vinos del Año;PEÑAFLOR GRUPO OBJETIVO;;;20032;GRIBAUDO ESTEBAN;AXUM;;;False;152910;0;Lista General;Autoservicio Tradicional - C;12336;6/4/2026;BD-003;VILLAFAÑE MARIANO
941;SAN MARTIN 902;Santa Rosa de Río Primero;7/4/2026;8/4/2026;6/4/2026;FAC-A0006-00061212;Venta;P&P LOGISTICA S.R.L;35105;24;46433,52;56184,56;LUIS ALEJANDRO BAIGORRIA;;0,00%;6;PEYRONEL ANDREA;6010;SMF ICE RED BERRIE LAT 4X6X473;1934,73;3565;;TRADITIONAL TRADE;Kiosco/Maxikiosco;35530,56;DELGADO MAYCO JOAQUIN;0;$;2;GRUPO PEÑAFLOR SA;11,352;0;Contado;8/4/2026 16:16;;Smirnoff Ice Flavours;RTD (s);No definido;;;RTD (S);PEÑAFLOR GRUPO OBJETIVO;;;20032;GRIBAUDO ESTEBAN;AXUM;;;False;152959;0;Lista General;Kiosco/Maxikiosco - P;12336;6/4/2026;BD-003;VILLAFAÑE MARIANO
278;VELEZ SARSFIELD 538;SANTA ROSA;7/4/2026;8/4/2026;6/4/2026;FAC-A0006-00061213;Venta;P&P LOGISTICA S.R.L;74210;60;199792,44;241748,85;AVENATTI LUCIO MAURICIO ;;10,00%;6;PEYRONEL ANDREA;6010;ALMA MORA MALBEC 6X750;3329,87;3565;;TRADITIONAL TRADE;Vinoteca;169780,8;DELGADO MAYCO JOAQUIN;369,99;$;2;GRUPO PEÑAFLOR SA;45;0;Contado;8/4/2026 16:16;;Alma Mora;Alto;No definido;;;Vinos del Año;PEÑAFLOR GRUPO OBJETIVO;;;20032;GRIBAUDO ESTEBAN;AXUM;;;False;152971;0;Lista General;Vinoteca - C;12336;6/4/2026;BD-003;VILLAFAÑE MARIANO
278;VELEZ SARSFIELD 538;SANTA ROSA;7/4/2026;8/4/2026;6/4/2026;FAC-A0006-00061213;Venta;P&P LOGISTICA S.R.L;42102;150;434551,5;525807,32;AVENATTI LUCIO MAURICIO ;;10,00%;6;PEYRONEL ANDREA;6010;ELEMENTOS MALBEC 6X750 ;2897,01;3565;;TRADITIONAL TRADE;Vinoteca;350988;DELGADO MAYCO JOAQUIN;321,89;$;2;GRUPO PEÑAFLOR SA;112,5;0;Contado;8/4/2026 16:16;;ELEMENTOS;Alto;No definido;;;Vinos del Año;PEÑAFLOR GRUPO OBJETIVO;;;20032;GRIBAUDO ESTEBAN;AXUM;;;False;152971;0;Lista General;Vinoteca - C;12336;6/4/2026;BD-003;VILLAFAÑE MARIANO
278;VELEZ SARSFIELD 538;SANTA ROSA;7/4/2026;8/4/2026;6/4/2026;FAC-A0006-00061213;Venta;P&P LOGISTICA S.R.L;30020;90;501590,56;606924,57;AVENATTI LUCIO MAURICIO ;;18,00%;6;PEYRONEL ANDREA;6010;SMIRNOFF GREEN APPLE DO 6X700;5573,23;3565;;TRADITIONAL TRADE;Vinoteca;481864,5;DELGADO MAYCO JOAQUIN;1223,39;$;2;GRUPO PEÑAFLOR SA;63;0;Contado;8/4/2026 16:16;;Smirnoff;Standard (S);No definido;;;Vodka;PEÑAFLOR GRUPO OBJETIVO;;;20032;GRIBAUDO ESTEBAN;AXUM;;;False;152971;0;Lista General;Vinoteca - C;12336;6/4/2026;BD-003;VILLAFAÑE MARIANO
100;BV LIBERTADOR Y VELEZ SARFIELD 0;MORTEROS;7/4/2026;8/4/2026;6/4/2026;FAC-A0006-00061231;Venta;P&P LOGISTICA S.R.L;35108;6;12188,76;14748,4;YANDEN S.A.S;;0,00%;4;GRIBAUDO ANGEL;4010;SMF BC RUBYORANGE&LIME LATA 4X6X473;2031,46;3563;;TRADITIONAL TRADE;Autoservicio Tradicional;9326,7;ACOSTA FACUNDO;0;$;2;GRUPO PEÑAFLOR SA;0;0;Contado;8/4/2026 17:49;;Smirnoff Ice Flavours;RTD (S);;;;RTD (S);PEÑAFLOR GRUPO OBJETIVO;;;20032;GRIBAUDO ESTEBAN;AXUM;;;False;152882;0;Lista General;Autoservicio Tradicional - B;12335;6/4/2026;2;LESCANO FRANCO DARIO
100;BV LIBERTADOR Y VELEZ SARFIELD 0;MORTEROS;7/4/2026;8/4/2026;6/4/2026;FAC-A0006-00061231;Venta;P&P LOGISTICA S.R.L;35105;6;11608,38;14046,14;YANDEN S.A.S;;0,00%;4;GRIBAUDO ANGEL;4010;SMF ICE RED BERRIE LAT 4X6X473;1934,73;3563;;TRADITIONAL TRADE;Autoservicio Tradicional;8882,64;ACOSTA FACUNDO;0;$;2;GRUPO PEÑAFLOR SA;2,838;0;Contado;8/4/2026 17:49;;Smirnoff Ice Flavours;RTD (s);No definido;;;RTD (S);PEÑAFLOR GRUPO OBJETIVO;;;20032;GRIBAUDO ESTEBAN;AXUM;;;False;152882;0;Lista General;Autoservicio Tradicional - B;12335;6/4/2026;2;LESCANO FRANCO DARIO
100;BV LIBERTADOR Y VELEZ SARFIELD 0;MORTEROS;7/4/2026;8/4/2026;6/4/2026;FAC-A0006-00061231;Venta;P&P LOGISTICA S.R.L;60015;6;12754,5;15432,95;YANDEN S.A.S;;0,00%;4;GRIBAUDO ANGEL;4010;ANTARES PLAYA GRANDE 6 X 473ML;2125,75;3563;;TRADITIONAL TRADE;Autoservicio Tradicional;10052,4;ACOSTA FACUNDO;0;$;2;GRUPO PEÑAFLOR SA;2,838;0;Contado;8/4/2026 17:49;;;CERVEZA ARTESANAL;No definido;;-No Definido-;CERVEZA ARTESANAL;PEÑAFLOR GRUPO OBJETIVO;;;20032;GRIBAUDO ESTEBAN;AXUM;;;False;152882;0;Lista General;Autoservicio Tradicional - B;12335;6/4/2026;2;LESCANO FRANCO DARIO
100;BV LIBERTADOR Y VELEZ SARFIELD 0;MORTEROS;7/4/2026;8/4/2026;6/4/2026;FAC-A0006-00061231;Venta;P&P LOGISTICA S.R.L;60017;6;12757,56;15436,65;YANDEN S.A.S;;0,00%;4;GRIBAUDO ANGEL;4010;ANTARES IPA LATA 6X473 (NEW);2126,26;3563;;TRADITIONAL TRADE;Autoservicio Tradicional;10054,86;ACOSTA FACUNDO;0;$;2;GRUPO PEÑAFLOR SA;0;0;Contado;8/4/2026 17:49;;#¿NOMBRE?;CERVEZA ARTESANAL;No definido;;-No Definido-;CERVEZA ARTESANAL;PEÑAFLOR GRUPO OBJETIVO;;;20032;GRIBAUDO ESTEBAN;AXUM;;;False;152882;0;Lista General;Autoservicio Tradicional - B;12335;6/4/2026;2;LESCANO FRANCO DARIO
184;25 DE MAYO 1100;MORTEROS;7/4/2026;8/4/2026;6/4/2026;FAC-A0006-00061233;Venta;P&P LOGISTICA S.R.L;74210;3;11099,58;13430,49;CLEMENTE CLAUDIA;;0,00%;4;GRIBAUDO ANGEL;4010;ALMA MORA MALBEC 6X750;3699,86;3563;;TRADITIONAL TRADE;Almacen/Despensa;8489,04;ACOSTA FACUNDO;0;$;2;GRUPO PEÑAFLOR SA;2,25;0;Contado;8/4/2026 17:49;;Alma Mora;Alto;No definido;;;Vinos del Año;PEÑAFLOR GRUPO OBJETIVO;;;20032;GRIBAUDO ESTEBAN;AXUM;;;False;152891;0;Lista General;Almacen/Despensa - P;12335;6/4/2026;2;LESCANO FRANCO DARIO
184;25 DE MAYO 1100;MORTEROS;7/4/2026;8/4/2026;6/4/2026;FAC-A0006-00061233;Venta;P&P LOGISTICA S.R.L;72859;3;7922,31;9586;CLEMENTE CLAUDIA;;0,00%;4;GRIBAUDO ANGEL;4010;F.LAS MORAS MALBEC 6X750;2640,77;3563;;TRADITIONAL TRADE;Almacen/Despensa;5931,72;ACOSTA FACUNDO;0;$;2;GRUPO PEÑAFLOR SA;2,25;0;Contado;8/4/2026 17:49;;Finca Las Moras;Medio Alto;No definido;;;Vinos del Año;PEÑAFLOR GRUPO OBJETIVO;;;20032;GRIBAUDO ESTEBAN;AXUM;;;False;152891;0;Lista General;Almacen/Despensa - P;12335;6/4/2026;2;LESCANO FRANCO DARIO
161;PELLEGRINI 283;MORTEROS;7/4/2026;8/4/2026;6/4/2026;FAC-A0006-00061243;Venta;P&P LOGISTICA S.R.L;35109;6;12188,76;14748,4;YANDEN S.A.S;;0,00%;4;GRIBAUDO ANGEL;4010;SMF  BC GRAPEF&LIME  LATA 4X6X473;2031,46;3563;;TRADITIONAL TRADE;Autoservicio Tradicional;9326,7;ACOSTA FACUNDO;0;$;2;GRUPO PEÑAFLOR SA;0;0;Contado;8/4/2026 17:49;;Smirnoff Ice Flavours;RTD (s);;;;RTD (S);PEÑAFLOR GRUPO OBJETIVO;;;20032;GRIBAUDO ESTEBAN;AXUM;;;False;152966;0;Lista General;Autoservicio Tradicional - C;12335;6/4/2026;2;LESCANO FRANCO DARIO
161;PELLEGRINI 283;MORTEROS;7/4/2026;8/4/2026;6/4/2026;FAC-A0006-00061243;Venta;P&P LOGISTICA S.R.L;35108;6;12188,76;14748,4;YANDEN S.A.S;;0,00%;4;GRIBAUDO ANGEL;4010;SMF BC RUBYORANGE&LIME LATA 4X6X473;2031,46;3563;;TRADITIONAL TRADE;Autoservicio Tradicional;9326,7;ACOSTA FACUNDO;0;$;2;GRUPO PEÑAFLOR SA;0;0;Contado;8/4/2026 17:49;;Smirnoff Ice Flavours;RTD (S);;;;RTD (S);PEÑAFLOR GRUPO OBJETIVO;;;20032;GRIBAUDO ESTEBAN;AXUM;;;False;152966;0;Lista General;Autoservicio Tradicional - C;12335;6/4/2026;2;LESCANO FRANCO DARIO
161;PELLEGRINI 283;MORTEROS;7/4/2026;8/4/2026;6/4/2026;FAC-A0006-00061243;Venta;P&P LOGISTICA S.R.L;35104;6;11608,38;14046,14;YANDEN S.A.S;;0,00%;4;GRIBAUDO ANGEL;4010;SMF ICE GREENAPPLE LAT 4X6X473;1934,73;3563;;TRADITIONAL TRADE;Autoservicio Tradicional;8882,64;ACOSTA FACUNDO;0;$;2;GRUPO PEÑAFLOR SA;2,838;0;Contado;8/4/2026 17:49;;Smirnoff Ice Flavours;RTD (s);No definido;;;RTD (S);PEÑAFLOR GRUPO OBJETIVO;;;20032;GRIBAUDO ESTEBAN;AXUM;;;False;152966;0;Lista General;Autoservicio Tradicional - C;12335;6/4/2026;2;LESCANO FRANCO DARIO
161;PELLEGRINI 283;MORTEROS;7/4/2026;8/4/2026;6/4/2026;FAC-A0006-00061243;Venta;P&P LOGISTICA S.R.L;35105;6;11608,38;14046,14;YANDEN S.A.S;;0,00%;4;GRIBAUDO ANGEL;4010;SMF ICE RED BERRIE LAT 4X6X473;1934,73;3563;;TRADITIONAL TRADE;Autoservicio Tradicional;8882,64;ACOSTA FACUNDO;0;$;2;GRUPO PEÑAFLOR SA;2,838;0;Contado;8/4/2026 17:49;;Smirnoff Ice Flavours;RTD (s);No definido;;;RTD (S);PEÑAFLOR GRUPO OBJETIVO;;;20032;GRIBAUDO ESTEBAN;AXUM;;;False;152966;0;Lista General;Autoservicio Tradicional - C;12335;6/4/2026;2;LESCANO FRANCO DARIO
181;ALBERDI 1094;MORTEROS;7/4/2026;8/4/2026;6/4/2026;FAC-A0006-00061249;Venta;P&P LOGISTICA S.R.L;30019;3;18341,1;22192,73;WANG XUEQUING;;0,00%;4;GRIBAUDO ANGEL;4010;SMIRNOFF 21 DO 12X700;6113,7;3563;;TRADITIONAL TRADE;Autoservicio Tradicional;14455,47;ACOSTA FACUNDO;0;$;2;GRUPO PEÑAFLOR SA;2,1;0;Contado;8/4/2026 17:49;;Smirnoff;Standard (S);No definido;;;Vodka;PEÑAFLOR GRUPO OBJETIVO;;;20032;GRIBAUDO ESTEBAN;AXUM;;;False;152980;0;Lista General;Autoservicio Tradicional - A;12335;6/4/2026;2;LESCANO FRANCO DARIO
188;ALTE. BROWN ESQ. CASEROS 1;MORTEROS;7/4/2026;8/4/2026;7/4/2026;FAC-A0006-00061258;Venta;P&P LOGISTICA S.R.L;74210;6;22199,16;26860,98;BARRERA RAUL OMAR;;0,00%;4;GRIBAUDO ANGEL;4020;ALMA MORA MALBEC 6X750;3699,86;3563;;TRADITIONAL TRADE;Autoservicio Tradicional;16978,08;ACOSTA FACUNDO;0;$;2;GRUPO PEÑAFLOR SA;4,5;0;Contado;8/4/2026 17:49;;Alma Mora;Alto;No definido;;;Vinos del Año;PEÑAFLOR GRUPO OBJETIVO;;;20032;GRIBAUDO ESTEBAN;AXUM;;;False;153073;0;Lista General;Autoservicio Tradicional - A;12340;7/4/2026;2;LESCANO FRANCO DARIO
188;ALTE. BROWN ESQ. CASEROS 1;MORTEROS;7/4/2026;8/4/2026;7/4/2026;FAC-A0006-00061258;Venta;P&P LOGISTICA S.R.L;74393;3;10550,49;12766,09;BARRERA RAUL OMAR;;0,00%;4;GRIBAUDO ANGEL;4020;DADA FMORAS N°1 6X750;3516,83;3563;;TRADITIONAL TRADE;Autoservicio Tradicional;7669,5;ACOSTA FACUNDO;0;$;2;GRUPO PEÑAFLOR SA;2,25;0;Contado;8/4/2026 17:49;;Dada;Alto;No definido;;;Vinos del Año;PEÑAFLOR GRUPO OBJETIVO;;;20032;GRIBAUDO ESTEBAN;AXUM;;;False;153073;0;Lista General;Autoservicio Tradicional - A;12340;7/4/2026;2;LESCANO FRANCO DARIO
188;ALTE. BROWN ESQ. CASEROS 1;MORTEROS;7/4/2026;8/4/2026;7/4/2026;FAC-A0006-00061258;Venta;P&P LOGISTICA S.R.L;74504;3;10550,49;12766,09;BARRERA RAUL OMAR;;0,00%;4;GRIBAUDO ANGEL;4020;DADA ART MALBEC 6X750;3516,83;3563;;TRADITIONAL TRADE;Autoservicio Tradicional;8073,15;ACOSTA FACUNDO;0;$;2;GRUPO PEÑAFLOR SA;2,25;0;Contado;8/4/2026 17:49;;Dada;Alto;No definido;;;Vinos del Año;PEÑAFLOR GRUPO OBJETIVO;;;20032;GRIBAUDO ESTEBAN;AXUM;;;False;153073;0;Lista General;Autoservicio Tradicional - A;12340;7/4/2026;2;LESCANO FRANCO DARIO
180;BV BELGRANO 1278;MORTEROS;7/4/2026;8/4/2026;7/4/2026;FAC-A0006-00061272;Venta;P&P LOGISTICA S.R.L;30020;6;38332,94;47532,84;SU XIANHUI;;6,00%;4;GRIBAUDO ANGEL;4020;SMIRNOFF GREEN APPLE DO 6X700;6388,82;3563;;TRADITIONAL TRADE;Autoservicio Tradicional;32124,3;ACOSTA FACUNDO;407,8;$;2;GRUPO PEÑAFLOR SA;4,2;0;Contado;8/4/2026 17:49;;Smirnoff;Standard (S);No definido;;;Vodka;PEÑAFLOR GRUPO OBJETIVO;;;20032;GRIBAUDO ESTEBAN;AXUM;;;False;153108;0;Lista General;Autoservicio Tradicional - P;12343;7/4/2026;2;LESCANO FRANCO DARIO
180;BV BELGRANO 1278;MORTEROS;7/4/2026;8/4/2026;7/4/2026;FAC-A0006-00061272;Venta;P&P LOGISTICA S.R.L;30022;12;76665,87;95065,68;SU XIANHUI;;6,00%;4;GRIBAUDO ANGEL;4020;SMIRNOFF RASPBERRY DO 6X700;6388,82;3563;;TRADITIONAL TRADE;Autoservicio Tradicional;64248,6;ACOSTA FACUNDO;407,8;$;2;GRUPO PEÑAFLOR SA;8,4;0;Contado;8/4/2026 17:49;;Smirnoff;Standard (S);No definido;;;Vodka;PEÑAFLOR GRUPO OBJETIVO;;;20032;GRIBAUDO ESTEBAN;AXUM;;;False;153108;0;Lista General;Autoservicio Tradicional - P;12343;7/4/2026;2;LESCANO FRANCO DARIO
180;BV BELGRANO 1278;MORTEROS;7/4/2026;8/4/2026;7/4/2026;FAC-A0006-00061272;Venta;P&P LOGISTICA S.R.L;30131;6;38332,94;47532,84;SU XIANHUI;;6,00%;4;GRIBAUDO ANGEL;4020;SMIRNOFF TROPICAL FRUITS 6X700;6388,82;3563;;TRADITIONAL TRADE;Autoservicio Tradicional;32124,3;ACOSTA FACUNDO;407,8;$;2;GRUPO PEÑAFLOR SA;4,2;0;Contado;8/4/2026 17:49;;Smirnoff;Standard (S);No definido;;;Vodka;PEÑAFLOR GRUPO OBJETIVO;;;20032;GRIBAUDO ESTEBAN;AXUM;;;False;153108;0;Lista General;Autoservicio Tradicional - P;12343;7/4/2026;2;LESCANO FRANCO DARIO
180;BV BELGRANO 1278;MORTEROS;7/4/2026;8/4/2026;7/4/2026;FAC-A0006-00061272;Venta;P&P LOGISTICA S.R.L;35101;6;38332,94;47532,84;SU XIANHUI;;6,00%;4;GRIBAUDO ANGEL;4020;SMIRNOFF BC ORANGE & LIME 6X700;6388,82;3563;;TRADITIONAL TRADE;Autoservicio Tradicional;32140,38;ACOSTA FACUNDO;407,8;$;2;GRUPO PEÑAFLOR SA;4,2;0;Contado;8/4/2026 17:49;;Smirnoff;Standard (S);No definido;;;Vodka;PEÑAFLOR GRUPO OBJETIVO;;;20032;GRIBAUDO ESTEBAN;AXUM;;;False;153108;0;Lista General;Autoservicio Tradicional - P;12343;7/4/2026;2;LESCANO FRANCO DARIO
180;BV BELGRANO 1278;MORTEROS;7/4/2026;8/4/2026;7/4/2026;FAC-A0006-00061272;Venta;P&P LOGISTICA S.R.L;30065;6;38332,94;47532,84;SU XIANHUI;;6,00%;4;GRIBAUDO ANGEL;4020;SMIRNOFF WATERMELON 6X700;6388,82;3563;;TRADITIONAL TRADE;Autoservicio Tradicional;32140,38;ACOSTA FACUNDO;407,8;$;2;GRUPO PEÑAFLOR SA;4,2;0;Contado;8/4/2026 17:49;;Smirnoff;Standard (S);No definido;;;Vodka;PEÑAFLOR GRUPO OBJETIVO;;;20032;GRIBAUDO ESTEBAN;AXUM;;;False;153108;0;Lista General;Autoservicio Tradicional - P;12343;7/4/2026;2;LESCANO FRANCO DARIO
30013;9 DE SEPTIEMBRE 2179;SAN FRANCISCO;7/4/2026;8/4/2026;7/4/2026;FAC-A0006-00061307;Venta;P&P LOGISTICA S.R.L;71704;3;0;0;YBAÑEZ ALICIA RAQUEL ;;100,00%;8;ALVAREZ VANESA  KAFF;8020;TRAPICHE ALARIS MALBEC 6X750;0;3568;;TRADITIONAL TRADE;Autoservicio Tradicional;6461,37;BLAS ALMADA;2732,73;$;2;GRUPO PEÑAFLOR SA;2,25;0;Contado;8/4/2026 17:34;;Alaris;Medio Alto;No definido;;;Vinos del Año;PEÑAFLOR GRUPO OBJETIVO;;;20032;GRIBAUDO ESTEBAN;AXUM;;;False;153145;0;Lista General;Autoservicio Tradicional - P;12346;7/4/2026;2;LESCANO FRANCO DARIO
30013;9 DE SEPTIEMBRE 2179;SAN FRANCISCO;7/4/2026;8/4/2026;7/4/2026;FAC-A0006-00061307;Venta;P&P LOGISTICA S.R.L;74583;6;32333,09;39123,04;YBAÑEZ ALICIA RAQUEL ;;10,00%;8;ALVAREZ VANESA  KAFF;8020;LOS INTOCABLES CAB.SAUV 6X750;5388,85;3568;;TRADITIONAL TRADE;Autoservicio Tradicional;28314,66;BLAS ALMADA;598,76;$;2;GRUPO PEÑAFLOR SA;4,5;0;Contado;8/4/2026 17:34;;;Premium;No definido;;;Vino de Guarda;PEÑAFLOR GRUPO OBJETIVO;;;20032;GRIBAUDO ESTEBAN;AXUM;;;False;153145;0;Lista General;Autoservicio Tradicional - P;12346;7/4/2026;2;LESCANO FRANCO DARIO
30013;9 DE SEPTIEMBRE 2179;SAN FRANCISCO;7/4/2026;8/4/2026;7/4/2026;FAC-A0006-00061307;Venta;P&P LOGISTICA S.R.L;74208;6;19979,89;24175,67;YBAÑEZ ALICIA RAQUEL ;;10,00%;8;ALVAREZ VANESA  KAFF;8020;ALMA MORA CABSAUV6X750 ;3329,98;3568;;TRADITIONAL TRADE;Autoservicio Tradicional;16987,14;BLAS ALMADA;370;$;2;GRUPO PEÑAFLOR SA;4,5;0;Contado;8/4/2026 17:34;;Alma Mora;Alto;No definido;;;Vinos del Año;PEÑAFLOR GRUPO OBJETIVO;;;20032;GRIBAUDO ESTEBAN;AXUM;;;False;153145;0;Lista General;Autoservicio Tradicional - P;12346;7/4/2026;2;LESCANO FRANCO DARIO
30013;9 DE SEPTIEMBRE 2179;SAN FRANCISCO;7/4/2026;8/4/2026;7/4/2026;FAC-A0006-00061307;Venta;P&P LOGISTICA S.R.L;74395;6;18990,88;22978,97;YBAÑEZ ALICIA RAQUEL ;;10,00%;8;ALVAREZ VANESA  KAFF;8020;DADA FMORAS N°2 6X750 ;3165,15;3568;;TRADITIONAL TRADE;Autoservicio Tradicional;15339;BLAS ALMADA;351,68;$;2;GRUPO PEÑAFLOR SA;4,5;0;Contado;8/4/2026 17:34;;Dada;Alto;No definido;;;Vinos del Año;PEÑAFLOR GRUPO OBJETIVO;;;20032;GRIBAUDO ESTEBAN;AXUM;;;False;153145;0;Lista General;Autoservicio Tradicional - P;12346;7/4/2026;2;LESCANO FRANCO DARIO
634;SALTA 3617;SAN FRANCISCO;7/4/2026;8/4/2026;7/4/2026;FAC-A0006-00061313;Venta;P&P LOGISTICA S.R.L;35101;3;19166,47;23191,43;BESUZZO EVANGELINA PATRICIA ;;6,00%;8;ALVAREZ VANESA  KAFF;8020;SMIRNOFF BC ORANGE & LIME 6X700;6388,82;3568;;TRADITIONAL TRADE;Almacen/Despensa;16070,19;BLAS ALMADA;407,8;$;2;GRUPO PEÑAFLOR SA;2,1;0;Contado;8/4/2026 17:34;;Smirnoff;Standard (S);No definido;;;Vodka;PEÑAFLOR GRUPO OBJETIVO;;;20032;GRIBAUDO ESTEBAN;AXUM;;;False;153155;0;Lista General;Almacen/Despensa - A;12346;7/4/2026;2;LESCANO FRANCO DARIO
634;SALTA 3617;SAN FRANCISCO;7/4/2026;8/4/2026;7/4/2026;FAC-A0006-00061313;Venta;P&P LOGISTICA S.R.L;30020;3;19166,47;23191,43;BESUZZO EVANGELINA PATRICIA ;;6,00%;8;ALVAREZ VANESA  KAFF;8020;SMIRNOFF GREEN APPLE DO 6X700;6388,82;3568;;TRADITIONAL TRADE;Almacen/Despensa;16062,15;BLAS ALMADA;407,8;$;2;GRUPO PEÑAFLOR SA;2,1;0;Contado;8/4/2026 17:34;;Smirnoff;Standard (S);No definido;;;Vodka;PEÑAFLOR GRUPO OBJETIVO;;;20032;GRIBAUDO ESTEBAN;AXUM;;;False;153155;0;Lista General;Almacen/Despensa - A;12346;7/4/2026;2;LESCANO FRANCO DARIO
634;SALTA 3617;SAN FRANCISCO;7/4/2026;8/4/2026;7/4/2026;FAC-A0006-00061313;Venta;P&P LOGISTICA S.R.L;30022;3;19166,47;23191,43;BESUZZO EVANGELINA PATRICIA ;;6,00%;8;ALVAREZ VANESA  KAFF;8020;SMIRNOFF RASPBERRY DO 6X700;6388,82;3568;;TRADITIONAL TRADE;Almacen/Despensa;16062,15;BLAS ALMADA;407,8;$;2;GRUPO PEÑAFLOR SA;2,1;0;Contado;8/4/2026 17:34;;Smirnoff;Standard (S);No definido;;;Vodka;PEÑAFLOR GRUPO OBJETIVO;;;20032;GRIBAUDO ESTEBAN;AXUM;;;False;153155;0;Lista General;Almacen/Despensa - A;12346;7/4/2026;2;LESCANO FRANCO DARIO
634;SALTA 3617;SAN FRANCISCO;7/4/2026;8/4/2026;7/4/2026;FAC-A0006-00061313;Venta;P&P LOGISTICA S.R.L;35104;12;23216,76;28092,28;BESUZZO EVANGELINA PATRICIA ;;0,00%;8;ALVAREZ VANESA  KAFF;8020;SMF ICE GREENAPPLE LAT 4X6X473;1934,73;3568;;TRADITIONAL TRADE;Almacen/Despensa;17765,28;BLAS ALMADA;0;$;2;GRUPO PEÑAFLOR SA;5,676;0;Contado;8/4/2026 17:34;;Smirnoff Ice Flavours;RTD (s);No definido;;;RTD (S);PEÑAFLOR GRUPO OBJETIVO;;;20032;GRIBAUDO ESTEBAN;AXUM;;;False;153155;0;Lista General;Almacen/Despensa - A;12346;7/4/2026;2;LESCANO FRANCO DARIO
30013;9 DE SEPTIEMBRE 2179;SAN FRANCISCO;7/4/2026;8/4/2026;7/4/2026;FAC-A0006-00061314;Venta;P&P LOGISTICA S.R.L;42102;6;17382,06;21032,29;YBAÑEZ ALICIA RAQUEL ;;10,00%;8;ALVAREZ VANESA  KAFF;8020;ELEMENTOS MALBEC 6X750 ;2897,01;3568;;TRADITIONAL TRADE;Autoservicio Tradicional;14039,52;BLAS ALMADA;321,89;$;2;GRUPO PEÑAFLOR SA;4,5;0;Contado;8/4/2026 17:34;;ELEMENTOS;Alto;No definido;;;Vinos del Año;PEÑAFLOR GRUPO OBJETIVO;;;20032;GRIBAUDO ESTEBAN;AXUM;;;False;153156;0;Lista General;Autoservicio Tradicional - P;12346;7/4/2026;2;LESCANO FRANCO DARIO
30013;9 DE SEPTIEMBRE 2179;SAN FRANCISCO;7/4/2026;8/4/2026;7/4/2026;FAC-A0006-00061314;Venta;P&P LOGISTICA S.R.L;41682;6;26719,36;32330,43;YBAÑEZ ALICIA RAQUEL ;;10,00%;8;ALVAREZ VANESA  KAFF;8020;DON DAVID MALBEC 6X750;4453,23;3568;;TRADITIONAL TRADE;Autoservicio Tradicional;22717,14;BLAS ALMADA;494,8;$;2;GRUPO PEÑAFLOR SA;4,5;0;Contado;8/4/2026 17:34;;Don David;Superior;No definido;;;Vinos del Año;PEÑAFLOR GRUPO OBJETIVO;;;20032;GRIBAUDO ESTEBAN;AXUM;;;False;153156;0;Lista General;Autoservicio Tradicional - P;12346;7/4/2026;2;LESCANO FRANCO DARIO
30013;9 DE SEPTIEMBRE 2179;SAN FRANCISCO;7/4/2026;8/4/2026;7/4/2026;FAC-A0006-00061314;Venta;P&P LOGISTICA S.R.L;74146;6;25944,3;31392,6;YBAÑEZ ALICIA RAQUEL ;;10,00%;8;ALVAREZ VANESA  KAFF;8020;FOND CAVE MALBEC 6X750 ;4324,05;3568;;TRADITIONAL TRADE;Autoservicio Tradicional;22058,16;BLAS ALMADA;480,45;$;2;GRUPO PEÑAFLOR SA;4,5;0;Contado;8/4/2026 17:34;;Fond De Cave;Superior;No definido;;;Vinos del Año;PEÑAFLOR GRUPO OBJETIVO;;;20032;GRIBAUDO ESTEBAN;AXUM;;;False;153156;0;Lista General;Autoservicio Tradicional - P;12346;7/4/2026;2;LESCANO FRANCO DARIO
30013;9 DE SEPTIEMBRE 2179;SAN FRANCISCO;7/4/2026;8/4/2026;7/4/2026;FAC-A0006-00061315;Venta;P&P LOGISTICA S.R.L;30065;6;36701,75;44409,12;YBAÑEZ ALICIA RAQUEL ;;10,00%;8;ALVAREZ VANESA  KAFF;8020;SMIRNOFF WATERMELON 6X700;6116,96;3568;;TRADITIONAL TRADE;Autoservicio Tradicional;32140,38;BLAS ALMADA;679,66;$;2;GRUPO PEÑAFLOR SA;4,2;0;Contado;8/4/2026 17:34;;Smirnoff;Standard (S);No definido;;;Vodka;PEÑAFLOR GRUPO OBJETIVO;;;20032;GRIBAUDO ESTEBAN;AXUM;;;False;153158;0;Lista General;Autoservicio Tradicional - P;12346;7/4/2026;2;LESCANO FRANCO DARIO
30013;9 DE SEPTIEMBRE 2179;SAN FRANCISCO;7/4/2026;8/4/2026;7/4/2026;FAC-A0006-00061315;Venta;P&P LOGISTICA S.R.L;60017;6;11992,11;14510,45;YBAÑEZ ALICIA RAQUEL ;;6,00%;8;ALVAREZ VANESA  KAFF;8020;ANTARES IPA LATA 6X473 (NEW);1998,68;3568;;TRADITIONAL TRADE;Autoservicio Tradicional;10054,86;BLAS ALMADA;127,58;$;2;GRUPO PEÑAFLOR SA;0;0;Contado;8/4/2026 17:34;;#¿NOMBRE?;CERVEZA ARTESANAL;No definido;;-No Definido-;CERVEZA ARTESANAL;PEÑAFLOR GRUPO OBJETIVO;;;20032;GRIBAUDO ESTEBAN;AXUM;;;False;153158;0;Lista General;Autoservicio Tradicional - P;12346;7/4/2026;2;LESCANO FRANCO DARIO
30013;9 DE SEPTIEMBRE 2179;SAN FRANCISCO;7/4/2026;8/4/2026;7/4/2026;FAC-A0006-00061315;Venta;P&P LOGISTICA S.R.L;30268;6;12235,42;14804,85;YBAÑEZ ALICIA RAQUEL ;;6,00%;8;ALVAREZ VANESA  KAFF;8020;ANTARES LATA CARAVANA 6 X 473ML;2039,24;3568;;TRADITIONAL TRADE;Autoservicio Tradicional;12000;BLAS ALMADA;130,16;$;2;GRUPO PEÑAFLOR SA;2,838;0;Contado;8/4/2026 17:34;;;CERVEZA ARTESANAL;No definido;;-No Definido-;CERVEZA ARTESANAL;PEÑAFLOR GRUPO OBJETIVO;;;20032;GRIBAUDO ESTEBAN;AXUM;;;False;153158;0;Lista General;Autoservicio Tradicional - P;12346;7/4/2026;2;LESCANO FRANCO DARIO
30013;9 DE SEPTIEMBRE 2179;SAN FRANCISCO;7/4/2026;8/4/2026;7/4/2026;FAC-A0006-00061315;Venta;P&P LOGISTICA S.R.L;60015;6;11989,23;14506,97;YBAÑEZ ALICIA RAQUEL ;;6,00%;8;ALVAREZ VANESA  KAFF;8020;ANTARES PLAYA GRANDE 6 X 473ML;1998,21;3568;;TRADITIONAL TRADE;Autoservicio Tradicional;10052,4;BLAS ALMADA;127,55;$;2;GRUPO PEÑAFLOR SA;2,838;0;Contado;8/4/2026 17:34;;;CERVEZA ARTESANAL;No definido;;-No Definido-;CERVEZA ARTESANAL;PEÑAFLOR GRUPO OBJETIVO;;;20032;GRIBAUDO ESTEBAN;AXUM;;;False;153158;0;Lista General;Autoservicio Tradicional - P;12346;7/4/2026;2;LESCANO FRANCO DARIO
30017;URQUIZA 1055;SAN FRANCISCO;7/4/2026;8/4/2026;7/4/2026;FAC-A0006-00061319;Venta;P&P LOGISTICA S.R.L;74397;6;19313,9;23369,81;JINHUANG SU;;13,00%;8;ALVAREZ VANESA  KAFF;8020;ALMA MORA BLEND DULCE 6X 750;3218,98;3568;;TRADITIONAL TRADE;Autoservicio Tradicional;16137,78;BLAS ALMADA;481;$;2;GRUPO PEÑAFLOR SA;4,5;0;Contado;8/4/2026 17:34;;;Alto;No definido;;;Vinos del Año;PEÑAFLOR GRUPO OBJETIVO;;;20032;GRIBAUDO ESTEBAN;AXUM;;;False;153174;0;Lista General;Autoservicio Tradicional - P;12347;7/4/2026;2;LESCANO FRANCO DARIO
30017;URQUIZA 1055;SAN FRANCISCO;7/4/2026;8/4/2026;7/4/2026;FAC-A0006-00061319;Venta;P&P LOGISTICA S.R.L;74827;6;19313,9;23369,81;JINHUANG SU;;13,00%;8;ALVAREZ VANESA  KAFF;8020;ALMA MORA BLANCO DULCE LOW 6X750;3218,98;3568;;TRADITIONAL TRADE;Autoservicio Tradicional;16987,14;BLAS ALMADA;481;$;2;GRUPO PEÑAFLOR SA;0;0;Contado;8/4/2026 17:34;;;Alto;;;;Vinos del Año;PEÑAFLOR GRUPO OBJETIVO;;;20032;GRIBAUDO ESTEBAN;AXUM;;;False;153174;0;Lista General;Autoservicio Tradicional - P;12347;7/4/2026;2;LESCANO FRANCO DARIO
30017;URQUIZA 1055;SAN FRANCISCO;7/4/2026;8/4/2026;7/4/2026;FAC-A0006-00061319;Venta;P&P LOGISTICA S.R.L;35109;6;11457,43;13863,5;JINHUANG SU;;6,00%;8;ALVAREZ VANESA  KAFF;8020;SMF  BC GRAPEF&LIME  LATA 4X6X473;1909,57;3568;;TRADITIONAL TRADE;Autoservicio Tradicional;9326,7;BLAS ALMADA;121,89;$;2;GRUPO PEÑAFLOR SA;0;0;Contado;8/4/2026 17:34;;Smirnoff Ice Flavours;RTD (s);;;;RTD (S);PEÑAFLOR GRUPO OBJETIVO;;;20032;GRIBAUDO ESTEBAN;AXUM;;;False;153174;0;Lista General;Autoservicio Tradicional - P;12347;7/4/2026;2;LESCANO FRANCO DARIO
30017;URQUIZA 1055;SAN FRANCISCO;7/4/2026;8/4/2026;7/4/2026;FAC-A0006-00061319;Venta;P&P LOGISTICA S.R.L;35108;6;11457,43;13863,5;JINHUANG SU;;6,00%;8;ALVAREZ VANESA  KAFF;8020;SMF BC RUBYORANGE&LIME LATA 4X6X473;1909,57;3568;;TRADITIONAL TRADE;Autoservicio Tradicional;9326,7;BLAS ALMADA;121,89;$;2;GRUPO PEÑAFLOR SA;0;0;Contado;8/4/2026 17:34;;Smirnoff Ice Flavours;RTD (S);;;;RTD (S);PEÑAFLOR GRUPO OBJETIVO;;;20032;GRIBAUDO ESTEBAN;AXUM;;;False;153174;0;Lista General;Autoservicio Tradicional - P;12347;7/4/2026;2;LESCANO FRANCO DARIO
30017;URQUIZA 1055;SAN FRANCISCO;7/4/2026;8/4/2026;7/4/2026;FAC-A0006-00061320;Venta;P&P LOGISTICA S.R.L;74609;6;24050,25;29100,8;JINHUANG SU;;10,00%;8;ALVAREZ VANESA  KAFF;8020;ALMA MORA SEL RVE CABER 6X750;4008,38;3568;;TRADITIONAL TRADE;Autoservicio Tradicional;20447,82;BLAS ALMADA;445,38;$;2;GRUPO PEÑAFLOR SA;4,5;0;Contado;8/4/2026 17:34;;Alma Mora;Superior;No definido;;;Vinos del Año;PEÑAFLOR GRUPO OBJETIVO;;;20032;GRIBAUDO ESTEBAN;AXUM;;;False;153175;0;Lista General;Autoservicio Tradicional - P;12347;7/4/2026;2;LESCANO FRANCO DARIO
30017;URQUIZA 1055;SAN FRANCISCO;7/4/2026;8/4/2026;7/4/2026;FAC-A0006-00061320;Venta;P&P LOGISTICA S.R.L;70201;6;25944,3;31392,6;JINHUANG SU;;10,00%;8;ALVAREZ VANESA  KAFF;8020;FOND CAVE CABSAU 6X750;4324,05;3568;;TRADITIONAL TRADE;Autoservicio Tradicional;22058,16;BLAS ALMADA;480,45;$;2;GRUPO PEÑAFLOR SA;4,5;0;Contado;8/4/2026 17:34;;Fond De Cave;Superior;No definido;;;Vinos del Año;PEÑAFLOR GRUPO OBJETIVO;;;20032;GRIBAUDO ESTEBAN;AXUM;;;False;153175;0;Lista General;Autoservicio Tradicional - P;12347;7/4/2026;2;LESCANO FRANCO DARIO
30017;URQUIZA 1055;SAN FRANCISCO;7/4/2026;8/4/2026;7/4/2026;FAC-A0006-00061320;Venta;P&P LOGISTICA S.R.L;74147;6;25944,3;31392,6;JINHUANG SU;;10,00%;8;ALVAREZ VANESA  KAFF;8020;FOND CAVE SYRAH 6X750 ;4324,05;3568;;TRADITIONAL TRADE;Autoservicio Tradicional;22058,16;BLAS ALMADA;480,45;$;2;GRUPO PEÑAFLOR SA;4,5;0;Contado;8/4/2026 17:34;;Fond De Cave;Superior;No definido;;;Vinos del Año;PEÑAFLOR GRUPO OBJETIVO;;;20032;GRIBAUDO ESTEBAN;AXUM;;;False;153175;0;Lista General;Autoservicio Tradicional - P;12347;7/4/2026;2;LESCANO FRANCO DARIO
30017;URQUIZA 1055;SAN FRANCISCO;7/4/2026;8/4/2026;7/4/2026;FAC-A0006-00061321;Venta;P&P LOGISTICA S.R.L;30002;6;152985,16;189701,6;JINHUANG SU;;3,00%;8;ALVAREZ VANESA  KAFF;8020;JW RED 12X1000 UK;25497,53;3568;;TRADITIONAL TRADE;Autoservicio Tradicional;124303,8;BLAS ALMADA;788,58;$;2;GRUPO PEÑAFLOR SA;6;0;Contado;8/4/2026 17:34;;JW;Standard (S);No definido;;;Whisky;PEÑAFLOR GRUPO OBJETIVO;;;20032;GRIBAUDO ESTEBAN;AXUM;;;False;153176;0;Lista General;Autoservicio Tradicional - P;12347;7/4/2026;2;LESCANO FRANCO DARIO
519;BV. ROCA 2950;SAN FRANCISCO;7/4/2026;8/4/2026;7/4/2026;FAC-A0006-00061322;Venta;P&P LOGISTICA S.R.L;74827;3;9989,95;12087,83;WENZHI LI;;10,00%;8;ALVAREZ VANESA  KAFF;8020;ALMA MORA BLANCO DULCE LOW 6X750;3329,98;3568;;TRADITIONAL TRADE;Autoservicio Tradicional;8493,57;BLAS ALMADA;370;$;2;GRUPO PEÑAFLOR SA;0;0;Contado;8/4/2026 17:34;;;Alto;;;;Vinos del Año;PEÑAFLOR GRUPO OBJETIVO;;;20032;GRIBAUDO ESTEBAN;AXUM;;;False;153181;0;Lista General;Autoservicio Tradicional - P;12347;7/4/2026;2;LESCANO FRANCO DARIO
519;BV. ROCA 2950;SAN FRANCISCO;7/4/2026;8/4/2026;7/4/2026;FAC-A0006-00061322;Venta;P&P LOGISTICA S.R.L;14507;3;8284,03;10023,68;WENZHI LI;;10,00%;8;ALVAREZ VANESA  KAFF;8020;EL BAUTISMO MALBEC 6X750 ;2761,34;3568;;TRADITIONAL TRADE;Autoservicio Tradicional;7254,48;BLAS ALMADA;306,82;$;2;GRUPO PEÑAFLOR SA;2,25;0;Contado;8/4/2026 17:34;;El Bautismo;Medio Alto;No definido;;;Vinos del Año;PEÑAFLOR GRUPO OBJETIVO;;;20032;GRIBAUDO ESTEBAN;AXUM;;;False;153181;0;Lista General;Autoservicio Tradicional - P;12347;7/4/2026;2;LESCANO FRANCO DARIO
519;BV. ROCA 2950;SAN FRANCISCO;7/4/2026;8/4/2026;7/4/2026;FAC-A0006-00061322;Venta;P&P LOGISTICA S.R.L;30020;3;18350,87;22204,56;WENZHI LI;;10,00%;8;ALVAREZ VANESA  KAFF;8020;SMIRNOFF GREEN APPLE DO 6X700;6116,96;3568;;TRADITIONAL TRADE;Autoservicio Tradicional;16062,15;BLAS ALMADA;679,66;$;2;GRUPO PEÑAFLOR SA;2,1;0;Contado;8/4/2026 17:34;;Smirnoff;Standard (S);No definido;;;Vodka;PEÑAFLOR GRUPO OBJETIVO;;;20032;GRIBAUDO ESTEBAN;AXUM;;;False;153181;0;Lista General;Autoservicio Tradicional - P;12347;7/4/2026;2;LESCANO FRANCO DARIO
519;BV. ROCA 2950;SAN FRANCISCO;7/4/2026;8/4/2026;7/4/2026;FAC-A0006-00061322;Venta;P&P LOGISTICA S.R.L;42376;3;13359,68;16165,21;WENZHI LI;;10,00%;8;ALVAREZ VANESA  KAFF;8020;DON DAVID RED BLEND 6X 750;4453,23;3568;;TRADITIONAL TRADE;Autoservicio Tradicional;11358,57;BLAS ALMADA;494,8;$;2;GRUPO PEÑAFLOR SA;0;0;Contado;8/4/2026 17:34;;Don David;Superior;;;;Vinos del Año;PEÑAFLOR GRUPO OBJETIVO;;;20032;GRIBAUDO ESTEBAN;AXUM;;;False;153181;0;Lista General;Autoservicio Tradicional - P;12347;7/4/2026;2;LESCANO FRANCO DARIO
519;BV. ROCA 2950;SAN FRANCISCO;7/4/2026;8/4/2026;7/4/2026;FAC-A0006-00061323;Venta;P&P LOGISTICA S.R.L;41682;3;13359,68;16165,21;WENZHI LI;;10,00%;8;ALVAREZ VANESA  KAFF;8020;DON DAVID MALBEC 6X750;4453,23;3568;;TRADITIONAL TRADE;Autoservicio Tradicional;11358,57;BLAS ALMADA;494,8;$;2;GRUPO PEÑAFLOR SA;2,25;0;Contado;8/4/2026 17:34;;Don David;Superior;No definido;;;Vinos del Año;PEÑAFLOR GRUPO OBJETIVO;;;20032;GRIBAUDO ESTEBAN;AXUM;;;False;153182;0;Lista General;Autoservicio Tradicional - P;12347;7/4/2026;2;LESCANO FRANCO DARIO
519;BV. ROCA 2950;SAN FRANCISCO;7/4/2026;8/4/2026;7/4/2026;FAC-A0006-00061323;Venta;P&P LOGISTICA S.R.L;44297;3;18507,74;22394,37;WENZHI LI;;10,00%;8;ALVAREZ VANESA  KAFF;8020;DON DAVID RESERVA CAB.SAUV X750;6169,25;3568;;TRADITIONAL TRADE;Autoservicio Tradicional;16207,56;BLAS ALMADA;685,47;$;2;GRUPO PEÑAFLOR SA;2,25;0;Contado;8/4/2026 17:34;;;Premium;No definido;;;Vino de Guarda;PEÑAFLOR GRUPO OBJETIVO;;;20032;GRIBAUDO ESTEBAN;AXUM;;;False;153182;0;Lista General;Autoservicio Tradicional - P;12347;7/4/2026;2;LESCANO FRANCO DARIO
519;BV. ROCA 2950;SAN FRANCISCO;7/4/2026;8/4/2026;7/4/2026;FAC-A0006-00061323;Venta;P&P LOGISTICA S.R.L;70201;3;12972,15;15696,3;WENZHI LI;;10,00%;8;ALVAREZ VANESA  KAFF;8020;FOND CAVE CABSAU 6X750;4324,05;3568;;TRADITIONAL TRADE;Autoservicio Tradicional;11029,08;BLAS ALMADA;480,45;$;2;GRUPO PEÑAFLOR SA;2,25;0;Contado;8/4/2026 17:34;;Fond De Cave;Superior;No definido;;;Vinos del Año;PEÑAFLOR GRUPO OBJETIVO;;;20032;GRIBAUDO ESTEBAN;AXUM;;;False;153182;0;Lista General;Autoservicio Tradicional - P;12347;7/4/2026;2;LESCANO FRANCO DARIO
519;BV. ROCA 2950;SAN FRANCISCO;7/4/2026;8/4/2026;7/4/2026;FAC-A0006-00061323;Venta;P&P LOGISTICA S.R.L;70201;3;12972,15;15696,3;WENZHI LI;;10,00%;8;ALVAREZ VANESA  KAFF;8020;FOND CAVE CABSAU 6X750;4324,05;3568;;TRADITIONAL TRADE;Autoservicio Tradicional;11029,08;BLAS ALMADA;480,45;$;2;GRUPO PEÑAFLOR SA;2,25;0;Contado;8/4/2026 17:34;;Fond De Cave;Superior;No definido;;;Vinos del Año;PEÑAFLOR GRUPO OBJETIVO;;;20032;GRIBAUDO ESTEBAN;AXUM;;;False;153182;0;Lista General;Autoservicio Tradicional - P;12347;7/4/2026;2;LESCANO FRANCO DARIO
519;BV. ROCA 2950;SAN FRANCISCO;7/4/2026;8/4/2026;7/4/2026;FAC-A0006-00061323;Venta;P&P LOGISTICA S.R.L;74393;3;9495,44;11489,48;WENZHI LI;;10,00%;8;ALVAREZ VANESA  KAFF;8020;DADA FMORAS N°1 6X750;3165,15;3568;;TRADITIONAL TRADE;Autoservicio Tradicional;7669,5;BLAS ALMADA;351,68;$;2;GRUPO PEÑAFLOR SA;2,25;0;Contado;8/4/2026 17:34;;Dada;Alto;No definido;;;Vinos del Año;PEÑAFLOR GRUPO OBJETIVO;;;20032;GRIBAUDO ESTEBAN;AXUM;;;False;153182;0;Lista General;Autoservicio Tradicional - P;12347;7/4/2026;2;LESCANO FRANCO DARIO
519;BV. ROCA 2950;SAN FRANCISCO;7/4/2026;8/4/2026;7/4/2026;FAC-A0006-00061323;Venta;P&P LOGISTICA S.R.L;74636;3;9495,44;11489,48;WENZHI LI;;10,00%;8;ALVAREZ VANESA  KAFF;8020;DADA N6 HONEY X750;3165,15;3568;;TRADITIONAL TRADE;Autoservicio Tradicional;8073,15;BLAS ALMADA;351,68;$;2;GRUPO PEÑAFLOR SA;2,25;0;Contado;8/4/2026 17:34;;;Alto;No definido;;;Vinos del Año;PEÑAFLOR GRUPO OBJETIVO;;;20032;GRIBAUDO ESTEBAN;AXUM;;;False;153182;0;Lista General;Autoservicio Tradicional - P;12347;7/4/2026;2;LESCANO FRANCO DARIO
30018;BV. 25 DE MAYO 2709;SAN FRANCISCO;7/4/2026;8/4/2026;7/4/2026;FAC-A0006-00061335;Venta;P&P LOGISTICA S.R.L;72857;3;7446,97;9010,84;MENDOZA SANDRA RITA ;;6,00%;8;ALVAREZ VANESA  KAFF;8020;F.LAS MORAS CABSAU 6X750 ;2482,32;3568;;TRADITIONAL TRADE;Almacen/Despensa;6243,93;BLAS ALMADA;158,45;$;2;GRUPO PEÑAFLOR SA;2,25;0;Contado;8/4/2026 17:34;;Finca Las Moras;Medio Alto;No definido;;;Vinos del Año;PEÑAFLOR GRUPO OBJETIVO;;;20032;GRIBAUDO ESTEBAN;AXUM;;;False;153230;0;Lista General;Almacen/Despensa - B;12351;7/4/2026;BD-003;VILLAFAÑE MARIANO
30018;BV. 25 DE MAYO 2709;SAN FRANCISCO;7/4/2026;8/4/2026;7/4/2026;FAC-A0006-00061335;Venta;P&P LOGISTICA S.R.L;74210;3;10433,61;12624,66;MENDOZA SANDRA RITA ;;6,00%;8;ALVAREZ VANESA  KAFF;8020;ALMA MORA MALBEC 6X750;3477,87;3568;;TRADITIONAL TRADE;Almacen/Despensa;8489,04;BLAS ALMADA;221,99;$;2;GRUPO PEÑAFLOR SA;2,25;0;Contado;8/4/2026 17:34;;Alma Mora;Alto;No definido;;;Vinos del Año;PEÑAFLOR GRUPO OBJETIVO;;;20032;GRIBAUDO ESTEBAN;AXUM;;;False;153230;0;Lista General;Almacen/Despensa - B;12351;7/4/2026;BD-003;VILLAFAÑE MARIANO
30018;BV. 25 DE MAYO 2709;SAN FRANCISCO;7/4/2026;8/4/2026;7/4/2026;FAC-A0006-00061335;Venta;P&P LOGISTICA S.R.L;42102;3;9077,3;10983,53;MENDOZA SANDRA RITA ;;6,00%;8;ALVAREZ VANESA  KAFF;8020;ELEMENTOS MALBEC 6X750 ;3025,77;3568;;TRADITIONAL TRADE;Almacen/Despensa;7019,76;BLAS ALMADA;193,13;$;2;GRUPO PEÑAFLOR SA;2,25;0;Contado;8/4/2026 17:34;;ELEMENTOS;Alto;No definido;;;Vinos del Año;PEÑAFLOR GRUPO OBJETIVO;;;20032;GRIBAUDO ESTEBAN;AXUM;;;False;153230;0;Lista General;Almacen/Despensa - B;12351;7/4/2026;BD-003;VILLAFAÑE MARIANO
30018;BV. 25 DE MAYO 2709;SAN FRANCISCO;7/4/2026;8/4/2026;7/4/2026;FAC-A0006-00061335;Venta;P&P LOGISTICA S.R.L;42107;3;9077,3;10983,53;MENDOZA SANDRA RITA ;;6,00%;8;ALVAREZ VANESA  KAFF;8020;ELEMENTOS CHARDONNAY 6X750;3025,77;3568;;TRADITIONAL TRADE;Almacen/Despensa;7389,21;BLAS ALMADA;193,13;$;2;GRUPO PEÑAFLOR SA;2,25;0;Contado;8/4/2026 17:34;;ELEMENTOS;Alto;No definido;;;Vinos del Año;PEÑAFLOR GRUPO OBJETIVO;;;20032;GRIBAUDO ESTEBAN;AXUM;;;False;153230;0;Lista General;Almacen/Despensa - B;12351;7/4/2026;BD-003;VILLAFAÑE MARIANO
1285;25 DE MAYO 26;San Pedro;7/4/2026;6/4/2026;4/4/2026;FAC-A0008-00002435;Venta;P&P LOGISTICA S.R.L;30022;6;37109,55;44902,55;MERLO CALVO TOMAS URIEL;;9,00%;9;SANCHEZ FERNANDO JAVIER;9005;SMIRNOFF RASPBERRY DO 6X700;6184,92;3566;;TRADITIONAL TRADE;Kiosco/Maxikiosco;32124,3;CHOFER VILLA DOLORES BEBIDA;611,7;$;2;GRUPO PEÑAFLOR SA;4,2;0;Contado;13/4/2026 10:18;;Smirnoff;Standard (S);No definido;;;Vodka;PEÑAFLOR GRUPO OBJETIVO;;;1002;BENITEZ RAUL;AXUM;;;False;152855;0;Lista General;Kiosco/Maxikiosco - C;12322;9/4/2026;BD-003;VILLAFAÑE MARIANO
1285;25 DE MAYO 26;San Pedro;7/4/2026;6/4/2026;4/4/2026;FAC-A0008-00002435;Venta;P&P LOGISTICA S.R.L;30020;6;37109,55;44902,55;MERLO CALVO TOMAS URIEL;;9,00%;9;SANCHEZ FERNANDO JAVIER;9005;SMIRNOFF GREEN APPLE DO 6X700;6184,92;3566;;TRADITIONAL TRADE;Kiosco/Maxikiosco;32124,3;CHOFER VILLA DOLORES BEBIDA;611,7;$;2;GRUPO PEÑAFLOR SA;4,2;0;Contado;13/4/2026 10:18;;Smirnoff;Standard (S);No definido;;;Vodka;PEÑAFLOR GRUPO OBJETIVO;;;1002;BENITEZ RAUL;AXUM;;;False;152855;0;Lista General;Kiosco/Maxikiosco - C;12322;9/4/2026;BD-003;VILLAFAÑE MARIANO
1285;25 DE MAYO 26;San Pedro;7/4/2026;6/4/2026;4/4/2026;FAC-A0008-00002435;Venta;P&P LOGISTICA S.R.L;30134;3;31316,07;37892,44;MERLO CALVO TOMAS URIEL;;0,00%;9;SANCHEZ FERNANDO JAVIER;9005;GORDON´S PINK GIN 6X700;10438,69;3566;;TRADITIONAL TRADE;Kiosco/Maxikiosco;24681,63;CHOFER VILLA DOLORES BEBIDA;0;$;2;GRUPO PEÑAFLOR SA;0;0;Contado;13/4/2026 10:18;;#¿NOMBRE?;Standard (S);No definido;;-No Definido-;Gin;PEÑAFLOR GRUPO OBJETIVO;;;1002;BENITEZ RAUL;AXUM;;;False;152855;0;Lista General;Kiosco/Maxikiosco - C;12322;9/4/2026;BD-003;VILLAFAÑE MARIANO
1285;25 DE MAYO 26;San Pedro;7/4/2026;6/4/2026;4/4/2026;FAC-A0008-00002435;Venta;P&P LOGISTICA S.R.L;35104;6;11608,38;14046,14;MERLO CALVO TOMAS URIEL;;0,00%;9;SANCHEZ FERNANDO JAVIER;9005;SMF ICE GREENAPPLE LAT 4X6X473;1934,73;3566;;TRADITIONAL TRADE;Kiosco/Maxikiosco;8882,64;CHOFER VILLA DOLORES BEBIDA;0;$;2;GRUPO PEÑAFLOR SA;2,838;0;Contado;13/4/2026 10:18;;Smirnoff Ice Flavours;RTD (s);No definido;;;RTD (S);PEÑAFLOR GRUPO OBJETIVO;;;1002;BENITEZ RAUL;AXUM;;;False;152855;0;Lista General;Kiosco/Maxikiosco - C;12322;9/4/2026;BD-003;VILLAFAÑE MARIANO
1285;25 DE MAYO 26;San Pedro;7/4/2026;6/4/2026;4/4/2026;FAC-A0008-00002435;Venta;P&P LOGISTICA S.R.L;35105;6;11608,38;14046,14;MERLO CALVO TOMAS URIEL;;0,00%;9;SANCHEZ FERNANDO JAVIER;9005;SMF ICE RED BERRIE LAT 4X6X473;1934,73;3566;;TRADITIONAL TRADE;Kiosco/Maxikiosco;8882,64;CHOFER VILLA DOLORES BEBIDA;0;$;2;GRUPO PEÑAFLOR SA;2,838;0;Contado;13/4/2026 10:18;;Smirnoff Ice Flavours;RTD (s);No definido;;;RTD (S);PEÑAFLOR GRUPO OBJETIVO;;;1002;BENITEZ RAUL;AXUM;;;False;152855;0;Lista General;Kiosco/Maxikiosco - C;12322;9/4/2026;BD-003;VILLAFAÑE MARIANO
30068;RIVADAVIA 242;LAS VARILLAS;7/4/2026;7/4/2026;7/4/2026;NCR-A0006-00008582;Devolución por Rechazo;P&P LOGISTICA S.R.L;30131;-6;-38332,94;-46382,85;VASCHETTI IGNACIO ;NO RECIBIO;6,00%;8;ALVAREZ VANESA  KAFF;8010;SMIRNOFF TROPICAL FRUITS 6X700;6388,82;3562;;TRADITIONAL TRADE;Almacen/Despensa;-32124,3;ACOSTA FACUNDO;407,8;$;2;GRUPO PEÑAFLOR SA;-4,2;0;Contado;7/4/2026 17:32;;Smirnoff;Standard (S);No definido;;;Vodka;PEÑAFLOR GRUPO OBJETIVO;;;20032;GRIBAUDO ESTEBAN;Gescom;FAC-A0006-00061113;;True;153271;0;Lista General;Almacen/Despensa - P;;1/1/2000;;
277;ESQUIU 69;MIRAMAR;7/4/2026;2/4/2026;7/4/2026;NCR-B0006-00001581;Devolución por Rechazo;P&P LOGISTICA S.R.L;35105;-1;-1934,73;-2341,02;CRAVERO RUBEN DARIO;Error de Armado: Producto roto o mal estado;0,00%;6;PEYRONEL ANDREA;6040;SMF ICE RED BERRIE LAT 4X6X473;1934,73;3544;;TRADITIONAL TRADE;Almacen/Despensa;-1480,44;ACOSTA FACUNDO;0;$;2;GRUPO PEÑAFLOR SA;-0,473;0;Contado;7/4/2026 10:35;;Smirnoff Ice Flavours;RTD (s);No definido;;;RTD (S);PEÑAFLOR GRUPO OBJETIVO;;;20032;GRIBAUDO ESTEBAN;Gescom;FAC-B0006-00013006;;True;153141;0;Lista General;Almacen/Despensa - C;;1/1/2000;;
1006;CORDOBA 35;LAS VARILLAS;7/4/2026;7/4/2026;7/4/2026;NCR-B0006-00001583;Devolución por Rechazo;P&P LOGISTICA S.R.L;70201;-6;-25944,3;-31392,6;LIN HAIJUN;NO RECIBIO;10,00%;8;ALVAREZ VANESA  KAFF;8010;FOND CAVE CABSAU 6X750;4324,05;3562;;TRADITIONAL TRADE;Autoservicio Tradicional;-22058,16;ACOSTA FACUNDO;480,45;$;2;GRUPO PEÑAFLOR SA;-4,5;0;Contado;7/4/2026 17:32;;Fond De Cave;Superior;No definido;;;Vinos del Año;PEÑAFLOR GRUPO OBJETIVO;;;20032;GRIBAUDO ESTEBAN;Gescom;FAC-B0006-00013027;;True;153273;0;Lista General;Autoservicio Tradicional - P;;1/1/2000;;
1006;CORDOBA 35;LAS VARILLAS;7/4/2026;7/4/2026;7/4/2026;NCR-B0006-00001583;Devolución por Rechazo;P&P LOGISTICA S.R.L;14507;-6;-16568,06;-20047,36;LIN HAIJUN;NO RECIBIO;10,00%;8;ALVAREZ VANESA  KAFF;8010;EL BAUTISMO MALBEC 6X750 ;2761,34;3562;;TRADITIONAL TRADE;Autoservicio Tradicional;-14508,96;ACOSTA FACUNDO;306,82;$;2;GRUPO PEÑAFLOR SA;-4,5;0;Contado;7/4/2026 17:32;;El Bautismo;Medio Alto;No definido;;;Vinos del Año;PEÑAFLOR GRUPO OBJETIVO;;;20032;GRIBAUDO ESTEBAN;Gescom;FAC-B0006-00013027;;True;153273;0;Lista General;Autoservicio Tradicional - P;;1/1/2000;;
873;25 de mayo 2100;VILLA DOLORES;7/4/2026;6/4/2026;6/4/2026;FAC-A0001-00042222;Venta;Empresa;74210;6;20867,21;25249,32;CASO HNOS. S.A.S.;;6,00%;9;SANCHEZ FERNANDO JAVIER;9005;ALMA MORA MALBEC 6X750;3477,87;3566;;TRADITIONAL TRADE;Almacen/Despensa;16978,08;CHOFER VILLA DOLORES BEBIDA;221,99;$;2;GRUPO PEÑAFLOR SA;4,5;0;Contado;13/4/2026 10:18;;Alma Mora;Alto;No definido;;;Vinos del Año;PEÑAFLOR GRUPO OBJETIVO;;;1002;BENITEZ RAUL;AXUM;;;False;152916;0;Lista General;Almacen/Despensa - A;12322;9/4/2026;BD-003;VILLAFAÑE MARIANO
873;25 de mayo 2100;VILLA DOLORES;7/4/2026;6/4/2026;6/4/2026;FAC-A0001-00042222;Venta;Empresa;74419;6;29557,1;35764,09;CASO HNOS. S.A.S.;;6,00%;9;SANCHEZ FERNANDO JAVIER;9005;TRAPICHE RESERVA MALBEC 6X750;4926,18;3566;;TRADITIONAL TRADE;Almacen/Despensa;24060,42;CHOFER VILLA DOLORES BEBIDA;314,44;$;2;GRUPO PEÑAFLOR SA;4,5;0;Contado;13/4/2026 10:18;;Trapiche Reserva;Superior;No definido;;;Vinos del Año;PEÑAFLOR GRUPO OBJETIVO;;;1002;BENITEZ RAUL;AXUM;;;False;152916;0;Lista General;Almacen/Despensa - A;12322;9/4/2026;BD-003;VILLAFAÑE MARIANO
873;25 de mayo 2100;VILLA DOLORES;7/4/2026;6/4/2026;6/4/2026;FAC-A0001-00042222;Venta;Empresa;74569;3;9917,46;12000,13;CASO HNOS. S.A.S.;;6,00%;9;SANCHEZ FERNANDO JAVIER;9005;DADA N°8 CHOCOLATE 6X750 ;3305,82;3566;;TRADITIONAL TRADE;Almacen/Despensa;8073,15;CHOFER VILLA DOLORES BEBIDA;211,01;$;2;GRUPO PEÑAFLOR SA;2,25;0;Contado;13/4/2026 10:18;;Dada;Alto;No definido;;;Vinos del Año;PEÑAFLOR GRUPO OBJETIVO;;;1002;BENITEZ RAUL;AXUM;;;False;152916;0;Lista General;Almacen/Despensa - A;12322;9/4/2026;BD-003;VILLAFAÑE MARIANO
1280;AV SAN MARTIN 1043;Villa Dolores;7/4/2026;6/4/2026;6/4/2026;FAC-A0001-00042223;Venta;Empresa;74210;3;10433,61;12624,66;GALLARDO HORACIO EZEQUIEL;;6,00%;9;SANCHEZ FERNANDO JAVIER;9001;ALMA MORA MALBEC 6X750;3477,87;3566;;TRADITIONAL TRADE;Carniceria/Granja;8489,04;CHOFER VILLA DOLORES BEBIDA;221,99;$;2;GRUPO PEÑAFLOR SA;2,25;0;Contado;13/4/2026 10:18;;Alma Mora;Alto;No definido;;;Vinos del Año;PEÑAFLOR GRUPO OBJETIVO;;;1002;BENITEZ RAUL;AXUM;;;False;152952;0;Lista General;Carniceria/Granja - C;12322;9/4/2026;BD-003;VILLAFAÑE MARIANO
1280;AV SAN MARTIN 1043;Villa Dolores;7/4/2026;6/4/2026;6/4/2026;FAC-A0001-00042223;Venta;Empresa;72859;3;7446,97;9010,84;GALLARDO HORACIO EZEQUIEL;;6,00%;9;SANCHEZ FERNANDO JAVIER;9001;F.LAS MORAS MALBEC 6X750;2482,32;3566;;TRADITIONAL TRADE;Carniceria/Granja;5931,72;CHOFER VILLA DOLORES BEBIDA;158,45;$;2;GRUPO PEÑAFLOR SA;2,25;0;Contado;13/4/2026 10:18;;Finca Las Moras;Medio Alto;No definido;;;Vinos del Año;PEÑAFLOR GRUPO OBJETIVO;;;1002;BENITEZ RAUL;AXUM;;;False;152952;0;Lista General;Carniceria/Granja - C;12322;9/4/2026;BD-003;VILLAFAÑE MARIANO
8157;JUAN B JUSTO 648 648;VILLA DOLORES;7/4/2026;6/4/2026;6/4/2026;FAC-A0001-00042224;Venta;Empresa;80010;6;17164,38;20768,9;CARRERA MONICA CRISTINA ;;6,00%;9;SANCHEZ FERNANDO JAVIER;9005;LOS ARBOLES SEL MALBEC 6X750;2860,73;3566;;TRADITIONAL TRADE;Almacen/Despensa;14391,54;CHOFER VILLA DOLORES BEBIDA;182,6;$;2;GRUPO PEÑAFLOR SA;4,5;0;Contado;13/4/2026 10:18;;Los Arboles;Medio Alto;No definido;;;Vinos del Año;Grupo Peñaflor,PEÑAFLOR GRUPO OBJETIVO;;;1002;BENITEZ RAUL;AXUM;;;False;152953;0;Lista General;Almacen/Despensa - B;12322;6/4/2026;BD-003;VILLAFAÑE MARIANO
8186;EV ESPAÑA 1211;VILLA DOLORES;7/4/2026;6/4/2026;6/4/2026;FAC-A0001-00042225;Venta;Empresa;80010;6;17164,38;20768,9;ROMERO FLAVIA EMILCE ;;6,00%;9;SANCHEZ FERNANDO JAVIER;9005;LOS ARBOLES SEL MALBEC 6X750;2860,73;3566;;TRADITIONAL TRADE;Almacen/Despensa;14391,54;CHOFER VILLA DOLORES BEBIDA;182,6;$;2;GRUPO PEÑAFLOR SA;4,5;0;Contado;13/4/2026 10:18;;Los Arboles;Medio Alto;No definido;;;Vinos del Año;Grupo Peñaflor,PEÑAFLOR GRUPO OBJETIVO;;;1002;BENITEZ RAUL;AXUM;;;False;152973;0;Lista General;Almacen/Despensa - B;12339;9/4/2026;BD-003;VILLAFAÑE MARIANO
8186;EV ESPAÑA 1211;VILLA DOLORES;7/4/2026;6/4/2026;6/4/2026;FAC-A0001-00042225;Venta;Empresa;74569;6;19201,89;23234,29;ROMERO FLAVIA EMILCE ;;9,00%;9;SANCHEZ FERNANDO JAVIER;9005;DADA N°8 CHOCOLATE 6X750 ;3200,32;3566;;TRADITIONAL TRADE;Almacen/Despensa;16146,3;CHOFER VILLA DOLORES BEBIDA;316,51;$;2;GRUPO PEÑAFLOR SA;4,5;0;Contado;13/4/2026 10:18;;Dada;Alto;No definido;;;Vinos del Año;PEÑAFLOR GRUPO OBJETIVO;;;1002;BENITEZ RAUL;AXUM;;;False;152973;0;Lista General;Almacen/Despensa - B;12339;9/4/2026;BD-003;VILLAFAÑE MARIANO
8194;AV. ESPAÑA 899;VILLA DOLORES;7/4/2026;6/4/2026;6/4/2026;FAC-A0001-00042226;Venta;Empresa;74210;6;20867,21;25249,32;SALAS HECTOR FABIAN ;;6,00%;9;SANCHEZ FERNANDO JAVIER;9005;ALMA MORA MALBEC 6X750;3477,87;3566;;TRADITIONAL TRADE;Almacen/Despensa;16978,08;CHOFER VILLA DOLORES BEBIDA;221,99;$;2;GRUPO PEÑAFLOR SA;4,5;0;Contado;13/4/2026 10:18;;Alma Mora;Alto;No definido;;;Vinos del Año;PEÑAFLOR GRUPO OBJETIVO;;;1002;BENITEZ RAUL;AXUM;;;False;152978;0;Lista General;Almacen/Despensa - B;12339;9/4/2026;BD-003;VILLAFAÑE MARIANO
8194;AV. ESPAÑA 899;VILLA DOLORES;7/4/2026;6/4/2026;6/4/2026;FAC-A0001-00042226;Venta;Empresa;74395;3;9917,46;12000,13;SALAS HECTOR FABIAN ;;6,00%;9;SANCHEZ FERNANDO JAVIER;9005;DADA FMORAS N°2 6X750 ;3305,82;3566;;TRADITIONAL TRADE;Almacen/Despensa;7669,5;CHOFER VILLA DOLORES BEBIDA;211,01;$;2;GRUPO PEÑAFLOR SA;2,25;0;Contado;13/4/2026 10:18;;Dada;Alto;No definido;;;Vinos del Año;PEÑAFLOR GRUPO OBJETIVO;;;1002;BENITEZ RAUL;AXUM;;;False;152978;0;Lista General;Almacen/Despensa - B;12339;9/4/2026;BD-003;VILLAFAÑE MARIANO
8140;PTE J. D. PERON 1019;VILLA DOLORES;7/4/2026;6/4/2026;6/4/2026;FAC-A0001-00042227;Venta;Empresa;74208;3;10433,94;12625,07;AGUILERA EPIFANIO;;6,00%;9;SANCHEZ FERNANDO JAVIER;9005;ALMA MORA CABSAUV6X750 ;3477,98;3566;;TRADITIONAL TRADE;Almacen/Despensa;8493,57;CHOFER VILLA DOLORES BEBIDA;222;$;2;GRUPO PEÑAFLOR SA;2,25;0;Contado;13/4/2026 10:18;;Alma Mora;Alto;No definido;;;Vinos del Año;PEÑAFLOR GRUPO OBJETIVO;;;1002;BENITEZ RAUL;AXUM;;;False;152987;0;Lista General;Almacen/Despensa - B;12339;6/4/2026;BD-003;VILLAFAÑE MARIANO
8140;PTE J. D. PERON 1019;VILLA DOLORES;7/4/2026;6/4/2026;6/4/2026;FAC-A0001-00042227;Venta;Empresa;74395;3;9917,46;12000,13;AGUILERA EPIFANIO;;6,00%;9;SANCHEZ FERNANDO JAVIER;9005;DADA FMORAS N°2 6X750 ;3305,82;3566;;TRADITIONAL TRADE;Almacen/Despensa;7669,5;CHOFER VILLA DOLORES BEBIDA;211,01;$;2;GRUPO PEÑAFLOR SA;2,25;0;Contado;13/4/2026 10:18;;Dada;Alto;No definido;;;Vinos del Año;PEÑAFLOR GRUPO OBJETIVO;;;1002;BENITEZ RAUL;AXUM;;;False;152987;0;Lista General;Almacen/Despensa - B;12339;6/4/2026;BD-003;VILLAFAÑE MARIANO
8140;PTE J. D. PERON 1019;VILLA DOLORES;7/4/2026;6/4/2026;6/4/2026;FAC-A0001-00042227;Venta;Empresa;74840;3;7706,3;9324,62;AGUILERA EPIFANIO;;6,00%;9;SANCHEZ FERNANDO JAVIER;9005;ALARIS D.COSECHA TINTO 6X750;2568,77;3566;;TRADITIONAL TRADE;Almacen/Despensa;6461,37;CHOFER VILLA DOLORES BEBIDA;163,96;$;2;GRUPO PEÑAFLOR SA;0;0;Contado;13/4/2026 10:18;;Alaris;Medio Alto;;;;Vinos del Año;PEÑAFLOR GRUPO OBJETIVO;;;1002;BENITEZ RAUL;AXUM;;;False;152987;0;Lista General;Almacen/Despensa - B;12339;6/4/2026;BD-003;VILLAFAÑE MARIANO
30054;CALLE  64 0;FRONTERA;8/4/2026;13/4/2026;8/4/2026;FAC-A0006-00061338;Venta;P&P LOGISTICA S.R.L;80010;6;16433,98;19885,12;XIAZHANG HUANG;;10,00%;8;ALVAREZ VANESA  KAFF;8050;LOS ARBOLES SEL MALBEC 6X750;2739;3584;;TRADITIONAL TRADE;Autoservicio Tradicional;14391,54;BLAS ALMADA;304,33;$;2;GRUPO PEÑAFLOR SA;4,5;0;Contado;14/4/2026 08:48;;Los Arboles;Medio Alto;No definido;;;Vinos del Año;Grupo Peñaflor,PEÑAFLOR GRUPO OBJETIVO;;;20032;GRIBAUDO ESTEBAN;AXUM;;Redespacho;False;153413;0;Lista General;Autoservicio Tradicional - P;12386;9/4/2026;2;LESCANO FRANCO DARIO
30054;CALLE  64 0;FRONTERA;8/4/2026;13/4/2026;8/4/2026;FAC-A0006-00061338;Venta;P&P LOGISTICA S.R.L;74749;6;32333,09;39123,04;XIAZHANG HUANG;;10,00%;8;ALVAREZ VANESA  KAFF;8050;INTOCABLES DOUBLE OAK 6 X 750;5388,85;3584;;TRADITIONAL TRADE;Autoservicio Tradicional;28314,66;BLAS ALMADA;598,76;$;2;GRUPO PEÑAFLOR SA;0;0;Contado;14/4/2026 08:48;;#¿NOMBRE?;Premium;;;-No Definido-;Vino de Guarda;PEÑAFLOR GRUPO OBJETIVO;;;20032;GRIBAUDO ESTEBAN;AXUM;;Redespacho;False;153413;0;Lista General;Autoservicio Tradicional - P;12386;9/4/2026;2;LESCANO FRANCO DARIO
30054;CALLE  64 0;FRONTERA;8/4/2026;13/4/2026;8/4/2026;FAC-A0006-00061338;Venta;P&P LOGISTICA S.R.L;74146;6;25944,3;31392,6;XIAZHANG HUANG;;10,00%;8;ALVAREZ VANESA  KAFF;8050;FOND CAVE MALBEC 6X750 ;4324,05;3584;;TRADITIONAL TRADE;Autoservicio Tradicional;22058,16;BLAS ALMADA;480,45;$;2;GRUPO PEÑAFLOR SA;4,5;0;Contado;14/4/2026 08:48;;Fond De Cave;Superior;No definido;;;Vinos del Año;PEÑAFLOR GRUPO OBJETIVO;;;20032;GRIBAUDO ESTEBAN;AXUM;;Redespacho;False;153413;0;Lista General;Autoservicio Tradicional - P;12386;9/4/2026;2;LESCANO FRANCO DARIO
30054;CALLE  64 0;FRONTERA;8/4/2026;13/4/2026;8/4/2026;FAC-A0006-00061339;Venta;P&P LOGISTICA S.R.L;14507;6;16568,06;20047,36;XIAZHANG HUANG;;10,00%;8;ALVAREZ VANESA  KAFF;8050;EL BAUTISMO MALBEC 6X750 ;2761,34;3584;;TRADITIONAL TRADE;Autoservicio Tradicional;14508,96;BLAS ALMADA;306,82;$;2;GRUPO PEÑAFLOR SA;4,5;0;Contado;14/4/2026 08:48;;El Bautismo;Medio Alto;No definido;;;Vinos del Año;PEÑAFLOR GRUPO OBJETIVO;;;20032;GRIBAUDO ESTEBAN;AXUM;;Redespacho;False;153414;0;Lista General;Autoservicio Tradicional - P;12386;9/4/2026;2;LESCANO FRANCO DARIO
30054;CALLE  64 0;FRONTERA;8/4/2026;13/4/2026;8/4/2026;FAC-A0006-00061339;Venta;P&P LOGISTICA S.R.L;74786;6;16568,06;20047,36;XIAZHANG HUANG;;10,00%;8;ALVAREZ VANESA  KAFF;8050;EL BAUTISMO CABERNET 6X750;2761,34;3584;;TRADITIONAL TRADE;Autoservicio Tradicional;14508,96;BLAS ALMADA;306,82;$;2;GRUPO PEÑAFLOR SA;4,5;0;Contado;14/4/2026 08:48;;;Vinos Del Año;;;;Vinos del Año;PEÑAFLOR GRUPO OBJETIVO;;;20032;GRIBAUDO ESTEBAN;AXUM;;Redespacho;False;153414;0;Lista General;Autoservicio Tradicional - P;12386;9/4/2026;2;LESCANO FRANCO DARIO
30054;CALLE  64 0;FRONTERA;8/4/2026;13/4/2026;8/4/2026;FAC-A0006-00061339;Venta;P&P LOGISTICA S.R.L;80089;6;16433,98;19885,12;XIAZHANG HUANG;;10,00%;8;ALVAREZ VANESA  KAFF;8050;LOS ARBOLES SEL RED BLEND 6X750;2739;3584;;TRADITIONAL TRADE;Autoservicio Tradicional;14391,54;BLAS ALMADA;304,33;$;2;GRUPO PEÑAFLOR SA;4,5;0;Contado;14/4/2026 08:48;;Los Arboles;Premium;No definido;;-No Definido-;Vino de Guarda;PEÑAFLOR GRUPO OBJETIVO;;;20032;GRIBAUDO ESTEBAN;AXUM;;Redespacho;False;153414;0;Lista General;Autoservicio Tradicional - P;12386;9/4/2026;2;LESCANO FRANCO DARIO
30054;CALLE  64 0;FRONTERA;8/4/2026;13/4/2026;8/4/2026;FAC-A0006-00061339;Venta;P&P LOGISTICA S.R.L;80007;6;16433,98;19885,12;XIAZHANG HUANG;;10,00%;8;ALVAREZ VANESA  KAFF;8050;LOS ARBOLES SEL CABERNET 6X750;2739;3584;;TRADITIONAL TRADE;Autoservicio Tradicional;14391,54;BLAS ALMADA;304,33;$;2;GRUPO PEÑAFLOR SA;4,5;0;Contado;14/4/2026 08:48;;;Medio Alto;No definido;;;Vinos del Año;PEÑAFLOR GRUPO OBJETIVO;;;20032;GRIBAUDO ESTEBAN;AXUM;;Redespacho;False;153414;0;Lista General;Autoservicio Tradicional - P;12386;9/4/2026;2;LESCANO FRANCO DARIO
30054;CALLE  64 0;FRONTERA;8/4/2026;13/4/2026;8/4/2026;FAC-A0006-00061339;Venta;P&P LOGISTICA S.R.L;74840;6;14756,74;17855,66;XIAZHANG HUANG;;10,00%;8;ALVAREZ VANESA  KAFF;8050;ALARIS D.COSECHA TINTO 6X750;2459,46;3584;;TRADITIONAL TRADE;Autoservicio Tradicional;12922,74;BLAS ALMADA;273,27;$;2;GRUPO PEÑAFLOR SA;0;0;Contado;14/4/2026 08:48;;Alaris;Medio Alto;;;;Vinos del Año;PEÑAFLOR GRUPO OBJETIVO;;;20032;GRIBAUDO ESTEBAN;AXUM;;Redespacho;False;153414;0;Lista General;Autoservicio Tradicional - P;12386;9/4/2026;2;LESCANO FRANCO DARIO
30054;CALLE  64 0;FRONTERA;8/4/2026;13/4/2026;8/4/2026;FAC-A0006-00061340;Venta;P&P LOGISTICA S.R.L;74736;6;19979,24;24174,89;XIAZHANG HUANG;;10,00%;8;ALVAREZ VANESA  KAFF;8050;ALMA MORA MERLOT 6X750;3329,87;3584;;TRADITIONAL TRADE;Autoservicio Tradicional;16986,6;BLAS ALMADA;369,99;$;2;GRUPO PEÑAFLOR SA;0;0;Contado;14/4/2026 08:48;;Finca Las Moras;Alto;No definido;;-No Definido-;Vinos del Año;PEÑAFLOR GRUPO OBJETIVO;;;20032;GRIBAUDO ESTEBAN;AXUM;;Redespacho;False;153415;0;Lista General;Autoservicio Tradicional - P;12386;9/4/2026;2;LESCANO FRANCO DARIO
30054;CALLE  64 0;FRONTERA;8/4/2026;13/4/2026;8/4/2026;FAC-A0006-00061340;Venta;P&P LOGISTICA S.R.L;74209;6;19979,89;24175,67;XIAZHANG HUANG;;10,00%;8;ALVAREZ VANESA  KAFF;8050;ALMA MORA SYRAH 6X750;3329,98;3584;;TRADITIONAL TRADE;Autoservicio Tradicional;16987,14;BLAS ALMADA;370;$;2;GRUPO PEÑAFLOR SA;4,5;0;Contado;14/4/2026 08:48;;Alma Mora;Alto;No definido;;;Vinos del Año;PEÑAFLOR GRUPO OBJETIVO;;;20032;GRIBAUDO ESTEBAN;AXUM;;Redespacho;False;153415;0;Lista General;Autoservicio Tradicional - P;12386;9/4/2026;2;LESCANO FRANCO DARIO
30054;CALLE  64 0;FRONTERA;8/4/2026;13/4/2026;8/4/2026;FAC-A0006-00061340;Venta;P&P LOGISTICA S.R.L;74608;6;24050,25;29100,8;XIAZHANG HUANG;;10,00%;8;ALVAREZ VANESA  KAFF;8050;ALMA MORA SEL RVE MALBEC 6X750;4008,38;3584;;TRADITIONAL TRADE;Autoservicio Tradicional;20447,82;BLAS ALMADA;445,38;$;2;GRUPO PEÑAFLOR SA;4,5;0;Contado;14/4/2026 08:48;;Alma Mora;Superior;No definido;;;Vinos del Año;PEÑAFLOR GRUPO OBJETIVO;;;20032;GRIBAUDO ESTEBAN;AXUM;;Redespacho;False;153415;0;Lista General;Autoservicio Tradicional - P;12386;9/4/2026;2;LESCANO FRANCO DARIO
30054;CALLE  64 0;FRONTERA;8/4/2026;13/4/2026;8/4/2026;FAC-A0006-00061340;Venta;P&P LOGISTICA S.R.L;74735;6;14260,16;17254,79;XIAZHANG HUANG;;10,00%;8;ALVAREZ VANESA  KAFF;8050;F LAS MORAS RED BLEND  6X 750;2376,69;3584;;TRADITIONAL TRADE;Autoservicio Tradicional;12487,86;BLAS ALMADA;264,08;$;2;GRUPO PEÑAFLOR SA;0;0;Contado;14/4/2026 08:48;;;Medio Alto;;;;Vinos del Año;PEÑAFLOR GRUPO OBJETIVO;;;20032;GRIBAUDO ESTEBAN;AXUM;;Redespacho;False;153415;0;Lista General;Autoservicio Tradicional - P;12386;9/4/2026;2;LESCANO FRANCO DARIO
30054;CALLE  64 0;FRONTERA;8/4/2026;13/4/2026;8/4/2026;FAC-A0006-00061341;Venta;P&P LOGISTICA S.R.L;74636;6;18990,88;22978,97;XIAZHANG HUANG;;10,00%;8;ALVAREZ VANESA  KAFF;8050;DADA N6 HONEY X750;3165,15;3584;;TRADITIONAL TRADE;Autoservicio Tradicional;16146,3;BLAS ALMADA;351,68;$;2;GRUPO PEÑAFLOR SA;4,5;0;Contado;14/4/2026 08:48;;;Alto;No definido;;;Vinos del Año;PEÑAFLOR GRUPO OBJETIVO;;;20032;GRIBAUDO ESTEBAN;AXUM;;Redespacho;False;153416;0;Lista General;Autoservicio Tradicional - P;12386;9/4/2026;2;LESCANO FRANCO DARIO
30054;CALLE  64 0;FRONTERA;8/4/2026;13/4/2026;8/4/2026;FAC-A0006-00061341;Venta;P&P LOGISTICA S.R.L;74827;6;19979,89;24175,67;XIAZHANG HUANG;;10,00%;8;ALVAREZ VANESA  KAFF;8050;ALMA MORA BLANCO DULCE LOW 6X750;3329,98;3584;;TRADITIONAL TRADE;Autoservicio Tradicional;16987,14;BLAS ALMADA;370;$;2;GRUPO PEÑAFLOR SA;0;0;Contado;14/4/2026 08:48;;;Alto;;;;Vinos del Año;PEÑAFLOR GRUPO OBJETIVO;;;20032;GRIBAUDO ESTEBAN;AXUM;;Redespacho;False;153416;0;Lista General;Autoservicio Tradicional - P;12386;9/4/2026;2;LESCANO FRANCO DARIO
30054;CALLE  64 0;FRONTERA;8/4/2026;13/4/2026;8/4/2026;FAC-A0006-00061341;Venta;P&P LOGISTICA S.R.L;74437;6;19979,89;24175,67;XIAZHANG HUANG;;10,00%;8;ALVAREZ VANESA  KAFF;8050;ALMA MORA BLEND TINTO 6X750;3329,98;3584;;TRADITIONAL TRADE;Autoservicio Tradicional;16987,14;BLAS ALMADA;370;$;2;GRUPO PEÑAFLOR SA;4,5;0;Contado;14/4/2026 08:48;;Alma Mora;Alto;No definido;;;Vinos del Año;PEÑAFLOR GRUPO OBJETIVO;;;20032;GRIBAUDO ESTEBAN;AXUM;;Redespacho;False;153416;0;Lista General;Autoservicio Tradicional - P;12386;9/4/2026;2;LESCANO FRANCO DARIO
30054;CALLE  64 0;FRONTERA;8/4/2026;13/4/2026;8/4/2026;FAC-A0006-00061341;Venta;P&P LOGISTICA S.R.L;74208;6;19979,89;24175,67;XIAZHANG HUANG;;10,00%;8;ALVAREZ VANESA  KAFF;8050;ALMA MORA CABSAUV6X750 ;3329,98;3584;;TRADITIONAL TRADE;Autoservicio Tradicional;16987,14;BLAS ALMADA;370;$;2;GRUPO PEÑAFLOR SA;4,5;0;Contado;14/4/2026 08:48;;Alma Mora;Alto;No definido;;;Vinos del Año;PEÑAFLOR GRUPO OBJETIVO;;;20032;GRIBAUDO ESTEBAN;AXUM;;Redespacho;False;153416;0;Lista General;Autoservicio Tradicional - P;12386;9/4/2026;2;LESCANO FRANCO DARIO
30054;CALLE  64 0;FRONTERA;8/4/2026;13/4/2026;8/4/2026;FAC-A0006-00061342;Venta;P&P LOGISTICA S.R.L;74147;6;25944,3;31392,6;XIAZHANG HUANG;;10,00%;8;ALVAREZ VANESA  KAFF;8050;FOND CAVE SYRAH 6X750 ;4324,05;3584;;TRADITIONAL TRADE;Autoservicio Tradicional;22058,16;BLAS ALMADA;480,45;$;2;GRUPO PEÑAFLOR SA;4,5;0;Contado;14/4/2026 08:48;;Fond De Cave;Superior;No definido;;;Vinos del Año;PEÑAFLOR GRUPO OBJETIVO;;;20032;GRIBAUDO ESTEBAN;AXUM;;Redespacho;False;153417;0;Lista General;Autoservicio Tradicional - P;12386;9/4/2026;2;LESCANO FRANCO DARIO
30054;CALLE  64 0;FRONTERA;8/4/2026;13/4/2026;8/4/2026;FAC-A0006-00061343;Venta;P&P LOGISTICA S.R.L;74393;12;37981,76;45957,93;XIAZHANG HUANG;;10,00%;8;ALVAREZ VANESA  KAFF;8050;DADA FMORAS N°1 6X750;3165,15;3584;;TRADITIONAL TRADE;Autoservicio Tradicional;30678;BLAS ALMADA;351,68;$;2;GRUPO PEÑAFLOR SA;9;0;Contado;14/4/2026 08:48;;Dada;Alto;No definido;;;Vinos del Año;PEÑAFLOR GRUPO OBJETIVO;;;20032;GRIBAUDO ESTEBAN;AXUM;;Redespacho;False;153418;0;Lista General;Autoservicio Tradicional - P;12386;9/4/2026;2;LESCANO FRANCO DARIO
30054;CALLE  64 0;FRONTERA;8/4/2026;13/4/2026;8/4/2026;FAC-A0006-00061343;Venta;P&P LOGISTICA S.R.L;74395;12;37981,76;45957,93;XIAZHANG HUANG;;10,00%;8;ALVAREZ VANESA  KAFF;8050;DADA FMORAS N°2 6X750 ;3165,15;3584;;TRADITIONAL TRADE;Autoservicio Tradicional;30678;BLAS ALMADA;351,68;$;2;GRUPO PEÑAFLOR SA;9;0;Contado;14/4/2026 08:48;;Dada;Alto;No definido;;;Vinos del Año;PEÑAFLOR GRUPO OBJETIVO;;;20032;GRIBAUDO ESTEBAN;AXUM;;Redespacho;False;153418;0;Lista General;Autoservicio Tradicional - P;12386;9/4/2026;2;LESCANO FRANCO DARIO
30054;CALLE  64 0;FRONTERA;8/4/2026;13/4/2026;8/4/2026;FAC-A0006-00061344;Venta;P&P LOGISTICA S.R.L;74394;12;37981,76;45957,93;XIAZHANG HUANG;;10,00%;8;ALVAREZ VANESA  KAFF;8050;DADA FMORAS N°3 6X750;3165,15;3584;;TRADITIONAL TRADE;Autoservicio Tradicional;32292,6;BLAS ALMADA;351,68;$;2;GRUPO PEÑAFLOR SA;9;0;Contado;14/4/2026 08:48;;Dada;Alto;No definido;;;Vinos del Año;PEÑAFLOR GRUPO OBJETIVO;;;20032;GRIBAUDO ESTEBAN;AXUM;;Redespacho;False;153420;0;Lista General;Autoservicio Tradicional - P;12386;9/4/2026;2;LESCANO FRANCO DARIO
30054;CALLE  64 0;FRONTERA;8/4/2026;13/4/2026;8/4/2026;FAC-A0006-00061344;Venta;P&P LOGISTICA S.R.L;74569;12;37981,76;45957,93;XIAZHANG HUANG;;10,00%;8;ALVAREZ VANESA  KAFF;8050;DADA N°8 CHOCOLATE 6X750 ;3165,15;3584;;TRADITIONAL TRADE;Autoservicio Tradicional;32292,6;BLAS ALMADA;351,68;$;2;GRUPO PEÑAFLOR SA;9;0;Contado;14/4/2026 08:48;;Dada;Alto;No definido;;;Vinos del Año;PEÑAFLOR GRUPO OBJETIVO;;;20032;GRIBAUDO ESTEBAN;AXUM;;Redespacho;False;153420;0;Lista General;Autoservicio Tradicional - P;12386;9/4/2026;2;LESCANO FRANCO DARIO
2357;BELGRANO 601;ARROYITO;8/4/2026;9/4/2026;7/4/2026;FAC-A0006-00061360;Venta;P&P LOGISTICA S.R.L;74208;6;19979,89;24775,07;HECTOR IVAN HERNANDEZ;;10,00%;10;ORTEGA MILAGROS DESIREE;1020;ALMA MORA CABSAUV6X750 ;3329,98;3569;;TRADITIONAL TRADE;Autoservicio Tradicional;16987,14;DELGADO MAYCO JOAQUIN;370;$;2;GRUPO PEÑAFLOR SA;4,5;0;Contado;9/4/2026 17:56;;Alma Mora;Alto;No definido;;;Vinos del Año;PEÑAFLOR GRUPO OBJETIVO;;;20032;GRIBAUDO ESTEBAN;AXUM;;;False;153228;0;Lista General;Autoservicio Tradicional - B;12355;7/4/2026;2;LESCANO FRANCO DARIO
2357;BELGRANO 601;ARROYITO;8/4/2026;9/4/2026;7/4/2026;FAC-A0006-00061360;Venta;P&P LOGISTICA S.R.L;74438;6;19979,89;24775,07;HECTOR IVAN HERNANDEZ;;10,00%;10;ORTEGA MILAGROS DESIREE;1020;ALMA MORA BLEND BLANCO 6X750;3329,98;3569;;TRADITIONAL TRADE;Autoservicio Tradicional;16987,14;DELGADO MAYCO JOAQUIN;370;$;2;GRUPO PEÑAFLOR SA;4,5;0;Contado;9/4/2026 17:56;;Alma Mora;Alto;No definido;;;Vinos del Año;PEÑAFLOR GRUPO OBJETIVO;;;20032;GRIBAUDO ESTEBAN;AXUM;;;False;153228;0;Lista General;Autoservicio Tradicional - B;12355;7/4/2026;2;LESCANO FRANCO DARIO
2357;BELGRANO 601;ARROYITO;8/4/2026;9/4/2026;7/4/2026;FAC-A0006-00061360;Venta;P&P LOGISTICA S.R.L;74398;6;19979,89;24775,07;HECTOR IVAN HERNANDEZ;;10,00%;10;ORTEGA MILAGROS DESIREE;1020;ALMA MORA SYRAH ROSE 6X750 ;3329,98;3569;;TRADITIONAL TRADE;Autoservicio Tradicional;16987,14;DELGADO MAYCO JOAQUIN;370;$;2;GRUPO PEÑAFLOR SA;4,5;0;Contado;9/4/2026 17:56;;Alma Mora;Alto;No definido;;;Vinos del Año;PEÑAFLOR GRUPO OBJETIVO;;;20032;GRIBAUDO ESTEBAN;AXUM;;;False;153228;0;Lista General;Autoservicio Tradicional - B;12355;7/4/2026;2;LESCANO FRANCO DARIO
2357;BELGRANO 601;ARROYITO;8/4/2026;9/4/2026;7/4/2026;FAC-A0006-00061360;Venta;P&P LOGISTICA S.R.L;74395;6;18990,88;23548,69;HECTOR IVAN HERNANDEZ;;10,00%;10;ORTEGA MILAGROS DESIREE;1020;DADA FMORAS N°2 6X750 ;3165,15;3569;;TRADITIONAL TRADE;Autoservicio Tradicional;15339;DELGADO MAYCO JOAQUIN;351,68;$;2;GRUPO PEÑAFLOR SA;4,5;0;Contado;9/4/2026 17:56;;Dada;Alto;No definido;;;Vinos del Año;PEÑAFLOR GRUPO OBJETIVO;;;20032;GRIBAUDO ESTEBAN;AXUM;;;False;153228;0;Lista General;Autoservicio Tradicional - B;12355;7/4/2026;2;LESCANO FRANCO DARIO
2357;BELGRANO 601;ARROYITO;8/4/2026;9/4/2026;7/4/2026;FAC-A0006-00061360;Venta;P&P LOGISTICA S.R.L;80010;6;16433,98;20378,14;HECTOR IVAN HERNANDEZ;;10,00%;10;ORTEGA MILAGROS DESIREE;1020;LOS ARBOLES SEL MALBEC 6X750;2739;3569;;TRADITIONAL TRADE;Autoservicio Tradicional;14391,54;DELGADO MAYCO JOAQUIN;304,33;$;2;GRUPO PEÑAFLOR SA;4,5;0;Contado;9/4/2026 17:56;;Los Arboles;Medio Alto;No definido;;;Vinos del Año;Grupo Peñaflor,PEÑAFLOR GRUPO OBJETIVO;;;20032;GRIBAUDO ESTEBAN;AXUM;;;False;153228;0;Lista General;Autoservicio Tradicional - B;12355;7/4/2026;2;LESCANO FRANCO DARIO
2357;BELGRANO 601;ARROYITO;8/4/2026;9/4/2026;7/4/2026;FAC-A0006-00061360;Venta;P&P LOGISTICA S.R.L;80007;6;16433,98;20378,14;HECTOR IVAN HERNANDEZ;;10,00%;10;ORTEGA MILAGROS DESIREE;1020;LOS ARBOLES SEL CABERNET 6X750;2739;3569;;TRADITIONAL TRADE;Autoservicio Tradicional;14391,54;DELGADO MAYCO JOAQUIN;304,33;$;2;GRUPO PEÑAFLOR SA;4,5;0;Contado;9/4/2026 17:56;;;Medio Alto;No definido;;;Vinos del Año;PEÑAFLOR GRUPO OBJETIVO;;;20032;GRIBAUDO ESTEBAN;AXUM;;;False;153228;0;Lista General;Autoservicio Tradicional - B;12355;7/4/2026;2;LESCANO FRANCO DARIO
2357;BELGRANO 601;ARROYITO;8/4/2026;9/4/2026;7/4/2026;FAC-A0006-00061360;Venta;P&P LOGISTICA S.R.L;14508;6;16568,06;20544,4;HECTOR IVAN HERNANDEZ;;10,00%;10;ORTEGA MILAGROS DESIREE;1020;EL BAUTISMO BLEND TINTAS 6X750 ;2761,34;3569;;TRADITIONAL TRADE;Autoservicio Tradicional;14508,96;DELGADO MAYCO JOAQUIN;306,82;$;2;GRUPO PEÑAFLOR SA;4,5;0;Contado;9/4/2026 17:56;;El Bautismo;Medio Alto;No definido;;;Vinos del Año;PEÑAFLOR GRUPO OBJETIVO;;;20032;GRIBAUDO ESTEBAN;AXUM;;;False;153228;0;Lista General;Autoservicio Tradicional - B;12355;7/4/2026;2;LESCANO FRANCO DARIO
2357;BELGRANO 601;ARROYITO;8/4/2026;9/4/2026;7/4/2026;FAC-A0006-00061360;Venta;P&P LOGISTICA S.R.L;30134;2;18789,64;23299,16;HECTOR IVAN HERNANDEZ;;10,00%;10;ORTEGA MILAGROS DESIREE;1020;GORDON´S PINK GIN 6X700;9394,82;3569;;TRADITIONAL TRADE;Autoservicio Tradicional;16454,42;DELGADO MAYCO JOAQUIN;1043,87;$;2;GRUPO PEÑAFLOR SA;0;0;Contado;9/4/2026 17:56;;#¿NOMBRE?;Standard (S);No definido;;-No Definido-;Gin;PEÑAFLOR GRUPO OBJETIVO;;;20032;GRIBAUDO ESTEBAN;AXUM;;;False;153228;0;Lista General;Autoservicio Tradicional - B;12355;7/4/2026;2;LESCANO FRANCO DARIO
2357;BELGRANO 601;ARROYITO;8/4/2026;9/4/2026;7/4/2026;FAC-A0006-00061360;Venta;P&P LOGISTICA S.R.L;35105;6;11608,38;14394,39;HECTOR IVAN HERNANDEZ;;0,00%;10;ORTEGA MILAGROS DESIREE;1020;SMF ICE RED BERRIE LAT 4X6X473;1934,73;3569;;TRADITIONAL TRADE;Autoservicio Tradicional;8882,64;DELGADO MAYCO JOAQUIN;0;$;2;GRUPO PEÑAFLOR SA;2,838;0;Contado;9/4/2026 17:56;;Smirnoff Ice Flavours;RTD (s);No definido;;;RTD (S);PEÑAFLOR GRUPO OBJETIVO;;;20032;GRIBAUDO ESTEBAN;AXUM;;;False;153228;0;Lista General;Autoservicio Tradicional - B;12355;7/4/2026;2;LESCANO FRANCO DARIO
2357;BELGRANO 601;ARROYITO;8/4/2026;9/4/2026;7/4/2026;FAC-A0006-00061360;Venta;P&P LOGISTICA S.R.L;35104;6;11608,38;14394,39;HECTOR IVAN HERNANDEZ;;0,00%;10;ORTEGA MILAGROS DESIREE;1020;SMF ICE GREENAPPLE LAT 4X6X473;1934,73;3569;;TRADITIONAL TRADE;Autoservicio Tradicional;8882,64;DELGADO MAYCO JOAQUIN;0;$;2;GRUPO PEÑAFLOR SA;2,838;0;Contado;9/4/2026 17:56;;Smirnoff Ice Flavours;RTD (s);No definido;;;RTD (S);PEÑAFLOR GRUPO OBJETIVO;;;20032;GRIBAUDO ESTEBAN;AXUM;;;False;153228;0;Lista General;Autoservicio Tradicional - B;12355;7/4/2026;2;LESCANO FRANCO DARIO
60;ELOY FERNANDEZ 1630;Arroyito;8/4/2026;9/4/2026;7/4/2026;FAC-A0006-00061366;Venta;P&P LOGISTICA S.R.L;72859;6;14893,94;18021,67;LUQUE JUAN CARLOS;;6,00%;10;ORTEGA MILAGROS DESIREE;1010;F.LAS MORAS MALBEC 6X750;2482,32;3569;;TRADITIONAL TRADE;Almacen/Despensa;11863,44;DELGADO MAYCO JOAQUIN;158,45;$;2;GRUPO PEÑAFLOR SA;4,5;0;Contado;9/4/2026 17:56;;Finca Las Moras;Medio Alto;No definido;;;Vinos del Año;PEÑAFLOR GRUPO OBJETIVO;;;20032;GRIBAUDO ESTEBAN;AXUM;;;False;153259;0;Lista General;Almacen/Despensa - B;12361;8/4/2026;BD-003;VILLAFAÑE MARIANO
60;ELOY FERNANDEZ 1630;Arroyito;8/4/2026;9/4/2026;7/4/2026;FAC-A0006-00061366;Venta;P&P LOGISTICA S.R.L;35105;6;11608,38;14046,14;LUQUE JUAN CARLOS;;0,00%;10;ORTEGA MILAGROS DESIREE;1010;SMF ICE RED BERRIE LAT 4X6X473;1934,73;3569;;TRADITIONAL TRADE;Almacen/Despensa;8882,64;DELGADO MAYCO JOAQUIN;0;$;2;GRUPO PEÑAFLOR SA;2,838;0;Contado;9/4/2026 17:56;;Smirnoff Ice Flavours;RTD (s);No definido;;;RTD (S);PEÑAFLOR GRUPO OBJETIVO;;;20032;GRIBAUDO ESTEBAN;AXUM;;;False;153259;0;Lista General;Almacen/Despensa - B;12361;8/4/2026;BD-003;VILLAFAÑE MARIANO
60;ELOY FERNANDEZ 1630;Arroyito;8/4/2026;9/4/2026;7/4/2026;FAC-A0006-00061366;Venta;P&P LOGISTICA S.R.L;14594;6;7668,54;9278,93;LUQUE JUAN CARLOS;;0,00%;10;ORTEGA MILAGROS DESIREE;1010;FRIZZE BLUE LATA X473;1278,09;3569;;TRADITIONAL TRADE;Almacen/Despensa;5867,88;DELGADO MAYCO JOAQUIN;0;$;2;GRUPO PEÑAFLOR SA;2,838;0;Contado;9/4/2026 17:56;;;RTD (S);No definido;;;RTD (S);PEÑAFLOR GRUPO OBJETIVO;;;20032;GRIBAUDO ESTEBAN;AXUM;;;False;153259;0;Lista General;Almacen/Despensa - B;12361;8/4/2026;BD-003;VILLAFAÑE MARIANO
3011;BERNARDO ERB 649;Arroyito;8/4/2026;9/4/2026;7/4/2026;FAC-A0006-00061368;Venta;P&P LOGISTICA S.R.L;30134;4;39249,47;47491,86;MARASINI JONATHAN EZEQUIEL;;6,00%;10;ORTEGA MILAGROS DESIREE;1010;GORDON´S PINK GIN 6X700;9812,37;3569;;AWAY FROM HOME;Bar/Restaurant;32908,84;DELGADO MAYCO JOAQUIN;626,32;$;2;GRUPO PEÑAFLOR SA;0;0;Contado;9/4/2026 17:56;;#¿NOMBRE?;Standard (S);No definido;;-No Definido-;Gin;PEÑAFLOR GRUPO OBJETIVO;;;20032;GRIBAUDO ESTEBAN;AXUM;;;False;153279;0;Lista General;Bar/Restaurant - P;12375;8/4/2026;2;LESCANO FRANCO DARIO
3011;BERNARDO ERB 649;Arroyito;8/4/2026;9/4/2026;7/4/2026;FAC-A0006-00061368;Venta;P&P LOGISTICA S.R.L;30075;2;17918,24;21681,07;MARASINI JONATHAN EZEQUIEL;;6,00%;10;ORTEGA MILAGROS DESIREE;1010;GORDON´S GIN 6x700;8959,12;3569;;AWAY FROM HOME;Bar/Restaurant;15023,6;DELGADO MAYCO JOAQUIN;571,86;$;2;GRUPO PEÑAFLOR SA;1,4;0;Contado;9/4/2026 17:56;;Gordon´s;Standard (S);No definido;;;Gin;PEÑAFLOR GRUPO OBJETIVO;;;20032;GRIBAUDO ESTEBAN;AXUM;;;False;153279;0;Lista General;Bar/Restaurant - P;12375;8/4/2026;2;LESCANO FRANCO DARIO
2953;SAN MARTIN ESQ TOMAS JUAREZ 0;ARROYITO;8/4/2026;9/4/2026;8/4/2026;FAC-A0006-00061375;Venta;P&P LOGISTICA S.R.L;30022;60;383329,37;475328,42;YAKO DRUGSTORE S.A.S.;;6,00%;10;ORTEGA MILAGROS DESIREE;1020;SMIRNOFF RASPBERRY DO 6X700;6388,82;3569;;TRADITIONAL TRADE;Almacen/Despensa;321243;DELGADO MAYCO JOAQUIN;407,8;$;2;GRUPO PEÑAFLOR SA;42;0;Contado;9/4/2026 17:56;;Smirnoff;Standard (S);No definido;;;Vodka;PEÑAFLOR GRUPO OBJETIVO;;;20032;GRIBAUDO ESTEBAN;AXUM;;;False;153412;0;Lista General;Almacen/Despensa - P;12375;8/4/2026;2;LESCANO FRANCO DARIO
468;BROWN-MARMOL 1;BRINKMANN;8/4/2026;9/4/2026;8/4/2026;FAC-A0006-00061379;Venta;P&P LOGISTICA S.R.L;74727;3;11326,59;13705,17;SCALERANDI ALAN GABRIEL;;0,00%;4;GRIBAUDO ANGEL;4030;ORIGEN BY TRAPICHE CAB.S 6X750;3775,53;3573;;TRADITIONAL TRADE;Autoservicio Tradicional;8667;ACOSTA FACUNDO;0;$;2;GRUPO PEÑAFLOR SA;2,25;0;Contado;9/4/2026 17:37;;Trapiche Reserva;Alto;No definido;-No Definido-;;Vinos del Año;PEÑAFLOR GRUPO OBJETIVO;;;20032;GRIBAUDO ESTEBAN;AXUM;;;False;153292;0;Lista General;Autoservicio Tradicional - C;12363;8/4/2026;2;LESCANO FRANCO DARIO
468;BROWN-MARMOL 1;BRINKMANN;8/4/2026;9/4/2026;8/4/2026;FAC-A0006-00061379;Venta;P&P LOGISTICA S.R.L;74726;3;11326,59;13705,17;SCALERANDI ALAN GABRIEL;;0,00%;4;GRIBAUDO ANGEL;4030;ORIGEN BY TRAPICHE MALBEC 6X750;3775,53;3573;;TRADITIONAL TRADE;Autoservicio Tradicional;8667;ACOSTA FACUNDO;0;$;2;GRUPO PEÑAFLOR SA;2,25;0;Contado;9/4/2026 17:37;;Trapiche Reserva;Alto;No definido;-No Definido-;;Vinos del Año;PEÑAFLOR GRUPO OBJETIVO;;;20032;GRIBAUDO ESTEBAN;AXUM;;;False;153292;0;Lista General;Autoservicio Tradicional - C;12363;8/4/2026;2;LESCANO FRANCO DARIO
329;ALBERDI ESQ. PUEYRREDON 491;BRINKMANN;8/4/2026;9/4/2026;8/4/2026;FAC-A0006-00061382;Venta;P&P LOGISTICA S.R.L;30134;6;62632,14;77663,85;TOSOLINI VERONICA LILIANA;;0,00%;4;GRIBAUDO ANGEL;4030;GORDON´S PINK GIN 6X700;10438,69;3573;;TRADITIONAL TRADE;Autoservicio Tradicional;49363,26;ACOSTA FACUNDO;0;$;2;GRUPO PEÑAFLOR SA;0;0;Contado;9/4/2026 17:37;;#¿NOMBRE?;Standard (S);No definido;;-No Definido-;Gin;PEÑAFLOR GRUPO OBJETIVO;;;20032;GRIBAUDO ESTEBAN;AXUM;;;False;153297;0;Lista General;Autoservicio Tradicional - B;12363;8/4/2026;2;LESCANO FRANCO DARIO
329;ALBERDI ESQ. PUEYRREDON 491;BRINKMANN;8/4/2026;9/4/2026;8/4/2026;FAC-A0006-00061382;Venta;P&P LOGISTICA S.R.L;30075;6;57185,88;70910,49;TOSOLINI VERONICA LILIANA;;0,00%;4;GRIBAUDO ANGEL;4030;GORDON´S GIN 6x700;9530,98;3573;;TRADITIONAL TRADE;Autoservicio Tradicional;45070,8;ACOSTA FACUNDO;0;$;2;GRUPO PEÑAFLOR SA;4,2;0;Contado;9/4/2026 17:37;;Gordon´s;Standard (S);No definido;;;Gin;PEÑAFLOR GRUPO OBJETIVO;;;20032;GRIBAUDO ESTEBAN;AXUM;;;False;153297;0;Lista General;Autoservicio Tradicional - B;12363;8/4/2026;2;LESCANO FRANCO DARIO
329;ALBERDI ESQ. PUEYRREDON 491;BRINKMANN;8/4/2026;9/4/2026;8/4/2026;FAC-A0006-00061382;Venta;P&P LOGISTICA S.R.L;30023;3;34389,27;42642,69;TOSOLINI VERONICA LILIANA;;0,00%;4;GRIBAUDO ANGEL;4030;WHITE HORSE DO 12X750;11463,09;3573;;TRADITIONAL TRADE;Autoservicio Tradicional;27103,77;ACOSTA FACUNDO;0;$;2;GRUPO PEÑAFLOR SA;2,25;0;Contado;9/4/2026 17:37;;White Horse;Standard (S);No definido;;;Whisky;PEÑAFLOR GRUPO OBJETIVO;;;20032;GRIBAUDO ESTEBAN;AXUM;;;False;153297;0;Lista General;Autoservicio Tradicional - B;12363;8/4/2026;2;LESCANO FRANCO DARIO
329;ALBERDI ESQ. PUEYRREDON 491;BRINKMANN;8/4/2026;9/4/2026;8/4/2026;FAC-A0006-00061382;Venta;P&P LOGISTICA S.R.L;30012;3;68697,75;85185,21;TOSOLINI VERONICA LILIANA;;0,00%;4;GRIBAUDO ANGEL;4030;BAILEYS NUEVA BOTELLA 12x750;22899,25;3573;;TRADITIONAL TRADE;Autoservicio Tradicional;49221,72;ACOSTA FACUNDO;0;$;2;GRUPO PEÑAFLOR SA;2,25;0;Contado;9/4/2026 17:37;;Baileys;Premium (S);No definido;;;Licores;PEÑAFLOR GRUPO OBJETIVO;;;20032;GRIBAUDO ESTEBAN;AXUM;;;False;153297;0;Lista General;Autoservicio Tradicional - B;12363;8/4/2026;2;LESCANO FRANCO DARIO
329;ALBERDI ESQ. PUEYRREDON 491;BRINKMANN;8/4/2026;9/4/2026;8/4/2026;FAC-A0006-00061382;Venta;P&P LOGISTICA S.R.L;30129;3;72238,02;89575,14;TOSOLINI VERONICA LILIANA;;0,00%;4;GRIBAUDO ANGEL;4030;BAILEYS SALTED CARAMEL 12X750;24079,34;3573;;TRADITIONAL TRADE;Autoservicio Tradicional;51758,28;ACOSTA FACUNDO;0;$;2;GRUPO PEÑAFLOR SA;2,25;0;Contado;9/4/2026 17:37;;Baileys;Premium (S);No definido;;;Licores;PEÑAFLOR GRUPO OBJETIVO;;;20032;GRIBAUDO ESTEBAN;AXUM;;;False;153297;0;Lista General;Autoservicio Tradicional - B;12363;8/4/2026;2;LESCANO FRANCO DARIO
334;RAUL ALFONSIN 254;BRINKMANM;8/4/2026;9/4/2026;8/4/2026;FAC-A0006-00061384;Venta;P&P LOGISTICA S.R.L;80022;3;14100,45;17061,54;VERNETTI DANIEL FERNANDO;;0,00%;4;GRIBAUDO ANGEL;4030;COLECCION PRIVADA MALBEC;4700,15;3573;;TRADITIONAL TRADE;Autoservicio Tradicional;10789,53;ACOSTA FACUNDO;0;$;2;GRUPO PEÑAFLOR SA;2,25;0;Contado;9/4/2026 17:37;;;-No Definido-;No definido;;;Vinos del Año;Grupo Peñaflor,PEÑAFLOR GRUPO OBJETIVO;;;20032;GRIBAUDO ESTEBAN;AXUM;;;False;153312;0;Lista General;Autoservicio Tradicional - C;12366;8/4/2026;BD-003;VILLAFAÑE MARIANO
334;RAUL ALFONSIN 254;BRINKMANM;8/4/2026;9/4/2026;8/4/2026;FAC-A0006-00061384;Venta;P&P LOGISTICA S.R.L;80025;3;14100,45;17061,54;VERNETTI DANIEL FERNANDO;;0,00%;4;GRIBAUDO ANGEL;4030;COLECCION PRIVADA PINOT 6X750;4700,15;3573;;TRADITIONAL TRADE;Autoservicio Tradicional;10789,53;ACOSTA FACUNDO;0;$;2;GRUPO PEÑAFLOR SA;2,25;0;Contado;9/4/2026 17:37;;;-No Definido-;No definido;;;Vinos del Año;Grupo Peñaflor,PEÑAFLOR GRUPO OBJETIVO;;;20032;GRIBAUDO ESTEBAN;AXUM;;;False;153312;0;Lista General;Autoservicio Tradicional - C;12366;8/4/2026;BD-003;VILLAFAÑE MARIANO
334;RAUL ALFONSIN 254;BRINKMANM;8/4/2026;9/4/2026;8/4/2026;FAC-A0006-00061384;Venta;P&P LOGISTICA S.R.L;30134;2;20877,38;25261,63;VERNETTI DANIEL FERNANDO;;0,00%;4;GRIBAUDO ANGEL;4030;GORDON´S PINK GIN 6X700;10438,69;3573;;TRADITIONAL TRADE;Autoservicio Tradicional;16454,42;ACOSTA FACUNDO;0;$;2;GRUPO PEÑAFLOR SA;0;0;Contado;9/4/2026 17:37;;#¿NOMBRE?;Standard (S);No definido;;-No Definido-;Gin;PEÑAFLOR GRUPO OBJETIVO;;;20032;GRIBAUDO ESTEBAN;AXUM;;;False;153312;0;Lista General;Autoservicio Tradicional - C;12366;8/4/2026;BD-003;VILLAFAÑE MARIANO
334;RAUL ALFONSIN 254;BRINKMANM;8/4/2026;9/4/2026;8/4/2026;FAC-A0006-00061384;Venta;P&P LOGISTICA S.R.L;30139;1;10438,69;12630,81;VERNETTI DANIEL FERNANDO;;0,00%;4;GRIBAUDO ANGEL;4030;GORDONS  TROPICAL FRUITS 6X700;10438,69;3573;;TRADITIONAL TRADE;Autoservicio Tradicional;8227,21;ACOSTA FACUNDO;0;$;2;GRUPO PEÑAFLOR SA;0;0;Contado;9/4/2026 17:37;;;;;;;;PEÑAFLOR GRUPO OBJETIVO;;;20032;GRIBAUDO ESTEBAN;AXUM;;;False;153312;0;Lista General;Autoservicio Tradicional - C;12366;8/4/2026;BD-003;VILLAFAÑE MARIANO
51;BOLIVAR 436;BRINKMANN;8/4/2026;9/4/2026;8/4/2026;FAC-A0006-00061400;Venta;P&P LOGISTICA S.R.L;80010;3;9129,99;11047,29;MONTENEGRO CLAUDIA MARINA;;0,00%;4;GRIBAUDO ANGEL;4030;LOS ARBOLES SEL MALBEC 6X750;3043,33;3573;;TRADITIONAL TRADE;Almacen/Despensa;7195,77;ACOSTA FACUNDO;0;$;2;GRUPO PEÑAFLOR SA;2,25;0;Contado;9/4/2026 17:37;;Los Arboles;Medio Alto;No definido;;;Vinos del Año;Grupo Peñaflor,PEÑAFLOR GRUPO OBJETIVO;;;20032;GRIBAUDO ESTEBAN;AXUM;;;False;153378;0;Lista General;Almacen/Despensa - B;12374;8/4/2026;2;LESCANO FRANCO DARIO
51;BOLIVAR 436;BRINKMANN;8/4/2026;9/4/2026;8/4/2026;FAC-A0006-00061400;Venta;P&P LOGISTICA S.R.L;74210;3;11099,58;13430,49;MONTENEGRO CLAUDIA MARINA;;0,00%;4;GRIBAUDO ANGEL;4030;ALMA MORA MALBEC 6X750;3699,86;3573;;TRADITIONAL TRADE;Almacen/Despensa;8489,04;ACOSTA FACUNDO;0;$;2;GRUPO PEÑAFLOR SA;2,25;0;Contado;9/4/2026 17:37;;Alma Mora;Alto;No definido;;;Vinos del Año;PEÑAFLOR GRUPO OBJETIVO;;;20032;GRIBAUDO ESTEBAN;AXUM;;;False;153378;0;Lista General;Almacen/Despensa - B;12374;8/4/2026;2;LESCANO FRANCO DARIO
886;Comuna de Giaveno 61;BRINKMANN;8/4/2026;9/4/2026;8/4/2026;FAC-A0006-00061407;Venta;P&P LOGISTICA S.R.L;14619;6;11848,56;14336,76;BUSTOS GERARDO GABRIEL ;;0,00%;4;GRIBAUDO ANGEL;4030;FRIZZE BUBBLE MOOD 6X1000;1974,76;3573;;TRADITIONAL TRADE;Almacen/Despensa;9066,42;ACOSTA FACUNDO;0;$;2;GRUPO PEÑAFLOR SA;0;0;Contado;9/4/2026 17:37;;;;;;;;PEÑAFLOR GRUPO OBJETIVO;;;20032;GRIBAUDO ESTEBAN;AXUM;;;False;153423;0;Lista General;Almacen/Despensa - P;12376;8/4/2026;2;LESCANO FRANCO DARIO
886;Comuna de Giaveno 61;BRINKMANN;8/4/2026;9/4/2026;8/4/2026;FAC-A0006-00061407;Venta;P&P LOGISTICA S.R.L;74726;3;11326,59;13705,17;BUSTOS GERARDO GABRIEL ;;0,00%;4;GRIBAUDO ANGEL;4030;ORIGEN BY TRAPICHE MALBEC 6X750;3775,53;3573;;TRADITIONAL TRADE;Almacen/Despensa;8667;ACOSTA FACUNDO;0;$;2;GRUPO PEÑAFLOR SA;2,25;0;Contado;9/4/2026 17:37;;Trapiche Reserva;Alto;No definido;-No Definido-;;Vinos del Año;PEÑAFLOR GRUPO OBJETIVO;;;20032;GRIBAUDO ESTEBAN;AXUM;;;False;153423;0;Lista General;Almacen/Despensa - P;12376;8/4/2026;2;LESCANO FRANCO DARIO
886;Comuna de Giaveno 61;BRINKMANN;8/4/2026;9/4/2026;8/4/2026;FAC-A0006-00061407;Venta;P&P LOGISTICA S.R.L;74827;3;11099,94;13430,93;BUSTOS GERARDO GABRIEL ;;0,00%;4;GRIBAUDO ANGEL;4030;ALMA MORA BLANCO DULCE LOW 6X750;3699,98;3573;;TRADITIONAL TRADE;Almacen/Despensa;8493,57;ACOSTA FACUNDO;0;$;2;GRUPO PEÑAFLOR SA;0;0;Contado;9/4/2026 17:37;;;Alto;;;;Vinos del Año;PEÑAFLOR GRUPO OBJETIVO;;;20032;GRIBAUDO ESTEBAN;AXUM;;;False;153423;0;Lista General;Almacen/Despensa - P;12376;8/4/2026;2;LESCANO FRANCO DARIO
886;Comuna de Giaveno 61;BRINKMANN;8/4/2026;9/4/2026;8/4/2026;FAC-A0006-00061407;Venta;P&P LOGISTICA S.R.L;74438;3;11099,94;13430,93;BUSTOS GERARDO GABRIEL ;;0,00%;4;GRIBAUDO ANGEL;4030;ALMA MORA BLEND BLANCO 6X750;3699,98;3573;;TRADITIONAL TRADE;Almacen/Despensa;8493,57;ACOSTA FACUNDO;0;$;2;GRUPO PEÑAFLOR SA;2,25;0;Contado;9/4/2026 17:37;;Alma Mora;Alto;No definido;;;Vinos del Año;PEÑAFLOR GRUPO OBJETIVO;;;20032;GRIBAUDO ESTEBAN;AXUM;;;False;153423;0;Lista General;Almacen/Despensa - P;12376;8/4/2026;2;LESCANO FRANCO DARIO
886;Comuna de Giaveno 61;BRINKMANN;8/4/2026;9/4/2026;8/4/2026;FAC-A0006-00061407;Venta;P&P LOGISTICA S.R.L;30020;6;38332,94;46382,85;BUSTOS GERARDO GABRIEL ;;6,00%;4;GRIBAUDO ANGEL;4030;SMIRNOFF GREEN APPLE DO 6X700;6388,82;3573;;TRADITIONAL TRADE;Almacen/Despensa;32124,3;ACOSTA FACUNDO;407,8;$;2;GRUPO PEÑAFLOR SA;4,2;0;Contado;9/4/2026 17:37;;Smirnoff;Standard (S);No definido;;;Vodka;PEÑAFLOR GRUPO OBJETIVO;;;20032;GRIBAUDO ESTEBAN;AXUM;;;False;153423;0;Lista General;Almacen/Despensa - P;12376;8/4/2026;2;LESCANO FRANCO DARIO
886;Comuna de Giaveno 61;BRINKMANN;8/4/2026;9/4/2026;8/4/2026;FAC-A0006-00061407;Venta;P&P LOGISTICA S.R.L;35104;6;11027,96;13343,83;BUSTOS GERARDO GABRIEL ;;5,00%;4;GRIBAUDO ANGEL;4030;SMF ICE GREENAPPLE LAT 4X6X473;1837,99;3573;;TRADITIONAL TRADE;Almacen/Despensa;8882,64;ACOSTA FACUNDO;96,74;$;2;GRUPO PEÑAFLOR SA;2,838;0;Contado;9/4/2026 17:37;;Smirnoff Ice Flavours;RTD (s);No definido;;;RTD (S);PEÑAFLOR GRUPO OBJETIVO;;;20032;GRIBAUDO ESTEBAN;AXUM;;;False;153423;0;Lista General;Almacen/Despensa - P;12376;8/4/2026;2;LESCANO FRANCO DARIO
886;Comuna de Giaveno 61;BRINKMANN;8/4/2026;9/4/2026;8/4/2026;FAC-A0006-00061407;Venta;P&P LOGISTICA S.R.L;14509;3;9204,48;11137,42;BUSTOS GERARDO GABRIEL ;;0,00%;4;GRIBAUDO ANGEL;4030;EL BAUTISMO BLEND B. DLCE 6X750 ;3068,16;3573;;TRADITIONAL TRADE;Almacen/Despensa;7254,48;ACOSTA FACUNDO;0;$;2;GRUPO PEÑAFLOR SA;2,25;0;Contado;9/4/2026 17:37;;El Bautismo;Medio Alto;No definido;;;Vinos del Año;PEÑAFLOR GRUPO OBJETIVO;;;20032;GRIBAUDO ESTEBAN;AXUM;;;False;153423;0;Lista General;Almacen/Despensa - P;12376;8/4/2026;2;LESCANO FRANCO DARIO
1255;AV BRINKMAN-ESQ  BV BELGRANO 901;Brinkmann;8/4/2026;9/4/2026;8/4/2026;FAC-A0006-00061411;Venta;P&P LOGISTICA S.R.L;74504;6;18357,85;22213;CLEMENTE C Y J S.A.S.;;13,00%;4;GRIBAUDO ANGEL;4030;DADA ART MALBEC 6X750;3059,64;3573;;TRADITIONAL TRADE;Autoservicio Tradicional;16146,3;ACOSTA FACUNDO;457,19;$;2;GRUPO PEÑAFLOR SA;4,5;0;Contado;9/4/2026 17:37;;Dada;Alto;No definido;;;Vinos del Año;PEÑAFLOR GRUPO OBJETIVO;;;20032;GRIBAUDO ESTEBAN;AXUM;;;False;153427;0;Lista General;Autoservicio Tradicional - P;12377;8/4/2026;BD-003;VILLAFAÑE MARIANO
1255;AV BRINKMAN-ESQ  BV BELGRANO 901;Brinkmann;8/4/2026;9/4/2026;8/4/2026;FAC-A0006-00061411;Venta;P&P LOGISTICA S.R.L;42102;6;16802,66;20331,22;CLEMENTE C Y J S.A.S.;;13,00%;4;GRIBAUDO ANGEL;4030;ELEMENTOS MALBEC 6X750 ;2800,44;3573;;TRADITIONAL TRADE;Autoservicio Tradicional;14039,52;ACOSTA FACUNDO;418,46;$;2;GRUPO PEÑAFLOR SA;4,5;0;Contado;9/4/2026 17:37;;ELEMENTOS;Alto;No definido;;;Vinos del Año;PEÑAFLOR GRUPO OBJETIVO;;;20032;GRIBAUDO ESTEBAN;AXUM;;;False;153427;0;Lista General;Autoservicio Tradicional - P;12377;8/4/2026;BD-003;VILLAFAÑE MARIANO
1255;AV BRINKMAN-ESQ  BV BELGRANO 901;Brinkmann;8/4/2026;9/4/2026;8/4/2026;FAC-A0006-00061411;Venta;P&P LOGISTICA S.R.L;74814;6;15544,64;18809,01;CLEMENTE C Y J S.A.S.;;13,00%;4;GRIBAUDO ANGEL;4030;CAZADOR MALBEC 6X750;2590,77;3573;;TRADITIONAL TRADE;Autoservicio Tradicional;13671,96;ACOSTA FACUNDO;387,13;$;2;GRUPO PEÑAFLOR SA;0;0;Contado;9/4/2026 17:37;;;;;;;;PEÑAFLOR GRUPO OBJETIVO;;;20032;GRIBAUDO ESTEBAN;AXUM;;;False;153427;0;Lista General;Autoservicio Tradicional - P;12377;8/4/2026;BD-003;VILLAFAÑE MARIANO
1255;AV BRINKMAN-ESQ  BV BELGRANO 901;Brinkmann;8/4/2026;9/4/2026;8/4/2026;FAC-A0006-00061411;Venta;P&P LOGISTICA S.R.L;80010;6;15886,18;19222,28;CLEMENTE C Y J S.A.S.;;13,00%;4;GRIBAUDO ANGEL;4030;LOS ARBOLES SEL MALBEC 6X750;2647,7;3573;;TRADITIONAL TRADE;Autoservicio Tradicional;14391,54;ACOSTA FACUNDO;395,63;$;2;GRUPO PEÑAFLOR SA;4,5;0;Contado;9/4/2026 17:37;;Los Arboles;Medio Alto;No definido;;;Vinos del Año;Grupo Peñaflor,PEÑAFLOR GRUPO OBJETIVO;;;20032;GRIBAUDO ESTEBAN;AXUM;;;False;153427;0;Lista General;Autoservicio Tradicional - P;12377;8/4/2026;BD-003;VILLAFAÑE MARIANO
1255;AV BRINKMAN-ESQ  BV BELGRANO 901;Brinkmann;8/4/2026;9/4/2026;8/4/2026;FAC-A0006-00061411;Venta;P&P LOGISTICA S.R.L;72859;6;13784,82;16679,63;CLEMENTE C Y J S.A.S.;;13,00%;4;GRIBAUDO ANGEL;4030;F.LAS MORAS MALBEC 6X750;2297,47;3573;;TRADITIONAL TRADE;Autoservicio Tradicional;11863,44;ACOSTA FACUNDO;343,3;$;2;GRUPO PEÑAFLOR SA;4,5;0;Contado;9/4/2026 17:37;;Finca Las Moras;Medio Alto;No definido;;;Vinos del Año;PEÑAFLOR GRUPO OBJETIVO;;;20032;GRIBAUDO ESTEBAN;AXUM;;;False;153427;0;Lista General;Autoservicio Tradicional - P;12377;8/4/2026;BD-003;VILLAFAÑE MARIANO
538;9 DE SEPTIEMBRE 359;San Francisco;8/4/2026;9/4/2026;7/4/2026;FAC-A0006-00061415;Venta;P&P LOGISTICA S.R.L;80022;6;25380,81;30710,78;ZHAO JIAHUI;;10,00%;8;ALVAREZ VANESA  KAFF;8030;COLECCION PRIVADA MALBEC;4230,14;3572;;TRADITIONAL TRADE;Autoservicio Tradicional;21579,06;BLAS ALMADA;470,02;$;2;GRUPO PEÑAFLOR SA;4,5;0;Contado;9/4/2026 17:26;;;-No Definido-;No definido;;;Vinos del Año;Grupo Peñaflor,PEÑAFLOR GRUPO OBJETIVO;;;20032;GRIBAUDO ESTEBAN;AXUM;;;False;153122;0;Lista General;Autoservicio Tradicional - C;12362;8/4/2026;BD-003;VILLAFAÑE MARIANO
538;9 DE SEPTIEMBRE 359;San Francisco;8/4/2026;9/4/2026;7/4/2026;FAC-A0006-00061415;Venta;P&P LOGISTICA S.R.L;74504;6;18990,88;22978,97;ZHAO JIAHUI;;10,00%;8;ALVAREZ VANESA  KAFF;8030;DADA ART MALBEC 6X750;3165,15;3572;;TRADITIONAL TRADE;Autoservicio Tradicional;16146,3;BLAS ALMADA;351,68;$;2;GRUPO PEÑAFLOR SA;4,5;0;Contado;9/4/2026 17:26;;Dada;Alto;No definido;;;Vinos del Año;PEÑAFLOR GRUPO OBJETIVO;;;20032;GRIBAUDO ESTEBAN;AXUM;;;False;153122;0;Lista General;Autoservicio Tradicional - C;12362;8/4/2026;BD-003;VILLAFAÑE MARIANO
538;9 DE SEPTIEMBRE 359;San Francisco;8/4/2026;9/4/2026;7/4/2026;FAC-A0006-00061415;Venta;P&P LOGISTICA S.R.L;74505;6;18990,88;22978,97;ZHAO JIAHUI;;10,00%;8;ALVAREZ VANESA  KAFF;8030;DADA ART CABERNET 6X750 ;3165,15;3572;;TRADITIONAL TRADE;Autoservicio Tradicional;16146,3;BLAS ALMADA;351,68;$;2;GRUPO PEÑAFLOR SA;4,5;0;Contado;9/4/2026 17:26;;Dada;Alto;No definido;;;Vinos del Año;PEÑAFLOR GRUPO OBJETIVO;;;20032;GRIBAUDO ESTEBAN;AXUM;;;False;153122;0;Lista General;Autoservicio Tradicional - C;12362;8/4/2026;BD-003;VILLAFAÑE MARIANO
538;9 DE SEPTIEMBRE 359;San Francisco;8/4/2026;9/4/2026;7/4/2026;FAC-A0006-00061415;Venta;P&P LOGISTICA S.R.L;74209;6;19979,89;24175,67;ZHAO JIAHUI;;10,00%;8;ALVAREZ VANESA  KAFF;8030;ALMA MORA SYRAH 6X750;3329,98;3572;;TRADITIONAL TRADE;Autoservicio Tradicional;16987,14;BLAS ALMADA;370;$;2;GRUPO PEÑAFLOR SA;4,5;0;Contado;9/4/2026 17:26;;Alma Mora;Alto;No definido;;;Vinos del Año;PEÑAFLOR GRUPO OBJETIVO;;;20032;GRIBAUDO ESTEBAN;AXUM;;;False;153122;0;Lista General;Autoservicio Tradicional - C;12362;8/4/2026;BD-003;VILLAFAÑE MARIANO
538;9 DE SEPTIEMBRE 359;San Francisco;8/4/2026;9/4/2026;7/4/2026;FAC-A0006-00061416;Venta;P&P LOGISTICA S.R.L;44297;6;37015,49;44788,74;ZHAO JIAHUI;;10,00%;8;ALVAREZ VANESA  KAFF;8030;DON DAVID RESERVA CAB.SAUV X750;6169,25;3572;;TRADITIONAL TRADE;Autoservicio Tradicional;32415,12;BLAS ALMADA;685,47;$;2;GRUPO PEÑAFLOR SA;4,5;0;Contado;9/4/2026 17:26;;;Premium;No definido;;;Vino de Guarda;PEÑAFLOR GRUPO OBJETIVO;;;20032;GRIBAUDO ESTEBAN;AXUM;;;False;153123;0;Lista General;Autoservicio Tradicional - C;12362;8/4/2026;BD-003;VILLAFAÑE MARIANO
538;9 DE SEPTIEMBRE 359;San Francisco;8/4/2026;9/4/2026;7/4/2026;FAC-A0006-00061416;Venta;P&P LOGISTICA S.R.L;30020;6;36701,75;44409,12;ZHAO JIAHUI;;10,00%;8;ALVAREZ VANESA  KAFF;8030;SMIRNOFF GREEN APPLE DO 6X700;6116,96;3572;;TRADITIONAL TRADE;Autoservicio Tradicional;32124,3;BLAS ALMADA;679,66;$;2;GRUPO PEÑAFLOR SA;4,2;0;Contado;9/4/2026 17:26;;Smirnoff;Standard (S);No definido;;;Vodka;PEÑAFLOR GRUPO OBJETIVO;;;20032;GRIBAUDO ESTEBAN;AXUM;;;False;153123;0;Lista General;Autoservicio Tradicional - C;12362;8/4/2026;BD-003;VILLAFAÑE MARIANO
1320;LOS GARABATOS 1756;San Francisco;8/4/2026;9/4/2026;8/4/2026;FAC-A0006-00061420;Venta;P&P LOGISTICA S.R.L;30131;30;203898,6;246717,31;BIANCOTTI MARCELO;;0,00%;8;ALVAREZ VANESA  KAFF;8030;SMIRNOFF TROPICAL FRUITS 6X700;6796,62;3572;;ON PREMISE NOCHE;ON PREMISE NOCHE;160621,5;BLAS ALMADA;0;$;2;GRUPO PEÑAFLOR SA;21;0;Contado;9/4/2026 17:26;;Smirnoff;Standard (S);No definido;;;Vodka;PEÑAFLOR GRUPO OBJETIVO;;;20032;GRIBAUDO ESTEBAN;AXUM;;;False;153300;0;Lista General;ON PREMISE NOCHE - C;12362;8/4/2026;BD-003;VILLAFAÑE MARIANO
1320;LOS GARABATOS 1756;San Francisco;8/4/2026;9/4/2026;8/4/2026;FAC-A0006-00061420;Venta;P&P LOGISTICA S.R.L;30131;6;0;0;BIANCOTTI MARCELO;;100,00%;8;ALVAREZ VANESA  KAFF;8030;SMIRNOFF TROPICAL FRUITS 6X700;0;3572;;ON PREMISE NOCHE;ON PREMISE NOCHE;32124,3;BLAS ALMADA;6796,62;$;2;GRUPO PEÑAFLOR SA;4,2;0;Contado;9/4/2026 17:26;;Smirnoff;Standard (S);No definido;;;Vodka;PEÑAFLOR GRUPO OBJETIVO;;;20032;GRIBAUDO ESTEBAN;AXUM;;;False;153300;0;Lista General;ON PREMISE NOCHE - C;12362;8/4/2026;BD-003;VILLAFAÑE MARIANO
1320;LOS GARABATOS 1756;San Francisco;8/4/2026;9/4/2026;8/4/2026;FAC-A0006-00061420;Venta;P&P LOGISTICA S.R.L;74709;12;21149,88;25591,35;BIANCOTTI MARCELO;;0,00%;8;ALVAREZ VANESA  KAFF;8030;DADA LATA SWEET  4X6X355;1762,49;3572;;ON PREMISE NOCHE;ON PREMISE NOCHE;16183,68;BLAS ALMADA;0;$;2;GRUPO PEÑAFLOR SA;4,26;0;Contado;9/4/2026 17:26;;Champaña Dada;Champaña Alta y Premium;No definido;;;Espumantes;PEÑAFLOR GRUPO OBJETIVO;;;20032;GRIBAUDO ESTEBAN;AXUM;;;False;153300;0;Lista General;ON PREMISE NOCHE - C;12362;8/4/2026;BD-003;VILLAFAÑE MARIANO
538;9 DE SEPTIEMBRE 359;San Francisco;8/4/2026;9/4/2026;8/4/2026;FAC-A0006-00061422;Venta;P&P LOGISTICA S.R.L;80010;6;16433,98;19885,12;ZHAO JIAHUI;;10,00%;8;ALVAREZ VANESA  KAFF;8030;LOS ARBOLES SEL MALBEC 6X750;2739;3572;Venta modificada el 2026-04-08 10:08:39;TRADITIONAL TRADE;Autoservicio Tradicional;14391,54;BLAS ALMADA;304,33;$;2;GRUPO PEÑAFLOR SA;4,5;0;Contado;9/4/2026 17:26;;Los Arboles;Medio Alto;No definido;;;Vinos del Año;Grupo Peñaflor,PEÑAFLOR GRUPO OBJETIVO;;;20032;GRIBAUDO ESTEBAN;AXUM;;;False;153304;0;Lista General;Autoservicio Tradicional - C;12365;8/4/2026;2;LESCANO FRANCO DARIO
538;9 DE SEPTIEMBRE 359;San Francisco;8/4/2026;9/4/2026;8/4/2026;FAC-A0006-00061422;Venta;P&P LOGISTICA S.R.L;72857;3;6496,29;7860,52;ZHAO JIAHUI;;18,00%;8;ALVAREZ VANESA  KAFF;8030;F.LAS MORAS CABSAU 6X750 ;2165,43;3572;Venta modificada el 2026-04-08 10:08:39;TRADITIONAL TRADE;Autoservicio Tradicional;6243,93;BLAS ALMADA;475,34;$;2;GRUPO PEÑAFLOR SA;2,25;0;Contado;9/4/2026 17:26;;Finca Las Moras;Medio Alto;No definido;;;Vinos del Año;PEÑAFLOR GRUPO OBJETIVO;;;20032;GRIBAUDO ESTEBAN;AXUM;;;False;153304;0;Lista General;Autoservicio Tradicional - C;12365;8/4/2026;2;LESCANO FRANCO DARIO
538;9 DE SEPTIEMBRE 359;San Francisco;8/4/2026;9/4/2026;8/4/2026;FAC-A0006-00061422;Venta;P&P LOGISTICA S.R.L;42101;6;17382,06;21032,29;ZHAO JIAHUI;;10,00%;8;ALVAREZ VANESA  KAFF;8030;ELEMENTOS CABSAUV 6X750 ;2897,01;3572;Venta modificada el 2026-04-08 10:08:39;TRADITIONAL TRADE;Autoservicio Tradicional;14778,42;BLAS ALMADA;321,89;$;2;GRUPO PEÑAFLOR SA;4,5;0;Contado;9/4/2026 17:26;;ELEMENTOS;Alto;No definido;;;Vinos del Año;PEÑAFLOR GRUPO OBJETIVO;;;20032;GRIBAUDO ESTEBAN;AXUM;;;False;153304;0;Lista General;Autoservicio Tradicional - C;12365;8/4/2026;2;LESCANO FRANCO DARIO
538;9 DE SEPTIEMBRE 359;San Francisco;8/4/2026;9/4/2026;8/4/2026;FAC-A0006-00061422;Venta;P&P LOGISTICA S.R.L;42102;6;17382,06;21032,29;ZHAO JIAHUI;;10,00%;8;ALVAREZ VANESA  KAFF;8030;ELEMENTOS MALBEC 6X750 ;2897,01;3572;Venta modificada el 2026-04-08 10:08:39;TRADITIONAL TRADE;Autoservicio Tradicional;14039,52;BLAS ALMADA;321,89;$;2;GRUPO PEÑAFLOR SA;4,5;0;Contado;9/4/2026 17:26;;ELEMENTOS;Alto;No definido;;;Vinos del Año;PEÑAFLOR GRUPO OBJETIVO;;;20032;GRIBAUDO ESTEBAN;AXUM;;;False;153304;0;Lista General;Autoservicio Tradicional - C;12365;8/4/2026;2;LESCANO FRANCO DARIO
538;9 DE SEPTIEMBRE 359;San Francisco;8/4/2026;9/4/2026;8/4/2026;FAC-A0006-00061422;Venta;P&P LOGISTICA S.R.L;74709;6;9940,44;12027,94;ZHAO JIAHUI;;6,00%;8;ALVAREZ VANESA  KAFF;8030;DADA LATA SWEET  4X6X355;1656,74;3572;Venta modificada el 2026-04-08 10:08:39;TRADITIONAL TRADE;Autoservicio Tradicional;8091,84;BLAS ALMADA;105,75;$;2;GRUPO PEÑAFLOR SA;2,13;0;Contado;9/4/2026 17:26;;Champaña Dada;Champaña Alta y Premium;No definido;;;Espumantes;PEÑAFLOR GRUPO OBJETIVO;;;20032;GRIBAUDO ESTEBAN;AXUM;;;False;153304;0;Lista General;Autoservicio Tradicional - C;12365;8/4/2026;2;LESCANO FRANCO DARIO
30014;SAENZ PEÑA 770;SAN FRANCISCO;8/4/2026;9/4/2026;8/4/2026;FAC-A0006-00061428;Venta;P&P LOGISTICA S.R.L;30019;3;16506,99;19973,46;ALICIA RAQUEL YBAÑEZ;;10,00%;8;ALVAREZ VANESA  KAFF;8030;SMIRNOFF 21 DO 12X700;5502,33;3572;;TRADITIONAL TRADE;Autoservicio Tradicional;14455,47;BLAS ALMADA;611,37;$;2;GRUPO PEÑAFLOR SA;2,1;0;Contado;9/4/2026 17:26;;Smirnoff;Standard (S);No definido;;;Vodka;PEÑAFLOR GRUPO OBJETIVO;;;20032;GRIBAUDO ESTEBAN;AXUM;;;False;153311;0;Lista General;Autoservicio Tradicional - P;12365;8/4/2026;2;LESCANO FRANCO DARIO
30014;SAENZ PEÑA 770;SAN FRANCISCO;8/4/2026;9/4/2026;8/4/2026;FAC-A0006-00061428;Venta;P&P LOGISTICA S.R.L;35093;3;18350,87;22204,56;ALICIA RAQUEL YBAÑEZ;;10,00%;8;ALVAREZ VANESA  KAFF;8030;SMIRNOFF BC GRAPEF.&LIME 6X700;6116,96;3572;;TRADITIONAL TRADE;Autoservicio Tradicional;16070,19;BLAS ALMADA;679,66;$;2;GRUPO PEÑAFLOR SA;2,1;0;Contado;9/4/2026 17:26;;Smirnoff;Standard (S);No definido;;;Vodka;PEÑAFLOR GRUPO OBJETIVO;;;20032;GRIBAUDO ESTEBAN;AXUM;;;False;153311;0;Lista General;Autoservicio Tradicional - P;12365;8/4/2026;2;LESCANO FRANCO DARIO
30014;SAENZ PEÑA 770;SAN FRANCISCO;8/4/2026;9/4/2026;8/4/2026;FAC-A0006-00061428;Venta;P&P LOGISTICA S.R.L;35107;12;22914,87;27726,99;ALICIA RAQUEL YBAÑEZ;;6,00%;8;ALVAREZ VANESA  KAFF;8030;GORDON´S TONIC 4X6X473;1909,57;3572;;TRADITIONAL TRADE;Autoservicio Tradicional;18653,4;BLAS ALMADA;121,89;$;2;GRUPO PEÑAFLOR SA;5,676;0;Contado;9/4/2026 17:26;;Gordon´s;RTD (S);No definido;;;RTD (S);PEÑAFLOR GRUPO OBJETIVO;;;20032;GRIBAUDO ESTEBAN;AXUM;;;False;153311;0;Lista General;Autoservicio Tradicional - P;12365;8/4/2026;2;LESCANO FRANCO DARIO
30044;LINIERS 183;SAN FRANCISCO;8/4/2026;9/4/2026;8/4/2026;FAC-A0006-00061435;Venta;P&P LOGISTICA S.R.L;74608;12;48100,5;58201,61;YAQIN XU;;10,00%;8;ALVAREZ VANESA  KAFF;8030;ALMA MORA SEL RVE MALBEC 6X750;4008,38;3572;;TRADITIONAL TRADE;Autoservicio Tradicional;40895,64;BLAS ALMADA;445,38;$;2;GRUPO PEÑAFLOR SA;9;0;Contado;9/4/2026 17:26;;Alma Mora;Superior;No definido;;;Vinos del Año;PEÑAFLOR GRUPO OBJETIVO;;;20032;GRIBAUDO ESTEBAN;AXUM;;;False;153329;0;Lista General;Autoservicio Tradicional - P;12365;8/4/2026;2;LESCANO FRANCO DARIO
30044;LINIERS 183;SAN FRANCISCO;8/4/2026;9/4/2026;8/4/2026;FAC-A0006-00061435;Venta;P&P LOGISTICA S.R.L;41682;6;26719,36;32330,43;YAQIN XU;;10,00%;8;ALVAREZ VANESA  KAFF;8030;DON DAVID MALBEC 6X750;4453,23;3572;;TRADITIONAL TRADE;Autoservicio Tradicional;22717,14;BLAS ALMADA;494,8;$;2;GRUPO PEÑAFLOR SA;4,5;0;Contado;9/4/2026 17:26;;Don David;Superior;No definido;;;Vinos del Año;PEÑAFLOR GRUPO OBJETIVO;;;20032;GRIBAUDO ESTEBAN;AXUM;;;False;153329;0;Lista General;Autoservicio Tradicional - P;12365;8/4/2026;2;LESCANO FRANCO DARIO
30014;SAENZ PEÑA 770;SAN FRANCISCO;8/4/2026;9/4/2026;8/4/2026;FAC-A0006-00061437;Venta;P&P LOGISTICA S.R.L;74209;6;19979,89;24175,67;ALICIA RAQUEL YBAÑEZ;;10,00%;8;ALVAREZ VANESA  KAFF;8030;ALMA MORA SYRAH 6X750;3329,98;3572;;TRADITIONAL TRADE;Autoservicio Tradicional;16987,14;BLAS ALMADA;370;$;2;GRUPO PEÑAFLOR SA;4,5;0;Contado;9/4/2026 17:26;;Alma Mora;Alto;No definido;;;Vinos del Año;PEÑAFLOR GRUPO OBJETIVO;;;20032;GRIBAUDO ESTEBAN;AXUM;;;False;153340;0;Lista General;Autoservicio Tradicional - P;12368;8/4/2026;2;LESCANO FRANCO DARIO
30014;SAENZ PEÑA 770;SAN FRANCISCO;8/4/2026;9/4/2026;8/4/2026;FAC-A0006-00061437;Venta;P&P LOGISTICA S.R.L;35105;12;21823,75;26406,74;ALICIA RAQUEL YBAÑEZ;;6,00%;8;ALVAREZ VANESA  KAFF;8030;SMF ICE RED BERRIE LAT 4X6X473;1818,65;3572;;TRADITIONAL TRADE;Autoservicio Tradicional;17765,28;BLAS ALMADA;116,08;$;2;GRUPO PEÑAFLOR SA;5,676;0;Contado;9/4/2026 17:26;;Smirnoff Ice Flavours;RTD (s);No definido;;;RTD (S);PEÑAFLOR GRUPO OBJETIVO;;;20032;GRIBAUDO ESTEBAN;AXUM;;;False;153340;0;Lista General;Autoservicio Tradicional - P;12368;8/4/2026;2;LESCANO FRANCO DARIO
30014;SAENZ PEÑA 770;SAN FRANCISCO;8/4/2026;9/4/2026;8/4/2026;FAC-A0006-00061438;Venta;P&P LOGISTICA S.R.L;80010;6;16433,98;19885,12;ALICIA RAQUEL YBAÑEZ;;10,00%;8;ALVAREZ VANESA  KAFF;8030;LOS ARBOLES SEL MALBEC 6X750;2739;3572;;TRADITIONAL TRADE;Autoservicio Tradicional;14391,54;BLAS ALMADA;304,33;$;2;GRUPO PEÑAFLOR SA;4,5;0;Contado;9/4/2026 17:26;;Los Arboles;Medio Alto;No definido;;;Vinos del Año;Grupo Peñaflor,PEÑAFLOR GRUPO OBJETIVO;;;20032;GRIBAUDO ESTEBAN;AXUM;;;False;153341;0;Lista General;Autoservicio Tradicional - P;12368;8/4/2026;2;LESCANO FRANCO DARIO
30014;SAENZ PEÑA 770;SAN FRANCISCO;8/4/2026;9/4/2026;8/4/2026;FAC-A0006-00061438;Venta;P&P LOGISTICA S.R.L;80007;6;16433,98;19885,12;ALICIA RAQUEL YBAÑEZ;;10,00%;8;ALVAREZ VANESA  KAFF;8030;LOS ARBOLES SEL CABERNET 6X750;2739;3572;;TRADITIONAL TRADE;Autoservicio Tradicional;14391,54;BLAS ALMADA;304,33;$;2;GRUPO PEÑAFLOR SA;4,5;0;Contado;9/4/2026 17:26;;;Medio Alto;No definido;;;Vinos del Año;PEÑAFLOR GRUPO OBJETIVO;;;20032;GRIBAUDO ESTEBAN;AXUM;;;False;153341;0;Lista General;Autoservicio Tradicional - P;12368;8/4/2026;2;LESCANO FRANCO DARIO
30014;SAENZ PEÑA 770;SAN FRANCISCO;8/4/2026;9/4/2026;8/4/2026;FAC-A0006-00061438;Venta;P&P LOGISTICA S.R.L;74569;6;18990,88;22978,97;ALICIA RAQUEL YBAÑEZ;;10,00%;8;ALVAREZ VANESA  KAFF;8030;DADA N°8 CHOCOLATE 6X750 ;3165,15;3572;;TRADITIONAL TRADE;Autoservicio Tradicional;16146,3;BLAS ALMADA;351,68;$;2;GRUPO PEÑAFLOR SA;4,5;0;Contado;9/4/2026 17:26;;Dada;Alto;No definido;;;Vinos del Año;PEÑAFLOR GRUPO OBJETIVO;;;20032;GRIBAUDO ESTEBAN;AXUM;;;False;153341;0;Lista General;Autoservicio Tradicional - P;12368;8/4/2026;2;LESCANO FRANCO DARIO
30014;SAENZ PEÑA 770;SAN FRANCISCO;8/4/2026;9/4/2026;8/4/2026;FAC-A0006-00061438;Venta;P&P LOGISTICA S.R.L;74736;6;19979,24;24174,89;ALICIA RAQUEL YBAÑEZ;;10,00%;8;ALVAREZ VANESA  KAFF;8030;ALMA MORA MERLOT 6X750;3329,87;3572;;TRADITIONAL TRADE;Autoservicio Tradicional;16986,6;BLAS ALMADA;369,99;$;2;GRUPO PEÑAFLOR SA;0;0;Contado;9/4/2026 17:26;;Finca Las Moras;Alto;No definido;;-No Definido-;Vinos del Año;PEÑAFLOR GRUPO OBJETIVO;;;20032;GRIBAUDO ESTEBAN;AXUM;;;False;153341;0;Lista General;Autoservicio Tradicional - P;12368;8/4/2026;2;LESCANO FRANCO DARIO
1239;B° SARMIENTO-MENDOZA 159;San Francisco;8/4/2026;9/4/2026;8/4/2026;FAC-A0006-00061455;Venta;P&P LOGISTICA S.R.L;74210;12;41734,42;50498,65;STETTLER PABLO DAVID;;6,00%;8;ALVAREZ VANESA  KAFF;8030;ALMA MORA MALBEC 6X750;3477,87;3572;;CASH&CARRY;Mayoristas;33956,16;BLAS ALMADA;221,99;$;2;GRUPO PEÑAFLOR SA;9;0;Contado;9/4/2026 17:26;;Alma Mora;Alto;No definido;;;Vinos del Año;PEÑAFLOR GRUPO OBJETIVO;;;20032;GRIBAUDO ESTEBAN;AXUM;;;False;153404;0;Lista General;Mayoristas - C;12373;8/4/2026;BD-003;VILLAFAÑE MARIANO
1239;B° SARMIENTO-MENDOZA 159;San Francisco;8/4/2026;9/4/2026;8/4/2026;FAC-A0006-00061455;Venta;P&P LOGISTICA S.R.L;14619;18;33768,4;40859,76;STETTLER PABLO DAVID;;5,00%;8;ALVAREZ VANESA  KAFF;8030;FRIZZE BUBBLE MOOD 6X1000;1876,02;3572;;CASH&CARRY;Mayoristas;27199,26;BLAS ALMADA;98,74;$;2;GRUPO PEÑAFLOR SA;0;0;Contado;9/4/2026 17:26;;;;;;;;PEÑAFLOR GRUPO OBJETIVO;;;20032;GRIBAUDO ESTEBAN;AXUM;;;False;153404;0;Lista General;Mayoristas - C;12373;8/4/2026;BD-003;VILLAFAÑE MARIANO
1239;B° SARMIENTO-MENDOZA 159;San Francisco;8/4/2026;9/4/2026;8/4/2026;FAC-A0006-00061456;Venta;P&P LOGISTICA S.R.L;74210;18;62601,63;75747,97;STETTLER PABLO DAVID;;6,00%;8;ALVAREZ VANESA  KAFF;8030;ALMA MORA MALBEC 6X750;3477,87;3572;;CASH&CARRY;Mayoristas;50934,24;BLAS ALMADA;221,99;$;2;GRUPO PEÑAFLOR SA;13,5;0;Contado;9/4/2026 17:26;;Alma Mora;Alto;No definido;;;Vinos del Año;PEÑAFLOR GRUPO OBJETIVO;;;20032;GRIBAUDO ESTEBAN;AXUM;;;False;153405;0;Lista General;Mayoristas - C;12373;8/4/2026;BD-003;VILLAFAÑE MARIANO
1082;RUTA 14 0;Los Hornillos;8/4/2026;7/4/2026;7/4/2026;FAC-A0008-00002436;Venta;P&P LOGISTICA S.R.L;74608;3;12559,58;15197,09;VELASCO PATRICIA ALEJANDRA;;6,00%;9;SANCHEZ FERNANDO JAVIER;9002;ALMA MORA SEL RVE MALBEC 6X750;4186,53;3567;;ALMACENES;ALMACENES;10223,91;CHOFER VILLA DOLORES BEBIDA;267,23;$;2;GRUPO PEÑAFLOR SA;2,25;0;Contado;13/4/2026 10:12;;Alma Mora;Superior;No definido;;;Vinos del Año;PEÑAFLOR GRUPO OBJETIVO;;;1002;BENITEZ RAUL;AXUM;;;False;153208;0;Lista General;ALMACENES - C;12356;9/4/2026;BD-003;VILLAFAÑE MARIANO
1082;RUTA 14 0;Los Hornillos;8/4/2026;7/4/2026;7/4/2026;FAC-A0008-00002436;Venta;P&P LOGISTICA S.R.L;74393;3;9917,46;12000,13;VELASCO PATRICIA ALEJANDRA;;6,00%;9;SANCHEZ FERNANDO JAVIER;9002;DADA FMORAS N°1 6X750;3305,82;3567;;ALMACENES;ALMACENES;7669,5;CHOFER VILLA DOLORES BEBIDA;211,01;$;2;GRUPO PEÑAFLOR SA;2,25;0;Contado;13/4/2026 10:12;;Dada;Alto;No definido;;;Vinos del Año;PEÑAFLOR GRUPO OBJETIVO;;;1002;BENITEZ RAUL;AXUM;;;False;153208;0;Lista General;ALMACENES - C;12356;9/4/2026;BD-003;VILLAFAÑE MARIANO
769;ruta provincial 14 0;Las Rabonas;8/4/2026;7/4/2026;7/4/2026;FAC-A0008-00002437;Venta;P&P LOGISTICA S.R.L;72859;3;7130,08;8627,4;PEREYRA PABLO NICOLAS;;10,00%;9;SANCHEZ FERNANDO JAVIER;9005;F.LAS MORAS MALBEC 6X750;2376,69;3571;;TRADITIONAL TRADE;Autoservicio Tradicional;5931,72;CHOFER VILLA DOLORES BEBIDA;264,08;$;2;GRUPO PEÑAFLOR SA;2,25;0;Contado;15/4/2026 16:24;;Finca Las Moras;Medio Alto;No definido;;;Vinos del Año;PEÑAFLOR GRUPO OBJETIVO;;;1002;BENITEZ RAUL;AXUM;;;False;153224;0;Lista General;Autoservicio Tradicional - C;12358;7/4/2026;BD-003;VILLAFAÑE MARIANO
769;ruta provincial 14 0;Las Rabonas;8/4/2026;7/4/2026;7/4/2026;FAC-A0008-00002437;Venta;P&P LOGISTICA S.R.L;80007;3;8216,99;9942,56;PEREYRA PABLO NICOLAS;;10,00%;9;SANCHEZ FERNANDO JAVIER;9005;LOS ARBOLES SEL CABERNET 6X750;2739;3571;;TRADITIONAL TRADE;Autoservicio Tradicional;7195,77;CHOFER VILLA DOLORES BEBIDA;304,33;$;2;GRUPO PEÑAFLOR SA;2,25;0;Contado;15/4/2026 16:24;;;Medio Alto;No definido;;;Vinos del Año;PEÑAFLOR GRUPO OBJETIVO;;;1002;BENITEZ RAUL;AXUM;;;False;153224;0;Lista General;Autoservicio Tradicional - C;12358;7/4/2026;BD-003;VILLAFAÑE MARIANO
769;ruta provincial 14 0;Las Rabonas;8/4/2026;7/4/2026;7/4/2026;FAC-A0008-00002437;Venta;P&P LOGISTICA S.R.L;80010;3;8216,99;9942,56;PEREYRA PABLO NICOLAS;;10,00%;9;SANCHEZ FERNANDO JAVIER;9005;LOS ARBOLES SEL MALBEC 6X750;2739;3571;;TRADITIONAL TRADE;Autoservicio Tradicional;7195,77;CHOFER VILLA DOLORES BEBIDA;304,33;$;2;GRUPO PEÑAFLOR SA;2,25;0;Contado;15/4/2026 16:24;;Los Arboles;Medio Alto;No definido;;;Vinos del Año;Grupo Peñaflor,PEÑAFLOR GRUPO OBJETIVO;;;1002;BENITEZ RAUL;AXUM;;;False;153224;0;Lista General;Autoservicio Tradicional - C;12358;7/4/2026;BD-003;VILLAFAÑE MARIANO
769;ruta provincial 14 0;Las Rabonas;8/4/2026;7/4/2026;7/4/2026;FAC-A0008-00002437;Venta;P&P LOGISTICA S.R.L;74210;6;19979,24;24174,89;PEREYRA PABLO NICOLAS;;10,00%;9;SANCHEZ FERNANDO JAVIER;9005;ALMA MORA MALBEC 6X750;3329,87;3571;;TRADITIONAL TRADE;Autoservicio Tradicional;16978,08;CHOFER VILLA DOLORES BEBIDA;369,99;$;2;GRUPO PEÑAFLOR SA;4,5;0;Contado;15/4/2026 16:24;;Alma Mora;Alto;No definido;;;Vinos del Año;PEÑAFLOR GRUPO OBJETIVO;;;1002;BENITEZ RAUL;AXUM;;;False;153224;0;Lista General;Autoservicio Tradicional - C;12358;7/4/2026;BD-003;VILLAFAÑE MARIANO
769;ruta provincial 14 0;Las Rabonas;8/4/2026;7/4/2026;7/4/2026;FAC-A0008-00002437;Venta;P&P LOGISTICA S.R.L;41682;3;13359,68;16165,21;PEREYRA PABLO NICOLAS;;10,00%;9;SANCHEZ FERNANDO JAVIER;9005;DON DAVID MALBEC 6X750;4453,23;3571;;TRADITIONAL TRADE;Autoservicio Tradicional;11358,57;CHOFER VILLA DOLORES BEBIDA;494,8;$;2;GRUPO PEÑAFLOR SA;2,25;0;Contado;15/4/2026 16:24;;Don David;Superior;No definido;;;Vinos del Año;PEÑAFLOR GRUPO OBJETIVO;;;1002;BENITEZ RAUL;AXUM;;;False;153224;0;Lista General;Autoservicio Tradicional - C;12358;7/4/2026;BD-003;VILLAFAÑE MARIANO
769;ruta provincial 14 0;Las Rabonas;8/4/2026;7/4/2026;7/4/2026;FAC-A0008-00002437;Venta;P&P LOGISTICA S.R.L;72867;3;17895,92;21654,07;PEREYRA PABLO NICOLAS;;10,00%;9;SANCHEZ FERNANDO JAVIER;9005;FOND CAVE RVA MALBEC 6X750;5965,31;3571;;TRADITIONAL TRADE;Autoservicio Tradicional;15671,79;CHOFER VILLA DOLORES BEBIDA;662,81;$;2;GRUPO PEÑAFLOR SA;2,25;0;Contado;15/4/2026 16:24;;Fond De Cave;Premium;No definido;;;Vino de Guarda;PEÑAFLOR GRUPO OBJETIVO;;;1002;BENITEZ RAUL;AXUM;;;False;153224;0;Lista General;Autoservicio Tradicional - C;12358;7/4/2026;BD-003;VILLAFAÑE MARIANO
769;ruta provincial 14 0;Las Rabonas;8/4/2026;7/4/2026;7/4/2026;FAC-A0008-00002437;Venta;P&P LOGISTICA S.R.L;14583;6;11137,65;13476,55;PEREYRA PABLO NICOLAS;;6,00%;9;SANCHEZ FERNANDO JAVIER;9005;FRIZZE EVOL BLUE NEW X1000;1856,27;3571;;TRADITIONAL TRADE;Autoservicio Tradicional;9066,42;CHOFER VILLA DOLORES BEBIDA;118,49;$;2;GRUPO PEÑAFLOR SA;6;0;Contado;15/4/2026 16:24;;#¿NOMBRE?;RTD (S);No definido;;;RTD (S);PEÑAFLOR GRUPO OBJETIVO;;;1002;BENITEZ RAUL;AXUM;;;False;153224;0;Lista General;Autoservicio Tradicional - C;12358;7/4/2026;BD-003;VILLAFAÑE MARIANO
2201;JOSE A VOCOS 72;ARROYITO;8/4/2026;9/4/2026;7/4/2026;FAC-B0006-00013065;Venta;P&P LOGISTICA S.R.L;30022;6;38332,94;46382,85;LUNA SANDRA;;6,00%;10;ORTEGA MILAGROS DESIREE;1020;SMIRNOFF RASPBERRY DO 6X700;6388,82;3569;;TRADITIONAL TRADE;Kiosco/Maxikiosco;32124,3;DELGADO MAYCO JOAQUIN;407,8;$;2;GRUPO PEÑAFLOR SA;4,2;0;Contado;9/4/2026 17:56;;Smirnoff;Standard (S);No definido;;;Vodka;PEÑAFLOR GRUPO OBJETIVO;;;20032;GRIBAUDO ESTEBAN;AXUM;;;False;153258;0;Lista General;Kiosco/Maxikiosco - B;12355;7/4/2026;2;LESCANO FRANCO DARIO
7600;1 DE MAYO 1264;SAN FRANCISCO;8/4/2026;9/4/2026;8/4/2026;FAC-B0006-00013078;Venta;P&P LOGISTICA S.R.L;42102;3;9077,3;10983,53;PEREZ MARIA SANDRA;;6,00%;3;GAMBINO NADIA;3030;ELEMENTOS MALBEC 6X750 ;3025,77;3572;;TRADITIONAL TRADE;Almacen/Despensa;7019,76;BLAS ALMADA;193,13;$;2;GRUPO PEÑAFLOR SA;2,25;0;Contado;9/4/2026 17:26;;ELEMENTOS;Alto;No definido;;;Vinos del Año;PEÑAFLOR GRUPO OBJETIVO;;;20032;GRIBAUDO ESTEBAN;AXUM;;;False;153337;0;Lista General;Almacen/Despensa - C;12365;8/4/2026;2;LESCANO FRANCO DARIO
7600;1 DE MAYO 1264;SAN FRANCISCO;8/4/2026;9/4/2026;8/4/2026;FAC-B0006-00013078;Venta;P&P LOGISTICA S.R.L;74814;3;8397,68;10161,19;PEREZ MARIA SANDRA;;6,00%;3;GAMBINO NADIA;3030;CAZADOR MALBEC 6X750;2799,23;3572;;TRADITIONAL TRADE;Almacen/Despensa;6835,98;BLAS ALMADA;178,67;$;2;GRUPO PEÑAFLOR SA;0;0;Contado;9/4/2026 17:26;;;;;;;;PEÑAFLOR GRUPO OBJETIVO;;;20032;GRIBAUDO ESTEBAN;AXUM;;;False;153337;0;Lista General;Almacen/Despensa - C;12365;8/4/2026;2;LESCANO FRANCO DARIO
1089;RUTA 14 0;Los Hornillos;8/4/2026;7/4/2026;7/4/2026;FAC-B0008-00000511;Venta;P&P LOGISTICA S.R.L;80004;3;6339,2;7670,43;CHEN MIN;;10,00%;9;SANCHEZ FERNANDO JAVIER;9002;SAN TELMO MALBEC X750;2113,07;3567;;TRADITIONAL TRADE;Autoservicio Tradicional;5551,35;CHOFER VILLA DOLORES BEBIDA;234,79;$;2;GRUPO PEÑAFLOR SA;2,25;0;Contado;13/4/2026 10:12;;;Medio;No definido;;;Vinos del Año;Grupo Peñaflor,PEÑAFLOR GRUPO OBJETIVO;;;1002;BENITEZ RAUL;AXUM;;;False;153189;0;Lista General;Autoservicio Tradicional - C;12349;7/4/2026;BD-003;VILLAFAÑE MARIANO
1089;RUTA 14 0;Los Hornillos;8/4/2026;7/4/2026;7/4/2026;FAC-B0008-00000511;Venta;P&P LOGISTICA S.R.L;72867;3;17895,92;21654,07;CHEN MIN;;10,00%;9;SANCHEZ FERNANDO JAVIER;9002;FOND CAVE RVA MALBEC 6X750;5965,31;3567;;TRADITIONAL TRADE;Autoservicio Tradicional;15671,79;CHOFER VILLA DOLORES BEBIDA;662,81;$;2;GRUPO PEÑAFLOR SA;2,25;0;Contado;13/4/2026 10:12;;Fond De Cave;Premium;No definido;;;Vino de Guarda;PEÑAFLOR GRUPO OBJETIVO;;;1002;BENITEZ RAUL;AXUM;;;False;153189;0;Lista General;Autoservicio Tradicional - C;12349;7/4/2026;BD-003;VILLAFAÑE MARIANO
1089;RUTA 14 0;Los Hornillos;8/4/2026;7/4/2026;7/4/2026;FAC-B0008-00000511;Venta;P&P LOGISTICA S.R.L;70201;3;12972,15;15696,3;CHEN MIN;;10,00%;9;SANCHEZ FERNANDO JAVIER;9002;FOND CAVE CABSAU 6X750;4324,05;3567;;TRADITIONAL TRADE;Autoservicio Tradicional;11029,08;CHOFER VILLA DOLORES BEBIDA;480,45;$;2;GRUPO PEÑAFLOR SA;2,25;0;Contado;13/4/2026 10:12;;Fond De Cave;Superior;No definido;;;Vinos del Año;PEÑAFLOR GRUPO OBJETIVO;;;1002;BENITEZ RAUL;AXUM;;;False;153189;0;Lista General;Autoservicio Tradicional - C;12349;7/4/2026;BD-003;VILLAFAÑE MARIANO
1089;RUTA 14 0;Los Hornillos;8/4/2026;7/4/2026;7/4/2026;FAC-B0008-00000511;Venta;P&P LOGISTICA S.R.L;74146;3;12972,15;15696,3;CHEN MIN;;10,00%;9;SANCHEZ FERNANDO JAVIER;9002;FOND CAVE MALBEC 6X750 ;4324,05;3567;;TRADITIONAL TRADE;Autoservicio Tradicional;11029,08;CHOFER VILLA DOLORES BEBIDA;480,45;$;2;GRUPO PEÑAFLOR SA;2,25;0;Contado;13/4/2026 10:12;;Fond De Cave;Superior;No definido;;;Vinos del Año;PEÑAFLOR GRUPO OBJETIVO;;;1002;BENITEZ RAUL;AXUM;;;False;153189;0;Lista General;Autoservicio Tradicional - C;12349;7/4/2026;BD-003;VILLAFAÑE MARIANO
1089;RUTA 14 0;Los Hornillos;8/4/2026;7/4/2026;7/4/2026;FAC-B0008-00000511;Venta;P&P LOGISTICA S.R.L;74608;3;12025,13;14550,4;CHEN MIN;;10,00%;9;SANCHEZ FERNANDO JAVIER;9002;ALMA MORA SEL RVE MALBEC 6X750;4008,38;3567;;TRADITIONAL TRADE;Autoservicio Tradicional;10223,91;CHOFER VILLA DOLORES BEBIDA;445,38;$;2;GRUPO PEÑAFLOR SA;2,25;0;Contado;13/4/2026 10:12;;Alma Mora;Superior;No definido;;;Vinos del Año;PEÑAFLOR GRUPO OBJETIVO;;;1002;BENITEZ RAUL;AXUM;;;False;153189;0;Lista General;Autoservicio Tradicional - C;12349;7/4/2026;BD-003;VILLAFAÑE MARIANO
1089;RUTA 14 0;Los Hornillos;8/4/2026;7/4/2026;7/4/2026;FAC-B0008-00000511;Venta;P&P LOGISTICA S.R.L;80022;3;12690,41;15355,39;CHEN MIN;;10,00%;9;SANCHEZ FERNANDO JAVIER;9002;COLECCION PRIVADA MALBEC;4230,14;3567;;TRADITIONAL TRADE;Autoservicio Tradicional;10789,53;CHOFER VILLA DOLORES BEBIDA;470,02;$;2;GRUPO PEÑAFLOR SA;2,25;0;Contado;13/4/2026 10:12;;;-No Definido-;No definido;;;Vinos del Año;Grupo Peñaflor,PEÑAFLOR GRUPO OBJETIVO;;;1002;BENITEZ RAUL;AXUM;;;False;153189;0;Lista General;Autoservicio Tradicional - C;12349;7/4/2026;BD-003;VILLAFAÑE MARIANO
1089;RUTA 14 0;Los Hornillos;8/4/2026;7/4/2026;7/4/2026;FAC-B0008-00000511;Venta;P&P LOGISTICA S.R.L;74569;3;9495,44;11489,48;CHEN MIN;;10,00%;9;SANCHEZ FERNANDO JAVIER;9002;DADA N°8 CHOCOLATE 6X750 ;3165,15;3567;;TRADITIONAL TRADE;Autoservicio Tradicional;8073,15;CHOFER VILLA DOLORES BEBIDA;351,68;$;2;GRUPO PEÑAFLOR SA;2,25;0;Contado;13/4/2026 10:12;;Dada;Alto;No definido;;;Vinos del Año;PEÑAFLOR GRUPO OBJETIVO;;;1002;BENITEZ RAUL;AXUM;;;False;153189;0;Lista General;Autoservicio Tradicional - C;12349;7/4/2026;BD-003;VILLAFAÑE MARIANO
751;BELGRANO ESQ CHAMPAQUI 0;Villa de las Rosas;8/4/2026;7/4/2026;7/4/2026;FAC-B0008-00000512;Venta;P&P LOGISTICA S.R.L;74608;3;12559,58;15197,09;OVIEDO CLAUDIA ALEJANDRA;;6,00%;9;SANCHEZ FERNANDO JAVIER;9005;ALMA MORA SEL RVE MALBEC 6X750;4186,53;3571;;TRADITIONAL TRADE;Autoservicio Tradicional;10223,91;CHOFER VILLA DOLORES BEBIDA;267,23;$;2;GRUPO PEÑAFLOR SA;2,25;0;Contado;15/4/2026 16:24;;Alma Mora;Superior;No definido;;;Vinos del Año;PEÑAFLOR GRUPO OBJETIVO;;;1002;BENITEZ RAUL;AXUM;;Revisar Orden;False;153177;0;Lista General;Autoservicio Tradicional - C;12379;8/4/2026;BD-003;VILLAFAÑE MARIANO
751;BELGRANO ESQ CHAMPAQUI 0;Villa de las Rosas;8/4/2026;7/4/2026;7/4/2026;FAC-B0008-00000512;Venta;P&P LOGISTICA S.R.L;74210;3;10433,61;12624,66;OVIEDO CLAUDIA ALEJANDRA;;6,00%;9;SANCHEZ FERNANDO JAVIER;9005;ALMA MORA MALBEC 6X750;3477,87;3571;;TRADITIONAL TRADE;Autoservicio Tradicional;8489,04;CHOFER VILLA DOLORES BEBIDA;221,99;$;2;GRUPO PEÑAFLOR SA;2,25;0;Contado;15/4/2026 16:24;;Alma Mora;Alto;No definido;;;Vinos del Año;PEÑAFLOR GRUPO OBJETIVO;;;1002;BENITEZ RAUL;AXUM;;Revisar Orden;False;153177;0;Lista General;Autoservicio Tradicional - C;12379;8/4/2026;BD-003;VILLAFAÑE MARIANO
751;BELGRANO ESQ CHAMPAQUI 0;Villa de las Rosas;8/4/2026;7/4/2026;7/4/2026;FAC-B0008-00000512;Venta;P&P LOGISTICA S.R.L;42102;3;9077,3;10983,53;OVIEDO CLAUDIA ALEJANDRA;;6,00%;9;SANCHEZ FERNANDO JAVIER;9005;ELEMENTOS MALBEC 6X750 ;3025,77;3571;;TRADITIONAL TRADE;Autoservicio Tradicional;7019,76;CHOFER VILLA DOLORES BEBIDA;193,13;$;2;GRUPO PEÑAFLOR SA;2,25;0;Contado;15/4/2026 16:24;;ELEMENTOS;Alto;No definido;;;Vinos del Año;PEÑAFLOR GRUPO OBJETIVO;;;1002;BENITEZ RAUL;AXUM;;Revisar Orden;False;153177;0;Lista General;Autoservicio Tradicional - C;12379;8/4/2026;BD-003;VILLAFAÑE MARIANO
751;BELGRANO ESQ CHAMPAQUI 0;Villa de las Rosas;8/4/2026;7/4/2026;7/4/2026;FAC-B0008-00000512;Venta;P&P LOGISTICA S.R.L;74393;3;9917,46;12000,13;OVIEDO CLAUDIA ALEJANDRA;;6,00%;9;SANCHEZ FERNANDO JAVIER;9005;DADA FMORAS N°1 6X750;3305,82;3571;;TRADITIONAL TRADE;Autoservicio Tradicional;7669,5;CHOFER VILLA DOLORES BEBIDA;211,01;$;2;GRUPO PEÑAFLOR SA;2,25;0;Contado;15/4/2026 16:24;;Dada;Alto;No definido;;;Vinos del Año;PEÑAFLOR GRUPO OBJETIVO;;;1002;BENITEZ RAUL;AXUM;;Revisar Orden;False;153177;0;Lista General;Autoservicio Tradicional - C;12379;8/4/2026;BD-003;VILLAFAÑE MARIANO
751;BELGRANO ESQ CHAMPAQUI 0;Villa de las Rosas;8/4/2026;7/4/2026;7/4/2026;FAC-B0008-00000512;Venta;P&P LOGISTICA S.R.L;74395;3;9917,46;12000,13;OVIEDO CLAUDIA ALEJANDRA;;6,00%;9;SANCHEZ FERNANDO JAVIER;9005;DADA FMORAS N°2 6X750 ;3305,82;3571;;TRADITIONAL TRADE;Autoservicio Tradicional;7669,5;CHOFER VILLA DOLORES BEBIDA;211,01;$;2;GRUPO PEÑAFLOR SA;2,25;0;Contado;15/4/2026 16:24;;Dada;Alto;No definido;;;Vinos del Año;PEÑAFLOR GRUPO OBJETIVO;;;1002;BENITEZ RAUL;AXUM;;Revisar Orden;False;153177;0;Lista General;Autoservicio Tradicional - C;12379;8/4/2026;BD-003;VILLAFAÑE MARIANO
751;BELGRANO ESQ CHAMPAQUI 0;Villa de las Rosas;8/4/2026;7/4/2026;7/4/2026;FAC-B0008-00000512;Venta;P&P LOGISTICA S.R.L;74504;3;9917,46;12000,13;OVIEDO CLAUDIA ALEJANDRA;;6,00%;9;SANCHEZ FERNANDO JAVIER;9005;DADA ART MALBEC 6X750;3305,82;3571;;TRADITIONAL TRADE;Autoservicio Tradicional;8073,15;CHOFER VILLA DOLORES BEBIDA;211,01;$;2;GRUPO PEÑAFLOR SA;2,25;0;Contado;15/4/2026 16:24;;Dada;Alto;No definido;;;Vinos del Año;PEÑAFLOR GRUPO OBJETIVO;;;1002;BENITEZ RAUL;AXUM;;Revisar Orden;False;153177;0;Lista General;Autoservicio Tradicional - C;12379;8/4/2026;BD-003;VILLAFAÑE MARIANO
751;BELGRANO ESQ CHAMPAQUI 0;Villa de las Rosas;8/4/2026;7/4/2026;7/4/2026;FAC-B0008-00000512;Venta;P&P LOGISTICA S.R.L;80007;3;8582,19;10384,45;OVIEDO CLAUDIA ALEJANDRA;;6,00%;9;SANCHEZ FERNANDO JAVIER;9005;LOS ARBOLES SEL CABERNET 6X750;2860,73;3571;;TRADITIONAL TRADE;Autoservicio Tradicional;7195,77;CHOFER VILLA DOLORES BEBIDA;182,6;$;2;GRUPO PEÑAFLOR SA;2,25;0;Contado;15/4/2026 16:24;;;Medio Alto;No definido;;;Vinos del Año;PEÑAFLOR GRUPO OBJETIVO;;;1002;BENITEZ RAUL;AXUM;;Revisar Orden;False;153177;0;Lista General;Autoservicio Tradicional - C;12379;8/4/2026;BD-003;VILLAFAÑE MARIANO
751;BELGRANO ESQ CHAMPAQUI 0;Villa de las Rosas;8/4/2026;7/4/2026;7/4/2026;FAC-B0008-00000512;Venta;P&P LOGISTICA S.R.L;80010;6;17164,38;20768,9;OVIEDO CLAUDIA ALEJANDRA;;6,00%;9;SANCHEZ FERNANDO JAVIER;9005;LOS ARBOLES SEL MALBEC 6X750;2860,73;3571;;TRADITIONAL TRADE;Autoservicio Tradicional;14391,54;CHOFER VILLA DOLORES BEBIDA;182,6;$;2;GRUPO PEÑAFLOR SA;4,5;0;Contado;15/4/2026 16:24;;Los Arboles;Medio Alto;No definido;;;Vinos del Año;Grupo Peñaflor,PEÑAFLOR GRUPO OBJETIVO;;;1002;BENITEZ RAUL;AXUM;;Revisar Orden;False;153177;0;Lista General;Autoservicio Tradicional - C;12379;8/4/2026;BD-003;VILLAFAÑE MARIANO
751;BELGRANO ESQ CHAMPAQUI 0;Villa de las Rosas;8/4/2026;7/4/2026;7/4/2026;FAC-B0008-00000512;Venta;P&P LOGISTICA S.R.L;72859;3;7446,97;9010,84;OVIEDO CLAUDIA ALEJANDRA;;6,00%;9;SANCHEZ FERNANDO JAVIER;9005;F.LAS MORAS MALBEC 6X750;2482,32;3571;;TRADITIONAL TRADE;Autoservicio Tradicional;5931,72;CHOFER VILLA DOLORES BEBIDA;158,45;$;2;GRUPO PEÑAFLOR SA;2,25;0;Contado;15/4/2026 16:24;;Finca Las Moras;Medio Alto;No definido;;;Vinos del Año;PEÑAFLOR GRUPO OBJETIVO;;;1002;BENITEZ RAUL;AXUM;;Revisar Orden;False;153177;0;Lista General;Autoservicio Tradicional - C;12379;8/4/2026;BD-003;VILLAFAÑE MARIANO
751;BELGRANO ESQ CHAMPAQUI 0;Villa de las Rosas;8/4/2026;7/4/2026;7/4/2026;FAC-B0008-00000512;Venta;P&P LOGISTICA S.R.L;70750;3;7706,3;9324,62;OVIEDO CLAUDIA ALEJANDRA;;6,00%;9;SANCHEZ FERNANDO JAVIER;9005;TRAPICHE ALARIS CABSAUV 6X750 ;2568,77;3571;;TRADITIONAL TRADE;Autoservicio Tradicional;6461,37;CHOFER VILLA DOLORES BEBIDA;163,96;$;2;GRUPO PEÑAFLOR SA;2,25;0;Contado;15/4/2026 16:24;;Alaris;Medio Alto;No definido;;;Vinos del Año;PEÑAFLOR GRUPO OBJETIVO;;;1002;BENITEZ RAUL;AXUM;;Revisar Orden;False;153177;0;Lista General;Autoservicio Tradicional - C;12379;8/4/2026;BD-003;VILLAFAÑE MARIANO
751;BELGRANO ESQ CHAMPAQUI 0;Villa de las Rosas;8/4/2026;7/4/2026;7/4/2026;FAC-B0008-00000512;Venta;P&P LOGISTICA S.R.L;71704;3;7706,3;9324,62;OVIEDO CLAUDIA ALEJANDRA;;6,00%;9;SANCHEZ FERNANDO JAVIER;9005;TRAPICHE ALARIS MALBEC 6X750;2568,77;3571;;TRADITIONAL TRADE;Autoservicio Tradicional;6461,37;CHOFER VILLA DOLORES BEBIDA;163,96;$;2;GRUPO PEÑAFLOR SA;2,25;0;Contado;15/4/2026 16:24;;Alaris;Medio Alto;No definido;;;Vinos del Año;PEÑAFLOR GRUPO OBJETIVO;;;1002;BENITEZ RAUL;AXUM;;Revisar Orden;False;153177;0;Lista General;Autoservicio Tradicional - C;12379;8/4/2026;BD-003;VILLAFAÑE MARIANO
751;BELGRANO ESQ CHAMPAQUI 0;Villa de las Rosas;8/4/2026;7/4/2026;7/4/2026;FAC-B0008-00000512;Venta;P&P LOGISTICA S.R.L;74146;3;13548,69;16393,91;OVIEDO CLAUDIA ALEJANDRA;;6,00%;9;SANCHEZ FERNANDO JAVIER;9005;FOND CAVE MALBEC 6X750 ;4516,23;3571;;TRADITIONAL TRADE;Autoservicio Tradicional;11029,08;CHOFER VILLA DOLORES BEBIDA;288,27;$;2;GRUPO PEÑAFLOR SA;2,25;0;Contado;15/4/2026 16:24;;Fond De Cave;Superior;No definido;;;Vinos del Año;PEÑAFLOR GRUPO OBJETIVO;;;1002;BENITEZ RAUL;AXUM;;Revisar Orden;False;153177;0;Lista General;Autoservicio Tradicional - C;12379;8/4/2026;BD-003;VILLAFAÑE MARIANO
751;BELGRANO ESQ CHAMPAQUI 0;Villa de las Rosas;8/4/2026;7/4/2026;7/4/2026;FAC-B0008-00000512;Venta;P&P LOGISTICA S.R.L;70201;3;13548,69;16393,91;OVIEDO CLAUDIA ALEJANDRA;;6,00%;9;SANCHEZ FERNANDO JAVIER;9005;FOND CAVE CABSAU 6X750;4516,23;3571;;TRADITIONAL TRADE;Autoservicio Tradicional;11029,08;CHOFER VILLA DOLORES BEBIDA;288,27;$;2;GRUPO PEÑAFLOR SA;2,25;0;Contado;15/4/2026 16:24;;Fond De Cave;Superior;No definido;;;Vinos del Año;PEÑAFLOR GRUPO OBJETIVO;;;1002;BENITEZ RAUL;AXUM;;Revisar Orden;False;153177;0;Lista General;Autoservicio Tradicional - C;12379;8/4/2026;BD-003;VILLAFAÑE MARIANO
100;BV LIBERTADOR Y VELEZ SARFIELD 0;MORTEROS;8/4/2026;8/4/2026;8/4/2026;NCR-A0006-00008596;Devolución por Rechazo;P&P LOGISTICA S.R.L;60017;-6;-12757,56;-15436,65;YANDEN S.A.S;Error de Armado: Diferencia de unidades;0,00%;4;GRIBAUDO ANGEL;4010;ANTARES IPA LATA 6X473 (NEW);2126,26;3563;;TRADITIONAL TRADE;Autoservicio Tradicional;-10054,86;ACOSTA FACUNDO;0;$;2;GRUPO PEÑAFLOR SA;0;0;Contado;8/4/2026 17:49;;#¿NOMBRE?;CERVEZA ARTESANAL;No definido;;-No Definido-;CERVEZA ARTESANAL;PEÑAFLOR GRUPO OBJETIVO;;;20032;GRIBAUDO ESTEBAN;Gescom;FAC-A0006-00061231;;True;153435;0;Lista General;Autoservicio Tradicional - B;;1/1/2000;;
1089;RUTA 14 0;Los Hornillos;8/4/2026;7/4/2026;7/4/2026;FAC-B0001-00011800;Venta;Empresa;72859;12;28520,32;34509,58;CHEN MIN;;10,00%;9;SANCHEZ FERNANDO JAVIER;9002;F.LAS MORAS MALBEC 6X750;2376,69;3567;;TRADITIONAL TRADE;Autoservicio Tradicional;23726,88;CHOFER VILLA DOLORES BEBIDA;264,08;$;2;GRUPO PEÑAFLOR SA;9;0;Contado;13/4/2026 10:12;;Finca Las Moras;Medio Alto;No definido;;;Vinos del Año;PEÑAFLOR GRUPO OBJETIVO;;;1002;BENITEZ RAUL;AXUM;;Revisar Orden;False;153227;0;Lista General;Autoservicio Tradicional - C;12360;8/4/2026;BD-003;VILLAFAÑE MARIANO
1089;RUTA 14 0;Los Hornillos;8/4/2026;7/4/2026;7/4/2026;FAC-B0001-00011800;Venta;Empresa;30023;6;61212,9;74067,61;CHEN MIN;;11,00%;9;SANCHEZ FERNANDO JAVIER;9002;WHITE HORSE DO 12X750;10202,15;3567;;TRADITIONAL TRADE;Autoservicio Tradicional;54207,54;CHOFER VILLA DOLORES BEBIDA;1260,94;$;2;GRUPO PEÑAFLOR SA;4,5;0;Contado;13/4/2026 10:12;;White Horse;Standard (S);No definido;;;Whisky;PEÑAFLOR GRUPO OBJETIVO;;;1002;BENITEZ RAUL;AXUM;;Revisar Orden;False;153227;0;Lista General;Autoservicio Tradicional - C;12360;8/4/2026;BD-003;VILLAFAÑE MARIANO
1089;RUTA 14 0;Los Hornillos;8/4/2026;7/4/2026;7/4/2026;FAC-B0001-00011800;Venta;Empresa;35109;6;0;0;CHEN MIN;;100,00%;9;SANCHEZ FERNANDO JAVIER;9002;SMF  BC GRAPEF&LIME  LATA 4X6X473;0;3567;;TRADITIONAL TRADE;Autoservicio Tradicional;9326,7;CHOFER VILLA DOLORES BEBIDA;2031,46;$;2;GRUPO PEÑAFLOR SA;0;0;Contado;13/4/2026 10:12;;Smirnoff Ice Flavours;RTD (s);;;;RTD (S);PEÑAFLOR GRUPO OBJETIVO;;;1002;BENITEZ RAUL;AXUM;;Revisar Orden;False;153227;0;Lista General;Autoservicio Tradicional - C;12360;8/4/2026;BD-003;VILLAFAÑE MARIANO
1089;RUTA 14 0;Los Hornillos;8/4/2026;7/4/2026;7/4/2026;FAC-B0001-00011800;Venta;Empresa;35105;1;0;0;CHEN MIN;;100,00%;9;SANCHEZ FERNANDO JAVIER;9002;SMF ICE RED BERRIE LAT 4X6X473;0;3567;;TRADITIONAL TRADE;Autoservicio Tradicional;1480,44;CHOFER VILLA DOLORES BEBIDA;1934,73;$;2;GRUPO PEÑAFLOR SA;0,473;0;Contado;13/4/2026 10:12;;Smirnoff Ice Flavours;RTD (s);No definido;;;RTD (S);PEÑAFLOR GRUPO OBJETIVO;;;1002;BENITEZ RAUL;AXUM;;Revisar Orden;False;153227;0;Lista General;Autoservicio Tradicional - C;12360;8/4/2026;BD-003;VILLAFAÑE MARIANO
1089;RUTA 14 0;Los Hornillos;8/4/2026;7/4/2026;7/4/2026;FAC-B0001-00011800;Venta;Empresa;35103;8;0;0;CHEN MIN;;100,00%;9;SANCHEZ FERNANDO JAVIER;9002;SMIRNOFF ICE LATA 4X6X473;0;3567;;TRADITIONAL TRADE;Autoservicio Tradicional;11843,52;CHOFER VILLA DOLORES BEBIDA;1934,73;$;2;GRUPO PEÑAFLOR SA;3,784;0;Contado;13/4/2026 10:12;;Smirnoff Ice;RTD (s);No definido;;;RTD (S);PEÑAFLOR GRUPO OBJETIVO;;;1002;BENITEZ RAUL;AXUM;;Revisar Orden;False;153227;0;Lista General;Autoservicio Tradicional - C;12360;8/4/2026;BD-003;VILLAFAÑE MARIANO
937;AV BELGRANO 331;Villa de las Rosas;8/4/2026;7/4/2026;7/4/2026;FAC-A0001-00042229;Venta;Empresa;30022;12;76665,87;92765,71;CALAMANTE CIRO FELIPE;;6,00%;9;SANCHEZ FERNANDO JAVIER;9005;SMIRNOFF RASPBERRY DO 6X700;6388,82;3571;;TRADITIONAL TRADE;Vinoteca;64248,6;CHOFER VILLA DOLORES BEBIDA;407,8;$;2;GRUPO PEÑAFLOR SA;8,4;0;Contado;15/4/2026 16:24;;Smirnoff;Standard (S);No definido;;;Vodka;PEÑAFLOR GRUPO OBJETIVO;;;1002;BENITEZ RAUL;AXUM;;;False;153253;0;Lista General;Vinoteca - C;12357;7/4/2026;BD-003;VILLAFAÑE MARIANO
937;AV BELGRANO 331;Villa de las Rosas;8/4/2026;7/4/2026;7/4/2026;FAC-A0001-00042229;Venta;Empresa;30131;6;38332,94;46382,85;CALAMANTE CIRO FELIPE;;6,00%;9;SANCHEZ FERNANDO JAVIER;9005;SMIRNOFF TROPICAL FRUITS 6X700;6388,82;3571;;TRADITIONAL TRADE;Vinoteca;32124,3;CHOFER VILLA DOLORES BEBIDA;407,8;$;2;GRUPO PEÑAFLOR SA;4,2;0;Contado;15/4/2026 16:24;;Smirnoff;Standard (S);No definido;;;Vodka;PEÑAFLOR GRUPO OBJETIVO;;;1002;BENITEZ RAUL;AXUM;;;False;153253;0;Lista General;Vinoteca - C;12357;7/4/2026;BD-003;VILLAFAÑE MARIANO
937;AV BELGRANO 331;Villa de las Rosas;8/4/2026;7/4/2026;7/4/2026;FAC-A0001-00042229;Venta;Empresa;74473;6;29857,82;36127,96;CALAMANTE CIRO FELIPE;;6,00%;9;SANCHEZ FERNANDO JAVIER;9005;DADA ESPUMANTE ROS6X750 ;4976,3;3571;;TRADITIONAL TRADE;Vinoteca;24293,1;CHOFER VILLA DOLORES BEBIDA;317,64;$;2;GRUPO PEÑAFLOR SA;4,5;0;Contado;15/4/2026 16:24;;Champaña Dada;Champaña Alta y Premium;No definido;;;Espumantes;PEÑAFLOR GRUPO OBJETIVO;;;1002;BENITEZ RAUL;AXUM;;;False;153253;0;Lista General;Vinoteca - C;12357;7/4/2026;BD-003;VILLAFAÑE MARIANO
937;AV BELGRANO 331;Villa de las Rosas;8/4/2026;7/4/2026;7/4/2026;FAC-A0001-00042229;Venta;Empresa;74188;6;14264,85;17260,47;CALAMANTE CIRO FELIPE;;13,00%;9;SANCHEZ FERNANDO JAVIER;9005;TRAPICHE ALARIS DULCE COSECHA 6X750;2377,48;3571;;TRADITIONAL TRADE;Vinoteca;12276,6;CHOFER VILLA DOLORES BEBIDA;355,25;$;2;GRUPO PEÑAFLOR SA;4,5;0;Contado;15/4/2026 16:24;;Alaris;Medio Alto;No definido;;;Vinos del Año;PEÑAFLOR GRUPO OBJETIVO;;;1002;BENITEZ RAUL;AXUM;;;False;153253;0;Lista General;Vinoteca - C;12357;7/4/2026;BD-003;VILLAFAÑE MARIANO
937;AV BELGRANO 331;Villa de las Rosas;8/4/2026;7/4/2026;7/4/2026;FAC-A0001-00042229;Venta;Empresa;74840;6;14264,85;17260,47;CALAMANTE CIRO FELIPE;;13,00%;9;SANCHEZ FERNANDO JAVIER;9005;ALARIS D.COSECHA TINTO 6X750;2377,48;3571;;TRADITIONAL TRADE;Vinoteca;12922,74;CHOFER VILLA DOLORES BEBIDA;355,25;$;2;GRUPO PEÑAFLOR SA;0;0;Contado;15/4/2026 16:24;;Alaris;Medio Alto;;;;Vinos del Año;PEÑAFLOR GRUPO OBJETIVO;;;1002;BENITEZ RAUL;AXUM;;;False;153253;0;Lista General;Vinoteca - C;12357;7/4/2026;BD-003;VILLAFAÑE MARIANO
937;AV BELGRANO 331;Villa de las Rosas;8/4/2026;7/4/2026;7/4/2026;FAC-A0001-00042229;Venta;Empresa;30134;6;58874,21;71237,8;CALAMANTE CIRO FELIPE;;6,00%;9;SANCHEZ FERNANDO JAVIER;9005;GORDON´S PINK GIN 6X700;9812,37;3571;;TRADITIONAL TRADE;Vinoteca;49363,26;CHOFER VILLA DOLORES BEBIDA;626,32;$;2;GRUPO PEÑAFLOR SA;0;0;Contado;15/4/2026 16:24;;#¿NOMBRE?;Standard (S);No definido;;-No Definido-;Gin;PEÑAFLOR GRUPO OBJETIVO;;;1002;BENITEZ RAUL;AXUM;;;False;153253;0;Lista General;Vinoteca - C;12357;7/4/2026;BD-003;VILLAFAÑE MARIANO
937;AV BELGRANO 331;Villa de las Rosas;8/4/2026;7/4/2026;7/4/2026;FAC-A0001-00042229;Venta;Empresa;35105;12;23216,76;28092,28;CALAMANTE CIRO FELIPE;;0,00%;9;SANCHEZ FERNANDO JAVIER;9005;SMF ICE RED BERRIE LAT 4X6X473;1934,73;3571;;TRADITIONAL TRADE;Vinoteca;17765,28;CHOFER VILLA DOLORES BEBIDA;0;$;2;GRUPO PEÑAFLOR SA;5,676;0;Contado;15/4/2026 16:24;;Smirnoff Ice Flavours;RTD (s);No definido;;;RTD (S);PEÑAFLOR GRUPO OBJETIVO;;;1002;BENITEZ RAUL;AXUM;;;False;153253;0;Lista General;Vinoteca - C;12357;7/4/2026;BD-003;VILLAFAÑE MARIANO
302;VICENTA RIOS DE VOCOS 1429;Arroyito;9/4/2026;9/4/2026;9/4/2026;FAC-A0006-00061458;Venta;P&P LOGISTICA S.R.L;30134;6;60640,43;73374,93;GUZMAN ROCIO DEL MILAGRO;;6,00%;2;LUDUEÑA JULIANA;2010;GORDON´S PINK GIN 6X700;10106,74;;;TRADITIONAL TRADE;Almacen/Despensa;49363,26;;645,11;$;2;GRUPO PEÑAFLOR SA;0;0;Contado;9/4/2026 17:41;;#¿NOMBRE?;Standard (S);No definido;;-No Definido-;Gin;PEÑAFLOR GRUPO OBJETIVO;;;20032;GRIBAUDO ESTEBAN;Gescom;;;True;153515;0;Lista General;Almacen/Despensa - B;;1/1/2000;;
302;VICENTA RIOS DE VOCOS 1429;Arroyito;9/4/2026;9/4/2026;9/4/2026;FAC-A0006-00061458;Venta;P&P LOGISTICA S.R.L;30022;24;157931,73;191097,39;GUZMAN ROCIO DEL MILAGRO;;6,00%;2;LUDUEÑA JULIANA;2010;SMIRNOFF RASPBERRY DO 6X700;6580,49;;;TRADITIONAL TRADE;Almacen/Despensa;128497,2;;420,03;$;2;GRUPO PEÑAFLOR SA;16,8;0;Contado;9/4/2026 17:41;;Smirnoff;Standard (S);No definido;;;Vodka;PEÑAFLOR GRUPO OBJETIVO;;;20032;GRIBAUDO ESTEBAN;Gescom;;;True;153515;0;Lista General;Almacen/Despensa - B;;1/1/2000;;
302;VICENTA RIOS DE VOCOS 1429;Arroyito;9/4/2026;9/4/2026;9/4/2026;FAC-A0006-00061458;Venta;P&P LOGISTICA S.R.L;30020;24;157931,73;191097,39;GUZMAN ROCIO DEL MILAGRO;;6,00%;2;LUDUEÑA JULIANA;2010;SMIRNOFF GREEN APPLE DO 6X700;6580,49;;;TRADITIONAL TRADE;Almacen/Despensa;128497,2;;420,03;$;2;GRUPO PEÑAFLOR SA;16,8;0;Contado;9/4/2026 17:41;;Smirnoff;Standard (S);No definido;;;Vodka;PEÑAFLOR GRUPO OBJETIVO;;;20032;GRIBAUDO ESTEBAN;Gescom;;;True;153515;0;Lista General;Almacen/Despensa - B;;1/1/2000;;
302;VICENTA RIOS DE VOCOS 1429;Arroyito;9/4/2026;9/4/2026;9/4/2026;FAC-A0006-00061458;Venta;P&P LOGISTICA S.R.L;30131;12;78965,87;95548,7;GUZMAN ROCIO DEL MILAGRO;;6,00%;2;LUDUEÑA JULIANA;2010;SMIRNOFF TROPICAL FRUITS 6X700;6580,49;;;TRADITIONAL TRADE;Almacen/Despensa;64248,6;;420,03;$;2;GRUPO PEÑAFLOR SA;8,4;0;Contado;9/4/2026 17:41;;Smirnoff;Standard (S);No definido;;;Vodka;PEÑAFLOR GRUPO OBJETIVO;;;20032;GRIBAUDO ESTEBAN;Gescom;;;True;153515;0;Lista General;Almacen/Despensa - B;;1/1/2000;;
302;VICENTA RIOS DE VOCOS 1429;Arroyito;9/4/2026;9/4/2026;9/4/2026;FAC-A0006-00061458;Venta;P&P LOGISTICA S.R.L;35105;24;44111,84;53375,33;GUZMAN ROCIO DEL MILAGRO;;5,00%;2;LUDUEÑA JULIANA;2010;SMF ICE RED BERRIE LAT 4X6X473;1837,99;;;TRADITIONAL TRADE;Almacen/Despensa;35530,56;;96,74;$;2;GRUPO PEÑAFLOR SA;11,352;0;Contado;9/4/2026 17:41;;Smirnoff Ice Flavours;RTD (s);No definido;;;RTD (S);PEÑAFLOR GRUPO OBJETIVO;;;20032;GRIBAUDO ESTEBAN;Gescom;;;True;153515;0;Lista General;Almacen/Despensa - B;;1/1/2000;;
302;VICENTA RIOS DE VOCOS 1429;Arroyito;9/4/2026;9/4/2026;9/4/2026;FAC-A0006-00061458;Venta;P&P LOGISTICA S.R.L;14619;12;22962,45;27784,56;GUZMAN ROCIO DEL MILAGRO;;5,00%;2;LUDUEÑA JULIANA;2010;FRIZZE BUBBLE MOOD 6X1000;1913,54;;;TRADITIONAL TRADE;Almacen/Despensa;18132,84;;100,71;$;2;GRUPO PEÑAFLOR SA;0;0;Contado;9/4/2026 17:41;;;;;;;;PEÑAFLOR GRUPO OBJETIVO;;;20032;GRIBAUDO ESTEBAN;Gescom;;;True;153515;0;Lista General;Almacen/Despensa - B;;1/1/2000;;
297;BV SARMIENTO 1178;LA PARA;9/4/2026;10/4/2026;7/4/2026;FAC-A0006-00061460;Venta;P&P LOGISTICA S.R.L;14507;3;8468,12;10246,43;LUDUEÑA SOFIA DEL CARMEN ;;8,00%;6;PEYRONEL ANDREA;6030;EL BAUTISMO MALBEC 6X750 ;2822,71;3570;;TRADITIONAL TRADE;Almacen/Despensa;7254,48;DELGADO MAYCO JOAQUIN;245,45;$;2;GRUPO PEÑAFLOR SA;2,25;0;Contado;13/4/2026 08:57;;El Bautismo;Medio Alto;No definido;;;Vinos del Año;PEÑAFLOR GRUPO OBJETIVO;;;20032;GRIBAUDO ESTEBAN;AXUM;;;False;153070;0;Lista General;Almacen/Despensa - B;12378;8/4/2026;2;LESCANO FRANCO DARIO
297;BV SARMIENTO 1178;LA PARA;9/4/2026;10/4/2026;7/4/2026;FAC-A0006-00061460;Venta;P&P LOGISTICA S.R.L;14508;3;8468,12;10246,43;LUDUEÑA SOFIA DEL CARMEN ;;8,00%;6;PEYRONEL ANDREA;6030;EL BAUTISMO BLEND TINTAS 6X750 ;2822,71;3570;;TRADITIONAL TRADE;Almacen/Despensa;7254,48;DELGADO MAYCO JOAQUIN;245,45;$;2;GRUPO PEÑAFLOR SA;2,25;0;Contado;13/4/2026 08:57;;El Bautismo;Medio Alto;No definido;;;Vinos del Año;PEÑAFLOR GRUPO OBJETIVO;;;20032;GRIBAUDO ESTEBAN;AXUM;;;False;153070;0;Lista General;Almacen/Despensa - B;12378;8/4/2026;2;LESCANO FRANCO DARIO
2145;ALMIRANTE BROWN 0;VILLA FONTANA;9/4/2026;10/4/2026;7/4/2026;FAC-A0006-00061470;Venta;P&P LOGISTICA S.R.L;74263;6;15084,67;18252,45;ILLARA MARIA ELENA;;8,00%;6;PEYRONEL ANDREA;6020;TRAPICHE ALARIS TORRONTES 6X750 ;2514,11;3570;;TRADITIONAL TRADE;Almacen/Despensa;12922,74;DELGADO MAYCO JOAQUIN;218,62;$;2;GRUPO PEÑAFLOR SA;4,5;0;Contado;13/4/2026 08:57;;Alaris;Medio Alto;No definido;;;Vinos del Año;PEÑAFLOR GRUPO OBJETIVO;;;20032;GRIBAUDO ESTEBAN;AXUM;;;False;153197;0;Lista General;Almacen/Despensa - B;12378;8/4/2026;2;LESCANO FRANCO DARIO
2145;ALMIRANTE BROWN 0;VILLA FONTANA;9/4/2026;10/4/2026;7/4/2026;FAC-A0006-00061470;Venta;P&P LOGISTICA S.R.L;74210;6;20423,23;24712,1;ILLARA MARIA ELENA;;8,00%;6;PEYRONEL ANDREA;6020;ALMA MORA MALBEC 6X750;3403,87;3570;;TRADITIONAL TRADE;Almacen/Despensa;16978,08;DELGADO MAYCO JOAQUIN;295,99;$;2;GRUPO PEÑAFLOR SA;4,5;0;Contado;13/4/2026 08:57;;Alma Mora;Alto;No definido;;;Vinos del Año;PEÑAFLOR GRUPO OBJETIVO;;;20032;GRIBAUDO ESTEBAN;AXUM;;;False;153197;0;Lista General;Almacen/Despensa - B;12378;8/4/2026;2;LESCANO FRANCO DARIO
2145;ALMIRANTE BROWN 0;VILLA FONTANA;9/4/2026;10/4/2026;7/4/2026;FAC-A0006-00061470;Venta;P&P LOGISTICA S.R.L;74504;3;9706,45;11744,81;ILLARA MARIA ELENA;;8,00%;6;PEYRONEL ANDREA;6020;DADA ART MALBEC 6X750;3235,48;3570;;TRADITIONAL TRADE;Almacen/Despensa;8073,15;DELGADO MAYCO JOAQUIN;281,35;$;2;GRUPO PEÑAFLOR SA;2,25;0;Contado;13/4/2026 08:57;;Dada;Alto;No definido;;;Vinos del Año;PEÑAFLOR GRUPO OBJETIVO;;;20032;GRIBAUDO ESTEBAN;AXUM;;;False;153197;0;Lista General;Almacen/Despensa - B;12378;8/4/2026;2;LESCANO FRANCO DARIO
2145;ALMIRANTE BROWN 0;VILLA FONTANA;9/4/2026;10/4/2026;7/4/2026;FAC-A0006-00061470;Venta;P&P LOGISTICA S.R.L;74395;3;9706,45;11744,81;ILLARA MARIA ELENA;;8,00%;6;PEYRONEL ANDREA;6020;DADA FMORAS N°2 6X750 ;3235,48;3570;;TRADITIONAL TRADE;Almacen/Despensa;7669,5;DELGADO MAYCO JOAQUIN;281,35;$;2;GRUPO PEÑAFLOR SA;2,25;0;Contado;13/4/2026 08:57;;Dada;Alto;No definido;;;Vinos del Año;PEÑAFLOR GRUPO OBJETIVO;;;20032;GRIBAUDO ESTEBAN;AXUM;;;False;153197;0;Lista General;Almacen/Despensa - B;12378;8/4/2026;2;LESCANO FRANCO DARIO
91;FONTANA ESQ SAAVEDRA 0;VILLA FONTANA;9/4/2026;10/4/2026;7/4/2026;FAC-A0006-00061473;Venta;P&P LOGISTICA S.R.L;74210;12;41734,42;50498,65;BONAUDI GEORGINA DE LOURDES;;6,00%;6;PEYRONEL ANDREA;6020;ALMA MORA MALBEC 6X750;3477,87;3570;;TRADITIONAL TRADE;Autoservicio Tradicional;33956,16;DELGADO MAYCO JOAQUIN;221,99;$;2;GRUPO PEÑAFLOR SA;9;0;Contado;13/4/2026 08:57;;Alma Mora;Alto;No definido;;;Vinos del Año;PEÑAFLOR GRUPO OBJETIVO;;;20032;GRIBAUDO ESTEBAN;AXUM;;;False;153202;0;Lista General;Autoservicio Tradicional - C;12378;8/4/2026;2;LESCANO FRANCO DARIO
2392;SAN MARTIN 844;La Para;9/4/2026;10/4/2026;7/4/2026;FAC-A0006-00061484;Venta;P&P LOGISTICA S.R.L;30075;18;150970,72;187203,7;CHEN FANG;;12,00%;6;PEYRONEL ANDREA;6030;GORDON´S GIN 6x700;8387,26;3570;;TRADITIONAL TRADE;Autoservicio Tradicional;135212,4;DELGADO MAYCO JOAQUIN;1143,72;$;2;GRUPO PEÑAFLOR SA;12,6;0;Contado;13/4/2026 08:57;;Gordon´s;Standard (S);No definido;;;Gin;PEÑAFLOR GRUPO OBJETIVO;;;20032;GRIBAUDO ESTEBAN;AXUM;;;False;153276;0;Lista General;Autoservicio Tradicional - C;12378;8/4/2026;2;LESCANO FRANCO DARIO
2392;SAN MARTIN 844;La Para;9/4/2026;10/4/2026;7/4/2026;FAC-A0006-00061484;Venta;P&P LOGISTICA S.R.L;30022;282;1686649,22;2091445,03;CHEN FANG;;12,00%;6;PEYRONEL ANDREA;6030;SMIRNOFF RASPBERRY DO 6X700;5981,03;3570;;TRADITIONAL TRADE;Autoservicio Tradicional;1509842,1;DELGADO MAYCO JOAQUIN;815,59;$;2;GRUPO PEÑAFLOR SA;197,4;0;Contado;13/4/2026 08:57;;Smirnoff;Standard (S);No definido;;;Vodka;PEÑAFLOR GRUPO OBJETIVO;;;20032;GRIBAUDO ESTEBAN;AXUM;;;False;153276;0;Lista General;Autoservicio Tradicional - C;12378;8/4/2026;2;LESCANO FRANCO DARIO
1313;SARMIENTO 73;Marull;9/4/2026;10/4/2026;8/4/2026;FAC-A0006-00061487;Venta;P&P LOGISTICA S.R.L;80010;3;8582,19;10384,45;BAEZ NATALIA EUGENIA;;6,00%;6;PEYRONEL ANDREA;6031;LOS ARBOLES SEL MALBEC 6X750;2860,73;3570;;TRADITIONAL TRADE;Almacen/Despensa;7195,77;DELGADO MAYCO JOAQUIN;182,6;$;2;GRUPO PEÑAFLOR SA;2,25;0;Contado;13/4/2026 08:57;;Los Arboles;Medio Alto;No definido;;;Vinos del Año;Grupo Peñaflor,PEÑAFLOR GRUPO OBJETIVO;;;20032;GRIBAUDO ESTEBAN;AXUM;;;False;153392;0;Lista General;Almacen/Despensa - B;12378;8/4/2026;2;LESCANO FRANCO DARIO
1313;SARMIENTO 73;Marull;9/4/2026;10/4/2026;8/4/2026;FAC-A0006-00061487;Venta;P&P LOGISTICA S.R.L;71704;3;7706,3;9324,62;BAEZ NATALIA EUGENIA;;6,00%;6;PEYRONEL ANDREA;6031;TRAPICHE ALARIS MALBEC 6X750;2568,77;3570;;TRADITIONAL TRADE;Almacen/Despensa;6461,37;DELGADO MAYCO JOAQUIN;163,96;$;2;GRUPO PEÑAFLOR SA;2,25;0;Contado;13/4/2026 08:57;;Alaris;Medio Alto;No definido;;;Vinos del Año;PEÑAFLOR GRUPO OBJETIVO;;;20032;GRIBAUDO ESTEBAN;AXUM;;;False;153392;0;Lista General;Almacen/Despensa - B;12378;8/4/2026;2;LESCANO FRANCO DARIO
1313;SARMIENTO 73;Marull;9/4/2026;10/4/2026;8/4/2026;FAC-A0006-00061487;Venta;P&P LOGISTICA S.R.L;80004;3;6620,94;8011,33;BAEZ NATALIA EUGENIA;;6,00%;6;PEYRONEL ANDREA;6031;SAN TELMO MALBEC X750;2206,98;3570;;TRADITIONAL TRADE;Almacen/Despensa;5551,35;DELGADO MAYCO JOAQUIN;140,87;$;2;GRUPO PEÑAFLOR SA;2,25;0;Contado;13/4/2026 08:57;;;Medio;No definido;;;Vinos del Año;Grupo Peñaflor,PEÑAFLOR GRUPO OBJETIVO;;;20032;GRIBAUDO ESTEBAN;AXUM;;;False;153392;0;Lista General;Almacen/Despensa - B;12378;8/4/2026;2;LESCANO FRANCO DARIO
1313;SARMIENTO 73;Marull;9/4/2026;10/4/2026;8/4/2026;FAC-A0006-00061487;Venta;P&P LOGISTICA S.R.L;14507;3;8652,21;10469,18;BAEZ NATALIA EUGENIA;;6,00%;6;PEYRONEL ANDREA;6031;EL BAUTISMO MALBEC 6X750 ;2884,07;3570;;TRADITIONAL TRADE;Almacen/Despensa;7254,48;DELGADO MAYCO JOAQUIN;184,09;$;2;GRUPO PEÑAFLOR SA;2,25;0;Contado;13/4/2026 08:57;;El Bautismo;Medio Alto;No definido;;;Vinos del Año;PEÑAFLOR GRUPO OBJETIVO;;;20032;GRIBAUDO ESTEBAN;AXUM;;;False;153392;0;Lista General;Almacen/Despensa - B;12378;8/4/2026;2;LESCANO FRANCO DARIO
1313;SARMIENTO 73;Marull;9/4/2026;10/4/2026;8/4/2026;FAC-A0006-00061487;Venta;P&P LOGISTICA S.R.L;74210;3;10433,61;12624,66;BAEZ NATALIA EUGENIA;;6,00%;6;PEYRONEL ANDREA;6031;ALMA MORA MALBEC 6X750;3477,87;3570;;TRADITIONAL TRADE;Almacen/Despensa;8489,04;DELGADO MAYCO JOAQUIN;221,99;$;2;GRUPO PEÑAFLOR SA;2,25;0;Contado;13/4/2026 08:57;;Alma Mora;Alto;No definido;;;Vinos del Año;PEÑAFLOR GRUPO OBJETIVO;;;20032;GRIBAUDO ESTEBAN;AXUM;;;False;153392;0;Lista General;Almacen/Despensa - B;12378;8/4/2026;2;LESCANO FRANCO DARIO
1313;SARMIENTO 73;Marull;9/4/2026;10/4/2026;8/4/2026;FAC-A0006-00061487;Venta;P&P LOGISTICA S.R.L;74840;3;7706,3;9324,62;BAEZ NATALIA EUGENIA;;6,00%;6;PEYRONEL ANDREA;6031;ALARIS D.COSECHA TINTO 6X750;2568,77;3570;;TRADITIONAL TRADE;Almacen/Despensa;6461,37;DELGADO MAYCO JOAQUIN;163,96;$;2;GRUPO PEÑAFLOR SA;0;0;Contado;13/4/2026 08:57;;Alaris;Medio Alto;;;;Vinos del Año;PEÑAFLOR GRUPO OBJETIVO;;;20032;GRIBAUDO ESTEBAN;AXUM;;;False;153392;0;Lista General;Almacen/Despensa - B;12378;8/4/2026;2;LESCANO FRANCO DARIO
1313;SARMIENTO 73;Marull;9/4/2026;10/4/2026;8/4/2026;FAC-A0006-00061487;Venta;P&P LOGISTICA S.R.L;42105;3;9077,3;10983,53;BAEZ NATALIA EUGENIA;;6,00%;6;PEYRONEL ANDREA;6031;ELEMENTOS TORRONTES 6X750 ;3025,77;3570;;TRADITIONAL TRADE;Almacen/Despensa;7389,21;DELGADO MAYCO JOAQUIN;193,13;$;2;GRUPO PEÑAFLOR SA;2,25;0;Contado;13/4/2026 08:57;;ELEMENTOS;Alto;No definido;;;Vinos del Año;PEÑAFLOR GRUPO OBJETIVO;;;20032;GRIBAUDO ESTEBAN;AXUM;;;False;153392;0;Lista General;Almacen/Despensa - B;12378;8/4/2026;2;LESCANO FRANCO DARIO
1313;SARMIENTO 73;Marull;9/4/2026;10/4/2026;8/4/2026;FAC-A0006-00061487;Venta;P&P LOGISTICA S.R.L;74188;3;7706,3;9324,62;BAEZ NATALIA EUGENIA;;6,00%;6;PEYRONEL ANDREA;6031;TRAPICHE ALARIS DULCE COSECHA 6X750;2568,77;3570;;TRADITIONAL TRADE;Almacen/Despensa;6138,3;DELGADO MAYCO JOAQUIN;163,96;$;2;GRUPO PEÑAFLOR SA;2,25;0;Contado;13/4/2026 08:57;;Alaris;Medio Alto;No definido;;;Vinos del Año;PEÑAFLOR GRUPO OBJETIVO;;;20032;GRIBAUDO ESTEBAN;AXUM;;;False;153392;0;Lista General;Almacen/Despensa - B;12378;8/4/2026;2;LESCANO FRANCO DARIO
596;LAS MALVINAS 1232;San Francisco;9/4/2026;10/4/2026;9/4/2026;FAC-A0006-00061503;Venta;P&P LOGISTICA S.R.L;41682;3;13359,68;16165,21;YBAÑEZ ALICIA RAQUEL;;10,00%;8;ALVAREZ VANESA  KAFF;8040;DON DAVID MALBEC 6X750;4453,23;3577;;TRADITIONAL TRADE;Autoservicio Tradicional;11358,57;BLAS ALMADA;494,8;$;2;GRUPO PEÑAFLOR SA;2,25;0;Contado;13/4/2026 09:17;;Don David;Superior;No definido;;;Vinos del Año;PEÑAFLOR GRUPO OBJETIVO;;;20032;GRIBAUDO ESTEBAN;AXUM;;;False;153487;0;Lista General;Autoservicio Tradicional - C;12385;9/4/2026;2;LESCANO FRANCO DARIO
596;LAS MALVINAS 1232;San Francisco;9/4/2026;10/4/2026;9/4/2026;FAC-A0006-00061503;Venta;P&P LOGISTICA S.R.L;42373;3;13359,68;16165,21;YBAÑEZ ALICIA RAQUEL;;10,00%;8;ALVAREZ VANESA  KAFF;8040;DON DAVID CABERNET 6X750;4453,23;3577;;TRADITIONAL TRADE;Autoservicio Tradicional;11358,57;BLAS ALMADA;494,8;$;2;GRUPO PEÑAFLOR SA;2,25;0;Contado;13/4/2026 09:17;;Don David;Superior;No definido;;;Vinos del Año;PEÑAFLOR GRUPO OBJETIVO;;;20032;GRIBAUDO ESTEBAN;AXUM;;;False;153487;0;Lista General;Autoservicio Tradicional - C;12385;9/4/2026;2;LESCANO FRANCO DARIO
596;LAS MALVINAS 1232;San Francisco;9/4/2026;10/4/2026;9/4/2026;FAC-A0006-00061503;Venta;P&P LOGISTICA S.R.L;74146;3;12972,15;15696,3;YBAÑEZ ALICIA RAQUEL;;10,00%;8;ALVAREZ VANESA  KAFF;8040;FOND CAVE MALBEC 6X750 ;4324,05;3577;;TRADITIONAL TRADE;Autoservicio Tradicional;11029,08;BLAS ALMADA;480,45;$;2;GRUPO PEÑAFLOR SA;2,25;0;Contado;13/4/2026 09:17;;Fond De Cave;Superior;No definido;;;Vinos del Año;PEÑAFLOR GRUPO OBJETIVO;;;20032;GRIBAUDO ESTEBAN;AXUM;;;False;153487;0;Lista General;Autoservicio Tradicional - C;12385;9/4/2026;2;LESCANO FRANCO DARIO
596;LAS MALVINAS 1232;San Francisco;9/4/2026;10/4/2026;9/4/2026;FAC-A0006-00061503;Venta;P&P LOGISTICA S.R.L;74397;3;9989,95;12087,83;YBAÑEZ ALICIA RAQUEL;;10,00%;8;ALVAREZ VANESA  KAFF;8040;ALMA MORA BLEND DULCE 6X 750;3329,98;3577;;TRADITIONAL TRADE;Autoservicio Tradicional;8068,89;BLAS ALMADA;370;$;2;GRUPO PEÑAFLOR SA;2,25;0;Contado;13/4/2026 09:17;;;Alto;No definido;;;Vinos del Año;PEÑAFLOR GRUPO OBJETIVO;;;20032;GRIBAUDO ESTEBAN;AXUM;;;False;153487;0;Lista General;Autoservicio Tradicional - C;12385;9/4/2026;2;LESCANO FRANCO DARIO
596;LAS MALVINAS 1232;San Francisco;9/4/2026;10/4/2026;9/4/2026;FAC-A0006-00061503;Venta;P&P LOGISTICA S.R.L;74395;3;9495,44;11489,48;YBAÑEZ ALICIA RAQUEL;;10,00%;8;ALVAREZ VANESA  KAFF;8040;DADA FMORAS N°2 6X750 ;3165,15;3577;;TRADITIONAL TRADE;Autoservicio Tradicional;7669,5;BLAS ALMADA;351,68;$;2;GRUPO PEÑAFLOR SA;2,25;0;Contado;13/4/2026 09:17;;Dada;Alto;No definido;;;Vinos del Año;PEÑAFLOR GRUPO OBJETIVO;;;20032;GRIBAUDO ESTEBAN;AXUM;;;False;153487;0;Lista General;Autoservicio Tradicional - C;12385;9/4/2026;2;LESCANO FRANCO DARIO
596;LAS MALVINAS 1232;San Francisco;9/4/2026;10/4/2026;9/4/2026;FAC-A0006-00061503;Venta;P&P LOGISTICA S.R.L;74786;3;8284,03;10023,68;YBAÑEZ ALICIA RAQUEL;;10,00%;8;ALVAREZ VANESA  KAFF;8040;EL BAUTISMO CABERNET 6X750;2761,34;3577;;TRADITIONAL TRADE;Autoservicio Tradicional;7254,48;BLAS ALMADA;306,82;$;2;GRUPO PEÑAFLOR SA;2,25;0;Contado;13/4/2026 09:17;;;Vinos Del Año;;;;Vinos del Año;PEÑAFLOR GRUPO OBJETIVO;;;20032;GRIBAUDO ESTEBAN;AXUM;;;False;153487;0;Lista General;Autoservicio Tradicional - C;12385;9/4/2026;2;LESCANO FRANCO DARIO
596;LAS MALVINAS 1232;San Francisco;9/4/2026;10/4/2026;9/4/2026;FAC-A0006-00061503;Venta;P&P LOGISTICA S.R.L;74504;3;9495,44;11489,48;YBAÑEZ ALICIA RAQUEL;;10,00%;8;ALVAREZ VANESA  KAFF;8040;DADA ART MALBEC 6X750;3165,15;3577;;TRADITIONAL TRADE;Autoservicio Tradicional;8073,15;BLAS ALMADA;351,68;$;2;GRUPO PEÑAFLOR SA;2,25;0;Contado;13/4/2026 09:17;;Dada;Alto;No definido;;;Vinos del Año;PEÑAFLOR GRUPO OBJETIVO;;;20032;GRIBAUDO ESTEBAN;AXUM;;;False;153487;0;Lista General;Autoservicio Tradicional - C;12385;9/4/2026;2;LESCANO FRANCO DARIO
30021;CASTELLI 1642;SAN FRANCISCO;9/4/2026;10/4/2026;9/4/2026;FAC-A0006-00061505;Venta;P&P LOGISTICA S.R.L;74840;12;27873,85;33727,35;CHUN JIN ZHANG;;15,00%;8;ALVAREZ VANESA  KAFF;8040;ALARIS D.COSECHA TINTO 6X750;2322,82;3577;;TRADITIONAL TRADE;Autoservicio Tradicional;25845,48;BLAS ALMADA;409,91;$;2;GRUPO PEÑAFLOR SA;0;0;Contado;13/4/2026 09:17;;Alaris;Medio Alto;;;;Vinos del Año;PEÑAFLOR GRUPO OBJETIVO;;;20032;GRIBAUDO ESTEBAN;AXUM;;;False;153493;0;Lista General;Autoservicio Tradicional - P;12385;9/4/2026;2;LESCANO FRANCO DARIO
1039;ROSARIO DE SANTA FE 1979;SAN FRANCISCO;9/4/2026;10/4/2026;9/4/2026;FAC-A0006-00061506;Venta;P&P LOGISTICA S.R.L;74419;3;14778,55;17882,04;ALTO.VEA.PASE S.A.S.;;6,00%;8;ALVAREZ VANESA  KAFF;8040;TRAPICHE RESERVA MALBEC 6X750;4926,18;3577;;TRADITIONAL TRADE;Autoservicio Tradicional;12030,21;BLAS ALMADA;314,44;$;2;GRUPO PEÑAFLOR SA;2,25;0;Contado;13/4/2026 09:17;;Trapiche Reserva;Superior;No definido;;;Vinos del Año;PEÑAFLOR GRUPO OBJETIVO;;;20032;GRIBAUDO ESTEBAN;AXUM;;;False;153494;0;Lista General;Autoservicio Tradicional - P;12385;9/4/2026;2;LESCANO FRANCO DARIO
1039;ROSARIO DE SANTA FE 1979;SAN FRANCISCO;9/4/2026;10/4/2026;9/4/2026;FAC-A0006-00061506;Venta;P&P LOGISTICA S.R.L;74721;3;9575,51;11586,36;ALTO.VEA.PASE S.A.S.;;6,00%;8;ALVAREZ VANESA  KAFF;8040;FAIR FOR LIFE MALBEC 6X750 ;3191,84;3577;;TRADITIONAL TRADE;Autoservicio Tradicional;7794,78;BLAS ALMADA;203,73;$;2;GRUPO PEÑAFLOR SA;2,25;0;Contado;13/4/2026 09:17;;FAIR FOR LIFE;Alto;No definido;;;Vinos del Año;PEÑAFLOR GRUPO OBJETIVO;;;20032;GRIBAUDO ESTEBAN;AXUM;;;False;153494;0;Lista General;Autoservicio Tradicional - P;12385;9/4/2026;2;LESCANO FRANCO DARIO
1039;ROSARIO DE SANTA FE 1979;SAN FRANCISCO;9/4/2026;10/4/2026;9/4/2026;FAC-A0006-00061506;Venta;P&P LOGISTICA S.R.L;41682;3;13953,44;16883,67;ALTO.VEA.PASE S.A.S.;;6,00%;8;ALVAREZ VANESA  KAFF;8040;DON DAVID MALBEC 6X750;4651,15;3577;;TRADITIONAL TRADE;Autoservicio Tradicional;11358,57;BLAS ALMADA;296,88;$;2;GRUPO PEÑAFLOR SA;2,25;0;Contado;13/4/2026 09:17;;Don David;Superior;No definido;;;Vinos del Año;PEÑAFLOR GRUPO OBJETIVO;;;20032;GRIBAUDO ESTEBAN;AXUM;;;False;153494;0;Lista General;Autoservicio Tradicional - P;12385;9/4/2026;2;LESCANO FRANCO DARIO
1039;ROSARIO DE SANTA FE 1979;SAN FRANCISCO;9/4/2026;10/4/2026;9/4/2026;FAC-A0006-00061506;Venta;P&P LOGISTICA S.R.L;74188;3;7706,3;9324,62;ALTO.VEA.PASE S.A.S.;;6,00%;8;ALVAREZ VANESA  KAFF;8040;TRAPICHE ALARIS DULCE COSECHA 6X750;2568,77;3577;;TRADITIONAL TRADE;Autoservicio Tradicional;6138,3;BLAS ALMADA;163,96;$;2;GRUPO PEÑAFLOR SA;2,25;0;Contado;13/4/2026 09:17;;Alaris;Medio Alto;No definido;;;Vinos del Año;PEÑAFLOR GRUPO OBJETIVO;;;20032;GRIBAUDO ESTEBAN;AXUM;;;False;153494;0;Lista General;Autoservicio Tradicional - P;12385;9/4/2026;2;LESCANO FRANCO DARIO
30056;LIBERTADOR NORTE 1606;SAN FRANCISCO;9/4/2026;10/4/2026;9/4/2026;FAC-A0006-00061513;Venta;P&P LOGISTICA S.R.L;72859;3;7130,08;8627,4;CONIGLIO DIEGO ALFONSO ;;10,00%;8;ALVAREZ VANESA  KAFF;8040;F.LAS MORAS MALBEC 6X750;2376,69;3577;;TRADITIONAL TRADE;Almacen/Despensa;5931,72;BLAS ALMADA;264,08;$;2;GRUPO PEÑAFLOR SA;2,25;0;Contado;13/4/2026 09:17;;Finca Las Moras;Medio Alto;No definido;;;Vinos del Año;PEÑAFLOR GRUPO OBJETIVO;;;20032;GRIBAUDO ESTEBAN;AXUM;;;False;153516;0;Lista General;Almacen/Despensa - P;12388;9/4/2026;2;LESCANO FRANCO DARIO
30056;LIBERTADOR NORTE 1606;SAN FRANCISCO;9/4/2026;10/4/2026;9/4/2026;FAC-A0006-00061513;Venta;P&P LOGISTICA S.R.L;14507;3;8284,03;10023,68;CONIGLIO DIEGO ALFONSO ;;10,00%;8;ALVAREZ VANESA  KAFF;8040;EL BAUTISMO MALBEC 6X750 ;2761,34;3577;;TRADITIONAL TRADE;Almacen/Despensa;7254,48;BLAS ALMADA;306,82;$;2;GRUPO PEÑAFLOR SA;2,25;0;Contado;13/4/2026 09:17;;El Bautismo;Medio Alto;No definido;;;Vinos del Año;PEÑAFLOR GRUPO OBJETIVO;;;20032;GRIBAUDO ESTEBAN;AXUM;;;False;153516;0;Lista General;Almacen/Despensa - P;12388;9/4/2026;2;LESCANO FRANCO DARIO
30056;LIBERTADOR NORTE 1606;SAN FRANCISCO;9/4/2026;10/4/2026;9/4/2026;FAC-A0006-00061513;Venta;P&P LOGISTICA S.R.L;74210;6;20378,79;24658,34;CONIGLIO DIEGO ALFONSO ;;10,00%;8;ALVAREZ VANESA  KAFF;8040;ALMA MORA MALBEC 6X750;3396,47;3577;;TRADITIONAL TRADE;Almacen/Despensa;16978,08;BLAS ALMADA;377,39;$;2;GRUPO PEÑAFLOR SA;4,5;0;Contado;13/4/2026 09:17;;Alma Mora;Alto;No definido;;;Vinos del Año;PEÑAFLOR GRUPO OBJETIVO;;;20032;GRIBAUDO ESTEBAN;AXUM;;;False;153516;0;Lista General;Almacen/Despensa - P;12388;9/4/2026;2;LESCANO FRANCO DARIO
30056;LIBERTADOR NORTE 1606;SAN FRANCISCO;9/4/2026;10/4/2026;9/4/2026;FAC-A0006-00061513;Venta;P&P LOGISTICA S.R.L;41682;3;13626,87;16488,52;CONIGLIO DIEGO ALFONSO ;;10,00%;8;ALVAREZ VANESA  KAFF;8040;DON DAVID MALBEC 6X750;4542,29;3577;;TRADITIONAL TRADE;Almacen/Despensa;11358,57;BLAS ALMADA;504,7;$;2;GRUPO PEÑAFLOR SA;2,25;0;Contado;13/4/2026 09:17;;Don David;Superior;No definido;;;Vinos del Año;PEÑAFLOR GRUPO OBJETIVO;;;20032;GRIBAUDO ESTEBAN;AXUM;;;False;153516;0;Lista General;Almacen/Despensa - P;12388;9/4/2026;2;LESCANO FRANCO DARIO
30056;LIBERTADOR NORTE 1606;SAN FRANCISCO;9/4/2026;10/4/2026;9/4/2026;FAC-A0006-00061513;Venta;P&P LOGISTICA S.R.L;42102;3;8864,86;10726,48;CONIGLIO DIEGO ALFONSO ;;10,00%;8;ALVAREZ VANESA  KAFF;8040;ELEMENTOS MALBEC 6X750 ;2954,95;3577;;TRADITIONAL TRADE;Almacen/Despensa;7019,76;BLAS ALMADA;328,33;$;2;GRUPO PEÑAFLOR SA;2,25;0;Contado;13/4/2026 09:17;;ELEMENTOS;Alto;No definido;;;Vinos del Año;PEÑAFLOR GRUPO OBJETIVO;;;20032;GRIBAUDO ESTEBAN;AXUM;;;False;153516;0;Lista General;Almacen/Despensa - P;12388;9/4/2026;2;LESCANO FRANCO DARIO
30056;LIBERTADOR NORTE 1606;SAN FRANCISCO;9/4/2026;10/4/2026;9/4/2026;FAC-A0006-00061513;Venta;P&P LOGISTICA S.R.L;42101;3;8864,86;10726,48;CONIGLIO DIEGO ALFONSO ;;10,00%;8;ALVAREZ VANESA  KAFF;8040;ELEMENTOS CABSAUV 6X750 ;2954,95;3577;;TRADITIONAL TRADE;Almacen/Despensa;7389,21;BLAS ALMADA;328,33;$;2;GRUPO PEÑAFLOR SA;2,25;0;Contado;13/4/2026 09:17;;ELEMENTOS;Alto;No definido;;;Vinos del Año;PEÑAFLOR GRUPO OBJETIVO;;;20032;GRIBAUDO ESTEBAN;AXUM;;;False;153516;0;Lista General;Almacen/Despensa - P;12388;9/4/2026;2;LESCANO FRANCO DARIO
30056;LIBERTADOR NORTE 1606;SAN FRANCISCO;9/4/2026;10/4/2026;9/4/2026;FAC-A0006-00061513;Venta;P&P LOGISTICA S.R.L;71704;3;7378,37;8927,83;CONIGLIO DIEGO ALFONSO ;;10,00%;8;ALVAREZ VANESA  KAFF;8040;TRAPICHE ALARIS MALBEC 6X750;2459,46;3577;;TRADITIONAL TRADE;Almacen/Despensa;6461,37;BLAS ALMADA;273,27;$;2;GRUPO PEÑAFLOR SA;2,25;0;Contado;13/4/2026 09:17;;Alaris;Medio Alto;No definido;;;Vinos del Año;PEÑAFLOR GRUPO OBJETIVO;;;20032;GRIBAUDO ESTEBAN;AXUM;;;False;153516;0;Lista General;Almacen/Despensa - P;12388;9/4/2026;2;LESCANO FRANCO DARIO
30056;LIBERTADOR NORTE 1606;SAN FRANCISCO;9/4/2026;10/4/2026;9/4/2026;FAC-A0006-00061514;Venta;P&P LOGISTICA S.R.L;74684;3;16489,87;19952,75;CONIGLIO DIEGO ALFONSO ;;10,00%;8;ALVAREZ VANESA  KAFF;8040;LOS INTOCABLES RED BLEND 6X750;5496,62;3577;;TRADITIONAL TRADE;Almacen/Despensa;14157,33;BLAS ALMADA;610,74;$;2;GRUPO PEÑAFLOR SA;2,25;0;Contado;13/4/2026 09:17;;;Premium;No definido;;;Vino de Guarda;PEÑAFLOR GRUPO OBJETIVO;;;20032;GRIBAUDO ESTEBAN;AXUM;;;False;153517;0;Lista General;Almacen/Despensa - P;12388;9/4/2026;2;LESCANO FRANCO DARIO
30056;LIBERTADOR NORTE 1606;SAN FRANCISCO;9/4/2026;10/4/2026;9/4/2026;FAC-A0006-00061514;Venta;P&P LOGISTICA S.R.L;74583;3;16489,87;19952,75;CONIGLIO DIEGO ALFONSO ;;10,00%;8;ALVAREZ VANESA  KAFF;8040;LOS INTOCABLES CAB.SAUV 6X750;5496,62;3577;;TRADITIONAL TRADE;Almacen/Despensa;14157,33;BLAS ALMADA;610,74;$;2;GRUPO PEÑAFLOR SA;2,25;0;Contado;13/4/2026 09:17;;;Premium;No definido;;;Vino de Guarda;PEÑAFLOR GRUPO OBJETIVO;;;20032;GRIBAUDO ESTEBAN;AXUM;;;False;153517;0;Lista General;Almacen/Despensa - P;12388;9/4/2026;2;LESCANO FRANCO DARIO
30056;LIBERTADOR NORTE 1606;SAN FRANCISCO;9/4/2026;10/4/2026;9/4/2026;FAC-A0006-00061514;Venta;P&P LOGISTICA S.R.L;80022;3;12944,23;15662,52;CONIGLIO DIEGO ALFONSO ;;10,00%;8;ALVAREZ VANESA  KAFF;8040;COLECCION PRIVADA MALBEC;4314,74;3577;;TRADITIONAL TRADE;Almacen/Despensa;10789,53;BLAS ALMADA;479,42;$;2;GRUPO PEÑAFLOR SA;2,25;0;Contado;13/4/2026 09:17;;;-No Definido-;No definido;;;Vinos del Año;Grupo Peñaflor,PEÑAFLOR GRUPO OBJETIVO;;;20032;GRIBAUDO ESTEBAN;AXUM;;;False;153517;0;Lista General;Almacen/Despensa - P;12388;9/4/2026;2;LESCANO FRANCO DARIO
30056;LIBERTADOR NORTE 1606;SAN FRANCISCO;9/4/2026;10/4/2026;9/4/2026;FAC-A0006-00061514;Venta;P&P LOGISTICA S.R.L;74556;3;16984,59;20551,36;CONIGLIO DIEGO ALFONSO ;;10,00%;8;ALVAREZ VANESA  KAFF;8040;TRAPICHE IMPURO MALBEC X750;5661,53;3577;;TRADITIONAL TRADE;Almacen/Despensa;14582,07;BLAS ALMADA;629,06;$;2;GRUPO PEÑAFLOR SA;2,25;0;Contado;13/4/2026 09:17;;Trapiche Reserva;Premium;No definido;;;Vino de Guarda;PEÑAFLOR GRUPO OBJETIVO;;;20032;GRIBAUDO ESTEBAN;AXUM;;;False;153517;0;Lista General;Almacen/Despensa - P;12388;9/4/2026;2;LESCANO FRANCO DARIO
309;AV. DE LA UNIVERSIDAD 1973;San Francisco;9/4/2026;10/4/2026;9/4/2026;FAC-A0006-00061530;Venta;P&P LOGISTICA S.R.L;60017;6;11992,11;14510,45;CONIGLIO FERRERO Y MARSILLOU MARTEK S.R.L.;;6,00%;8;ALVAREZ VANESA  KAFF;8040;ANTARES IPA LATA 6X473 (NEW);1998,68;3577;;TRADITIONAL TRADE;Autoservicio Tradicional;10054,86;BLAS ALMADA;127,58;$;2;GRUPO PEÑAFLOR SA;0;0;Contado;13/4/2026 09:17;;#¿NOMBRE?;CERVEZA ARTESANAL;No definido;;-No Definido-;CERVEZA ARTESANAL;PEÑAFLOR GRUPO OBJETIVO;;;20032;GRIBAUDO ESTEBAN;AXUM;;;False;153551;0;Lista General;Autoservicio Tradicional - C;12392;9/4/2026;2;LESCANO FRANCO DARIO
309;AV. DE LA UNIVERSIDAD 1973;San Francisco;9/4/2026;10/4/2026;9/4/2026;FAC-A0006-00061530;Venta;P&P LOGISTICA S.R.L;35104;6;10911,88;13203,37;CONIGLIO FERRERO Y MARSILLOU MARTEK S.R.L.;;6,00%;8;ALVAREZ VANESA  KAFF;8040;SMF ICE GREENAPPLE LAT 4X6X473;1818,65;3577;;TRADITIONAL TRADE;Autoservicio Tradicional;8882,64;BLAS ALMADA;116,08;$;2;GRUPO PEÑAFLOR SA;2,838;0;Contado;13/4/2026 09:17;;Smirnoff Ice Flavours;RTD (s);No definido;;;RTD (S);PEÑAFLOR GRUPO OBJETIVO;;;20032;GRIBAUDO ESTEBAN;AXUM;;;False;153551;0;Lista General;Autoservicio Tradicional - C;12392;9/4/2026;2;LESCANO FRANCO DARIO
309;AV. DE LA UNIVERSIDAD 1973;San Francisco;9/4/2026;10/4/2026;9/4/2026;FAC-A0006-00061530;Venta;P&P LOGISTICA S.R.L;35108;6;11457,43;13863,5;CONIGLIO FERRERO Y MARSILLOU MARTEK S.R.L.;;6,00%;8;ALVAREZ VANESA  KAFF;8040;SMF BC RUBYORANGE&LIME LATA 4X6X473;1909,57;3577;;TRADITIONAL TRADE;Autoservicio Tradicional;9326,7;BLAS ALMADA;121,89;$;2;GRUPO PEÑAFLOR SA;0;0;Contado;13/4/2026 09:17;;Smirnoff Ice Flavours;RTD (S);;;;RTD (S);PEÑAFLOR GRUPO OBJETIVO;;;20032;GRIBAUDO ESTEBAN;AXUM;;;False;153551;0;Lista General;Autoservicio Tradicional - C;12392;9/4/2026;2;LESCANO FRANCO DARIO
309;AV. DE LA UNIVERSIDAD 1973;San Francisco;9/4/2026;10/4/2026;9/4/2026;FAC-A0006-00061530;Venta;P&P LOGISTICA S.R.L;35109;6;11457,43;13863,5;CONIGLIO FERRERO Y MARSILLOU MARTEK S.R.L.;;6,00%;8;ALVAREZ VANESA  KAFF;8040;SMF  BC GRAPEF&LIME  LATA 4X6X473;1909,57;3577;;TRADITIONAL TRADE;Autoservicio Tradicional;9326,7;BLAS ALMADA;121,89;$;2;GRUPO PEÑAFLOR SA;0;0;Contado;13/4/2026 09:17;;Smirnoff Ice Flavours;RTD (s);;;;RTD (S);PEÑAFLOR GRUPO OBJETIVO;;;20032;GRIBAUDO ESTEBAN;AXUM;;;False;153551;0;Lista General;Autoservicio Tradicional - C;12392;9/4/2026;2;LESCANO FRANCO DARIO
309;AV. DE LA UNIVERSIDAD 1973;San Francisco;9/4/2026;10/4/2026;9/4/2026;FAC-A0006-00061530;Venta;P&P LOGISTICA S.R.L;42102;6;17729,71;21452,95;CONIGLIO FERRERO Y MARSILLOU MARTEK S.R.L.;;10,00%;8;ALVAREZ VANESA  KAFF;8040;ELEMENTOS MALBEC 6X750 ;2954,95;3577;;TRADITIONAL TRADE;Autoservicio Tradicional;14039,52;BLAS ALMADA;328,33;$;2;GRUPO PEÑAFLOR SA;4,5;0;Contado;13/4/2026 09:17;;ELEMENTOS;Alto;No definido;;;Vinos del Año;PEÑAFLOR GRUPO OBJETIVO;;;20032;GRIBAUDO ESTEBAN;AXUM;;;False;153551;0;Lista General;Autoservicio Tradicional - C;12392;9/4/2026;2;LESCANO FRANCO DARIO
309;AV. DE LA UNIVERSIDAD 1973;San Francisco;9/4/2026;10/4/2026;9/4/2026;FAC-A0006-00061530;Venta;P&P LOGISTICA S.R.L;14507;3;8284,03;10023,68;CONIGLIO FERRERO Y MARSILLOU MARTEK S.R.L.;;10,00%;8;ALVAREZ VANESA  KAFF;8040;EL BAUTISMO MALBEC 6X750 ;2761,34;3577;;TRADITIONAL TRADE;Autoservicio Tradicional;7254,48;BLAS ALMADA;306,82;$;2;GRUPO PEÑAFLOR SA;2,25;0;Contado;13/4/2026 09:17;;El Bautismo;Medio Alto;No definido;;;Vinos del Año;PEÑAFLOR GRUPO OBJETIVO;;;20032;GRIBAUDO ESTEBAN;AXUM;;;False;153551;0;Lista General;Autoservicio Tradicional - C;12392;9/4/2026;2;LESCANO FRANCO DARIO
309;AV. DE LA UNIVERSIDAD 1973;San Francisco;9/4/2026;10/4/2026;9/4/2026;FAC-A0006-00061530;Venta;P&P LOGISTICA S.R.L;74786;3;8284,03;10023,68;CONIGLIO FERRERO Y MARSILLOU MARTEK S.R.L.;;10,00%;8;ALVAREZ VANESA  KAFF;8040;EL BAUTISMO CABERNET 6X750;2761,34;3577;;TRADITIONAL TRADE;Autoservicio Tradicional;7254,48;BLAS ALMADA;306,82;$;2;GRUPO PEÑAFLOR SA;2,25;0;Contado;13/4/2026 09:17;;;Vinos Del Año;;;;Vinos del Año;PEÑAFLOR GRUPO OBJETIVO;;;20032;GRIBAUDO ESTEBAN;AXUM;;;False;153551;0;Lista General;Autoservicio Tradicional - C;12392;9/4/2026;2;LESCANO FRANCO DARIO
309;AV. DE LA UNIVERSIDAD 1973;San Francisco;9/4/2026;10/4/2026;9/4/2026;FAC-A0006-00061531;Venta;P&P LOGISTICA S.R.L;74188;3;7378,37;8927,83;CONIGLIO FERRERO Y MARSILLOU MARTEK S.R.L.;;10,00%;8;ALVAREZ VANESA  KAFF;8040;TRAPICHE ALARIS DULCE COSECHA 6X750;2459,46;3577;;TRADITIONAL TRADE;Autoservicio Tradicional;6138,3;BLAS ALMADA;273,27;$;2;GRUPO PEÑAFLOR SA;2,25;0;Contado;13/4/2026 09:17;;Alaris;Medio Alto;No definido;;;Vinos del Año;PEÑAFLOR GRUPO OBJETIVO;;;20032;GRIBAUDO ESTEBAN;AXUM;;;False;153552;0;Lista General;Autoservicio Tradicional - C;12392;9/4/2026;2;LESCANO FRANCO DARIO
309;AV. DE LA UNIVERSIDAD 1973;San Francisco;9/4/2026;10/4/2026;9/4/2026;FAC-A0006-00061531;Venta;P&P LOGISTICA S.R.L;74726;3;10397,81;12581,35;CONIGLIO FERRERO Y MARSILLOU MARTEK S.R.L.;;10,00%;8;ALVAREZ VANESA  KAFF;8040;ORIGEN BY TRAPICHE MALBEC 6X750;3465,94;3577;;TRADITIONAL TRADE;Autoservicio Tradicional;8667;BLAS ALMADA;385,1;$;2;GRUPO PEÑAFLOR SA;2,25;0;Contado;13/4/2026 09:17;;Trapiche Reserva;Alto;No definido;-No Definido-;;Vinos del Año;PEÑAFLOR GRUPO OBJETIVO;;;20032;GRIBAUDO ESTEBAN;AXUM;;;False;153552;0;Lista General;Autoservicio Tradicional - C;12392;9/4/2026;2;LESCANO FRANCO DARIO
309;AV. DE LA UNIVERSIDAD 1973;San Francisco;9/4/2026;10/4/2026;9/4/2026;FAC-A0006-00061531;Venta;P&P LOGISTICA S.R.L;30023;2;22197,12;26858,52;CONIGLIO FERRERO Y MARSILLOU MARTEK S.R.L.;;6,00%;8;ALVAREZ VANESA  KAFF;8040;WHITE HORSE DO 12X750;11098,56;3577;;TRADITIONAL TRADE;Autoservicio Tradicional;18069,18;BLAS ALMADA;708,42;$;2;GRUPO PEÑAFLOR SA;1,5;0;Contado;13/4/2026 09:17;;White Horse;Standard (S);No definido;;;Whisky;PEÑAFLOR GRUPO OBJETIVO;;;20032;GRIBAUDO ESTEBAN;AXUM;;;False;153552;0;Lista General;Autoservicio Tradicional - C;12392;9/4/2026;2;LESCANO FRANCO DARIO
309;AV. DE LA UNIVERSIDAD 1973;San Francisco;9/4/2026;10/4/2026;9/4/2026;FAC-A0006-00061531;Venta;P&P LOGISTICA S.R.L;74721;3;9351,4;11315,19;CONIGLIO FERRERO Y MARSILLOU MARTEK S.R.L.;;10,00%;8;ALVAREZ VANESA  KAFF;8040;FAIR FOR LIFE MALBEC 6X750 ;3117,13;3577;;TRADITIONAL TRADE;Autoservicio Tradicional;7794,78;BLAS ALMADA;346,35;$;2;GRUPO PEÑAFLOR SA;2,25;0;Contado;13/4/2026 09:17;;FAIR FOR LIFE;Alto;No definido;;;Vinos del Año;PEÑAFLOR GRUPO OBJETIVO;;;20032;GRIBAUDO ESTEBAN;AXUM;;;False;153552;0;Lista General;Autoservicio Tradicional - C;12392;9/4/2026;2;LESCANO FRANCO DARIO
309;AV. DE LA UNIVERSIDAD 1973;San Francisco;9/4/2026;10/4/2026;9/4/2026;FAC-A0006-00061531;Venta;P&P LOGISTICA S.R.L;80022;3;12944,23;15662,52;CONIGLIO FERRERO Y MARSILLOU MARTEK S.R.L.;;10,00%;8;ALVAREZ VANESA  KAFF;8040;COLECCION PRIVADA MALBEC;4314,74;3577;;TRADITIONAL TRADE;Autoservicio Tradicional;10789,53;BLAS ALMADA;479,42;$;2;GRUPO PEÑAFLOR SA;2,25;0;Contado;13/4/2026 09:17;;;-No Definido-;No definido;;;Vinos del Año;Grupo Peñaflor,PEÑAFLOR GRUPO OBJETIVO;;;20032;GRIBAUDO ESTEBAN;AXUM;;;False;153552;0;Lista General;Autoservicio Tradicional - C;12392;9/4/2026;2;LESCANO FRANCO DARIO
7588;9 DE JULIO 1491;SAN FRANCISCO;9/4/2026;10/4/2026;9/4/2026;FAC-A0006-00061536;Venta;P&P LOGISTICA S.R.L;35104;12;23216,76;28788,78;VILLAREAL ALBANO FABRICIO;;0,00%;3;GAMBINO NADIA;3040;SMF ICE GREENAPPLE LAT 4X6X473;1934,73;3577;;TRADITIONAL TRADE;Almacen/Despensa;17765,28;BLAS ALMADA;0;$;2;GRUPO PEÑAFLOR SA;5,676;0;Contado;13/4/2026 09:17;;Smirnoff Ice Flavours;RTD (s);No definido;;;RTD (S);PEÑAFLOR GRUPO OBJETIVO;;;20032;GRIBAUDO ESTEBAN;AXUM;;;False;153561;0;Lista General;Almacen/Despensa - B;12392;9/4/2026;2;LESCANO FRANCO DARIO
7588;9 DE JULIO 1491;SAN FRANCISCO;9/4/2026;10/4/2026;9/4/2026;FAC-A0006-00061536;Venta;P&P LOGISTICA S.R.L;35105;12;23216,76;28788,78;VILLAREAL ALBANO FABRICIO;;0,00%;3;GAMBINO NADIA;3040;SMF ICE RED BERRIE LAT 4X6X473;1934,73;3577;;TRADITIONAL TRADE;Almacen/Despensa;17765,28;BLAS ALMADA;0;$;2;GRUPO PEÑAFLOR SA;5,676;0;Contado;13/4/2026 09:17;;Smirnoff Ice Flavours;RTD (s);No definido;;;RTD (S);PEÑAFLOR GRUPO OBJETIVO;;;20032;GRIBAUDO ESTEBAN;AXUM;;;False;153561;0;Lista General;Almacen/Despensa - B;12392;9/4/2026;2;LESCANO FRANCO DARIO
7588;9 DE JULIO 1491;SAN FRANCISCO;9/4/2026;10/4/2026;9/4/2026;FAC-A0006-00061536;Venta;P&P LOGISTICA S.R.L;35108;12;24377,52;30228,12;VILLAREAL ALBANO FABRICIO;;0,00%;3;GAMBINO NADIA;3040;SMF BC RUBYORANGE&LIME LATA 4X6X473;2031,46;3577;;TRADITIONAL TRADE;Almacen/Despensa;18653,4;BLAS ALMADA;0;$;2;GRUPO PEÑAFLOR SA;0;0;Contado;13/4/2026 09:17;;Smirnoff Ice Flavours;RTD (S);;;;RTD (S);PEÑAFLOR GRUPO OBJETIVO;;;20032;GRIBAUDO ESTEBAN;AXUM;;;False;153561;0;Lista General;Almacen/Despensa - B;12392;9/4/2026;2;LESCANO FRANCO DARIO
7588;9 DE JULIO 1491;SAN FRANCISCO;9/4/2026;10/4/2026;9/4/2026;FAC-A0006-00061536;Venta;P&P LOGISTICA S.R.L;35109;18;36566,28;45342,19;VILLAREAL ALBANO FABRICIO;;0,00%;3;GAMBINO NADIA;3040;SMF  BC GRAPEF&LIME  LATA 4X6X473;2031,46;3577;;TRADITIONAL TRADE;Almacen/Despensa;27980,1;BLAS ALMADA;0;$;2;GRUPO PEÑAFLOR SA;0;0;Contado;13/4/2026 09:17;;Smirnoff Ice Flavours;RTD (s);;;;RTD (S);PEÑAFLOR GRUPO OBJETIVO;;;20032;GRIBAUDO ESTEBAN;AXUM;;;False;153561;0;Lista General;Almacen/Despensa - B;12392;9/4/2026;2;LESCANO FRANCO DARIO
2630;AV. TRISTAN CORNEJO 114;BALNEARIA;9/4/2026;10/4/2026;8/4/2026;FAC-A0006-00061544;Venta;P&P LOGISTICA S.R.L;74395;6;19834,92;24595,3;CHEN MEI;;6,00%;6;PEYRONEL ANDREA;6031;DADA FMORAS N°2 6X750 ;3305,82;3574;;TRADITIONAL TRADE;Autoservicio Tradicional;15339;ACOSTA FACUNDO;211,01;$;2;GRUPO PEÑAFLOR SA;4,5;0;Contado;13/4/2026 09:06;;Dada;Alto;No definido;;;Vinos del Año;PEÑAFLOR GRUPO OBJETIVO;;;20032;GRIBAUDO ESTEBAN;AXUM;;;False;153286;0;Lista General;Autoservicio Tradicional - B;12381;9/4/2026;BD-003;VILLAFAÑE MARIANO
2630;AV. TRISTAN CORNEJO 114;BALNEARIA;9/4/2026;10/4/2026;8/4/2026;FAC-A0006-00061544;Venta;P&P LOGISTICA S.R.L;42105;6;18154,6;22511,7;CHEN MEI;;6,00%;6;PEYRONEL ANDREA;6031;ELEMENTOS TORRONTES 6X750 ;3025,77;3574;;TRADITIONAL TRADE;Autoservicio Tradicional;14778,42;ACOSTA FACUNDO;193,13;$;2;GRUPO PEÑAFLOR SA;4,5;0;Contado;13/4/2026 09:06;;ELEMENTOS;Alto;No definido;;;Vinos del Año;PEÑAFLOR GRUPO OBJETIVO;;;20032;GRIBAUDO ESTEBAN;AXUM;;;False;153286;0;Lista General;Autoservicio Tradicional - B;12381;9/4/2026;BD-003;VILLAFAÑE MARIANO
2630;AV. TRISTAN CORNEJO 114;BALNEARIA;9/4/2026;10/4/2026;8/4/2026;FAC-A0006-00061544;Venta;P&P LOGISTICA S.R.L;74473;6;29857,82;37023,7;CHEN MEI;;6,00%;6;PEYRONEL ANDREA;6031;DADA ESPUMANTE ROS6X750 ;4976,3;3574;;TRADITIONAL TRADE;Autoservicio Tradicional;24293,1;ACOSTA FACUNDO;317,64;$;2;GRUPO PEÑAFLOR SA;4,5;0;Contado;13/4/2026 09:06;;Champaña Dada;Champaña Alta y Premium;No definido;;;Espumantes;PEÑAFLOR GRUPO OBJETIVO;;;20032;GRIBAUDO ESTEBAN;AXUM;;;False;153286;0;Lista General;Autoservicio Tradicional - B;12381;9/4/2026;BD-003;VILLAFAÑE MARIANO
2630;AV. TRISTAN CORNEJO 114;BALNEARIA;9/4/2026;10/4/2026;8/4/2026;FAC-A0006-00061544;Venta;P&P LOGISTICA S.R.L;74446;18;89573,46;111071,1;CHEN MEI;;6,00%;6;PEYRONEL ANDREA;6031;DADA 7 SWEET  6X750;4976,3;3574;;TRADITIONAL TRADE;Autoservicio Tradicional;72915,84;ACOSTA FACUNDO;317,64;$;2;GRUPO PEÑAFLOR SA;0;0;Contado;13/4/2026 09:06;;;;;;;;PEÑAFLOR GRUPO OBJETIVO;;;20032;GRIBAUDO ESTEBAN;AXUM;;;False;153286;0;Lista General;Autoservicio Tradicional - B;12381;9/4/2026;BD-003;VILLAFAÑE MARIANO
2629;BS.AS. ESQ. F. AMEGHINO 1;BALNEARIA;9/4/2026;10/4/2026;8/4/2026;FAC-A0006-00061546;Venta;P&P LOGISTICA S.R.L;74830;6;22758,84;27538,2;FARCHETTO MAURICIO RAFAEL;;10,00%;6;PEYRONEL ANDREA;6031;DADA SIDRA 6X750;3793,14;3574;;AWAY FROM HOME;Resto de On Premise;19930,32;ACOSTA FACUNDO;421,46;$;2;GRUPO PEÑAFLOR SA;0;0;Contado;13/4/2026 09:06;;;;;;;;PEÑAFLOR GRUPO OBJETIVO;;;20032;GRIBAUDO ESTEBAN;AXUM;;;False;153324;0;Lista General;Resto de On Premise - B;12381;9/4/2026;BD-003;VILLAFAÑE MARIANO
3149;MAIPU ESQ. LAVALLE 1;BALNEARIA;9/4/2026;10/4/2026;9/4/2026;FAC-A0006-00061559;Venta;P&P LOGISTICA S.R.L;74211;3;10433,94;12625,07;MANSILLA EMANUEL JOSE LUIS;;6,00%;6;PEYRONEL ANDREA;6040;ALMA MORA CHARD 6X750;3477,98;3574;;TRADITIONAL TRADE;Almacen/Despensa;8493,57;ACOSTA FACUNDO;222;$;2;GRUPO PEÑAFLOR SA;2,25;0;Contado;13/4/2026 09:06;;Alma Mora;Alto;No definido;;;Vinos del Año;PEÑAFLOR GRUPO OBJETIVO;;;20032;GRIBAUDO ESTEBAN;AXUM;;;False;153458;0;Lista General;Almacen/Despensa - A;12384;9/4/2026;BD-003;VILLAFAÑE MARIANO
3149;MAIPU ESQ. LAVALLE 1;BALNEARIA;9/4/2026;10/4/2026;9/4/2026;FAC-A0006-00061559;Venta;P&P LOGISTICA S.R.L;42107;3;9077,3;10983,53;MANSILLA EMANUEL JOSE LUIS;;6,00%;6;PEYRONEL ANDREA;6040;ELEMENTOS CHARDONNAY 6X750;3025,77;3574;;TRADITIONAL TRADE;Almacen/Despensa;7389,21;ACOSTA FACUNDO;193,13;$;2;GRUPO PEÑAFLOR SA;2,25;0;Contado;13/4/2026 09:06;;ELEMENTOS;Alto;No definido;;;Vinos del Año;PEÑAFLOR GRUPO OBJETIVO;;;20032;GRIBAUDO ESTEBAN;AXUM;;;False;153458;0;Lista General;Almacen/Despensa - A;12384;9/4/2026;BD-003;VILLAFAÑE MARIANO
3149;MAIPU ESQ. LAVALLE 1;BALNEARIA;9/4/2026;10/4/2026;9/4/2026;FAC-A0006-00061559;Venta;P&P LOGISTICA S.R.L;74736;3;10433,61;12624,66;MANSILLA EMANUEL JOSE LUIS;;6,00%;6;PEYRONEL ANDREA;6040;ALMA MORA MERLOT 6X750;3477,87;3574;;TRADITIONAL TRADE;Almacen/Despensa;8493,3;ACOSTA FACUNDO;221,99;$;2;GRUPO PEÑAFLOR SA;0;0;Contado;13/4/2026 09:06;;Finca Las Moras;Alto;No definido;;-No Definido-;Vinos del Año;PEÑAFLOR GRUPO OBJETIVO;;;20032;GRIBAUDO ESTEBAN;AXUM;;;False;153458;0;Lista General;Almacen/Despensa - A;12384;9/4/2026;BD-003;VILLAFAÑE MARIANO
3149;MAIPU ESQ. LAVALLE 1;BALNEARIA;9/4/2026;10/4/2026;9/4/2026;FAC-A0006-00061559;Venta;P&P LOGISTICA S.R.L;72859;3;7446,97;9010,84;MANSILLA EMANUEL JOSE LUIS;;6,00%;6;PEYRONEL ANDREA;6040;F.LAS MORAS MALBEC 6X750;2482,32;3574;;TRADITIONAL TRADE;Almacen/Despensa;5931,72;ACOSTA FACUNDO;158,45;$;2;GRUPO PEÑAFLOR SA;2,25;0;Contado;13/4/2026 09:06;;Finca Las Moras;Medio Alto;No definido;;;Vinos del Año;PEÑAFLOR GRUPO OBJETIVO;;;20032;GRIBAUDO ESTEBAN;AXUM;;;False;153458;0;Lista General;Almacen/Despensa - A;12384;9/4/2026;BD-003;VILLAFAÑE MARIANO
3149;MAIPU ESQ. LAVALLE 1;BALNEARIA;9/4/2026;10/4/2026;9/4/2026;FAC-A0006-00061559;Venta;P&P LOGISTICA S.R.L;74504;3;9917,46;12000,13;MANSILLA EMANUEL JOSE LUIS;;6,00%;6;PEYRONEL ANDREA;6040;DADA ART MALBEC 6X750;3305,82;3574;;TRADITIONAL TRADE;Almacen/Despensa;8073,15;ACOSTA FACUNDO;211,01;$;2;GRUPO PEÑAFLOR SA;2,25;0;Contado;13/4/2026 09:06;;Dada;Alto;No definido;;;Vinos del Año;PEÑAFLOR GRUPO OBJETIVO;;;20032;GRIBAUDO ESTEBAN;AXUM;;;False;153458;0;Lista General;Almacen/Despensa - A;12384;9/4/2026;BD-003;VILLAFAÑE MARIANO
3149;MAIPU ESQ. LAVALLE 1;BALNEARIA;9/4/2026;10/4/2026;9/4/2026;FAC-A0006-00061559;Venta;P&P LOGISTICA S.R.L;74188;3;7706,3;9324,62;MANSILLA EMANUEL JOSE LUIS;;6,00%;6;PEYRONEL ANDREA;6040;TRAPICHE ALARIS DULCE COSECHA 6X750;2568,77;3574;;TRADITIONAL TRADE;Almacen/Despensa;6138,3;ACOSTA FACUNDO;163,96;$;2;GRUPO PEÑAFLOR SA;2,25;0;Contado;13/4/2026 09:06;;Alaris;Medio Alto;No definido;;;Vinos del Año;PEÑAFLOR GRUPO OBJETIVO;;;20032;GRIBAUDO ESTEBAN;AXUM;;;False;153458;0;Lista General;Almacen/Despensa - A;12384;9/4/2026;BD-003;VILLAFAÑE MARIANO
3149;MAIPU ESQ. LAVALLE 1;BALNEARIA;9/4/2026;10/4/2026;9/4/2026;FAC-A0006-00061559;Venta;P&P LOGISTICA S.R.L;71704;3;7706,3;9324,62;MANSILLA EMANUEL JOSE LUIS;;6,00%;6;PEYRONEL ANDREA;6040;TRAPICHE ALARIS MALBEC 6X750;2568,77;3574;;TRADITIONAL TRADE;Almacen/Despensa;6461,37;ACOSTA FACUNDO;163,96;$;2;GRUPO PEÑAFLOR SA;2,25;0;Contado;13/4/2026 09:06;;Alaris;Medio Alto;No definido;;;Vinos del Año;PEÑAFLOR GRUPO OBJETIVO;;;20032;GRIBAUDO ESTEBAN;AXUM;;;False;153458;0;Lista General;Almacen/Despensa - A;12384;9/4/2026;BD-003;VILLAFAÑE MARIANO
3458;LIBERTAD ESQ. CORDOBA 1;MIRAMAR;9/4/2026;10/4/2026;9/4/2026;FAC-A0006-00061580;Venta;P&P LOGISTICA S.R.L;30131;6;39482,93;47774,35;FANER PORCHETTO JORGE DENIS;;6,00%;6;PEYRONEL ANDREA;6040;SMIRNOFF TROPICAL FRUITS 6X700;6580,49;3574;;TRADITIONAL TRADE;Kiosco/Maxikiosco;32124,3;ACOSTA FACUNDO;420,03;$;2;GRUPO PEÑAFLOR SA;4,2;0;Contado;13/4/2026 09:06;;Smirnoff;Standard (S);No definido;;;Vodka;PEÑAFLOR GRUPO OBJETIVO;;;20032;GRIBAUDO ESTEBAN;AXUM;;;False;153597;0;Lista General;Kiosco/Maxikiosco - P;12395;9/4/2026;2;LESCANO FRANCO DARIO
10103;XXXXXXXXXXXXXX 0;LA FRANCIA;9/4/2026;9/4/2026;9/4/2026;FAC-B0006-00013081;Venta;P&P LOGISTICA S.R.L;42102;6;19699,68;23836,61;MOSTRADOR LA FCIA;;0,00%;20;DEPOSITO;99;ELEMENTOS MALBEC 6X750 ;3283,28;;;AWAY FROM HOME;Temporada;14039,52;;0;$;2;GRUPO PEÑAFLOR SA;4,5;0;Contado;9/4/2026 10:36;;ELEMENTOS;Alto;No definido;;;Vinos del Año;PEÑAFLOR GRUPO OBJETIVO;;;;;Gescom;;;True;153509;0;Lista General;Temporada - C;;1/1/2000;;
2714;CORDOBA 149;LA PARA;9/4/2026;10/4/2026;7/4/2026;FAC-B0006-00013085;Venta;P&P LOGISTICA S.R.L;35104;12;23216,76;28092,28;BROCHERO MARIANA;;0,00%;6;PEYRONEL ANDREA;6030;SMF ICE GREENAPPLE LAT 4X6X473;1934,73;3570;;TRADITIONAL TRADE;Almacen/Despensa;17765,28;DELGADO MAYCO JOAQUIN;0;$;2;GRUPO PEÑAFLOR SA;5,676;0;Contado;13/4/2026 08:57;;Smirnoff Ice Flavours;RTD (s);No definido;;;RTD (S);PEÑAFLOR GRUPO OBJETIVO;;;20032;GRIBAUDO ESTEBAN;AXUM;;;False;153121;0;Lista General;Almacen/Despensa - B;12378;8/4/2026;2;LESCANO FRANCO DARIO
2714;CORDOBA 149;LA PARA;9/4/2026;10/4/2026;7/4/2026;FAC-B0006-00013085;Venta;P&P LOGISTICA S.R.L;35105;12;23216,76;28092,28;BROCHERO MARIANA;;0,00%;6;PEYRONEL ANDREA;6030;SMF ICE RED BERRIE LAT 4X6X473;1934,73;3570;;TRADITIONAL TRADE;Almacen/Despensa;17765,28;DELGADO MAYCO JOAQUIN;0;$;2;GRUPO PEÑAFLOR SA;5,676;0;Contado;13/4/2026 08:57;;Smirnoff Ice Flavours;RTD (s);No definido;;;RTD (S);PEÑAFLOR GRUPO OBJETIVO;;;20032;GRIBAUDO ESTEBAN;AXUM;;;False;153121;0;Lista General;Almacen/Despensa - B;12378;8/4/2026;2;LESCANO FRANCO DARIO
2714;CORDOBA 149;LA PARA;9/4/2026;10/4/2026;7/4/2026;FAC-B0006-00013085;Venta;P&P LOGISTICA S.R.L;35109;12;24377,52;29496,8;BROCHERO MARIANA;;0,00%;6;PEYRONEL ANDREA;6030;SMF  BC GRAPEF&LIME  LATA 4X6X473;2031,46;3570;;TRADITIONAL TRADE;Almacen/Despensa;18653,4;DELGADO MAYCO JOAQUIN;0;$;2;GRUPO PEÑAFLOR SA;0;0;Contado;13/4/2026 08:57;;Smirnoff Ice Flavours;RTD (s);;;;RTD (S);PEÑAFLOR GRUPO OBJETIVO;;;20032;GRIBAUDO ESTEBAN;AXUM;;;False;153121;0;Lista General;Almacen/Despensa - B;12378;8/4/2026;2;LESCANO FRANCO DARIO
2714;CORDOBA 149;LA PARA;9/4/2026;10/4/2026;7/4/2026;FAC-B0006-00013085;Venta;P&P LOGISTICA S.R.L;35103;12;23216,76;28092,28;BROCHERO MARIANA;;0,00%;6;PEYRONEL ANDREA;6030;SMIRNOFF ICE LATA 4X6X473;1934,73;3570;;TRADITIONAL TRADE;Almacen/Despensa;17765,28;DELGADO MAYCO JOAQUIN;0;$;2;GRUPO PEÑAFLOR SA;5,676;0;Contado;13/4/2026 08:57;;Smirnoff Ice;RTD (s);No definido;;;RTD (S);PEÑAFLOR GRUPO OBJETIVO;;;20032;GRIBAUDO ESTEBAN;AXUM;;;False;153121;0;Lista General;Almacen/Despensa - B;12378;8/4/2026;2;LESCANO FRANCO DARIO
2714;CORDOBA 149;LA PARA;9/4/2026;10/4/2026;7/4/2026;FAC-B0006-00013085;Venta;P&P LOGISTICA S.R.L;35108;12;24377,52;29496,8;BROCHERO MARIANA;;0,00%;6;PEYRONEL ANDREA;6030;SMF BC RUBYORANGE&LIME LATA 4X6X473;2031,46;3570;;TRADITIONAL TRADE;Almacen/Despensa;18653,4;DELGADO MAYCO JOAQUIN;0;$;2;GRUPO PEÑAFLOR SA;0;0;Contado;13/4/2026 08:57;;Smirnoff Ice Flavours;RTD (S);;;;RTD (S);PEÑAFLOR GRUPO OBJETIVO;;;20032;GRIBAUDO ESTEBAN;AXUM;;;False;153121;0;Lista General;Almacen/Despensa - B;12378;8/4/2026;2;LESCANO FRANCO DARIO
30031;LIBERTADOR NORTE 819 0;SAN FRANCISCO;9/4/2026;10/4/2026;9/4/2026;FAC-B0006-00013095;Venta;P&P LOGISTICA S.R.L;35109;6;11579,32;14010,98;MEIER CECILIA;;5,00%;8;ALVAREZ VANESA  KAFF;8040;SMF  BC GRAPEF&LIME  LATA 4X6X473;1929,89;3577;;TRADITIONAL TRADE;Almacen/Despensa;9326,7;BLAS ALMADA;101,57;$;2;GRUPO PEÑAFLOR SA;0;0;Contado;13/4/2026 09:17;;Smirnoff Ice Flavours;RTD (s);;;;RTD (S);PEÑAFLOR GRUPO OBJETIVO;;;20032;GRIBAUDO ESTEBAN;AXUM;;;False;153500;0;Lista General;Almacen/Despensa - B;12385;9/4/2026;2;LESCANO FRANCO DARIO
30031;LIBERTADOR NORTE 819 0;SAN FRANCISCO;9/4/2026;10/4/2026;9/4/2026;FAC-B0006-00013095;Venta;P&P LOGISTICA S.R.L;35105;6;11608,38;14046,14;MEIER CECILIA;;0,00%;8;ALVAREZ VANESA  KAFF;8040;SMF ICE RED BERRIE LAT 4X6X473;1934,73;3577;;TRADITIONAL TRADE;Almacen/Despensa;8882,64;BLAS ALMADA;0;$;2;GRUPO PEÑAFLOR SA;2,838;0;Contado;13/4/2026 09:17;;Smirnoff Ice Flavours;RTD (s);No definido;;;RTD (S);PEÑAFLOR GRUPO OBJETIVO;;;20032;GRIBAUDO ESTEBAN;AXUM;;;False;153500;0;Lista General;Almacen/Despensa - B;12385;9/4/2026;2;LESCANO FRANCO DARIO
30031;LIBERTADOR NORTE 819 0;SAN FRANCISCO;9/4/2026;10/4/2026;9/4/2026;FAC-B0006-00013095;Venta;P&P LOGISTICA S.R.L;74814;6;15187,29;18376,62;MEIER CECILIA;;15,00%;8;ALVAREZ VANESA  KAFF;8040;CAZADOR MALBEC 6X750;2531,22;3577;;TRADITIONAL TRADE;Almacen/Despensa;13671,96;BLAS ALMADA;446,69;$;2;GRUPO PEÑAFLOR SA;0;0;Contado;13/4/2026 09:17;;;;;;;;PEÑAFLOR GRUPO OBJETIVO;;;20032;GRIBAUDO ESTEBAN;AXUM;;;False;153500;0;Lista General;Almacen/Despensa - B;12385;9/4/2026;2;LESCANO FRANCO DARIO
30031;LIBERTADOR NORTE 819 0;SAN FRANCISCO;9/4/2026;10/4/2026;9/4/2026;FAC-B0006-00013095;Venta;P&P LOGISTICA S.R.L;74816;3;7593,65;9188,31;MEIER CECILIA;;15,00%;8;ALVAREZ VANESA  KAFF;8040;CAZADOR BLANCO DULCE 6X750;2531,22;3577;;TRADITIONAL TRADE;Almacen/Despensa;6835,98;BLAS ALMADA;446,69;$;2;GRUPO PEÑAFLOR SA;0;0;Contado;13/4/2026 09:17;;;;;;;;PEÑAFLOR GRUPO OBJETIVO;;;20032;GRIBAUDO ESTEBAN;AXUM;;;False;153500;0;Lista General;Almacen/Despensa - B;12385;9/4/2026;2;LESCANO FRANCO DARIO
30031;LIBERTADOR NORTE 819 0;SAN FRANCISCO;9/4/2026;10/4/2026;9/4/2026;FAC-B0006-00013095;Venta;P&P LOGISTICA S.R.L;74786;3;7823,81;9466,81;MEIER CECILIA;;15,00%;8;ALVAREZ VANESA  KAFF;8040;EL BAUTISMO CABERNET 6X750;2607,94;3577;;TRADITIONAL TRADE;Almacen/Despensa;7254,48;BLAS ALMADA;460,22;$;2;GRUPO PEÑAFLOR SA;2,25;0;Contado;13/4/2026 09:17;;;Vinos Del Año;;;;Vinos del Año;PEÑAFLOR GRUPO OBJETIVO;;;20032;GRIBAUDO ESTEBAN;AXUM;;;False;153500;0;Lista General;Almacen/Despensa - B;12385;9/4/2026;2;LESCANO FRANCO DARIO
383;MAR CHIQUITA esq COLON 0;Balnearia;9/4/2026;10/4/2026;8/4/2026;FAC-B0006-00013101;Venta;P&P LOGISTICA S.R.L;35105;6;11608,38;14046,14;BEARZI EVELINA ROXANA;;0,00%;6;PEYRONEL ANDREA;6031;SMF ICE RED BERRIE LAT 4X6X473;1934,73;3574;;TRADITIONAL TRADE;Kiosco/Maxikiosco;8882,64;ACOSTA FACUNDO;0;$;2;GRUPO PEÑAFLOR SA;2,838;0;Contado;13/4/2026 09:06;;Smirnoff Ice Flavours;RTD (s);No definido;;;RTD (S);PEÑAFLOR GRUPO OBJETIVO;;;20032;GRIBAUDO ESTEBAN;AXUM;;;False;153406;0;Lista General;Kiosco/Maxikiosco - B;12381;9/4/2026;BD-003;VILLAFAÑE MARIANO
7608;CABRERA 2499;SAN FRANCISCO;9/4/2026;9/4/2026;9/4/2026;NCR-A0006-00008603;Devolución por Rechazo;P&P LOGISTICA S.R.L;74210;-3;-9989,62;-12087,44;FINETTI LORENA ANDREA;ERROR DE PREVENTA;10,00%;3;GAMBINO NADIA;3040;ALMA MORA MALBEC 6X750;3329,87;;;TRADITIONAL TRADE;Almacen/Despensa;-8489,04;;369,99;$;2;GRUPO PEÑAFLOR SA;-2,25;0;Contado;9/4/2026 15:09;;Alma Mora;Alto;No definido;;;Vinos del Año;PEÑAFLOR GRUPO OBJETIVO;;;20032;GRIBAUDO ESTEBAN;AXUM;FAC-A0006-00059452;;True;153599;0;Lista General;Almacen/Despensa - B;;1/1/2000;;
7608;CABRERA 2499;SAN FRANCISCO;9/4/2026;9/4/2026;9/4/2026;NCR-A0006-00008603;Devolución por Rechazo;P&P LOGISTICA S.R.L;74504;-3;-9495,44;-11489,48;FINETTI LORENA ANDREA;ERROR DE PREVENTA;10,00%;3;GAMBINO NADIA;3040;DADA ART MALBEC 6X750;3165,15;;;TRADITIONAL TRADE;Almacen/Despensa;-8073,15;;351,68;$;2;GRUPO PEÑAFLOR SA;-2,25;0;Contado;9/4/2026 15:09;;Dada;Alto;No definido;;;Vinos del Año;PEÑAFLOR GRUPO OBJETIVO;;;20032;GRIBAUDO ESTEBAN;AXUM;FAC-A0006-00059452;;True;153599;0;Lista General;Almacen/Despensa - B;;1/1/2000;;
2357;BELGRANO 601;ARROYITO;9/4/2026;9/4/2026;9/4/2026;NCR-A0006-00008613;Devolución por Rechazo;P&P LOGISTICA S.R.L;74208;-6;-19979,89;-24775,07;HECTOR IVAN HERNANDEZ;NO RECIBIO;10,00%;10;ORTEGA MILAGROS DESIREE;1020;ALMA MORA CABSAUV6X750 ;3329,98;3569;;TRADITIONAL TRADE;Autoservicio Tradicional;-16987,14;DELGADO MAYCO JOAQUIN;370;$;2;GRUPO PEÑAFLOR SA;-4,5;0;Contado;9/4/2026 17:56;;Alma Mora;Alto;No definido;;;Vinos del Año;PEÑAFLOR GRUPO OBJETIVO;;;20032;GRIBAUDO ESTEBAN;Gescom;FAC-A0006-00061360;;True;153622;0;Lista General;Autoservicio Tradicional - B;;1/1/2000;;
2357;BELGRANO 601;ARROYITO;9/4/2026;9/4/2026;9/4/2026;NCR-A0006-00008613;Devolución por Rechazo;P&P LOGISTICA S.R.L;74438;-6;-19979,89;-24775,07;HECTOR IVAN HERNANDEZ;NO RECIBIO;10,00%;10;ORTEGA MILAGROS DESIREE;1020;ALMA MORA BLEND BLANCO 6X750;3329,98;3569;;TRADITIONAL TRADE;Autoservicio Tradicional;-16987,14;DELGADO MAYCO JOAQUIN;370;$;2;GRUPO PEÑAFLOR SA;-4,5;0;Contado;9/4/2026 17:56;;Alma Mora;Alto;No definido;;;Vinos del Año;PEÑAFLOR GRUPO OBJETIVO;;;20032;GRIBAUDO ESTEBAN;Gescom;FAC-A0006-00061360;;True;153622;0;Lista General;Autoservicio Tradicional - B;;1/1/2000;;
2357;BELGRANO 601;ARROYITO;9/4/2026;9/4/2026;9/4/2026;NCR-A0006-00008613;Devolución por Rechazo;P&P LOGISTICA S.R.L;74398;-6;-19979,89;-24775,07;HECTOR IVAN HERNANDEZ;NO RECIBIO;10,00%;10;ORTEGA MILAGROS DESIREE;1020;ALMA MORA SYRAH ROSE 6X750 ;3329,98;3569;;TRADITIONAL TRADE;Autoservicio Tradicional;-16987,14;DELGADO MAYCO JOAQUIN;370;$;2;GRUPO PEÑAFLOR SA;-4,5;0;Contado;9/4/2026 17:56;;Alma Mora;Alto;No definido;;;Vinos del Año;PEÑAFLOR GRUPO OBJETIVO;;;20032;GRIBAUDO ESTEBAN;Gescom;FAC-A0006-00061360;;True;153622;0;Lista General;Autoservicio Tradicional - B;;1/1/2000;;
2357;BELGRANO 601;ARROYITO;9/4/2026;9/4/2026;9/4/2026;NCR-A0006-00008613;Devolución por Rechazo;P&P LOGISTICA S.R.L;74395;-6;-18990,88;-23548,69;HECTOR IVAN HERNANDEZ;NO RECIBIO;10,00%;10;ORTEGA MILAGROS DESIREE;1020;DADA FMORAS N°2 6X750 ;3165,15;3569;;TRADITIONAL TRADE;Autoservicio Tradicional;-15339;DELGADO MAYCO JOAQUIN;351,68;$;2;GRUPO PEÑAFLOR SA;-4,5;0;Contado;9/4/2026 17:56;;Dada;Alto;No definido;;;Vinos del Año;PEÑAFLOR GRUPO OBJETIVO;;;20032;GRIBAUDO ESTEBAN;Gescom;FAC-A0006-00061360;;True;153622;0;Lista General;Autoservicio Tradicional - B;;1/1/2000;;
2357;BELGRANO 601;ARROYITO;9/4/2026;9/4/2026;9/4/2026;NCR-A0006-00008613;Devolución por Rechazo;P&P LOGISTICA S.R.L;80010;-6;-16433,98;-20378,14;HECTOR IVAN HERNANDEZ;NO RECIBIO;10,00%;10;ORTEGA MILAGROS DESIREE;1020;LOS ARBOLES SEL MALBEC 6X750;2739;3569;;TRADITIONAL TRADE;Autoservicio Tradicional;-14391,54;DELGADO MAYCO JOAQUIN;304,33;$;2;GRUPO PEÑAFLOR SA;-4,5;0;Contado;9/4/2026 17:56;;Los Arboles;Medio Alto;No definido;;;Vinos del Año;Grupo Peñaflor,PEÑAFLOR GRUPO OBJETIVO;;;20032;GRIBAUDO ESTEBAN;Gescom;FAC-A0006-00061360;;True;153622;0;Lista General;Autoservicio Tradicional - B;;1/1/2000;;
2357;BELGRANO 601;ARROYITO;9/4/2026;9/4/2026;9/4/2026;NCR-A0006-00008613;Devolución por Rechazo;P&P LOGISTICA S.R.L;80007;-6;-16433,98;-20378,14;HECTOR IVAN HERNANDEZ;NO RECIBIO;10,00%;10;ORTEGA MILAGROS DESIREE;1020;LOS ARBOLES SEL CABERNET 6X750;2739;3569;;TRADITIONAL TRADE;Autoservicio Tradicional;-14391,54;DELGADO MAYCO JOAQUIN;304,33;$;2;GRUPO PEÑAFLOR SA;-4,5;0;Contado;9/4/2026 17:56;;;Medio Alto;No definido;;;Vinos del Año;PEÑAFLOR GRUPO OBJETIVO;;;20032;GRIBAUDO ESTEBAN;Gescom;FAC-A0006-00061360;;True;153622;0;Lista General;Autoservicio Tradicional - B;;1/1/2000;;
2357;BELGRANO 601;ARROYITO;9/4/2026;9/4/2026;9/4/2026;NCR-A0006-00008613;Devolución por Rechazo;P&P LOGISTICA S.R.L;14508;-6;-16568,06;-20544,4;HECTOR IVAN HERNANDEZ;NO RECIBIO;10,00%;10;ORTEGA MILAGROS DESIREE;1020;EL BAUTISMO BLEND TINTAS 6X750 ;2761,34;3569;;TRADITIONAL TRADE;Autoservicio Tradicional;-14508,96;DELGADO MAYCO JOAQUIN;306,82;$;2;GRUPO PEÑAFLOR SA;-4,5;0;Contado;9/4/2026 17:56;;El Bautismo;Medio Alto;No definido;;;Vinos del Año;PEÑAFLOR GRUPO OBJETIVO;;;20032;GRIBAUDO ESTEBAN;Gescom;FAC-A0006-00061360;;True;153622;0;Lista General;Autoservicio Tradicional - B;;1/1/2000;;
2357;BELGRANO 601;ARROYITO;9/4/2026;9/4/2026;9/4/2026;NCR-A0006-00008613;Devolución por Rechazo;P&P LOGISTICA S.R.L;30134;-2;-18789,64;-23299,16;HECTOR IVAN HERNANDEZ;NO RECIBIO;10,00%;10;ORTEGA MILAGROS DESIREE;1020;GORDON´S PINK GIN 6X700;9394,82;3569;;TRADITIONAL TRADE;Autoservicio Tradicional;-16454,42;DELGADO MAYCO JOAQUIN;1043,87;$;2;GRUPO PEÑAFLOR SA;0;0;Contado;9/4/2026 17:56;;#¿NOMBRE?;Standard (S);No definido;;-No Definido-;Gin;PEÑAFLOR GRUPO OBJETIVO;;;20032;GRIBAUDO ESTEBAN;Gescom;FAC-A0006-00061360;;True;153622;0;Lista General;Autoservicio Tradicional - B;;1/1/2000;;
2357;BELGRANO 601;ARROYITO;9/4/2026;9/4/2026;9/4/2026;NCR-A0006-00008613;Devolución por Rechazo;P&P LOGISTICA S.R.L;35105;-6;-11608,38;-14394,39;HECTOR IVAN HERNANDEZ;NO RECIBIO;0,00%;10;ORTEGA MILAGROS DESIREE;1020;SMF ICE RED BERRIE LAT 4X6X473;1934,73;3569;;TRADITIONAL TRADE;Autoservicio Tradicional;-8882,64;DELGADO MAYCO JOAQUIN;0;$;2;GRUPO PEÑAFLOR SA;-2,838;0;Contado;9/4/2026 17:56;;Smirnoff Ice Flavours;RTD (s);No definido;;;RTD (S);PEÑAFLOR GRUPO OBJETIVO;;;20032;GRIBAUDO ESTEBAN;Gescom;FAC-A0006-00061360;;True;153622;0;Lista General;Autoservicio Tradicional - B;;1/1/2000;;
2357;BELGRANO 601;ARROYITO;9/4/2026;9/4/2026;9/4/2026;NCR-A0006-00008613;Devolución por Rechazo;P&P LOGISTICA S.R.L;35104;-6;-11608,38;-14394,39;HECTOR IVAN HERNANDEZ;NO RECIBIO;0,00%;10;ORTEGA MILAGROS DESIREE;1020;SMF ICE GREENAPPLE LAT 4X6X473;1934,73;3569;;TRADITIONAL TRADE;Autoservicio Tradicional;-8882,64;DELGADO MAYCO JOAQUIN;0;$;2;GRUPO PEÑAFLOR SA;-2,838;0;Contado;9/4/2026 17:56;;Smirnoff Ice Flavours;RTD (s);No definido;;;RTD (S);PEÑAFLOR GRUPO OBJETIVO;;;20032;GRIBAUDO ESTEBAN;Gescom;FAC-A0006-00061360;;True;153622;0;Lista General;Autoservicio Tradicional - B;;1/1/2000;;
3011;BERNARDO ERB 649;Arroyito;9/4/2026;9/4/2026;9/4/2026;NCR-A0006-00008614;Devolución por Rechazo;P&P LOGISTICA S.R.L;30075;-2;-17918,24;-21681,07;MARASINI JONATHAN EZEQUIEL;NO PEDIDO;6,00%;10;ORTEGA MILAGROS DESIREE;1010;GORDON´S GIN 6x700;8959,12;3569;;AWAY FROM HOME;Bar/Restaurant;-15023,6;DELGADO MAYCO JOAQUIN;571,86;$;2;GRUPO PEÑAFLOR SA;-1,4;0;Contado;9/4/2026 17:56;;Gordon´s;Standard (S);No definido;;;Gin;PEÑAFLOR GRUPO OBJETIVO;;;20032;GRIBAUDO ESTEBAN;Gescom;FAC-A0006-00061368;;True;153626;0;Lista General;Bar/Restaurant - P;;1/1/2000;;
8087;BELGRANO 30;VILLA DOLORES;9/4/2026;8/4/2026;8/4/2026;FAC-A0001-00042231;Venta;Empresa;35105;6;11608,38;14046,14;PALACIOS ARIEL ALEJANDRO;;0,00%;9;SANCHEZ FERNANDO JAVIER;9005;SMF ICE RED BERRIE LAT 4X6X473;1934,73;3576;;TRADITIONAL TRADE;Almacen/Despensa;8882,64;CHOFER VILLA DOLORES BEBIDA;0;$;2;GRUPO PEÑAFLOR SA;2,838;0;Contado;13/4/2026 10:19;;Smirnoff Ice Flavours;RTD (s);No definido;;;RTD (S);PEÑAFLOR GRUPO OBJETIVO;;;1002;BENITEZ RAUL;AXUM;;;False;153394;0;Lista General;Almacen/Despensa - B;12380;9/4/2026;BD-003;VILLAFAÑE MARIANO
8087;BELGRANO 30;VILLA DOLORES;9/4/2026;8/4/2026;8/4/2026;FAC-A0001-00042231;Venta;Empresa;35104;6;11608,38;14046,14;PALACIOS ARIEL ALEJANDRO;;0,00%;9;SANCHEZ FERNANDO JAVIER;9005;SMF ICE GREENAPPLE LAT 4X6X473;1934,73;3576;;TRADITIONAL TRADE;Almacen/Despensa;8882,64;CHOFER VILLA DOLORES BEBIDA;0;$;2;GRUPO PEÑAFLOR SA;2,838;0;Contado;13/4/2026 10:19;;Smirnoff Ice Flavours;RTD (s);No definido;;;RTD (S);PEÑAFLOR GRUPO OBJETIVO;;;1002;BENITEZ RAUL;AXUM;;;False;153394;0;Lista General;Almacen/Despensa - B;12380;9/4/2026;BD-003;VILLAFAÑE MARIANO
8176;BELGRANO 730;VILLA DOLORES;9/4/2026;8/4/2026;8/4/2026;FAC-A0001-00042232;Venta;Empresa;30131;3;19166,47;23191,43;ORDOÑES JOEL ISAIAS;;6,00%;9;SANCHEZ FERNANDO JAVIER;9005;SMIRNOFF TROPICAL FRUITS 6X700;6388,82;3576;;TRADITIONAL TRADE;Almacen/Despensa;16062,15;CHOFER VILLA DOLORES BEBIDA;407,8;$;2;GRUPO PEÑAFLOR SA;2,1;0;Contado;13/4/2026 10:19;;Smirnoff;Standard (S);No definido;;;Vodka;PEÑAFLOR GRUPO OBJETIVO;;;1002;BENITEZ RAUL;AXUM;;;False;153403;0;Lista General;Almacen/Despensa - B;12380;8/4/2026;BD-003;VILLAFAÑE MARIANO
8176;BELGRANO 730;VILLA DOLORES;9/4/2026;8/4/2026;8/4/2026;FAC-A0001-00042232;Venta;Empresa;30019;3;17240,63;20861,17;ORDOÑES JOEL ISAIAS;;6,00%;9;SANCHEZ FERNANDO JAVIER;9005;SMIRNOFF 21 DO 12X700;5746,88;3576;;TRADITIONAL TRADE;Almacen/Despensa;14455,47;CHOFER VILLA DOLORES BEBIDA;366,82;$;2;GRUPO PEÑAFLOR SA;2,1;0;Contado;13/4/2026 10:19;;Smirnoff;Standard (S);No definido;;;Vodka;PEÑAFLOR GRUPO OBJETIVO;;;1002;BENITEZ RAUL;AXUM;;;False;153403;0;Lista General;Almacen/Despensa - B;12380;8/4/2026;BD-003;VILLAFAÑE MARIANO
8176;BELGRANO 730;VILLA DOLORES;9/4/2026;8/4/2026;8/4/2026;FAC-A0001-00042232;Venta;Empresa;35105;6;11608,38;14046,14;ORDOÑES JOEL ISAIAS;;0,00%;9;SANCHEZ FERNANDO JAVIER;9005;SMF ICE RED BERRIE LAT 4X6X473;1934,73;3576;;TRADITIONAL TRADE;Almacen/Despensa;8882,64;CHOFER VILLA DOLORES BEBIDA;0;$;2;GRUPO PEÑAFLOR SA;2,838;0;Contado;13/4/2026 10:19;;Smirnoff Ice Flavours;RTD (s);No definido;;;RTD (S);PEÑAFLOR GRUPO OBJETIVO;;;1002;BENITEZ RAUL;AXUM;;;False;153403;0;Lista General;Almacen/Despensa - B;12380;8/4/2026;BD-003;VILLAFAÑE MARIANO
769;ruta provincial 14 0;Las Rabonas;9/4/2026;9/4/2026;9/4/2026;FAC-A0001-00042233;Venta;Empresa;30022;150;866629,37;1048621,54;PEREYRA PABLO NICOLAS;;17,47%;9;SANCHEZ FERNANDO JAVIER;9005;SMIRNOFF RASPBERRY DO 6X700;5777,53;3580;;TRADITIONAL TRADE;Autoservicio Tradicional;803107,5;CHOFER VILLA DOLORES BEBIDA;1222,99;$;2;GRUPO PEÑAFLOR SA;105;0;Contado;;;Smirnoff;Standard (S);No definido;;;Vodka;PEÑAFLOR GRUPO OBJETIVO;;;1002;BENITEZ RAUL;AXUM;;;False;153612;1;Lista General;Autoservicio Tradicional - C;12404;9/4/2026;BD-003;VILLAFAÑE MARIANO
769;ruta provincial 14 0;Las Rabonas;9/4/2026;9/4/2026;9/4/2026;FAC-A0001-00042233;Venta;Empresa;30020;150;866629,37;1048621,54;PEREYRA PABLO NICOLAS;;17,47%;9;SANCHEZ FERNANDO JAVIER;9005;SMIRNOFF GREEN APPLE DO 6X700;5777,53;3580;;TRADITIONAL TRADE;Autoservicio Tradicional;803107,5;CHOFER VILLA DOLORES BEBIDA;1222,99;$;2;GRUPO PEÑAFLOR SA;105;0;Contado;;;Smirnoff;Standard (S);No definido;;;Vodka;PEÑAFLOR GRUPO OBJETIVO;;;1002;BENITEZ RAUL;AXUM;;;False;153612;1;Lista General;Autoservicio Tradicional - C;12404;9/4/2026;BD-003;VILLAFAÑE MARIANO
8230;25 DE MAYO 75;VILLA DE LAS ROSAS;9/4/2026;6/4/2026;9/4/2026;FAC-A0001-00042234;Venta;Empresa;30022;180;1039955,25;1258345,85;ZHUANG XIAYAN 63;;17,47%;9;SANCHEZ FERNANDO JAVIER;9005;SMIRNOFF RASPBERRY DO 6X700;5777,53;3564;;TRADITIONAL TRADE;Autoservicio Tradicional;963729;CHOFER VILLA DOLORES BEBIDA;1222,99;$;2;GRUPO PEÑAFLOR SA;126;0;Contado;;;Smirnoff;Standard (S);No definido;;;Vodka;PEÑAFLOR GRUPO OBJETIVO;;;1002;BENITEZ RAUL;AXUM;;;False;153614;1;Lista General;Autoservicio Tradicional - P;12403;10/4/2026;BD-003;VILLAFAÑE MARIANO
1089;RUTA 14 0;Los Hornillos;9/4/2026;6/4/2026;9/4/2026;FAC-B0001-00011801;Venta;Empresa;30022;180;1039955,25;1258345,85;CHEN MIN;;17,47%;9;SANCHEZ FERNANDO JAVIER;9002;SMIRNOFF RASPBERRY DO 6X700;5777,53;3564;;TRADITIONAL TRADE;Autoservicio Tradicional;963729;CHOFER VILLA DOLORES BEBIDA;1222,99;$;2;GRUPO PEÑAFLOR SA;126;0;Contado;;;Smirnoff;Standard (S);No definido;;;Vodka;PEÑAFLOR GRUPO OBJETIVO;;;1002;BENITEZ RAUL;AXUM;;;False;153613;1;Lista General;Autoservicio Tradicional - C;12403;10/4/2026;BD-003;VILLAFAÑE MARIANO
1093;LIBERTADOR URQUIZA 0;La Paz;9/4/2026;6/4/2026;9/4/2026;FAC-A0001-00042235;Venta;Empresa;30022;180;1039955,25;1258345,85;RAMIREZ LUISINA AINELEN;;17,47%;9;SANCHEZ FERNANDO JAVIER;9004;SMIRNOFF RASPBERRY DO 6X700;5777,53;3564;;TRADITIONAL TRADE;Autoservicio Tradicional;963729;CHOFER VILLA DOLORES BEBIDA;1222,99;$;2;GRUPO PEÑAFLOR SA;126;0;Contado;;;Smirnoff;Standard (S);No definido;;;Vodka;PEÑAFLOR GRUPO OBJETIVO;;;1002;BENITEZ RAUL;AXUM;;;False;153615;1;Lista General;Autoservicio Tradicional - C;12403;10/4/2026;BD-003;VILLAFAÑE MARIANO
8125;17 DE OCTUBRE 630;VILLA DOLORES;9/4/2026;6/4/2026;9/4/2026;FAC-A0001-00042236;Venta;Empresa;30022;180;1039955,25;1258345,85;CEBALLOS CARLOS JULIO;;17,47%;9;SANCHEZ FERNANDO JAVIER;9005;SMIRNOFF RASPBERRY DO 6X700;5777,53;3564;;TRADITIONAL TRADE;Autoservicio Tradicional;963729;CHOFER VILLA DOLORES BEBIDA;1222,99;$;2;GRUPO PEÑAFLOR SA;126;0;Contado;;;Smirnoff;Standard (S);No definido;;;Vodka;PEÑAFLOR GRUPO OBJETIVO;;;1002;BENITEZ RAUL;AXUM;;;False;153616;1;Lista General;Autoservicio Tradicional - P;12403;10/4/2026;BD-003;VILLAFAÑE MARIANO
8139;CURA BROCHERO ESQ JUAN JOSE PASO (FRENTE A PLAZA) 0;VILLA DOLORES;9/4/2026;6/4/2026;9/4/2026;FAC-A0001-00042237;Venta;Empresa;30022;180;1039955,25;1258345,85;CHEN XIANYU;;17,47%;9;SANCHEZ FERNANDO JAVIER;9005;SMIRNOFF RASPBERRY DO 6X700;5777,53;3564;;TRADITIONAL TRADE;Autoservicio Tradicional;963729;CHOFER VILLA DOLORES BEBIDA;1222,99;$;2;GRUPO PEÑAFLOR SA;126;0;Contado;;;Smirnoff;Standard (S);No definido;;;Vodka;PEÑAFLOR GRUPO OBJETIVO;;;1002;BENITEZ RAUL;AXUM;;;False;153617;1;Lista General;Autoservicio Tradicional - P;12403;9/4/2026;BD-003;VILLAFAÑE MARIANO
173;SARMIENTO 145;El Tío;10/4/2026;11/4/2026;9/4/2026;FAC-A0006-00061594;Venta;P&P LOGISTICA S.R.L;80010;3;8582,19;10384,45;ROMERA ELISA NATALIA;;6,00%;10;ORTEGA MILAGROS DESIREE;1040;LOS ARBOLES SEL MALBEC 6X750;2860,73;3582;;TRADITIONAL TRADE;Almacen/Despensa;7195,77;DELGADO MAYCO JOAQUIN;182,6;$;2;GRUPO PEÑAFLOR SA;2,25;0;Contado;14/4/2026 08:57;;Los Arboles;Medio Alto;No definido;;;Vinos del Año;Grupo Peñaflor,PEÑAFLOR GRUPO OBJETIVO;;;20032;GRIBAUDO ESTEBAN;AXUM;;;False;153569;0;Lista General;Almacen/Despensa - B;12397;9/4/2026;BD-003;VILLAFAÑE MARIANO
173;SARMIENTO 145;El Tío;10/4/2026;11/4/2026;9/4/2026;FAC-A0006-00061594;Venta;P&P LOGISTICA S.R.L;14507;3;8652,21;10469,18;ROMERA ELISA NATALIA;;6,00%;10;ORTEGA MILAGROS DESIREE;1040;EL BAUTISMO MALBEC 6X750 ;2884,07;3582;;TRADITIONAL TRADE;Almacen/Despensa;7254,48;DELGADO MAYCO JOAQUIN;184,09;$;2;GRUPO PEÑAFLOR SA;2,25;0;Contado;14/4/2026 08:57;;El Bautismo;Medio Alto;No definido;;;Vinos del Año;PEÑAFLOR GRUPO OBJETIVO;;;20032;GRIBAUDO ESTEBAN;AXUM;;;False;153569;0;Lista General;Almacen/Despensa - B;12397;9/4/2026;BD-003;VILLAFAÑE MARIANO
173;SARMIENTO 145;El Tío;10/4/2026;11/4/2026;9/4/2026;FAC-A0006-00061594;Venta;P&P LOGISTICA S.R.L;74210;3;10642,26;12877,13;ROMERA ELISA NATALIA;;6,00%;10;ORTEGA MILAGROS DESIREE;1040;ALMA MORA MALBEC 6X750;3547,42;3582;;TRADITIONAL TRADE;Almacen/Despensa;8489,04;DELGADO MAYCO JOAQUIN;226,43;$;2;GRUPO PEÑAFLOR SA;2,25;0;Contado;14/4/2026 08:57;;Alma Mora;Alto;No definido;;;Vinos del Año;PEÑAFLOR GRUPO OBJETIVO;;;20032;GRIBAUDO ESTEBAN;AXUM;;;False;153569;0;Lista General;Almacen/Despensa - B;12397;9/4/2026;BD-003;VILLAFAÑE MARIANO
173;SARMIENTO 145;El Tío;10/4/2026;11/4/2026;9/4/2026;FAC-A0006-00061594;Venta;P&P LOGISTICA S.R.L;42102;3;9258,85;11203,21;ROMERA ELISA NATALIA;;6,00%;10;ORTEGA MILAGROS DESIREE;1040;ELEMENTOS MALBEC 6X750 ;3086,28;3582;;TRADITIONAL TRADE;Almacen/Despensa;7019,76;DELGADO MAYCO JOAQUIN;197;$;2;GRUPO PEÑAFLOR SA;2,25;0;Contado;14/4/2026 08:57;;ELEMENTOS;Alto;No definido;;;Vinos del Año;PEÑAFLOR GRUPO OBJETIVO;;;20032;GRIBAUDO ESTEBAN;AXUM;;;False;153569;0;Lista General;Almacen/Despensa - B;12397;9/4/2026;BD-003;VILLAFAÑE MARIANO
173;SARMIENTO 145;El Tío;10/4/2026;11/4/2026;9/4/2026;FAC-A0006-00061594;Venta;P&P LOGISTICA S.R.L;80004;3;6620,94;8011,33;ROMERA ELISA NATALIA;;6,00%;10;ORTEGA MILAGROS DESIREE;1040;SAN TELMO MALBEC X750;2206,98;3582;;TRADITIONAL TRADE;Almacen/Despensa;5551,35;DELGADO MAYCO JOAQUIN;140,87;$;2;GRUPO PEÑAFLOR SA;2,25;0;Contado;14/4/2026 08:57;;;Medio;No definido;;;Vinos del Año;Grupo Peñaflor,PEÑAFLOR GRUPO OBJETIVO;;;20032;GRIBAUDO ESTEBAN;AXUM;;;False;153569;0;Lista General;Almacen/Despensa - B;12397;9/4/2026;BD-003;VILLAFAÑE MARIANO
173;SARMIENTO 145;El Tío;10/4/2026;11/4/2026;9/4/2026;FAC-A0006-00061594;Venta;P&P LOGISTICA S.R.L;20251;3;6423,28;7772,17;ROMERA ELISA NATALIA;;6,00%;10;ORTEGA MILAGROS DESIREE;1040;SUTER VARIETAL MALBEC 6X750;2141,09;3582;;TRADITIONAL TRADE;Almacen/Despensa;5385,63;DELGADO MAYCO JOAQUIN;136,67;$;2;GRUPO PEÑAFLOR SA;2,25;0;Contado;14/4/2026 08:57;;#¿NOMBRE?;Medio;No definido;;;Vinos del Año;PEÑAFLOR GRUPO OBJETIVO;;;20032;GRIBAUDO ESTEBAN;AXUM;;;False;153569;0;Lista General;Almacen/Despensa - B;12397;9/4/2026;BD-003;VILLAFAÑE MARIANO
1289;SAN MARTIN 410;Villa Concepción del Tío;10/4/2026;11/4/2026;9/4/2026;FAC-A0006-00061595;Venta;P&P LOGISTICA S.R.L;35104;6;11608,38;14046,14;VACA MARTIN RODRIGO;;0,00%;10;ORTEGA MILAGROS DESIREE;1040;SMF ICE GREENAPPLE LAT 4X6X473;1934,73;3582;;TRADITIONAL TRADE;Kiosco/Maxikiosco;8882,64;DELGADO MAYCO JOAQUIN;0;$;2;GRUPO PEÑAFLOR SA;2,838;0;Contado;14/4/2026 08:57;;Smirnoff Ice Flavours;RTD (s);No definido;;;RTD (S);PEÑAFLOR GRUPO OBJETIVO;;;20032;GRIBAUDO ESTEBAN;AXUM;;;False;153570;0;Lista General;Kiosco/Maxikiosco - P;12397;9/4/2026;BD-003;VILLAFAÑE MARIANO
1289;SAN MARTIN 410;Villa Concepción del Tío;10/4/2026;11/4/2026;9/4/2026;FAC-A0006-00061595;Venta;P&P LOGISTICA S.R.L;35105;6;11608,38;14046,14;VACA MARTIN RODRIGO;;0,00%;10;ORTEGA MILAGROS DESIREE;1040;SMF ICE RED BERRIE LAT 4X6X473;1934,73;3582;;TRADITIONAL TRADE;Kiosco/Maxikiosco;8882,64;DELGADO MAYCO JOAQUIN;0;$;2;GRUPO PEÑAFLOR SA;2,838;0;Contado;14/4/2026 08:57;;Smirnoff Ice Flavours;RTD (s);No definido;;;RTD (S);PEÑAFLOR GRUPO OBJETIVO;;;20032;GRIBAUDO ESTEBAN;AXUM;;;False;153570;0;Lista General;Kiosco/Maxikiosco - P;12397;9/4/2026;BD-003;VILLAFAÑE MARIANO
2136;SAN MARTIN 338;VILLA CONCEPCION DEL TIO;10/4/2026;11/4/2026;9/4/2026;FAC-A0006-00061596;Venta;P&P LOGISTICA S.R.L;35104;12;23216,76;28092,28;HERNANDEZ MARTA FLORINDA;;0,00%;10;ORTEGA MILAGROS DESIREE;1040;SMF ICE GREENAPPLE LAT 4X6X473;1934,73;3582;;TRADITIONAL TRADE;Almacen/Despensa;17765,28;DELGADO MAYCO JOAQUIN;0;$;2;GRUPO PEÑAFLOR SA;5,676;0;Contado;14/4/2026 08:57;;Smirnoff Ice Flavours;RTD (s);No definido;;;RTD (S);PEÑAFLOR GRUPO OBJETIVO;;;20032;GRIBAUDO ESTEBAN;AXUM;;;False;153571;0;Lista General;Almacen/Despensa - A;12397;9/4/2026;BD-003;VILLAFAÑE MARIANO
2136;SAN MARTIN 338;VILLA CONCEPCION DEL TIO;10/4/2026;11/4/2026;9/4/2026;FAC-A0006-00061596;Venta;P&P LOGISTICA S.R.L;35105;12;23216,76;28092,28;HERNANDEZ MARTA FLORINDA;;0,00%;10;ORTEGA MILAGROS DESIREE;1040;SMF ICE RED BERRIE LAT 4X6X473;1934,73;3582;;TRADITIONAL TRADE;Almacen/Despensa;17765,28;DELGADO MAYCO JOAQUIN;0;$;2;GRUPO PEÑAFLOR SA;5,676;0;Contado;14/4/2026 08:57;;Smirnoff Ice Flavours;RTD (s);No definido;;;RTD (S);PEÑAFLOR GRUPO OBJETIVO;;;20032;GRIBAUDO ESTEBAN;AXUM;;;False;153571;0;Lista General;Almacen/Despensa - A;12397;9/4/2026;BD-003;VILLAFAÑE MARIANO
2380;9 DE JULIO ESQ SAN LUIS 0;VILLA CONCEPCION DEL TIO;10/4/2026;11/4/2026;9/4/2026;FAC-A0006-00061597;Venta;P&P LOGISTICA S.R.L;71704;3;7378,37;8927,83;ZACHER FEDERICO CONRADO;;10,00%;10;ORTEGA MILAGROS DESIREE;1040;TRAPICHE ALARIS MALBEC 6X750;2459,46;3582;;TRADITIONAL TRADE;Almacen/Despensa;6461,37;DELGADO MAYCO JOAQUIN;273,27;$;2;GRUPO PEÑAFLOR SA;2,25;0;Contado;14/4/2026 08:57;;Alaris;Medio Alto;No definido;;;Vinos del Año;PEÑAFLOR GRUPO OBJETIVO;;;20032;GRIBAUDO ESTEBAN;AXUM;;;False;153573;0;Lista General;Almacen/Despensa - B;12397;9/4/2026;BD-003;VILLAFAÑE MARIANO
2380;9 DE JULIO ESQ SAN LUIS 0;VILLA CONCEPCION DEL TIO;10/4/2026;11/4/2026;9/4/2026;FAC-A0006-00061597;Venta;P&P LOGISTICA S.R.L;41682;6;27253,75;32977,03;ZACHER FEDERICO CONRADO;;10,00%;10;ORTEGA MILAGROS DESIREE;1040;DON DAVID MALBEC 6X750;4542,29;3582;;TRADITIONAL TRADE;Almacen/Despensa;22717,14;DELGADO MAYCO JOAQUIN;504,7;$;2;GRUPO PEÑAFLOR SA;4,5;0;Contado;14/4/2026 08:57;;Don David;Superior;No definido;;;Vinos del Año;PEÑAFLOR GRUPO OBJETIVO;;;20032;GRIBAUDO ESTEBAN;AXUM;;;False;153573;0;Lista General;Almacen/Despensa - B;12397;9/4/2026;BD-003;VILLAFAÑE MARIANO
2380;9 DE JULIO ESQ SAN LUIS 0;VILLA CONCEPCION DEL TIO;10/4/2026;11/4/2026;9/4/2026;FAC-A0006-00061597;Venta;P&P LOGISTICA S.R.L;80010;3;8216,99;9942,56;ZACHER FEDERICO CONRADO;;10,00%;10;ORTEGA MILAGROS DESIREE;1040;LOS ARBOLES SEL MALBEC 6X750;2739;3582;;TRADITIONAL TRADE;Almacen/Despensa;7195,77;DELGADO MAYCO JOAQUIN;304,33;$;2;GRUPO PEÑAFLOR SA;2,25;0;Contado;14/4/2026 08:57;;Los Arboles;Medio Alto;No definido;;;Vinos del Año;Grupo Peñaflor,PEÑAFLOR GRUPO OBJETIVO;;;20032;GRIBAUDO ESTEBAN;AXUM;;;False;153573;0;Lista General;Almacen/Despensa - B;12397;9/4/2026;BD-003;VILLAFAÑE MARIANO
2380;9 DE JULIO ESQ SAN LUIS 0;VILLA CONCEPCION DEL TIO;10/4/2026;11/4/2026;9/4/2026;FAC-A0006-00061597;Venta;P&P LOGISTICA S.R.L;14507;3;8284,03;10023,68;ZACHER FEDERICO CONRADO;;10,00%;10;ORTEGA MILAGROS DESIREE;1040;EL BAUTISMO MALBEC 6X750 ;2761,34;3582;;TRADITIONAL TRADE;Almacen/Despensa;7254,48;DELGADO MAYCO JOAQUIN;306,82;$;2;GRUPO PEÑAFLOR SA;2,25;0;Contado;14/4/2026 08:57;;El Bautismo;Medio Alto;No definido;;;Vinos del Año;PEÑAFLOR GRUPO OBJETIVO;;;20032;GRIBAUDO ESTEBAN;AXUM;;;False;153573;0;Lista General;Almacen/Despensa - B;12397;9/4/2026;BD-003;VILLAFAÑE MARIANO
2380;9 DE JULIO ESQ SAN LUIS 0;VILLA CONCEPCION DEL TIO;10/4/2026;11/4/2026;9/4/2026;FAC-A0006-00061597;Venta;P&P LOGISTICA S.R.L;74504;3;9685,36;11719,28;ZACHER FEDERICO CONRADO;;10,00%;10;ORTEGA MILAGROS DESIREE;1040;DADA ART MALBEC 6X750;3228,45;3582;;TRADITIONAL TRADE;Almacen/Despensa;8073,15;DELGADO MAYCO JOAQUIN;358,72;$;2;GRUPO PEÑAFLOR SA;2,25;0;Contado;14/4/2026 08:57;;Dada;Alto;No definido;;;Vinos del Año;PEÑAFLOR GRUPO OBJETIVO;;;20032;GRIBAUDO ESTEBAN;AXUM;;;False;153573;0;Lista General;Almacen/Despensa - B;12397;9/4/2026;BD-003;VILLAFAÑE MARIANO
2380;9 DE JULIO ESQ SAN LUIS 0;VILLA CONCEPCION DEL TIO;10/4/2026;11/4/2026;9/4/2026;FAC-A0006-00061597;Venta;P&P LOGISTICA S.R.L;80022;3;12944,23;15662,52;ZACHER FEDERICO CONRADO;;10,00%;10;ORTEGA MILAGROS DESIREE;1040;COLECCION PRIVADA MALBEC;4314,74;3582;;TRADITIONAL TRADE;Almacen/Despensa;10789,53;DELGADO MAYCO JOAQUIN;479,42;$;2;GRUPO PEÑAFLOR SA;2,25;0;Contado;14/4/2026 08:57;;;-No Definido-;No definido;;;Vinos del Año;Grupo Peñaflor,PEÑAFLOR GRUPO OBJETIVO;;;20032;GRIBAUDO ESTEBAN;AXUM;;;False;153573;0;Lista General;Almacen/Despensa - B;12397;9/4/2026;BD-003;VILLAFAÑE MARIANO
2380;9 DE JULIO ESQ SAN LUIS 0;VILLA CONCEPCION DEL TIO;10/4/2026;11/4/2026;9/4/2026;FAC-A0006-00061597;Venta;P&P LOGISTICA S.R.L;74748;3;9685,36;11719,28;ZACHER FEDERICO CONRADO;;10,00%;10;ORTEGA MILAGROS DESIREE;1040;DADA N°9 CARAMEL 6X750;3228,45;3582;;TRADITIONAL TRADE;Almacen/Despensa;8069,1;DELGADO MAYCO JOAQUIN;358,72;$;2;GRUPO PEÑAFLOR SA;0;0;Contado;14/4/2026 08:57;;Dada;Alto;;;-No Definido-;Vinos del Año;PEÑAFLOR GRUPO OBJETIVO;;;20032;GRIBAUDO ESTEBAN;AXUM;;;False;153573;0;Lista General;Almacen/Despensa - B;12397;9/4/2026;BD-003;VILLAFAÑE MARIANO
1381;MARCONI 1593;San Francisco;10/4/2026;13/4/2026;9/4/2026;FAC-A0006-00061601;Venta;P&P LOGISTICA S.R.L;30022;30;210015,6;260419,34;ZALAZAR DANIEL WALTER;;0,00%;8;ALVAREZ VANESA  KAFF;8040;SMIRNOFF RASPBERRY DO 6X700;7000,52;3584;;ON PREMISE NOCHE;ON PREMISE NOCHE;160621,5;BLAS ALMADA;0;$;2;GRUPO PEÑAFLOR SA;21;0;Contado;14/4/2026 08:48;;Smirnoff;Standard (S);No definido;;;Vodka;PEÑAFLOR GRUPO OBJETIVO;;;20032;GRIBAUDO ESTEBAN;AXUM;;;False;153605;0;Lista General;ON PREMISE NOCHE - C;12407;10/4/2026;20000;MOLINA JUAN
1381;MARCONI 1593;San Francisco;10/4/2026;13/4/2026;9/4/2026;FAC-A0006-00061601;Venta;P&P LOGISTICA S.R.L;30020;18;126009,36;156251,61;ZALAZAR DANIEL WALTER;;0,00%;8;ALVAREZ VANESA  KAFF;8040;SMIRNOFF GREEN APPLE DO 6X700;7000,52;3584;;ON PREMISE NOCHE;ON PREMISE NOCHE;96372,9;BLAS ALMADA;0;$;2;GRUPO PEÑAFLOR SA;12,6;0;Contado;14/4/2026 08:48;;Smirnoff;Standard (S);No definido;;;Vodka;PEÑAFLOR GRUPO OBJETIVO;;;20032;GRIBAUDO ESTEBAN;AXUM;;;False;153605;0;Lista General;ON PREMISE NOCHE - C;12407;10/4/2026;20000;MOLINA JUAN
1381;MARCONI 1593;San Francisco;10/4/2026;13/4/2026;9/4/2026;FAC-A0006-00061601;Venta;P&P LOGISTICA S.R.L;30131;6;42003,12;52083,87;ZALAZAR DANIEL WALTER;;0,00%;8;ALVAREZ VANESA  KAFF;8040;SMIRNOFF TROPICAL FRUITS 6X700;7000,52;3584;;ON PREMISE NOCHE;ON PREMISE NOCHE;32124,3;BLAS ALMADA;0;$;2;GRUPO PEÑAFLOR SA;4,2;0;Contado;14/4/2026 08:48;;Smirnoff;Standard (S);No definido;;;Vodka;PEÑAFLOR GRUPO OBJETIVO;;;20032;GRIBAUDO ESTEBAN;AXUM;;;False;153605;0;Lista General;ON PREMISE NOCHE - C;12407;10/4/2026;20000;MOLINA JUAN
1381;MARCONI 1593;San Francisco;10/4/2026;13/4/2026;9/4/2026;FAC-A0006-00061601;Venta;P&P LOGISTICA S.R.L;35101;6;42003,12;52083,87;ZALAZAR DANIEL WALTER;;0,00%;8;ALVAREZ VANESA  KAFF;8040;SMIRNOFF BC ORANGE & LIME 6X700;7000,52;3584;;ON PREMISE NOCHE;ON PREMISE NOCHE;32140,38;BLAS ALMADA;0;$;2;GRUPO PEÑAFLOR SA;4,2;0;Contado;14/4/2026 08:48;;Smirnoff;Standard (S);No definido;;;Vodka;PEÑAFLOR GRUPO OBJETIVO;;;20032;GRIBAUDO ESTEBAN;AXUM;;;False;153605;0;Lista General;ON PREMISE NOCHE - C;12407;10/4/2026;20000;MOLINA JUAN
1381;MARCONI 1593;San Francisco;10/4/2026;13/4/2026;9/4/2026;FAC-A0006-00061601;Venta;P&P LOGISTICA S.R.L;30022;12;0;0;ZALAZAR DANIEL WALTER;;100,00%;8;ALVAREZ VANESA  KAFF;8040;SMIRNOFF RASPBERRY DO 6X700;0;3584;;ON PREMISE NOCHE;ON PREMISE NOCHE;64248,6;BLAS ALMADA;7000,52;$;2;GRUPO PEÑAFLOR SA;8,4;0;Contado;14/4/2026 08:48;;Smirnoff;Standard (S);No definido;;;Vodka;PEÑAFLOR GRUPO OBJETIVO;;;20032;GRIBAUDO ESTEBAN;AXUM;;;False;153605;0;Lista General;ON PREMISE NOCHE - C;12407;10/4/2026;20000;MOLINA JUAN
512;PRIMEROS COLONIZADORES 2380;SAN FRANCISCO;10/4/2026;13/4/2026;9/4/2026;FAC-A0006-00061602;Venta;P&P LOGISTICA S.R.L;35105;24;46433,52;56184,56;HEREDIA DANIEL GERMAN ;;0,00%;8;ALVAREZ VANESA  KAFF;8040;SMF ICE RED BERRIE LAT 4X6X473;1934,73;3584;;TRADITIONAL TRADE;Almacen/Despensa;35530,56;BLAS ALMADA;0;$;2;GRUPO PEÑAFLOR SA;11,352;0;Contado;14/4/2026 08:48;;Smirnoff Ice Flavours;RTD (s);No definido;;;RTD (S);PEÑAFLOR GRUPO OBJETIVO;;;20032;GRIBAUDO ESTEBAN;AXUM;;;False;153606;0;Lista General;Almacen/Despensa - A;12407;10/4/2026;20000;MOLINA JUAN
512;PRIMEROS COLONIZADORES 2380;SAN FRANCISCO;10/4/2026;13/4/2026;9/4/2026;FAC-A0006-00061603;Venta;P&P LOGISTICA S.R.L;30020;12;78965,87;95548,7;HEREDIA DANIEL GERMAN ;;6,00%;8;ALVAREZ VANESA  KAFF;8040;SMIRNOFF GREEN APPLE DO 6X700;6580,49;3584;;TRADITIONAL TRADE;Almacen/Despensa;64248,6;BLAS ALMADA;420,03;$;2;GRUPO PEÑAFLOR SA;8,4;0;Contado;14/4/2026 08:48;;Smirnoff;Standard (S);No definido;;;Vodka;PEÑAFLOR GRUPO OBJETIVO;;;20032;GRIBAUDO ESTEBAN;AXUM;;;False;153607;0;Lista General;Almacen/Despensa - A;12407;10/4/2026;20000;MOLINA JUAN
512;PRIMEROS COLONIZADORES 2380;SAN FRANCISCO;10/4/2026;13/4/2026;9/4/2026;FAC-A0006-00061604;Venta;P&P LOGISTICA S.R.L;30022;12;78965,87;95548,7;HEREDIA DANIEL GERMAN ;;6,00%;8;ALVAREZ VANESA  KAFF;8040;SMIRNOFF RASPBERRY DO 6X700;6580,49;3584;;TRADITIONAL TRADE;Almacen/Despensa;64248,6;BLAS ALMADA;420,03;$;2;GRUPO PEÑAFLOR SA;8,4;0;Contado;14/4/2026 08:48;;Smirnoff;Standard (S);No definido;;;Vodka;PEÑAFLOR GRUPO OBJETIVO;;;20032;GRIBAUDO ESTEBAN;AXUM;;;False;153608;0;Lista General;Almacen/Despensa - A;12407;10/4/2026;20000;MOLINA JUAN
512;PRIMEROS COLONIZADORES 2380;SAN FRANCISCO;10/4/2026;13/4/2026;9/4/2026;FAC-A0006-00061605;Venta;P&P LOGISTICA S.R.L;30022;12;78965,87;95548,7;HEREDIA DANIEL GERMAN ;;6,00%;8;ALVAREZ VANESA  KAFF;8040;SMIRNOFF RASPBERRY DO 6X700;6580,49;3584;;TRADITIONAL TRADE;Almacen/Despensa;64248,6;BLAS ALMADA;420,03;$;2;GRUPO PEÑAFLOR SA;8,4;0;Contado;14/4/2026 08:48;;Smirnoff;Standard (S);No definido;;;Vodka;PEÑAFLOR GRUPO OBJETIVO;;;20032;GRIBAUDO ESTEBAN;AXUM;;;False;153609;0;Lista General;Almacen/Despensa - A;12407;10/4/2026;20000;MOLINA JUAN
512;PRIMEROS COLONIZADORES 2380;SAN FRANCISCO;10/4/2026;13/4/2026;9/4/2026;FAC-A0006-00061606;Venta;P&P LOGISTICA S.R.L;30022;12;78965,87;95548,7;HEREDIA DANIEL GERMAN ;;6,00%;8;ALVAREZ VANESA  KAFF;8040;SMIRNOFF RASPBERRY DO 6X700;6580,49;3584;;TRADITIONAL TRADE;Almacen/Despensa;64248,6;BLAS ALMADA;420,03;$;2;GRUPO PEÑAFLOR SA;8,4;0;Contado;14/4/2026 08:48;;Smirnoff;Standard (S);No definido;;;Vodka;PEÑAFLOR GRUPO OBJETIVO;;;20032;GRIBAUDO ESTEBAN;AXUM;;;False;153610;0;Lista General;Almacen/Despensa - A;12407;10/4/2026;20000;MOLINA JUAN
512;PRIMEROS COLONIZADORES 2380;SAN FRANCISCO;10/4/2026;13/4/2026;9/4/2026;FAC-A0006-00061607;Venta;P&P LOGISTICA S.R.L;35105;24;46433,52;56184,56;HEREDIA DANIEL GERMAN ;;0,00%;8;ALVAREZ VANESA  KAFF;8040;SMF ICE RED BERRIE LAT 4X6X473;1934,73;3584;;TRADITIONAL TRADE;Almacen/Despensa;35530,56;BLAS ALMADA;0;$;2;GRUPO PEÑAFLOR SA;11,352;0;Contado;14/4/2026 08:48;;Smirnoff Ice Flavours;RTD (s);No definido;;;RTD (S);PEÑAFLOR GRUPO OBJETIVO;;;20032;GRIBAUDO ESTEBAN;AXUM;;;False;153611;0;Lista General;Almacen/Despensa - A;12407;10/4/2026;20000;MOLINA JUAN
815;AV J B JUSTO 546;SAN FRANCISCO;10/4/2026;13/4/2026;10/4/2026;FAC-A0006-00061634;Venta;P&P LOGISTICA S.R.L;80004;3;6620,94;8011,33;SALDAÑO WALTER SEBASTIAN ;;6,00%;8;ALVAREZ VANESA  KAFF;8050;SAN TELMO MALBEC X750;2206,98;3584;;TRADITIONAL TRADE;Almacen/Despensa;5551,35;BLAS ALMADA;140,87;$;2;GRUPO PEÑAFLOR SA;2,25;0;Contado;14/4/2026 08:48;;;Medio;No definido;;;Vinos del Año;Grupo Peñaflor,PEÑAFLOR GRUPO OBJETIVO;;;20032;GRIBAUDO ESTEBAN;AXUM;;;False;153729;0;Lista General;Almacen/Despensa - B;12425;10/4/2026;BD-003;VILLAFAÑE MARIANO
815;AV J B JUSTO 546;SAN FRANCISCO;10/4/2026;13/4/2026;10/4/2026;FAC-A0006-00061634;Venta;P&P LOGISTICA S.R.L;74814;3;7745,5;9372,05;SALDAÑO WALTER SEBASTIAN ;;15,00%;8;ALVAREZ VANESA  KAFF;8050;CAZADOR MALBEC 6X750;2581,83;3584;;TRADITIONAL TRADE;Almacen/Despensa;6835,98;BLAS ALMADA;455,62;$;2;GRUPO PEÑAFLOR SA;0;0;Contado;14/4/2026 08:48;;;;;;;;PEÑAFLOR GRUPO OBJETIVO;;;20032;GRIBAUDO ESTEBAN;AXUM;;;False;153729;0;Lista General;Almacen/Despensa - B;12425;10/4/2026;BD-003;VILLAFAÑE MARIANO
815;AV J B JUSTO 546;SAN FRANCISCO;10/4/2026;13/4/2026;10/4/2026;FAC-A0006-00061634;Venta;P&P LOGISTICA S.R.L;74815;3;7745,5;9372,05;SALDAÑO WALTER SEBASTIAN ;;15,00%;8;ALVAREZ VANESA  KAFF;8050;CAZADOR CAB. SAU 6X750;2581,83;3584;;TRADITIONAL TRADE;Almacen/Despensa;6835,98;BLAS ALMADA;455,62;$;2;GRUPO PEÑAFLOR SA;0;0;Contado;14/4/2026 08:48;;;;;;;;PEÑAFLOR GRUPO OBJETIVO;;;20032;GRIBAUDO ESTEBAN;AXUM;;;False;153729;0;Lista General;Almacen/Despensa - B;12425;10/4/2026;BD-003;VILLAFAÑE MARIANO
815;AV J B JUSTO 546;SAN FRANCISCO;10/4/2026;13/4/2026;10/4/2026;FAC-A0006-00061634;Venta;P&P LOGISTICA S.R.L;71704;3;7378,37;8927,83;SALDAÑO WALTER SEBASTIAN ;;10,00%;8;ALVAREZ VANESA  KAFF;8050;TRAPICHE ALARIS MALBEC 6X750;2459,46;3584;;TRADITIONAL TRADE;Almacen/Despensa;6461,37;BLAS ALMADA;273,27;$;2;GRUPO PEÑAFLOR SA;2,25;0;Contado;14/4/2026 08:48;;Alaris;Medio Alto;No definido;;;Vinos del Año;PEÑAFLOR GRUPO OBJETIVO;;;20032;GRIBAUDO ESTEBAN;AXUM;;;False;153729;0;Lista General;Almacen/Despensa - B;12425;10/4/2026;BD-003;VILLAFAÑE MARIANO
4519;JOSE INGENIEROS 650;PORTEÑA;10/4/2026;13/4/2026;9/4/2026;FAC-A0006-00061664;Venta;P&P LOGISTICA S.R.L;72859;6;15844,62;19171,99;SANCHEZ CLAUDIA ALEJANDRA;;0,00%;4;GRIBAUDO ANGEL;4040;F.LAS MORAS MALBEC 6X750;2640,77;3581;;TRADITIONAL TRADE;Autoservicio Tradicional;11863,44;ACOSTA FACUNDO;0;$;2;GRUPO PEÑAFLOR SA;4,5;0;Contado;14/4/2026 09:54;;Finca Las Moras;Medio Alto;No definido;;;Vinos del Año;PEÑAFLOR GRUPO OBJETIVO;;;20032;GRIBAUDO ESTEBAN;AXUM;;;False;153489;0;Lista General;Autoservicio Tradicional - C;12396;9/4/2026;2;LESCANO FRANCO DARIO
4519;JOSE INGENIEROS 650;PORTEÑA;10/4/2026;13/4/2026;9/4/2026;FAC-A0006-00061664;Venta;P&P LOGISTICA S.R.L;74146;3;14413,5;17440,34;SANCHEZ CLAUDIA ALEJANDRA;;0,00%;4;GRIBAUDO ANGEL;4040;FOND CAVE MALBEC 6X750 ;4804,5;3581;;TRADITIONAL TRADE;Autoservicio Tradicional;11029,08;ACOSTA FACUNDO;0;$;2;GRUPO PEÑAFLOR SA;2,25;0;Contado;14/4/2026 09:54;;Fond De Cave;Superior;No definido;;;Vinos del Año;PEÑAFLOR GRUPO OBJETIVO;;;20032;GRIBAUDO ESTEBAN;AXUM;;;False;153489;0;Lista General;Autoservicio Tradicional - C;12396;9/4/2026;2;LESCANO FRANCO DARIO
4519;JOSE INGENIEROS 650;PORTEÑA;10/4/2026;13/4/2026;9/4/2026;FAC-A0006-00061664;Venta;P&P LOGISTICA S.R.L;80010;3;9129,99;11047,29;SANCHEZ CLAUDIA ALEJANDRA;;0,00%;4;GRIBAUDO ANGEL;4040;LOS ARBOLES SEL MALBEC 6X750;3043,33;3581;;TRADITIONAL TRADE;Autoservicio Tradicional;7195,77;ACOSTA FACUNDO;0;$;2;GRUPO PEÑAFLOR SA;2,25;0;Contado;14/4/2026 09:54;;Los Arboles;Medio Alto;No definido;;;Vinos del Año;Grupo Peñaflor,PEÑAFLOR GRUPO OBJETIVO;;;20032;GRIBAUDO ESTEBAN;AXUM;;;False;153489;0;Lista General;Autoservicio Tradicional - C;12396;9/4/2026;2;LESCANO FRANCO DARIO
3622;JONAS SALK 147;FREYRE;10/4/2026;13/4/2026;10/4/2026;FAC-A0006-00061675;Venta;P&P LOGISTICA S.R.L;80010;3;9129,99;11047,29;FERRARIS NANCI MARIA;;0,00%;4;GRIBAUDO ANGEL;4050;LOS ARBOLES SEL MALBEC 6X750;3043,33;3581;;TRADITIONAL TRADE;Almacen/Despensa;7195,77;ACOSTA FACUNDO;0;$;2;GRUPO PEÑAFLOR SA;2,25;0;Contado;14/4/2026 09:54;;Los Arboles;Medio Alto;No definido;;;Vinos del Año;Grupo Peñaflor,PEÑAFLOR GRUPO OBJETIVO;;;20032;GRIBAUDO ESTEBAN;AXUM;;;False;153641;0;Lista General;Almacen/Despensa - B;12405;10/4/2026;2;LESCANO FRANCO DARIO
3622;JONAS SALK 147;FREYRE;10/4/2026;13/4/2026;10/4/2026;FAC-A0006-00061675;Venta;P&P LOGISTICA S.R.L;74210;3;11321,55;13699,08;FERRARIS NANCI MARIA;;0,00%;4;GRIBAUDO ANGEL;4050;ALMA MORA MALBEC 6X750;3773,85;3581;;TRADITIONAL TRADE;Almacen/Despensa;8489,04;ACOSTA FACUNDO;0;$;2;GRUPO PEÑAFLOR SA;2,25;0;Contado;14/4/2026 09:54;;Alma Mora;Alto;No definido;;;Vinos del Año;PEÑAFLOR GRUPO OBJETIVO;;;20032;GRIBAUDO ESTEBAN;AXUM;;;False;153641;0;Lista General;Almacen/Despensa - B;12405;10/4/2026;2;LESCANO FRANCO DARIO
3622;JONAS SALK 147;FREYRE;10/4/2026;13/4/2026;10/4/2026;FAC-A0006-00061675;Venta;P&P LOGISTICA S.R.L;42102;3;9849,84;11918,31;FERRARIS NANCI MARIA;;0,00%;4;GRIBAUDO ANGEL;4050;ELEMENTOS MALBEC 6X750 ;3283,28;3581;;TRADITIONAL TRADE;Almacen/Despensa;7019,76;ACOSTA FACUNDO;0;$;2;GRUPO PEÑAFLOR SA;2,25;0;Contado;14/4/2026 09:54;;ELEMENTOS;Alto;No definido;;;Vinos del Año;PEÑAFLOR GRUPO OBJETIVO;;;20032;GRIBAUDO ESTEBAN;AXUM;;;False;153641;0;Lista General;Almacen/Despensa - B;12405;10/4/2026;2;LESCANO FRANCO DARIO
3622;JONAS SALK 147;FREYRE;10/4/2026;13/4/2026;10/4/2026;FAC-A0006-00061675;Venta;P&P LOGISTICA S.R.L;80004;3;7043,55;8522,7;FERRARIS NANCI MARIA;;0,00%;4;GRIBAUDO ANGEL;4050;SAN TELMO MALBEC X750;2347,85;3581;;TRADITIONAL TRADE;Almacen/Despensa;5551,35;ACOSTA FACUNDO;0;$;2;GRUPO PEÑAFLOR SA;2,25;0;Contado;14/4/2026 09:54;;;Medio;No definido;;;Vinos del Año;Grupo Peñaflor,PEÑAFLOR GRUPO OBJETIVO;;;20032;GRIBAUDO ESTEBAN;AXUM;;;False;153641;0;Lista General;Almacen/Despensa - B;12405;10/4/2026;2;LESCANO FRANCO DARIO
370;SAN MARTIN 1025;FREYRE;10/4/2026;13/4/2026;10/4/2026;FAC-A0006-00061696;Venta;P&P LOGISTICA S.R.L;74715;3;16489,87;20447,44;HUANG WEIZHEN;;10,00%;4;GRIBAUDO ANGEL;4050;LOS INTOCABLES RUM BLEND 6X750;5496,62;3581;;TRADITIONAL TRADE;Autoservicio Tradicional;14157,33;ACOSTA FACUNDO;610,74;$;2;GRUPO PEÑAFLOR SA;2,25;0;Contado;14/4/2026 09:54;;;Premium;No definido;;;Vino de Guarda;PEÑAFLOR GRUPO OBJETIVO;;;20032;GRIBAUDO ESTEBAN;AXUM;;;False;153730;0;Lista General;Autoservicio Tradicional - A;12423;10/4/2026;2;LESCANO FRANCO DARIO
370;SAN MARTIN 1025;FREYRE;10/4/2026;13/4/2026;10/4/2026;FAC-A0006-00061696;Venta;P&P LOGISTICA S.R.L;30129;2;48158,68;59716,76;HUANG WEIZHEN;;0,00%;4;GRIBAUDO ANGEL;4050;BAILEYS SALTED CARAMEL 12X750;24079,34;3581;;TRADITIONAL TRADE;Autoservicio Tradicional;34505,52;ACOSTA FACUNDO;0;$;2;GRUPO PEÑAFLOR SA;1,5;0;Contado;14/4/2026 09:54;;Baileys;Premium (S);No definido;;;Licores;PEÑAFLOR GRUPO OBJETIVO;;;20032;GRIBAUDO ESTEBAN;AXUM;;;False;153730;0;Lista General;Autoservicio Tradicional - A;12423;10/4/2026;2;LESCANO FRANCO DARIO
370;SAN MARTIN 1025;FREYRE;10/4/2026;13/4/2026;10/4/2026;FAC-A0006-00061696;Venta;P&P LOGISTICA S.R.L;30012;2;45798,5;56790,14;HUANG WEIZHEN;;0,00%;4;GRIBAUDO ANGEL;4050;BAILEYS NUEVA BOTELLA 12x750;22899,25;3581;;TRADITIONAL TRADE;Autoservicio Tradicional;32814,48;ACOSTA FACUNDO;0;$;2;GRUPO PEÑAFLOR SA;1,5;0;Contado;14/4/2026 09:54;;Baileys;Premium (S);No definido;;;Licores;PEÑAFLOR GRUPO OBJETIVO;;;20032;GRIBAUDO ESTEBAN;AXUM;;;False;153730;0;Lista General;Autoservicio Tradicional - A;12423;10/4/2026;2;LESCANO FRANCO DARIO
2788;SARMIENTO 164;FREYRE;10/4/2026;13/4/2026;10/4/2026;FAC-A0006-00061704;Venta;P&P LOGISTICA S.R.L;74210;6;22643,1;27398,15;CASAS CESAR ALBERTO;;0,00%;4;GRIBAUDO ANGEL;4050;ALMA MORA MALBEC 6X750;3773,85;3581;;TRADITIONAL TRADE;Almacen/Despensa;16978,08;ACOSTA FACUNDO;0;$;2;GRUPO PEÑAFLOR SA;4,5;0;Contado;14/4/2026 09:54;;Alma Mora;Alto;No definido;;;Vinos del Año;PEÑAFLOR GRUPO OBJETIVO;;;20032;GRIBAUDO ESTEBAN;AXUM;;;False;153765;0;Lista General;Almacen/Despensa - P;12423;10/4/2026;2;LESCANO FRANCO DARIO
2788;SARMIENTO 164;FREYRE;10/4/2026;13/4/2026;10/4/2026;FAC-A0006-00061704;Venta;P&P LOGISTICA S.R.L;74504;6;21523,02;26042,85;CASAS CESAR ALBERTO;;0,00%;4;GRIBAUDO ANGEL;4050;DADA ART MALBEC 6X750;3587,17;3581;;TRADITIONAL TRADE;Almacen/Despensa;16146,3;ACOSTA FACUNDO;0;$;2;GRUPO PEÑAFLOR SA;4,5;0;Contado;14/4/2026 09:54;;Dada;Alto;No definido;;;Vinos del Año;PEÑAFLOR GRUPO OBJETIVO;;;20032;GRIBAUDO ESTEBAN;AXUM;;;False;153765;0;Lista General;Almacen/Despensa - P;12423;10/4/2026;2;LESCANO FRANCO DARIO
2788;SARMIENTO 164;FREYRE;10/4/2026;13/4/2026;10/4/2026;FAC-A0006-00061704;Venta;P&P LOGISTICA S.R.L;30020;3;21001,56;25411,89;CASAS CESAR ALBERTO;;0,00%;4;GRIBAUDO ANGEL;4050;SMIRNOFF GREEN APPLE DO 6X700;7000,52;3581;;TRADITIONAL TRADE;Almacen/Despensa;16062,15;ACOSTA FACUNDO;0;$;2;GRUPO PEÑAFLOR SA;2,1;0;Contado;14/4/2026 09:54;;Smirnoff;Standard (S);No definido;;;Vodka;PEÑAFLOR GRUPO OBJETIVO;;;20032;GRIBAUDO ESTEBAN;AXUM;;;False;153765;0;Lista General;Almacen/Despensa - P;12423;10/4/2026;2;LESCANO FRANCO DARIO
2788;SARMIENTO 164;FREYRE;10/4/2026;13/4/2026;10/4/2026;FAC-A0006-00061704;Venta;P&P LOGISTICA S.R.L;30022;3;21001,56;25411,89;CASAS CESAR ALBERTO;;0,00%;4;GRIBAUDO ANGEL;4050;SMIRNOFF RASPBERRY DO 6X700;7000,52;3581;;TRADITIONAL TRADE;Almacen/Despensa;16062,15;ACOSTA FACUNDO;0;$;2;GRUPO PEÑAFLOR SA;2,1;0;Contado;14/4/2026 09:54;;Smirnoff;Standard (S);No definido;;;Vodka;PEÑAFLOR GRUPO OBJETIVO;;;20032;GRIBAUDO ESTEBAN;AXUM;;;False;153765;0;Lista General;Almacen/Despensa - P;12423;10/4/2026;2;LESCANO FRANCO DARIO
1131;FEDERICO CARRILLO 65;Río Primero;10/4/2026;13/4/2026;10/4/2026;FAC-A0006-00061712;Venta;P&P LOGISTICA S.R.L;35104;12;23216,76;28092,28;AGUINALDO MAURO GABRIEL;;0,00%;6;PEYRONEL ANDREA;6050;SMF ICE GREENAPPLE LAT 4X6X473;1934,73;3583;;TRADITIONAL TRADE;Almacen/Despensa;17765,28;DELGADO MAYCO JOAQUIN;0;$;2;GRUPO PEÑAFLOR SA;5,676;0;Contado;14/4/2026 09:15;;Smirnoff Ice Flavours;RTD (s);No definido;;;RTD (S);PEÑAFLOR GRUPO OBJETIVO;;;20032;GRIBAUDO ESTEBAN;AXUM;;;False;153658;0;Lista General;Almacen/Despensa - C;12409;10/4/2026;BD-003;VILLAFAÑE MARIANO
1131;FEDERICO CARRILLO 65;Río Primero;10/4/2026;13/4/2026;10/4/2026;FAC-A0006-00061712;Venta;P&P LOGISTICA S.R.L;35105;12;23216,76;28092,28;AGUINALDO MAURO GABRIEL;;0,00%;6;PEYRONEL ANDREA;6050;SMF ICE RED BERRIE LAT 4X6X473;1934,73;3583;;TRADITIONAL TRADE;Almacen/Despensa;17765,28;DELGADO MAYCO JOAQUIN;0;$;2;GRUPO PEÑAFLOR SA;5,676;0;Contado;14/4/2026 09:15;;Smirnoff Ice Flavours;RTD (s);No definido;;;RTD (S);PEÑAFLOR GRUPO OBJETIVO;;;20032;GRIBAUDO ESTEBAN;AXUM;;;False;153658;0;Lista General;Almacen/Despensa - C;12409;10/4/2026;BD-003;VILLAFAÑE MARIANO
8009;RUTA 14;SAN JAVIER ;10/4/2026;9/4/2026;9/4/2026;FAC-A0008-00002438;Venta;P&P LOGISTICA S.R.L;74210;6;19979,24;24774,26;MURUA DANIEL ALEJANDRO;;10,00%;9;SANCHEZ FERNANDO JAVIER;9005;ALMA MORA MALBEC 6X750;3329,87;3579;;TRADITIONAL TRADE;Almacen/Despensa;16978,08;CHOFER VILLA DOLORES BEBIDA;369,99;$;2;GRUPO PEÑAFLOR SA;4,5;0;Contado;15/4/2026 16:51;;Alma Mora;Alto;No definido;;;Vinos del Año;PEÑAFLOR GRUPO OBJETIVO;;;1002;BENITEZ RAUL;AXUM;;;False;153492;0;Lista General;Almacen/Despensa - P;12399;10/4/2026;BD-003;VILLAFAÑE MARIANO
8009;RUTA 14;SAN JAVIER ;10/4/2026;9/4/2026;9/4/2026;FAC-A0008-00002438;Venta;P&P LOGISTICA S.R.L;74394;6;18990,88;23548,69;MURUA DANIEL ALEJANDRO;;10,00%;9;SANCHEZ FERNANDO JAVIER;9005;DADA FMORAS N°3 6X750;3165,15;3579;;TRADITIONAL TRADE;Almacen/Despensa;16146,3;CHOFER VILLA DOLORES BEBIDA;351,68;$;2;GRUPO PEÑAFLOR SA;4,5;0;Contado;15/4/2026 16:51;;Dada;Alto;No definido;;;Vinos del Año;PEÑAFLOR GRUPO OBJETIVO;;;1002;BENITEZ RAUL;AXUM;;;False;153492;0;Lista General;Almacen/Despensa - P;12399;10/4/2026;BD-003;VILLAFAÑE MARIANO
8009;RUTA 14;SAN JAVIER ;10/4/2026;9/4/2026;9/4/2026;FAC-A0008-00002438;Venta;P&P LOGISTICA S.R.L;74146;6;25944,3;32170,93;MURUA DANIEL ALEJANDRO;;10,00%;9;SANCHEZ FERNANDO JAVIER;9005;FOND CAVE MALBEC 6X750 ;4324,05;3579;;TRADITIONAL TRADE;Almacen/Despensa;22058,16;CHOFER VILLA DOLORES BEBIDA;480,45;$;2;GRUPO PEÑAFLOR SA;4,5;0;Contado;15/4/2026 16:51;;Fond De Cave;Superior;No definido;;;Vinos del Año;PEÑAFLOR GRUPO OBJETIVO;;;1002;BENITEZ RAUL;AXUM;;;False;153492;0;Lista General;Almacen/Despensa - P;12399;10/4/2026;BD-003;VILLAFAÑE MARIANO
8009;RUTA 14;SAN JAVIER ;10/4/2026;9/4/2026;9/4/2026;FAC-A0008-00002438;Venta;P&P LOGISTICA S.R.L;74840;3;6968,46;8640,89;MURUA DANIEL ALEJANDRO;;15,00%;9;SANCHEZ FERNANDO JAVIER;9005;ALARIS D.COSECHA TINTO 6X750;2322,82;3579;;TRADITIONAL TRADE;Almacen/Despensa;6461,37;CHOFER VILLA DOLORES BEBIDA;409,91;$;2;GRUPO PEÑAFLOR SA;0;0;Contado;15/4/2026 16:51;;Alaris;Medio Alto;;;;Vinos del Año;PEÑAFLOR GRUPO OBJETIVO;;;1002;BENITEZ RAUL;AXUM;;;False;153492;0;Lista General;Almacen/Despensa - P;12399;10/4/2026;BD-003;VILLAFAÑE MARIANO
8009;RUTA 14;SAN JAVIER ;10/4/2026;9/4/2026;9/4/2026;FAC-A0008-00002438;Venta;P&P LOGISTICA S.R.L;74393;3;9495,44;11774,35;MURUA DANIEL ALEJANDRO;;10,00%;9;SANCHEZ FERNANDO JAVIER;9005;DADA FMORAS N°1 6X750;3165,15;3579;;TRADITIONAL TRADE;Almacen/Despensa;7669,5;CHOFER VILLA DOLORES BEBIDA;351,68;$;2;GRUPO PEÑAFLOR SA;2,25;0;Contado;15/4/2026 16:51;;Dada;Alto;No definido;;;Vinos del Año;PEÑAFLOR GRUPO OBJETIVO;;;1002;BENITEZ RAUL;AXUM;;;False;153492;0;Lista General;Almacen/Despensa - P;12399;10/4/2026;BD-003;VILLAFAÑE MARIANO
8009;RUTA 14;SAN JAVIER ;10/4/2026;9/4/2026;9/4/2026;FAC-A0008-00002438;Venta;P&P LOGISTICA S.R.L;35103;6;11608,38;14394,39;MURUA DANIEL ALEJANDRO;;0,00%;9;SANCHEZ FERNANDO JAVIER;9005;SMIRNOFF ICE LATA 4X6X473;1934,73;3579;;TRADITIONAL TRADE;Almacen/Despensa;8882,64;CHOFER VILLA DOLORES BEBIDA;0;$;2;GRUPO PEÑAFLOR SA;2,838;0;Contado;15/4/2026 16:51;;Smirnoff Ice;RTD (s);No definido;;;RTD (S);PEÑAFLOR GRUPO OBJETIVO;;;1002;BENITEZ RAUL;AXUM;;;False;153492;0;Lista General;Almacen/Despensa - P;12399;10/4/2026;BD-003;VILLAFAÑE MARIANO
8009;RUTA 14;SAN JAVIER ;10/4/2026;9/4/2026;9/4/2026;FAC-A0008-00002438;Venta;P&P LOGISTICA S.R.L;35104;6;11608,38;14394,39;MURUA DANIEL ALEJANDRO;;0,00%;9;SANCHEZ FERNANDO JAVIER;9005;SMF ICE GREENAPPLE LAT 4X6X473;1934,73;3579;;TRADITIONAL TRADE;Almacen/Despensa;8882,64;CHOFER VILLA DOLORES BEBIDA;0;$;2;GRUPO PEÑAFLOR SA;2,838;0;Contado;15/4/2026 16:51;;Smirnoff Ice Flavours;RTD (s);No definido;;;RTD (S);PEÑAFLOR GRUPO OBJETIVO;;;1002;BENITEZ RAUL;AXUM;;;False;153492;0;Lista General;Almacen/Despensa - P;12399;10/4/2026;BD-003;VILLAFAÑE MARIANO
8009;RUTA 14;SAN JAVIER ;10/4/2026;9/4/2026;9/4/2026;FAC-A0008-00002438;Venta;P&P LOGISTICA S.R.L;35105;6;11608,38;14394,39;MURUA DANIEL ALEJANDRO;;0,00%;9;SANCHEZ FERNANDO JAVIER;9005;SMF ICE RED BERRIE LAT 4X6X473;1934,73;3579;;TRADITIONAL TRADE;Almacen/Despensa;8882,64;CHOFER VILLA DOLORES BEBIDA;0;$;2;GRUPO PEÑAFLOR SA;2,838;0;Contado;15/4/2026 16:51;;Smirnoff Ice Flavours;RTD (s);No definido;;;RTD (S);PEÑAFLOR GRUPO OBJETIVO;;;1002;BENITEZ RAUL;AXUM;;;False;153492;0;Lista General;Almacen/Despensa - P;12399;10/4/2026;BD-003;VILLAFAÑE MARIANO
8010;ENTRE RUTA 14 Y U.CASTELLANO 0;SAN JAVIER;10/4/2026;9/4/2026;9/4/2026;FAC-A0008-00002439;Venta;P&P LOGISTICA S.R.L;41682;6;27253,75;33794,65;GARAY ELENA DEL VALLE;;10,00%;9;SANCHEZ FERNANDO JAVIER;9005;DON DAVID MALBEC 6X750;4542,29;3579;;TRADITIONAL TRADE;Autoservicio Tradicional;22717,14;CHOFER VILLA DOLORES BEBIDA;504,7;$;2;GRUPO PEÑAFLOR SA;4,5;0;Contado;15/4/2026 16:51;;Don David;Superior;No definido;;;Vinos del Año;PEÑAFLOR GRUPO OBJETIVO;;;1002;BENITEZ RAUL;AXUM;;;False;153546;0;Lista General;Autoservicio Tradicional - P;12400;10/4/2026;BD-003;VILLAFAÑE MARIANO
8010;ENTRE RUTA 14 Y U.CASTELLANO 0;SAN JAVIER;10/4/2026;9/4/2026;9/4/2026;FAC-A0008-00002439;Venta;P&P LOGISTICA S.R.L;42373;3;13626,87;16897,32;GARAY ELENA DEL VALLE;;10,00%;9;SANCHEZ FERNANDO JAVIER;9005;DON DAVID CABERNET 6X750;4542,29;3579;;TRADITIONAL TRADE;Autoservicio Tradicional;11358,57;CHOFER VILLA DOLORES BEBIDA;504,7;$;2;GRUPO PEÑAFLOR SA;2,25;0;Contado;15/4/2026 16:51;;Don David;Superior;No definido;;;Vinos del Año;PEÑAFLOR GRUPO OBJETIVO;;;1002;BENITEZ RAUL;AXUM;;;False;153546;0;Lista General;Autoservicio Tradicional - P;12400;10/4/2026;BD-003;VILLAFAÑE MARIANO
8010;ENTRE RUTA 14 Y U.CASTELLANO 0;SAN JAVIER;10/4/2026;9/4/2026;9/4/2026;FAC-A0008-00002439;Venta;P&P LOGISTICA S.R.L;74726;3;10397,81;12893,28;GARAY ELENA DEL VALLE;;10,00%;9;SANCHEZ FERNANDO JAVIER;9005;ORIGEN BY TRAPICHE MALBEC 6X750;3465,94;3579;;TRADITIONAL TRADE;Autoservicio Tradicional;8667;CHOFER VILLA DOLORES BEBIDA;385,1;$;2;GRUPO PEÑAFLOR SA;2,25;0;Contado;15/4/2026 16:51;;Trapiche Reserva;Alto;No definido;-No Definido-;;Vinos del Año;PEÑAFLOR GRUPO OBJETIVO;;;1002;BENITEZ RAUL;AXUM;;;False;153546;0;Lista General;Autoservicio Tradicional - P;12400;10/4/2026;BD-003;VILLAFAÑE MARIANO
8010;ENTRE RUTA 14 Y U.CASTELLANO 0;SAN JAVIER;10/4/2026;9/4/2026;9/4/2026;FAC-A0008-00002439;Venta;P&P LOGISTICA S.R.L;74210;6;20378,79;25269,7;GARAY ELENA DEL VALLE;;10,00%;9;SANCHEZ FERNANDO JAVIER;9005;ALMA MORA MALBEC 6X750;3396,47;3579;;TRADITIONAL TRADE;Autoservicio Tradicional;16978,08;CHOFER VILLA DOLORES BEBIDA;377,39;$;2;GRUPO PEÑAFLOR SA;4,5;0;Contado;15/4/2026 16:51;;Alma Mora;Alto;No definido;;;Vinos del Año;PEÑAFLOR GRUPO OBJETIVO;;;1002;BENITEZ RAUL;AXUM;;;False;153546;0;Lista General;Autoservicio Tradicional - P;12400;10/4/2026;BD-003;VILLAFAÑE MARIANO
8010;ENTRE RUTA 14 Y U.CASTELLANO 0;SAN JAVIER;10/4/2026;9/4/2026;9/4/2026;FAC-A0008-00002439;Venta;P&P LOGISTICA S.R.L;74208;3;10189,75;12635,29;GARAY ELENA DEL VALLE;;10,00%;9;SANCHEZ FERNANDO JAVIER;9005;ALMA MORA CABSAUV6X750 ;3396,58;3579;;TRADITIONAL TRADE;Autoservicio Tradicional;8493,57;CHOFER VILLA DOLORES BEBIDA;377,4;$;2;GRUPO PEÑAFLOR SA;2,25;0;Contado;15/4/2026 16:51;;Alma Mora;Alto;No definido;;;Vinos del Año;PEÑAFLOR GRUPO OBJETIVO;;;1002;BENITEZ RAUL;AXUM;;;False;153546;0;Lista General;Autoservicio Tradicional - P;12400;10/4/2026;BD-003;VILLAFAÑE MARIANO
8010;ENTRE RUTA 14 Y U.CASTELLANO 0;SAN JAVIER;10/4/2026;9/4/2026;9/4/2026;FAC-A0008-00002439;Venta;P&P LOGISTICA S.R.L;74393;3;9685,36;12009,85;GARAY ELENA DEL VALLE;;10,00%;9;SANCHEZ FERNANDO JAVIER;9005;DADA FMORAS N°1 6X750;3228,45;3579;;TRADITIONAL TRADE;Autoservicio Tradicional;7669,5;CHOFER VILLA DOLORES BEBIDA;358,72;$;2;GRUPO PEÑAFLOR SA;2,25;0;Contado;15/4/2026 16:51;;Dada;Alto;No definido;;;Vinos del Año;PEÑAFLOR GRUPO OBJETIVO;;;1002;BENITEZ RAUL;AXUM;;;False;153546;0;Lista General;Autoservicio Tradicional - P;12400;10/4/2026;BD-003;VILLAFAÑE MARIANO
8010;ENTRE RUTA 14 Y U.CASTELLANO 0;SAN JAVIER;10/4/2026;9/4/2026;9/4/2026;FAC-A0008-00002439;Venta;P&P LOGISTICA S.R.L;74395;3;9685,36;12009,85;GARAY ELENA DEL VALLE;;10,00%;9;SANCHEZ FERNANDO JAVIER;9005;DADA FMORAS N°2 6X750 ;3228,45;3579;;TRADITIONAL TRADE;Autoservicio Tradicional;7669,5;CHOFER VILLA DOLORES BEBIDA;358,72;$;2;GRUPO PEÑAFLOR SA;2,25;0;Contado;15/4/2026 16:51;;Dada;Alto;No definido;;;Vinos del Año;PEÑAFLOR GRUPO OBJETIVO;;;1002;BENITEZ RAUL;AXUM;;;False;153546;0;Lista General;Autoservicio Tradicional - P;12400;10/4/2026;BD-003;VILLAFAÑE MARIANO
8010;ENTRE RUTA 14 Y U.CASTELLANO 0;SAN JAVIER;10/4/2026;9/4/2026;9/4/2026;FAC-A0008-00002439;Venta;P&P LOGISTICA S.R.L;74504;3;9685,36;12009,85;GARAY ELENA DEL VALLE;;10,00%;9;SANCHEZ FERNANDO JAVIER;9005;DADA ART MALBEC 6X750;3228,45;3579;;TRADITIONAL TRADE;Autoservicio Tradicional;8073,15;CHOFER VILLA DOLORES BEBIDA;358,72;$;2;GRUPO PEÑAFLOR SA;2,25;0;Contado;15/4/2026 16:51;;Dada;Alto;No definido;;;Vinos del Año;PEÑAFLOR GRUPO OBJETIVO;;;1002;BENITEZ RAUL;AXUM;;;False;153546;0;Lista General;Autoservicio Tradicional - P;12400;10/4/2026;BD-003;VILLAFAÑE MARIANO
8010;ENTRE RUTA 14 Y U.CASTELLANO 0;SAN JAVIER;10/4/2026;9/4/2026;9/4/2026;FAC-A0008-00002439;Venta;P&P LOGISTICA S.R.L;74398;3;10189,75;12635,29;GARAY ELENA DEL VALLE;;10,00%;9;SANCHEZ FERNANDO JAVIER;9005;ALMA MORA SYRAH ROSE 6X750 ;3396,58;3579;;TRADITIONAL TRADE;Autoservicio Tradicional;8493,57;CHOFER VILLA DOLORES BEBIDA;377,4;$;2;GRUPO PEÑAFLOR SA;2,25;0;Contado;15/4/2026 16:51;;Alma Mora;Alto;No definido;;;Vinos del Año;PEÑAFLOR GRUPO OBJETIVO;;;1002;BENITEZ RAUL;AXUM;;;False;153546;0;Lista General;Autoservicio Tradicional - P;12400;10/4/2026;BD-003;VILLAFAÑE MARIANO
8010;ENTRE RUTA 14 Y U.CASTELLANO 0;SAN JAVIER;10/4/2026;9/4/2026;9/4/2026;FAC-A0008-00002439;Venta;P&P LOGISTICA S.R.L;35107;6;11457,43;14207,22;GARAY ELENA DEL VALLE;;6,00%;9;SANCHEZ FERNANDO JAVIER;9005;GORDON´S TONIC 4X6X473;1909,57;3579;;TRADITIONAL TRADE;Autoservicio Tradicional;9326,7;CHOFER VILLA DOLORES BEBIDA;121,89;$;2;GRUPO PEÑAFLOR SA;2,838;0;Contado;15/4/2026 16:51;;Gordon´s;RTD (S);No definido;;;RTD (S);PEÑAFLOR GRUPO OBJETIVO;;;1002;BENITEZ RAUL;AXUM;;;False;153546;0;Lista General;Autoservicio Tradicional - P;12400;10/4/2026;BD-003;VILLAFAÑE MARIANO
8010;ENTRE RUTA 14 Y U.CASTELLANO 0;SAN JAVIER;10/4/2026;9/4/2026;9/4/2026;FAC-A0008-00002439;Venta;P&P LOGISTICA S.R.L;30130;1;19929,23;24712,25;GARAY ELENA DEL VALLE;;6,00%;9;SANCHEZ FERNANDO JAVIER;9005;TANQUERAY DRY GIN X700;19929,23;3579;;TRADITIONAL TRADE;Autoservicio Tradicional;16709,73;CHOFER VILLA DOLORES BEBIDA;1272,08;$;2;GRUPO PEÑAFLOR SA;0,7;0;Contado;15/4/2026 16:51;;;Premium (S);No definido;;;Gin;PEÑAFLOR GRUPO OBJETIVO;;;1002;BENITEZ RAUL;AXUM;;;False;153546;0;Lista General;Autoservicio Tradicional - P;12400;10/4/2026;BD-003;VILLAFAÑE MARIANO
8008;PuBLICA S/N-50 MTS DEL PUENTE 218;SAN JAVIER;10/4/2026;9/4/2026;9/4/2026;FAC-A0008-00002440;Venta;P&P LOGISTICA S.R.L;74210;6;21284,51;25754,26;CALDERON SOLEDAD DEL CARMEN ;;6,00%;9;SANCHEZ FERNANDO JAVIER;9005;ALMA MORA MALBEC 6X750;3547,42;3579;;TRADITIONAL TRADE;Almacen/Despensa;16978,08;CHOFER VILLA DOLORES BEBIDA;226,43;$;2;GRUPO PEÑAFLOR SA;4,5;0;Contado;15/4/2026 16:51;;Alma Mora;Alto;No definido;;;Vinos del Año;PEÑAFLOR GRUPO OBJETIVO;;;1002;BENITEZ RAUL;AXUM;;;False;153547;0;Lista General;Almacen/Despensa - P;12399;9/4/2026;BD-003;VILLAFAÑE MARIANO
8008;PuBLICA S/N-50 MTS DEL PUENTE 218;SAN JAVIER;10/4/2026;9/4/2026;9/4/2026;FAC-A0008-00002440;Venta;P&P LOGISTICA S.R.L;74146;6;27639,33;33443,59;CALDERON SOLEDAD DEL CARMEN ;;6,00%;9;SANCHEZ FERNANDO JAVIER;9005;FOND CAVE MALBEC 6X750 ;4606,55;3579;;TRADITIONAL TRADE;Almacen/Despensa;22058,16;CHOFER VILLA DOLORES BEBIDA;294,04;$;2;GRUPO PEÑAFLOR SA;4,5;0;Contado;15/4/2026 16:51;;Fond De Cave;Superior;No definido;;;Vinos del Año;PEÑAFLOR GRUPO OBJETIVO;;;1002;BENITEZ RAUL;AXUM;;;False;153547;0;Lista General;Almacen/Despensa - P;12399;9/4/2026;BD-003;VILLAFAÑE MARIANO
8008;PuBLICA S/N-50 MTS DEL PUENTE 218;SAN JAVIER;10/4/2026;9/4/2026;9/4/2026;FAC-A0008-00002440;Venta;P&P LOGISTICA S.R.L;14555;3;12497,04;15121,42;CALDERON SOLEDAD DEL CARMEN ;;25,00%;9;SANCHEZ FERNANDO JAVIER;9005;EL ULTIMO RIE MEJOR X750;4165,68;3579;;TRADITIONAL TRADE;Almacen/Despensa;12500,16;CHOFER VILLA DOLORES BEBIDA;1388,56;$;2;GRUPO PEÑAFLOR SA;2,25;0;Contado;15/4/2026 16:51;;;Superior;No definido;;;Vinos del Año;PEÑAFLOR GRUPO OBJETIVO;;;1002;BENITEZ RAUL;AXUM;;;False;153547;0;Lista General;Almacen/Despensa - P;12399;9/4/2026;BD-003;VILLAFAÑE MARIANO
8008;PuBLICA S/N-50 MTS DEL PUENTE 218;SAN JAVIER;10/4/2026;9/4/2026;9/4/2026;FAC-A0008-00002440;Venta;P&P LOGISTICA S.R.L;41682;3;14232,51;17221,34;CALDERON SOLEDAD DEL CARMEN ;;6,00%;9;SANCHEZ FERNANDO JAVIER;9005;DON DAVID MALBEC 6X750;4744,17;3579;;TRADITIONAL TRADE;Almacen/Despensa;11358,57;CHOFER VILLA DOLORES BEBIDA;302,82;$;2;GRUPO PEÑAFLOR SA;2,25;0;Contado;15/4/2026 16:51;;Don David;Superior;No definido;;;Vinos del Año;PEÑAFLOR GRUPO OBJETIVO;;;1002;BENITEZ RAUL;AXUM;;;False;153547;0;Lista General;Almacen/Despensa - P;12399;9/4/2026;BD-003;VILLAFAÑE MARIANO
8008;PuBLICA S/N-50 MTS DEL PUENTE 218;SAN JAVIER;10/4/2026;9/4/2026;9/4/2026;FAC-A0008-00002440;Venta;P&P LOGISTICA S.R.L;30022;6;39482,93;47774,35;CALDERON SOLEDAD DEL CARMEN ;;6,00%;9;SANCHEZ FERNANDO JAVIER;9005;SMIRNOFF RASPBERRY DO 6X700;6580,49;3579;;TRADITIONAL TRADE;Almacen/Despensa;32124,3;CHOFER VILLA DOLORES BEBIDA;420,03;$;2;GRUPO PEÑAFLOR SA;4,2;0;Contado;15/4/2026 16:51;;Smirnoff;Standard (S);No definido;;;Vodka;PEÑAFLOR GRUPO OBJETIVO;;;1002;BENITEZ RAUL;AXUM;;;False;153547;0;Lista General;Almacen/Despensa - P;12399;9/4/2026;BD-003;VILLAFAÑE MARIANO
1139;BELGRANO 0;La Paz;10/4/2026;9/4/2026;9/4/2026;FAC-A0008-00002441;Venta;P&P LOGISTICA S.R.L;30022;6;39482,93;47774,35;MARTINEZ CECILIA LORENA;;6,00%;9;SANCHEZ FERNANDO JAVIER;9004;SMIRNOFF RASPBERRY DO 6X700;6580,49;3579;;TRADITIONAL TRADE;Almacen/Despensa;32124,3;CHOFER VILLA DOLORES BEBIDA;420,03;$;2;GRUPO PEÑAFLOR SA;4,2;0;Contado;15/4/2026 16:51;;Smirnoff;Standard (S);No definido;;;Vodka;PEÑAFLOR GRUPO OBJETIVO;;;1002;BENITEZ RAUL;AXUM;;;False;153584;0;Lista General;Almacen/Despensa - C;12400;10/4/2026;BD-003;VILLAFAÑE MARIANO
1139;BELGRANO 0;La Paz;10/4/2026;9/4/2026;9/4/2026;FAC-A0008-00002441;Venta;P&P LOGISTICA S.R.L;35104;6;11608,38;14046,14;MARTINEZ CECILIA LORENA;;0,00%;9;SANCHEZ FERNANDO JAVIER;9004;SMF ICE GREENAPPLE LAT 4X6X473;1934,73;3579;;TRADITIONAL TRADE;Almacen/Despensa;8882,64;CHOFER VILLA DOLORES BEBIDA;0;$;2;GRUPO PEÑAFLOR SA;2,838;0;Contado;15/4/2026 16:51;;Smirnoff Ice Flavours;RTD (s);No definido;;;RTD (S);PEÑAFLOR GRUPO OBJETIVO;;;1002;BENITEZ RAUL;AXUM;;;False;153584;0;Lista General;Almacen/Despensa - C;12400;10/4/2026;BD-003;VILLAFAÑE MARIANO
1139;BELGRANO 0;La Paz;10/4/2026;9/4/2026;9/4/2026;FAC-A0008-00002441;Venta;P&P LOGISTICA S.R.L;35105;6;11608,38;14046,14;MARTINEZ CECILIA LORENA;;0,00%;9;SANCHEZ FERNANDO JAVIER;9004;SMF ICE RED BERRIE LAT 4X6X473;1934,73;3579;;TRADITIONAL TRADE;Almacen/Despensa;8882,64;CHOFER VILLA DOLORES BEBIDA;0;$;2;GRUPO PEÑAFLOR SA;2,838;0;Contado;15/4/2026 16:51;;Smirnoff Ice Flavours;RTD (s);No definido;;;RTD (S);PEÑAFLOR GRUPO OBJETIVO;;;1002;BENITEZ RAUL;AXUM;;;False;153584;0;Lista General;Almacen/Despensa - C;12400;10/4/2026;BD-003;VILLAFAÑE MARIANO
1139;BELGRANO 0;La Paz;10/4/2026;9/4/2026;9/4/2026;FAC-A0008-00002441;Venta;P&P LOGISTICA S.R.L;74840;3;6968,46;8431,84;MARTINEZ CECILIA LORENA;;15,00%;9;SANCHEZ FERNANDO JAVIER;9004;ALARIS D.COSECHA TINTO 6X750;2322,82;3579;;TRADITIONAL TRADE;Almacen/Despensa;6461,37;CHOFER VILLA DOLORES BEBIDA;409,91;$;2;GRUPO PEÑAFLOR SA;0;0;Contado;15/4/2026 16:51;;Alaris;Medio Alto;;;;Vinos del Año;PEÑAFLOR GRUPO OBJETIVO;;;1002;BENITEZ RAUL;AXUM;;;False;153584;0;Lista General;Almacen/Despensa - C;12400;10/4/2026;BD-003;VILLAFAÑE MARIANO
1139;BELGRANO 0;La Paz;10/4/2026;9/4/2026;9/4/2026;FAC-A0008-00002441;Venta;P&P LOGISTICA S.R.L;80007;3;8582,19;10384,45;MARTINEZ CECILIA LORENA;;6,00%;9;SANCHEZ FERNANDO JAVIER;9004;LOS ARBOLES SEL CABERNET 6X750;2860,73;3579;;TRADITIONAL TRADE;Almacen/Despensa;7195,77;CHOFER VILLA DOLORES BEBIDA;182,6;$;2;GRUPO PEÑAFLOR SA;2,25;0;Contado;15/4/2026 16:51;;;Medio Alto;No definido;;;Vinos del Año;PEÑAFLOR GRUPO OBJETIVO;;;1002;BENITEZ RAUL;AXUM;;;False;153584;0;Lista General;Almacen/Despensa - C;12400;10/4/2026;BD-003;VILLAFAÑE MARIANO
7921;MERLO Y LAS ARTES 0;MINA CLAVERO;10/4/2026;9/4/2026;9/4/2026;FAC-A0008-00002442;Venta;P&P LOGISTICA S.R.L;74397;12;40758,98;49318,37;ZORI NICOLAS ALBERTO 2;;10,00%;7;JOFRE GUILLERMO AGUSTIN;7004;ALMA MORA BLEND DULCE 6X 750;3396,58;3578;;TRADITIONAL TRADE;Autoservicio Tradicional;32275,56;CHOFER VILLA DOLORES BEBIDA;377,4;$;2;GRUPO PEÑAFLOR SA;9;0;Contado;;;;Alto;No definido;;;Vinos del Año;PEÑAFLOR GRUPO OBJETIVO;;;1002;BENITEZ RAUL;AXUM;;;False;153590;1;Lista General;Autoservicio Tradicional - A;12398;10/4/2026;BD-003;VILLAFAÑE MARIANO
7921;MERLO Y LAS ARTES 0;MINA CLAVERO;10/4/2026;9/4/2026;9/4/2026;FAC-A0008-00002442;Venta;P&P LOGISTICA S.R.L;42105;12;35459,42;42905,9;ZORI NICOLAS ALBERTO 2;;10,00%;7;JOFRE GUILLERMO AGUSTIN;7004;ELEMENTOS TORRONTES 6X750 ;2954,95;3578;;TRADITIONAL TRADE;Autoservicio Tradicional;29556,84;CHOFER VILLA DOLORES BEBIDA;328,33;$;2;GRUPO PEÑAFLOR SA;9;0;Contado;;;ELEMENTOS;Alto;No definido;;;Vinos del Año;PEÑAFLOR GRUPO OBJETIVO;;;1002;BENITEZ RAUL;AXUM;;;False;153590;1;Lista General;Autoservicio Tradicional - A;12398;10/4/2026;BD-003;VILLAFAÑE MARIANO
7939;JORGE RECALDE 1853;MINA CLAVERO;10/4/2026;9/4/2026;9/4/2026;FAC-A0008-00002443;Venta;P&P LOGISTICA S.R.L;35105;6;11608,38;14046,14;LACAMORIA MARIA;;0,00%;7;JOFRE GUILLERMO AGUSTIN;7004;SMF ICE RED BERRIE LAT 4X6X473;1934,73;3578;;TRADITIONAL TRADE;Almacen/Despensa;8882,64;CHOFER VILLA DOLORES BEBIDA;0;$;2;GRUPO PEÑAFLOR SA;2,838;0;Contado;;;Smirnoff Ice Flavours;RTD (s);No definido;;;RTD (S);PEÑAFLOR GRUPO OBJETIVO;;;1002;BENITEZ RAUL;AXUM;;;False;153591;1;Lista General;Almacen/Despensa - B;12398;10/4/2026;BD-003;VILLAFAÑE MARIANO
7901;CURA BROCHERO 1315;MINA CLAVERO;10/4/2026;9/4/2026;9/4/2026;FAC-A0008-00002444;Venta;P&P LOGISTICA S.R.L;74504;6;19801,18;23959,43;PINO XIMENA ANAHI   63;;8,00%;7;JOFRE GUILLERMO AGUSTIN;7004;DADA ART MALBEC 6X750;3300,2;3578;;TRADITIONAL TRADE;Almacen/Despensa;16146,3;CHOFER VILLA DOLORES BEBIDA;286,97;$;2;GRUPO PEÑAFLOR SA;4,5;0;Contado;;;Dada;Alto;No definido;;;Vinos del Año;PEÑAFLOR GRUPO OBJETIVO;;;1002;BENITEZ RAUL;AXUM;;;False;153593;1;Lista General;Almacen/Despensa - B;12398;10/4/2026;BD-003;VILLAFAÑE MARIANO
867;INTENDEMTE VILA S/N 0;Mina Clavero;10/4/2026;9/4/2026;9/4/2026;FAC-A0008-00002445;Venta;P&P LOGISTICA S.R.L;74814;3;7745,5;9372,05;GIMENEZ BRUSSA JULIO RODRIGO;;15,00%;7;JOFRE GUILLERMO AGUSTIN;7004;CAZADOR MALBEC 6X750;2581,83;3578;;TRADITIONAL TRADE;Kiosco/Maxikiosco;6835,98;CHOFER VILLA DOLORES BEBIDA;455,62;$;2;GRUPO PEÑAFLOR SA;0;0;Contado;;;;;;;;;PEÑAFLOR GRUPO OBJETIVO;;;1002;BENITEZ RAUL;AXUM;;;False;153604;1;Lista General;Kiosco/Maxikiosco - C;12402;9/4/2026;BD-003;VILLAFAÑE MARIANO
8010;ENTRE RUTA 14 Y U.CASTELLANO 0;SAN JAVIER;10/4/2026;10/4/2026;10/4/2026;FAC-A0008-00002446;Venta;P&P LOGISTICA S.R.L;74117;6;38130,24;46137,58;GARAY ELENA DEL VALLE;;6,00%;9;SANCHEZ FERNANDO JAVIER;9005;FOND CAV RESERVA CAB SAUV FRANCE X750;6355,04;3589;;TRADITIONAL TRADE;Autoservicio Tradicional;31343,58;CHOFER VILLA DOLORES BEBIDA;405,64;$;2;GRUPO PEÑAFLOR SA;4,5;0;Contado;15/4/2026 15:58;;;Premium;No definido;;;Vino de Guarda;PEÑAFLOR GRUPO OBJETIVO;;;1002;BENITEZ RAUL;AXUM;;;False;153640;0;Lista General;Autoservicio Tradicional - P;12433;10/4/2026;BD-003;VILLAFAÑE MARIANO
2410;SAN MARTIN 231;DEVOTO;10/4/2026;11/4/2026;10/4/2026;FAC-B0006-00013118;Venta;P&P LOGISTICA S.R.L;74210;18;61136,37;73975,01;SOCIEDAD COSMOPOLITA DE SOCORROS  MUTUOS;;10,00%;10;ORTEGA MILAGROS DESIREE;1050;ALMA MORA MALBEC 6X750;3396,47;3585;;TRADITIONAL TRADE;Autoservicio Tradicional;50934,24;BLAS ALMADA;377,39;$;2;GRUPO PEÑAFLOR SA;13,5;0;Contado;13/4/2026 08:36;;Alma Mora;Alto;No definido;;;Vinos del Año;PEÑAFLOR GRUPO OBJETIVO;;;20032;GRIBAUDO ESTEBAN;AXUM;;;False;153740;0;Lista General;Autoservicio Tradicional - P;12426;10/4/2026;BD-003;VILLAFAÑE MARIANO
2410;SAN MARTIN 231;DEVOTO;10/4/2026;11/4/2026;10/4/2026;FAC-B0006-00013118;Venta;P&P LOGISTICA S.R.L;74736;6;20378,79;24658,34;SOCIEDAD COSMOPOLITA DE SOCORROS  MUTUOS;;10,00%;10;ORTEGA MILAGROS DESIREE;1050;ALMA MORA MERLOT 6X750;3396,47;3585;;TRADITIONAL TRADE;Autoservicio Tradicional;16986,6;BLAS ALMADA;377,39;$;2;GRUPO PEÑAFLOR SA;0;0;Contado;13/4/2026 08:36;;Finca Las Moras;Alto;No definido;;-No Definido-;Vinos del Año;PEÑAFLOR GRUPO OBJETIVO;;;20032;GRIBAUDO ESTEBAN;AXUM;;;False;153740;0;Lista General;Autoservicio Tradicional - P;12426;10/4/2026;BD-003;VILLAFAÑE MARIANO
2410;SAN MARTIN 231;DEVOTO;10/4/2026;11/4/2026;10/4/2026;FAC-B0006-00013118;Venta;P&P LOGISTICA S.R.L;74608;6;24531,23;29682,79;SOCIEDAD COSMOPOLITA DE SOCORROS  MUTUOS;;10,00%;10;ORTEGA MILAGROS DESIREE;1050;ALMA MORA SEL RVE MALBEC 6X750;4088,54;3585;;TRADITIONAL TRADE;Autoservicio Tradicional;20447,82;BLAS ALMADA;454,28;$;2;GRUPO PEÑAFLOR SA;4,5;0;Contado;13/4/2026 08:36;;Alma Mora;Superior;No definido;;;Vinos del Año;PEÑAFLOR GRUPO OBJETIVO;;;20032;GRIBAUDO ESTEBAN;AXUM;;;False;153740;0;Lista General;Autoservicio Tradicional - P;12426;10/4/2026;BD-003;VILLAFAÑE MARIANO
2410;SAN MARTIN 231;DEVOTO;10/4/2026;11/4/2026;10/4/2026;FAC-B0006-00013118;Venta;P&P LOGISTICA S.R.L;74393;6;19370,72;23438,57;SOCIEDAD COSMOPOLITA DE SOCORROS  MUTUOS;;10,00%;10;ORTEGA MILAGROS DESIREE;1050;DADA FMORAS N°1 6X750;3228,45;3585;;TRADITIONAL TRADE;Autoservicio Tradicional;15339;BLAS ALMADA;358,72;$;2;GRUPO PEÑAFLOR SA;4,5;0;Contado;13/4/2026 08:36;;Dada;Alto;No definido;;;Vinos del Año;PEÑAFLOR GRUPO OBJETIVO;;;20032;GRIBAUDO ESTEBAN;AXUM;;;False;153740;0;Lista General;Autoservicio Tradicional - P;12426;10/4/2026;BD-003;VILLAFAÑE MARIANO
2410;SAN MARTIN 231;DEVOTO;10/4/2026;11/4/2026;10/4/2026;FAC-B0006-00013118;Venta;P&P LOGISTICA S.R.L;74209;6;20379,49;24659,19;SOCIEDAD COSMOPOLITA DE SOCORROS  MUTUOS;;10,00%;10;ORTEGA MILAGROS DESIREE;1050;ALMA MORA SYRAH 6X750;3396,58;3585;;TRADITIONAL TRADE;Autoservicio Tradicional;16987,14;BLAS ALMADA;377,4;$;2;GRUPO PEÑAFLOR SA;4,5;0;Contado;13/4/2026 08:36;;Alma Mora;Alto;No definido;;;Vinos del Año;PEÑAFLOR GRUPO OBJETIVO;;;20032;GRIBAUDO ESTEBAN;AXUM;;;False;153740;0;Lista General;Autoservicio Tradicional - P;12426;10/4/2026;BD-003;VILLAFAÑE MARIANO
2410;SAN MARTIN 231;DEVOTO;10/4/2026;11/4/2026;10/4/2026;FAC-B0006-00013118;Venta;P&P LOGISTICA S.R.L;74208;6;20379,49;24659,19;SOCIEDAD COSMOPOLITA DE SOCORROS  MUTUOS;;10,00%;10;ORTEGA MILAGROS DESIREE;1050;ALMA MORA CABSAUV6X750 ;3396,58;3585;;TRADITIONAL TRADE;Autoservicio Tradicional;16987,14;BLAS ALMADA;377,4;$;2;GRUPO PEÑAFLOR SA;4,5;0;Contado;13/4/2026 08:36;;Alma Mora;Alto;No definido;;;Vinos del Año;PEÑAFLOR GRUPO OBJETIVO;;;20032;GRIBAUDO ESTEBAN;AXUM;;;False;153740;0;Lista General;Autoservicio Tradicional - P;12426;10/4/2026;BD-003;VILLAFAÑE MARIANO
2410;SAN MARTIN 231;DEVOTO;10/4/2026;11/4/2026;10/4/2026;FAC-B0006-00013118;Venta;P&P LOGISTICA S.R.L;14507;6;16568,06;20047,36;SOCIEDAD COSMOPOLITA DE SOCORROS  MUTUOS;;10,00%;10;ORTEGA MILAGROS DESIREE;1050;EL BAUTISMO MALBEC 6X750 ;2761,34;3585;;TRADITIONAL TRADE;Autoservicio Tradicional;14508,96;BLAS ALMADA;306,82;$;2;GRUPO PEÑAFLOR SA;4,5;0;Contado;13/4/2026 08:36;;El Bautismo;Medio Alto;No definido;;;Vinos del Año;PEÑAFLOR GRUPO OBJETIVO;;;20032;GRIBAUDO ESTEBAN;AXUM;;;False;153740;0;Lista General;Autoservicio Tradicional - P;12426;10/4/2026;BD-003;VILLAFAÑE MARIANO
2410;SAN MARTIN 231;DEVOTO;10/4/2026;11/4/2026;10/4/2026;FAC-B0006-00013118;Venta;P&P LOGISTICA S.R.L;80010;12;32867,96;39770,24;SOCIEDAD COSMOPOLITA DE SOCORROS  MUTUOS;;10,00%;10;ORTEGA MILAGROS DESIREE;1050;LOS ARBOLES SEL MALBEC 6X750;2739;3585;;TRADITIONAL TRADE;Autoservicio Tradicional;28783,08;BLAS ALMADA;304,33;$;2;GRUPO PEÑAFLOR SA;9;0;Contado;13/4/2026 08:36;;Los Arboles;Medio Alto;No definido;;;Vinos del Año;Grupo Peñaflor,PEÑAFLOR GRUPO OBJETIVO;;;20032;GRIBAUDO ESTEBAN;AXUM;;;False;153740;0;Lista General;Autoservicio Tradicional - P;12426;10/4/2026;BD-003;VILLAFAÑE MARIANO
2410;SAN MARTIN 231;DEVOTO;10/4/2026;11/4/2026;10/4/2026;FAC-B0006-00013118;Venta;P&P LOGISTICA S.R.L;30020;6;42003,12;50823,78;SOCIEDAD COSMOPOLITA DE SOCORROS  MUTUOS;;0,00%;10;ORTEGA MILAGROS DESIREE;1050;SMIRNOFF GREEN APPLE DO 6X700;7000,52;3585;;TRADITIONAL TRADE;Autoservicio Tradicional;32124,3;BLAS ALMADA;0;$;2;GRUPO PEÑAFLOR SA;4,2;0;Contado;13/4/2026 08:36;;Smirnoff;Standard (S);No definido;;;Vodka;PEÑAFLOR GRUPO OBJETIVO;;;20032;GRIBAUDO ESTEBAN;AXUM;;;False;153740;0;Lista General;Autoservicio Tradicional - P;12426;10/4/2026;BD-003;VILLAFAÑE MARIANO
2410;SAN MARTIN 231;DEVOTO;10/4/2026;11/4/2026;10/4/2026;FAC-B0006-00013118;Venta;P&P LOGISTICA S.R.L;35093;6;37802,81;45741,4;SOCIEDAD COSMOPOLITA DE SOCORROS  MUTUOS;;10,00%;10;ORTEGA MILAGROS DESIREE;1050;SMIRNOFF BC GRAPEF.&LIME 6X700;6300,47;3585;;TRADITIONAL TRADE;Autoservicio Tradicional;32140,38;BLAS ALMADA;700,05;$;2;GRUPO PEÑAFLOR SA;4,2;0;Contado;13/4/2026 08:36;;Smirnoff;Standard (S);No definido;;;Vodka;PEÑAFLOR GRUPO OBJETIVO;;;20032;GRIBAUDO ESTEBAN;AXUM;;;False;153740;0;Lista General;Autoservicio Tradicional - P;12426;10/4/2026;BD-003;VILLAFAÑE MARIANO
2410;SAN MARTIN 231;DEVOTO;10/4/2026;11/4/2026;10/4/2026;FAC-B0006-00013118;Venta;P&P LOGISTICA S.R.L;35103;6;10447,54;12641,53;SOCIEDAD COSMOPOLITA DE SOCORROS  MUTUOS;;10,00%;10;ORTEGA MILAGROS DESIREE;1050;SMIRNOFF ICE LATA 4X6X473;1741,26;3585;;TRADITIONAL TRADE;Autoservicio Tradicional;8882,64;BLAS ALMADA;193,47;$;2;GRUPO PEÑAFLOR SA;2,838;0;Contado;13/4/2026 08:36;;Smirnoff Ice;RTD (s);No definido;;;RTD (S);PEÑAFLOR GRUPO OBJETIVO;;;20032;GRIBAUDO ESTEBAN;AXUM;;;False;153740;0;Lista General;Autoservicio Tradicional - P;12426;10/4/2026;BD-003;VILLAFAÑE MARIANO
2410;SAN MARTIN 231;DEVOTO;10/4/2026;11/4/2026;10/4/2026;FAC-B0006-00013118;Venta;P&P LOGISTICA S.R.L;35105;6;11608,38;14046,14;SOCIEDAD COSMOPOLITA DE SOCORROS  MUTUOS;;0,00%;10;ORTEGA MILAGROS DESIREE;1050;SMF ICE RED BERRIE LAT 4X6X473;1934,73;3585;;TRADITIONAL TRADE;Autoservicio Tradicional;8882,64;BLAS ALMADA;0;$;2;GRUPO PEÑAFLOR SA;2,838;0;Contado;13/4/2026 08:36;;Smirnoff Ice Flavours;RTD (s);No definido;;;RTD (S);PEÑAFLOR GRUPO OBJETIVO;;;20032;GRIBAUDO ESTEBAN;AXUM;;;False;153740;0;Lista General;Autoservicio Tradicional - P;12426;10/4/2026;BD-003;VILLAFAÑE MARIANO
2410;SAN MARTIN 231;DEVOTO;10/4/2026;11/4/2026;10/4/2026;FAC-B0006-00013118;Venta;P&P LOGISTICA S.R.L;30012;6;133273,64;161261,1;SOCIEDAD COSMOPOLITA DE SOCORROS  MUTUOS;;3,00%;10;ORTEGA MILAGROS DESIREE;1050;BAILEYS NUEVA BOTELLA 12x750;22212,27;3585;;TRADITIONAL TRADE;Autoservicio Tradicional;98443,44;BLAS ALMADA;686,98;$;2;GRUPO PEÑAFLOR SA;4,5;0;Contado;13/4/2026 08:36;;Baileys;Premium (S);No definido;;;Licores;PEÑAFLOR GRUPO OBJETIVO;;;20032;GRIBAUDO ESTEBAN;AXUM;;;False;153740;0;Lista General;Autoservicio Tradicional - P;12426;10/4/2026;BD-003;VILLAFAÑE MARIANO
2410;SAN MARTIN 231;DEVOTO;10/4/2026;11/4/2026;10/4/2026;FAC-B0006-00013118;Venta;P&P LOGISTICA S.R.L;74438;6;20379,49;24659,19;SOCIEDAD COSMOPOLITA DE SOCORROS  MUTUOS;;10,00%;10;ORTEGA MILAGROS DESIREE;1050;ALMA MORA BLEND BLANCO 6X750;3396,58;3585;;TRADITIONAL TRADE;Autoservicio Tradicional;16987,14;BLAS ALMADA;377,4;$;2;GRUPO PEÑAFLOR SA;4,5;0;Contado;13/4/2026 08:36;;Alma Mora;Alto;No definido;;;Vinos del Año;PEÑAFLOR GRUPO OBJETIVO;;;20032;GRIBAUDO ESTEBAN;AXUM;;;False;153740;0;Lista General;Autoservicio Tradicional - P;12426;10/4/2026;BD-003;VILLAFAÑE MARIANO
2410;SAN MARTIN 231;DEVOTO;10/4/2026;11/4/2026;10/4/2026;FAC-B0006-00013118;Venta;P&P LOGISTICA S.R.L;72859;6;14260,16;17254,79;SOCIEDAD COSMOPOLITA DE SOCORROS  MUTUOS;;10,00%;10;ORTEGA MILAGROS DESIREE;1050;F.LAS MORAS MALBEC 6X750;2376,69;3585;;TRADITIONAL TRADE;Autoservicio Tradicional;11863,44;BLAS ALMADA;264,08;$;2;GRUPO PEÑAFLOR SA;4,5;0;Contado;13/4/2026 08:36;;Finca Las Moras;Medio Alto;No definido;;;Vinos del Año;PEÑAFLOR GRUPO OBJETIVO;;;20032;GRIBAUDO ESTEBAN;AXUM;;;False;153740;0;Lista General;Autoservicio Tradicional - P;12426;10/4/2026;BD-003;VILLAFAÑE MARIANO
293;AV. JOSE HERNANDEZ 465;RIO PRIMERO;10/4/2026;13/4/2026;10/4/2026;FAC-B0006-00013129;Venta;P&P LOGISTICA S.R.L;35105;6;11608,38;14046,14;RENJIFO CAROLINA;;0,00%;6;PEYRONEL ANDREA;6050;SMF ICE RED BERRIE LAT 4X6X473;1934,73;3583;;TRADITIONAL TRADE;Almacen/Despensa;8882,64;DELGADO MAYCO JOAQUIN;0;$;2;GRUPO PEÑAFLOR SA;2,838;0;Contado;14/4/2026 09:15;;Smirnoff Ice Flavours;RTD (s);No definido;;;RTD (S);PEÑAFLOR GRUPO OBJETIVO;;;20032;GRIBAUDO ESTEBAN;AXUM;;;False;153773;0;Lista General;Almacen/Despensa - B;12427;10/4/2026;BD-003;VILLAFAÑE MARIANO
8049;RUTA 15 15;CURA BROCHERO;10/4/2026;9/4/2026;9/4/2026;FAC-B0008-00000513;Venta;P&P LOGISTICA S.R.L;74393;6;19801,18;23959,43;UALAS ELIAS EZEQUIEL;;8,00%;7;JOFRE GUILLERMO AGUSTIN;7005;DADA FMORAS N°1 6X750;3300,2;3578;;TRADITIONAL TRADE;Autoservicio Tradicional;15339;CHOFER VILLA DOLORES BEBIDA;286,97;$;2;GRUPO PEÑAFLOR SA;4,5;0;7 días fecha de factura;;;Dada;Alto;No definido;;;Vinos del Año;PEÑAFLOR GRUPO OBJETIVO;;;1002;BENITEZ RAUL;AXUM;;;False;153598;1;Lista General;Autoservicio Tradicional - B;12398;9/4/2026;BD-003;VILLAFAÑE MARIANO
8049;RUTA 15 15;CURA BROCHERO;10/4/2026;9/4/2026;9/4/2026;FAC-B0008-00000513;Venta;P&P LOGISTICA S.R.L;74395;6;19801,18;23959,43;UALAS ELIAS EZEQUIEL;;8,00%;7;JOFRE GUILLERMO AGUSTIN;7005;DADA FMORAS N°2 6X750 ;3300,2;3578;;TRADITIONAL TRADE;Autoservicio Tradicional;15339;CHOFER VILLA DOLORES BEBIDA;286,97;$;2;GRUPO PEÑAFLOR SA;4,5;0;7 días fecha de factura;;;Dada;Alto;No definido;;;Vinos del Año;PEÑAFLOR GRUPO OBJETIVO;;;1002;BENITEZ RAUL;AXUM;;;False;153598;1;Lista General;Autoservicio Tradicional - B;12398;9/4/2026;BD-003;VILLAFAÑE MARIANO
8049;RUTA 15 15;CURA BROCHERO;10/4/2026;9/4/2026;9/4/2026;FAC-B0008-00000513;Venta;P&P LOGISTICA S.R.L;74394;6;19801,18;23959,43;UALAS ELIAS EZEQUIEL;;8,00%;7;JOFRE GUILLERMO AGUSTIN;7005;DADA FMORAS N°3 6X750;3300,2;3578;;TRADITIONAL TRADE;Autoservicio Tradicional;16146,3;CHOFER VILLA DOLORES BEBIDA;286,97;$;2;GRUPO PEÑAFLOR SA;4,5;0;7 días fecha de factura;;;Dada;Alto;No definido;;;Vinos del Año;PEÑAFLOR GRUPO OBJETIVO;;;1002;BENITEZ RAUL;AXUM;;;False;153598;1;Lista General;Autoservicio Tradicional - B;12398;9/4/2026;BD-003;VILLAFAÑE MARIANO
8049;RUTA 15 15;CURA BROCHERO;10/4/2026;9/4/2026;9/4/2026;FAC-B0008-00000513;Venta;P&P LOGISTICA S.R.L;35104;6;11608,38;14046,14;UALAS ELIAS EZEQUIEL;;0,00%;7;JOFRE GUILLERMO AGUSTIN;7005;SMF ICE GREENAPPLE LAT 4X6X473;1934,73;3578;;TRADITIONAL TRADE;Autoservicio Tradicional;8882,64;CHOFER VILLA DOLORES BEBIDA;0;$;2;GRUPO PEÑAFLOR SA;2,838;0;7 días fecha de factura;;;Smirnoff Ice Flavours;RTD (s);No definido;;;RTD (S);PEÑAFLOR GRUPO OBJETIVO;;;1002;BENITEZ RAUL;AXUM;;;False;153598;1;Lista General;Autoservicio Tradicional - B;12398;9/4/2026;BD-003;VILLAFAÑE MARIANO
8049;RUTA 15 15;CURA BROCHERO;10/4/2026;9/4/2026;9/4/2026;FAC-B0008-00000513;Venta;P&P LOGISTICA S.R.L;35105;6;11608,38;14046,14;UALAS ELIAS EZEQUIEL;;0,00%;7;JOFRE GUILLERMO AGUSTIN;7005;SMF ICE RED BERRIE LAT 4X6X473;1934,73;3578;;TRADITIONAL TRADE;Autoservicio Tradicional;8882,64;CHOFER VILLA DOLORES BEBIDA;0;$;2;GRUPO PEÑAFLOR SA;2,838;0;7 días fecha de factura;;;Smirnoff Ice Flavours;RTD (s);No definido;;;RTD (S);PEÑAFLOR GRUPO OBJETIVO;;;1002;BENITEZ RAUL;AXUM;;;False;153598;1;Lista General;Autoservicio Tradicional - B;12398;9/4/2026;BD-003;VILLAFAÑE MARIANO
8049;RUTA 15 15;CURA BROCHERO;10/4/2026;9/4/2026;9/4/2026;FAC-B0008-00000513;Venta;P&P LOGISTICA S.R.L;35103;6;11608,38;14046,14;UALAS ELIAS EZEQUIEL;;0,00%;7;JOFRE GUILLERMO AGUSTIN;7005;SMIRNOFF ICE LATA 4X6X473;1934,73;3578;;TRADITIONAL TRADE;Autoservicio Tradicional;8882,64;CHOFER VILLA DOLORES BEBIDA;0;$;2;GRUPO PEÑAFLOR SA;2,838;0;7 días fecha de factura;;;Smirnoff Ice;RTD (s);No definido;;;RTD (S);PEÑAFLOR GRUPO OBJETIVO;;;1002;BENITEZ RAUL;AXUM;;;False;153598;1;Lista General;Autoservicio Tradicional - B;12398;9/4/2026;BD-003;VILLAFAÑE MARIANO
8049;RUTA 15 15;CURA BROCHERO;10/4/2026;9/4/2026;9/4/2026;FAC-B0008-00000513;Venta;P&P LOGISTICA S.R.L;30023;3;33295,68;40287,78;UALAS ELIAS EZEQUIEL;;6,00%;7;JOFRE GUILLERMO AGUSTIN;7005;WHITE HORSE DO 12X750;11098,56;3578;;TRADITIONAL TRADE;Autoservicio Tradicional;27103,77;CHOFER VILLA DOLORES BEBIDA;708,42;$;2;GRUPO PEÑAFLOR SA;2,25;0;7 días fecha de factura;;;White Horse;Standard (S);No definido;;;Whisky;PEÑAFLOR GRUPO OBJETIVO;;;1002;BENITEZ RAUL;AXUM;;;False;153598;1;Lista General;Autoservicio Tradicional - B;12398;9/4/2026;BD-003;VILLAFAÑE MARIANO
8040;AVENIDA BELGRANO 1200;CURA BROCHERO;10/4/2026;9/4/2026;9/4/2026;FAC-A0001-00042238;Venta;Empresa;35105;18;34825,14;42138,42;MIDEY RUTH ELIZABETH;;0,00%;7;JOFRE GUILLERMO AGUSTIN;7005;SMF ICE RED BERRIE LAT 4X6X473;1934,73;3578;;TRADITIONAL TRADE;Autoservicio Tradicional;26647,92;CHOFER VILLA DOLORES BEBIDA;0;$;2;GRUPO PEÑAFLOR SA;8,514;0;Contado;;;Smirnoff Ice Flavours;RTD (s);No definido;;;RTD (S);PEÑAFLOR GRUPO OBJETIVO;;;1002;BENITEZ RAUL;AXUM;;;False;153449;1;Lista General;Autoservicio Tradicional - B;12382;9/4/2026;BD-003;VILLAFAÑE MARIANO
8040;AVENIDA BELGRANO 1200;CURA BROCHERO;10/4/2026;9/4/2026;9/4/2026;FAC-A0001-00042238;Venta;Empresa;35104;18;34825,14;42138,42;MIDEY RUTH ELIZABETH;;0,00%;7;JOFRE GUILLERMO AGUSTIN;7005;SMF ICE GREENAPPLE LAT 4X6X473;1934,73;3578;;TRADITIONAL TRADE;Autoservicio Tradicional;26647,92;CHOFER VILLA DOLORES BEBIDA;0;$;2;GRUPO PEÑAFLOR SA;8,514;0;Contado;;;Smirnoff Ice Flavours;RTD (s);No definido;;;RTD (S);PEÑAFLOR GRUPO OBJETIVO;;;1002;BENITEZ RAUL;AXUM;;;False;153449;1;Lista General;Autoservicio Tradicional - B;12382;9/4/2026;BD-003;VILLAFAÑE MARIANO
8040;AVENIDA BELGRANO 1200;CURA BROCHERO;10/4/2026;9/4/2026;9/4/2026;FAC-A0001-00042238;Venta;Empresa;35103;18;34825,14;42138,42;MIDEY RUTH ELIZABETH;;0,00%;7;JOFRE GUILLERMO AGUSTIN;7005;SMIRNOFF ICE LATA 4X6X473;1934,73;3578;;TRADITIONAL TRADE;Autoservicio Tradicional;26647,92;CHOFER VILLA DOLORES BEBIDA;0;$;2;GRUPO PEÑAFLOR SA;8,514;0;Contado;;;Smirnoff Ice;RTD (s);No definido;;;RTD (S);PEÑAFLOR GRUPO OBJETIVO;;;1002;BENITEZ RAUL;AXUM;;;False;153449;1;Lista General;Autoservicio Tradicional - B;12382;9/4/2026;BD-003;VILLAFAÑE MARIANO
7882;RUTA 14 14;LAS TAPIAS;10/4/2026;9/4/2026;9/4/2026;FAC-A0001-00042239;Venta;Empresa;74210;6;20867,21;25249,32;LIGORRIA SILVIA ELENA ;;6,00%;9;SANCHEZ FERNANDO JAVIER;9004;ALMA MORA MALBEC 6X750;3477,87;3579;;TRADITIONAL TRADE;Almacen/Despensa;16978,08;CHOFER VILLA DOLORES BEBIDA;221,99;$;2;GRUPO PEÑAFLOR SA;4,5;0;Contado;15/4/2026 16:51;;Alma Mora;Alto;No definido;;;Vinos del Año;PEÑAFLOR GRUPO OBJETIVO;;;1002;BENITEZ RAUL;AXUM;;;False;153473;0;Lista General;Almacen/Despensa - B;12383;9/4/2026;BD-003;VILLAFAÑE MARIANO
7882;RUTA 14 14;LAS TAPIAS;10/4/2026;9/4/2026;9/4/2026;FAC-A0001-00042239;Venta;Empresa;72859;6;14893,94;18021,67;LIGORRIA SILVIA ELENA ;;6,00%;9;SANCHEZ FERNANDO JAVIER;9004;F.LAS MORAS MALBEC 6X750;2482,32;3579;;TRADITIONAL TRADE;Almacen/Despensa;11863,44;CHOFER VILLA DOLORES BEBIDA;158,45;$;2;GRUPO PEÑAFLOR SA;4,5;0;Contado;15/4/2026 16:51;;Finca Las Moras;Medio Alto;No definido;;;Vinos del Año;PEÑAFLOR GRUPO OBJETIVO;;;1002;BENITEZ RAUL;AXUM;;;False;153473;0;Lista General;Almacen/Despensa - B;12383;9/4/2026;BD-003;VILLAFAÑE MARIANO
8035;AV CURA BROCHERO S/N 0;VILLA CURA BROCHERO;10/4/2026;9/4/2026;9/4/2026;FAC-A0001-00042240;Venta;Empresa;42102;6;17729,71;21452,95;BENEGAS SERGIO RUBEN;;10,00%;7;JOFRE GUILLERMO AGUSTIN;7005;ELEMENTOS MALBEC 6X750 ;2954,95;3578;;TRADITIONAL TRADE;Almacen/Despensa;14039,52;CHOFER VILLA DOLORES BEBIDA;328,33;$;2;GRUPO PEÑAFLOR SA;4,5;0;Contado;;;ELEMENTOS;Alto;No definido;;;Vinos del Año;PEÑAFLOR GRUPO OBJETIVO;;;1002;BENITEZ RAUL;AXUM;;;False;153592;1;Lista General;Almacen/Despensa - B;12398;10/4/2026;BD-003;VILLAFAÑE MARIANO
8035;AV CURA BROCHERO S/N 0;VILLA CURA BROCHERO;10/4/2026;9/4/2026;9/4/2026;FAC-A0001-00042240;Venta;Empresa;74210;6;20378,79;24658,34;BENEGAS SERGIO RUBEN;;10,00%;7;JOFRE GUILLERMO AGUSTIN;7005;ALMA MORA MALBEC 6X750;3396,47;3578;;TRADITIONAL TRADE;Almacen/Despensa;16978,08;CHOFER VILLA DOLORES BEBIDA;377,39;$;2;GRUPO PEÑAFLOR SA;4,5;0;Contado;;;Alma Mora;Alto;No definido;;;Vinos del Año;PEÑAFLOR GRUPO OBJETIVO;;;1002;BENITEZ RAUL;AXUM;;;False;153592;1;Lista General;Almacen/Despensa - B;12398;10/4/2026;BD-003;VILLAFAÑE MARIANO
8035;AV CURA BROCHERO S/N 0;VILLA CURA BROCHERO;10/4/2026;9/4/2026;9/4/2026;FAC-A0001-00042240;Venta;Empresa;74814;6;16402,23;19846,7;BENEGAS SERGIO RUBEN;;10,00%;7;JOFRE GUILLERMO AGUSTIN;7005;CAZADOR MALBEC 6X750;2733,71;3578;;TRADITIONAL TRADE;Almacen/Despensa;13671,96;CHOFER VILLA DOLORES BEBIDA;303,75;$;2;GRUPO PEÑAFLOR SA;0;0;Contado;;;;;;;;;PEÑAFLOR GRUPO OBJETIVO;;;1002;BENITEZ RAUL;AXUM;;;False;153592;1;Lista General;Almacen/Despensa - B;12398;10/4/2026;BD-003;VILLAFAÑE MARIANO
8035;AV CURA BROCHERO S/N 0;VILLA CURA BROCHERO;10/4/2026;9/4/2026;9/4/2026;FAC-A0001-00042240;Venta;Empresa;74816;6;16402,23;19846,7;BENEGAS SERGIO RUBEN;;10,00%;7;JOFRE GUILLERMO AGUSTIN;7005;CAZADOR BLANCO DULCE 6X750;2733,71;3578;;TRADITIONAL TRADE;Almacen/Despensa;13671,96;CHOFER VILLA DOLORES BEBIDA;303,75;$;2;GRUPO PEÑAFLOR SA;0;0;Contado;;;;;;;;;PEÑAFLOR GRUPO OBJETIVO;;;1002;BENITEZ RAUL;AXUM;;;False;153592;1;Lista General;Almacen/Despensa - B;12398;10/4/2026;BD-003;VILLAFAÑE MARIANO
8035;AV CURA BROCHERO S/N 0;VILLA CURA BROCHERO;10/4/2026;9/4/2026;9/4/2026;FAC-A0001-00042240;Venta;Empresa;72859;6;14260,16;17254,79;BENEGAS SERGIO RUBEN;;10,00%;7;JOFRE GUILLERMO AGUSTIN;7005;F.LAS MORAS MALBEC 6X750;2376,69;3578;;TRADITIONAL TRADE;Almacen/Despensa;11863,44;CHOFER VILLA DOLORES BEBIDA;264,08;$;2;GRUPO PEÑAFLOR SA;4,5;0;Contado;;;Finca Las Moras;Medio Alto;No definido;;;Vinos del Año;PEÑAFLOR GRUPO OBJETIVO;;;1002;BENITEZ RAUL;AXUM;;;False;153592;1;Lista General;Almacen/Despensa - B;12398;10/4/2026;BD-003;VILLAFAÑE MARIANO
8035;AV CURA BROCHERO S/N 0;VILLA CURA BROCHERO;10/4/2026;9/4/2026;9/4/2026;FAC-A0001-00042240;Venta;Empresa;14583;12;24171;29246,91;BENEGAS SERGIO RUBEN;;0,00%;7;JOFRE GUILLERMO AGUSTIN;7005;FRIZZE EVOL BLUE NEW X1000;2014,25;3578;;TRADITIONAL TRADE;Almacen/Despensa;18132,84;CHOFER VILLA DOLORES BEBIDA;0;$;2;GRUPO PEÑAFLOR SA;12;0;Contado;;;#¿NOMBRE?;RTD (S);No definido;;;RTD (S);PEÑAFLOR GRUPO OBJETIVO;;;1002;BENITEZ RAUL;AXUM;;;False;153592;1;Lista General;Almacen/Despensa - B;12398;10/4/2026;BD-003;VILLAFAÑE MARIANO
8035;AV CURA BROCHERO S/N 0;VILLA CURA BROCHERO;10/4/2026;9/4/2026;9/4/2026;FAC-A0001-00042240;Venta;Empresa;74570;6;32979,74;39905,49;BENEGAS SERGIO RUBEN;;10,00%;7;JOFRE GUILLERMO AGUSTIN;7005;LOS INTOCABLES MALBEC 6X750;5496,62;3578;;TRADITIONAL TRADE;Almacen/Despensa;26898,9;CHOFER VILLA DOLORES BEBIDA;610,74;$;2;GRUPO PEÑAFLOR SA;4,5;0;Contado;;;;Premium;No definido;;;Vino de Guarda;PEÑAFLOR GRUPO OBJETIVO;;;1002;BENITEZ RAUL;AXUM;;;False;153592;1;Lista General;Almacen/Despensa - B;12398;10/4/2026;BD-003;VILLAFAÑE MARIANO
7847;BUENOS AIRES 0;LA PAZ;10/4/2026;9/4/2026;9/4/2026;FAC-A0001-00042241;Venta;Empresa;30134;6;60640,43;73374,93;MORALES CARRERAS DIANA JESICA ;;6,00%;9;SANCHEZ FERNANDO JAVIER;9005;GORDON´S PINK GIN 6X700;10106,74;3579;;TRADITIONAL TRADE;Almacen/Despensa;49363,26;CHOFER VILLA DOLORES BEBIDA;645,11;$;2;GRUPO PEÑAFLOR SA;0;0;Contado;15/4/2026 16:51;;#¿NOMBRE?;Standard (S);No definido;;-No Definido-;Gin;PEÑAFLOR GRUPO OBJETIVO;;;1002;BENITEZ RAUL;AXUM;;;False;153596;0;Lista General;Almacen/Despensa - A;12400;9/4/2026;BD-003;VILLAFAÑE MARIANO
7847;BUENOS AIRES 0;LA PAZ;10/4/2026;9/4/2026;9/4/2026;FAC-A0001-00042241;Venta;Empresa;30075;6;55367,37;66994,52;MORALES CARRERAS DIANA JESICA ;;6,00%;9;SANCHEZ FERNANDO JAVIER;9005;GORDON´S GIN 6x700;9227,9;3579;;TRADITIONAL TRADE;Almacen/Despensa;45070,8;CHOFER VILLA DOLORES BEBIDA;589,01;$;2;GRUPO PEÑAFLOR SA;4,2;0;Contado;15/4/2026 16:51;;Gordon´s;Standard (S);No definido;;;Gin;PEÑAFLOR GRUPO OBJETIVO;;;1002;BENITEZ RAUL;AXUM;;;False;153596;0;Lista General;Almacen/Despensa - A;12400;9/4/2026;BD-003;VILLAFAÑE MARIANO
7847;BUENOS AIRES 0;LA PAZ;10/4/2026;9/4/2026;9/4/2026;FAC-A0001-00042241;Venta;Empresa;72859;10;24295,08;29397,05;MORALES CARRERAS DIANA JESICA ;;8,00%;9;SANCHEZ FERNANDO JAVIER;9005;F.LAS MORAS MALBEC 6X750;2429,51;3579;;TRADITIONAL TRADE;Almacen/Despensa;19772,4;CHOFER VILLA DOLORES BEBIDA;211,26;$;2;GRUPO PEÑAFLOR SA;7,5;0;Contado;15/4/2026 16:51;;Finca Las Moras;Medio Alto;No definido;;;Vinos del Año;PEÑAFLOR GRUPO OBJETIVO;;;1002;BENITEZ RAUL;AXUM;;;False;153596;0;Lista General;Almacen/Despensa - A;12400;9/4/2026;BD-003;VILLAFAÑE MARIANO
7847;BUENOS AIRES 0;LA PAZ;10/4/2026;9/4/2026;9/4/2026;FAC-A0001-00042241;Venta;Empresa;74473;6;30753,57;37211,82;MORALES CARRERAS DIANA JESICA ;;6,00%;9;SANCHEZ FERNANDO JAVIER;9005;DADA ESPUMANTE ROS6X750 ;5125,59;3579;;TRADITIONAL TRADE;Almacen/Despensa;24293,1;CHOFER VILLA DOLORES BEBIDA;327,17;$;2;GRUPO PEÑAFLOR SA;4,5;0;Contado;15/4/2026 16:51;;Champaña Dada;Champaña Alta y Premium;No definido;;;Espumantes;PEÑAFLOR GRUPO OBJETIVO;;;1002;BENITEZ RAUL;AXUM;;;False;153596;0;Lista General;Almacen/Despensa - A;12400;9/4/2026;BD-003;VILLAFAÑE MARIANO
7847;BUENOS AIRES 0;LA PAZ;10/4/2026;9/4/2026;9/4/2026;FAC-A0001-00042241;Venta;Empresa;74446;6;30753,57;37211,82;MORALES CARRERAS DIANA JESICA ;;6,00%;9;SANCHEZ FERNANDO JAVIER;9005;DADA 7 SWEET  6X750;5125,59;3579;;TRADITIONAL TRADE;Almacen/Despensa;24305,28;CHOFER VILLA DOLORES BEBIDA;327,17;$;2;GRUPO PEÑAFLOR SA;0;0;Contado;15/4/2026 16:51;;;;;;;;PEÑAFLOR GRUPO OBJETIVO;;;1002;BENITEZ RAUL;AXUM;;;False;153596;0;Lista General;Almacen/Despensa - A;12400;9/4/2026;BD-003;VILLAFAÑE MARIANO
7847;BUENOS AIRES 0;LA PAZ;10/4/2026;9/4/2026;9/4/2026;FAC-A0001-00042241;Venta;Empresa;35105;24;46433,52;56184,56;MORALES CARRERAS DIANA JESICA ;;0,00%;9;SANCHEZ FERNANDO JAVIER;9005;SMF ICE RED BERRIE LAT 4X6X473;1934,73;3579;;TRADITIONAL TRADE;Almacen/Despensa;35530,56;CHOFER VILLA DOLORES BEBIDA;0;$;2;GRUPO PEÑAFLOR SA;11,352;0;Contado;15/4/2026 16:51;;Smirnoff Ice Flavours;RTD (s);No definido;;;RTD (S);PEÑAFLOR GRUPO OBJETIVO;;;1002;BENITEZ RAUL;AXUM;;;False;153596;0;Lista General;Almacen/Despensa - A;12400;9/4/2026;BD-003;VILLAFAÑE MARIANO
7847;BUENOS AIRES 0;LA PAZ;10/4/2026;9/4/2026;9/4/2026;FAC-A0001-00042241;Venta;Empresa;35107;12;24377,52;29496,8;MORALES CARRERAS DIANA JESICA ;;0,00%;9;SANCHEZ FERNANDO JAVIER;9005;GORDON´S TONIC 4X6X473;2031,46;3579;;TRADITIONAL TRADE;Almacen/Despensa;18653,4;CHOFER VILLA DOLORES BEBIDA;0;$;2;GRUPO PEÑAFLOR SA;5,676;0;Contado;15/4/2026 16:51;;Gordon´s;RTD (S);No definido;;;RTD (S);PEÑAFLOR GRUPO OBJETIVO;;;1002;BENITEZ RAUL;AXUM;;;False;153596;0;Lista General;Almacen/Despensa - A;12400;9/4/2026;BD-003;VILLAFAÑE MARIANO
7847;BUENOS AIRES 0;LA PAZ;10/4/2026;10/4/2026;10/4/2026;FAC-A0001-00042245;Venta;Empresa;42113;6;17138,72;20737,85;MORALES CARRERAS DIANA JESICA ;;13,00%;9;SANCHEZ FERNANDO JAVIER;9005;ELEMENTOS TORRONTES DLCE6X750 ;2856,45;3589;;TRADITIONAL TRADE;Almacen/Despensa;14778,42;CHOFER VILLA DOLORES BEBIDA;426,83;$;2;GRUPO PEÑAFLOR SA;4,5;0;Contado;15/4/2026 15:58;;ELEMENTOS;Alto;No definido;;;Vinos del Año;PEÑAFLOR GRUPO OBJETIVO;;;1002;BENITEZ RAUL;AXUM;;;False;153634;0;Lista General;Almacen/Despensa - A;12433;10/4/2026;BD-003;VILLAFAÑE MARIANO
8146;BELGRANO 1264;VILLA DOLORES;10/4/2026;10/4/2026;10/4/2026;FAC-A0001-00042246;Venta;Empresa;35104;24;46433,52;56184,56;GIL MONICA RUTH ;;0,00%;9;SANCHEZ FERNANDO JAVIER;9005;SMF ICE GREENAPPLE LAT 4X6X473;1934,73;3588;;TRADITIONAL TRADE;Almacen/Despensa;35530,56;CHOFER VILLA DOLORES BEBIDA;0;$;2;GRUPO PEÑAFLOR SA;11,352;0;Contado;;;Smirnoff Ice Flavours;RTD (s);No definido;;;RTD (S);PEÑAFLOR GRUPO OBJETIVO;;;1002;BENITEZ RAUL;AXUM;;;False;153708;1;Lista General;Almacen/Despensa - B;12431;10/4/2026;BD-003;VILLAFAÑE MARIANO
8146;BELGRANO 1264;VILLA DOLORES;10/4/2026;10/4/2026;10/4/2026;FAC-A0001-00042246;Venta;Empresa;35105;24;46433,52;56184,56;GIL MONICA RUTH ;;0,00%;9;SANCHEZ FERNANDO JAVIER;9005;SMF ICE RED BERRIE LAT 4X6X473;1934,73;3588;;TRADITIONAL TRADE;Almacen/Despensa;35530,56;CHOFER VILLA DOLORES BEBIDA;0;$;2;GRUPO PEÑAFLOR SA;11,352;0;Contado;;;Smirnoff Ice Flavours;RTD (s);No definido;;;RTD (S);PEÑAFLOR GRUPO OBJETIVO;;;1002;BENITEZ RAUL;AXUM;;;False;153708;1;Lista General;Almacen/Despensa - B;12431;10/4/2026;BD-003;VILLAFAÑE MARIANO
1219;AV MANUEL CUESTAS 112;Villa Sarmiento;10/4/2026;10/4/2026;10/4/2026;FAC-A0001-00042247;Venta;Empresa;30075;6;55367,37;66994,52;DAMBOLENA EMILIANO DANIEL;;6,00%;9;SANCHEZ FERNANDO JAVIER;9005;GORDON´S GIN 6x700;9227,9;3588;;TRADITIONAL TRADE;Almacen/Despensa;45070,8;CHOFER VILLA DOLORES BEBIDA;589,01;$;2;GRUPO PEÑAFLOR SA;4,2;0;Contado;;;Gordon´s;Standard (S);No definido;;;Gin;PEÑAFLOR GRUPO OBJETIVO;;;1002;BENITEZ RAUL;AXUM;;;False;153711;1;Lista General;Almacen/Despensa - C;12431;10/4/2026;BD-003;VILLAFAÑE MARIANO
672;VICENTE CASTRO 132;Nono;10/4/2026;10/4/2026;10/4/2026;FAC-A0001-00042248;Venta;Empresa;74814;3;7745,5;9372,05;JOSE IGNACIOHAUKE FONSECA;;15,00%;7;JOFRE GUILLERMO AGUSTIN;7006;CAZADOR MALBEC 6X750;2581,83;3587;;TRADITIONAL TRADE;Almacen/Despensa;6835,98;CHOFER VILLA DOLORES BEBIDA;455,62;$;2;GRUPO PEÑAFLOR SA;0;0;Contado;13/4/2026 10:21;;;;;;;;PEÑAFLOR GRUPO OBJETIVO;;;1002;BENITEZ RAUL;AXUM;;;False;153777;0;Lista General;Almacen/Despensa - C;12430;10/4/2026;BD-003;VILLAFAÑE MARIANO
672;VICENTE CASTRO 132;Nono;10/4/2026;10/4/2026;10/4/2026;FAC-A0001-00042248;Venta;Empresa;72859;3;7130,08;8627,4;JOSE IGNACIOHAUKE FONSECA;;10,00%;7;JOFRE GUILLERMO AGUSTIN;7006;F.LAS MORAS MALBEC 6X750;2376,69;3587;;TRADITIONAL TRADE;Almacen/Despensa;5931,72;CHOFER VILLA DOLORES BEBIDA;264,08;$;2;GRUPO PEÑAFLOR SA;2,25;0;Contado;13/4/2026 10:21;;Finca Las Moras;Medio Alto;No definido;;;Vinos del Año;PEÑAFLOR GRUPO OBJETIVO;;;1002;BENITEZ RAUL;AXUM;;;False;153777;0;Lista General;Almacen/Despensa - C;12430;10/4/2026;BD-003;VILLAFAÑE MARIANO
672;VICENTE CASTRO 132;Nono;10/4/2026;10/4/2026;10/4/2026;FAC-A0001-00042248;Venta;Empresa;42102;3;8864,86;10726,48;JOSE IGNACIOHAUKE FONSECA;;10,00%;7;JOFRE GUILLERMO AGUSTIN;7006;ELEMENTOS MALBEC 6X750 ;2954,95;3587;;TRADITIONAL TRADE;Almacen/Despensa;7019,76;CHOFER VILLA DOLORES BEBIDA;328,33;$;2;GRUPO PEÑAFLOR SA;2,25;0;Contado;13/4/2026 10:21;;ELEMENTOS;Alto;No definido;;;Vinos del Año;PEÑAFLOR GRUPO OBJETIVO;;;1002;BENITEZ RAUL;AXUM;;;False;153777;0;Lista General;Almacen/Despensa - C;12430;10/4/2026;BD-003;VILLAFAÑE MARIANO
7968;RUTA 14;NONO;10/4/2026;10/4/2026;10/4/2026;FAC-A0001-00042249;Venta;Empresa;41682;6;27253,75;32977,03;CHEN ZHUMING;;10,00%;7;JOFRE GUILLERMO AGUSTIN;7006;DON DAVID MALBEC 6X750;4542,29;3587;;TRADITIONAL TRADE;Almacen/Despensa;22717,14;CHOFER VILLA DOLORES BEBIDA;504,7;$;2;GRUPO PEÑAFLOR SA;4,5;0;Contado;13/4/2026 10:21;;Don David;Superior;No definido;;;Vinos del Año;PEÑAFLOR GRUPO OBJETIVO;;;1002;BENITEZ RAUL;AXUM;;;False;153778;0;Lista General;Almacen/Despensa - B;12432;10/4/2026;BD-003;VILLAFAÑE MARIANO
7968;RUTA 14;NONO;10/4/2026;10/4/2026;10/4/2026;FAC-A0001-00042249;Venta;Empresa;74504;9;29056,08;35157,85;CHEN ZHUMING;;10,00%;7;JOFRE GUILLERMO AGUSTIN;7006;DADA ART MALBEC 6X750;3228,45;3587;;TRADITIONAL TRADE;Almacen/Despensa;24219,45;CHOFER VILLA DOLORES BEBIDA;358,72;$;2;GRUPO PEÑAFLOR SA;6,75;0;Contado;13/4/2026 10:21;;Dada;Alto;No definido;;;Vinos del Año;PEÑAFLOR GRUPO OBJETIVO;;;1002;BENITEZ RAUL;AXUM;;;False;153778;0;Lista General;Almacen/Despensa - B;12432;10/4/2026;BD-003;VILLAFAÑE MARIANO
613;GUEMES 370;LAS VARILLAS;13/4/2026;14/4/2026;13/4/2026;FAC-A0006-00061728;Venta;P&P LOGISTICA S.R.L;74569;6;19370,72;23438,57;BASSANO EZEQUIEL LUIS Y BASSANO CESAR MATIAS;;10,00%;8;ALVAREZ VANESA  KAFF;8010;DADA N°8 CHOCOLATE 6X750 ;3228,45;3592;;TRADITIONAL TRADE;Almacen/Despensa;16146,3;ACOSTA FACUNDO;358,72;$;2;GRUPO PEÑAFLOR SA;4,5;0;Contado;14/4/2026 17:46;;Dada;Alto;No definido;;;Vinos del Año;PEÑAFLOR GRUPO OBJETIVO;;;20032;GRIBAUDO ESTEBAN;AXUM;;;False;153888;0;Lista General;Almacen/Despensa - B;12452;13/4/2026;20000;MOLINA JUAN
978;PASAJE VENEZUELA 1236;LAS VARILLAS;13/4/2026;14/4/2026;13/4/2026;FAC-A0006-00061730;Venta;P&P LOGISTICA S.R.L;35105;18;34825,14;42138,42;PERRET STELLA MARIS;;0,00%;8;ALVAREZ VANESA  KAFF;8010;SMF ICE RED BERRIE LAT 4X6X473;1934,73;3592;;TRADITIONAL TRADE;Almacen/Despensa;26647,92;ACOSTA FACUNDO;0;$;2;GRUPO PEÑAFLOR SA;8,514;0;Contado;14/4/2026 17:46;;Smirnoff Ice Flavours;RTD (s);No definido;;;RTD (S);PEÑAFLOR GRUPO OBJETIVO;;;20032;GRIBAUDO ESTEBAN;AXUM;;;False;153892;0;Lista General;Almacen/Despensa - B;12452;13/4/2026;20000;MOLINA JUAN
978;PASAJE VENEZUELA 1236;LAS VARILLAS;13/4/2026;14/4/2026;13/4/2026;FAC-A0006-00061730;Venta;P&P LOGISTICA S.R.L;35104;6;11608,38;14046,14;PERRET STELLA MARIS;;0,00%;8;ALVAREZ VANESA  KAFF;8010;SMF ICE GREENAPPLE LAT 4X6X473;1934,73;3592;;TRADITIONAL TRADE;Almacen/Despensa;8882,64;ACOSTA FACUNDO;0;$;2;GRUPO PEÑAFLOR SA;2,838;0;Contado;14/4/2026 17:46;;Smirnoff Ice Flavours;RTD (s);No definido;;;RTD (S);PEÑAFLOR GRUPO OBJETIVO;;;20032;GRIBAUDO ESTEBAN;AXUM;;;False;153892;0;Lista General;Almacen/Despensa - B;12452;13/4/2026;20000;MOLINA JUAN
736;RIVADAVIA 440;LAS VARILLAS;13/4/2026;14/4/2026;13/4/2026;FAC-A0006-00061732;Venta;P&P LOGISTICA S.R.L;30023;12;133182,73;165146,59;MARTINEZ CATRIEL;;6,00%;8;ALVAREZ VANESA  KAFF;8010;WHITE HORSE DO 12X750;11098,56;3592;;TRADITIONAL TRADE;Autoservicio Tradicional;108415,08;ACOSTA FACUNDO;708,42;$;2;GRUPO PEÑAFLOR SA;9;0;Contado;14/4/2026 17:46;;White Horse;Standard (S);No definido;;;Whisky;PEÑAFLOR GRUPO OBJETIVO;;;20032;GRIBAUDO ESTEBAN;AXUM;;;False;153910;0;Lista General;Autoservicio Tradicional - P;12452;13/4/2026;20000;MOLINA JUAN
615;Rivadavia Esq. Independen 0;LAS VARILLAS;13/4/2026;14/4/2026;13/4/2026;FAC-A0006-00061736;Venta;P&P LOGISTICA S.R.L;42102;6;18517,7;22406,42;LI WENFANG  (SUC. PLAZA);;6,00%;8;ALVAREZ VANESA  KAFF;8010;ELEMENTOS MALBEC 6X750 ;3086,28;3592;;TRADITIONAL TRADE;Autoservicio Tradicional;14039,52;ACOSTA FACUNDO;197;$;2;GRUPO PEÑAFLOR SA;4,5;0;Contado;14/4/2026 17:46;;ELEMENTOS;Alto;No definido;;;Vinos del Año;PEÑAFLOR GRUPO OBJETIVO;;;20032;GRIBAUDO ESTEBAN;AXUM;;;False;153928;0;Lista General;Autoservicio Tradicional - P;12452;13/4/2026;20000;MOLINA JUAN
615;Rivadavia Esq. Independen 0;LAS VARILLAS;13/4/2026;14/4/2026;13/4/2026;FAC-A0006-00061736;Venta;P&P LOGISTICA S.R.L;42103;6;18517,7;22406,42;LI WENFANG  (SUC. PLAZA);;6,00%;8;ALVAREZ VANESA  KAFF;8010;ELEMENTOS SYRAH 6X750 ;3086,28;3592;;TRADITIONAL TRADE;Autoservicio Tradicional;14778,42;ACOSTA FACUNDO;197;$;2;GRUPO PEÑAFLOR SA;4,5;0;Contado;14/4/2026 17:46;;ELEMENTOS;Alto;No definido;;;Vinos del Año;PEÑAFLOR GRUPO OBJETIVO;;;20032;GRIBAUDO ESTEBAN;AXUM;;;False;153928;0;Lista General;Autoservicio Tradicional - P;12452;13/4/2026;20000;MOLINA JUAN
615;Rivadavia Esq. Independen 0;LAS VARILLAS;13/4/2026;14/4/2026;13/4/2026;FAC-A0006-00061737;Venta;P&P LOGISTICA S.R.L;74505;6;20231,64;24480,28;LI WENFANG  (SUC. PLAZA);;6,00%;8;ALVAREZ VANESA  KAFF;8010;DADA ART CABERNET 6X750 ;3371,94;3592;;TRADITIONAL TRADE;Autoservicio Tradicional;16146,3;ACOSTA FACUNDO;215,23;$;2;GRUPO PEÑAFLOR SA;4,5;0;Contado;14/4/2026 17:46;;Dada;Alto;No definido;;;Vinos del Año;PEÑAFLOR GRUPO OBJETIVO;;;20032;GRIBAUDO ESTEBAN;AXUM;;;False;153929;0;Lista General;Autoservicio Tradicional - P;12452;13/4/2026;20000;MOLINA JUAN
615;Rivadavia Esq. Independen 0;LAS VARILLAS;13/4/2026;14/4/2026;13/4/2026;FAC-A0006-00061737;Venta;P&P LOGISTICA S.R.L;80010;6;17164,38;20768,9;LI WENFANG  (SUC. PLAZA);;6,00%;8;ALVAREZ VANESA  KAFF;8010;LOS ARBOLES SEL MALBEC 6X750;2860,73;3592;;TRADITIONAL TRADE;Autoservicio Tradicional;14391,54;ACOSTA FACUNDO;182,6;$;2;GRUPO PEÑAFLOR SA;4,5;0;Contado;14/4/2026 17:46;;Los Arboles;Medio Alto;No definido;;;Vinos del Año;Grupo Peñaflor,PEÑAFLOR GRUPO OBJETIVO;;;20032;GRIBAUDO ESTEBAN;AXUM;;;False;153929;0;Lista General;Autoservicio Tradicional - P;12452;13/4/2026;20000;MOLINA JUAN
615;Rivadavia Esq. Independen 0;LAS VARILLAS;13/4/2026;14/4/2026;13/4/2026;FAC-A0006-00061737;Venta;P&P LOGISTICA S.R.L;72859;6;14893,94;18021,67;LI WENFANG  (SUC. PLAZA);;6,00%;8;ALVAREZ VANESA  KAFF;8010;F.LAS MORAS MALBEC 6X750;2482,32;3592;;TRADITIONAL TRADE;Autoservicio Tradicional;11863,44;ACOSTA FACUNDO;158,45;$;2;GRUPO PEÑAFLOR SA;4,5;0;Contado;14/4/2026 17:46;;Finca Las Moras;Medio Alto;No definido;;;Vinos del Año;PEÑAFLOR GRUPO OBJETIVO;;;20032;GRIBAUDO ESTEBAN;AXUM;;;False;153929;0;Lista General;Autoservicio Tradicional - P;12452;13/4/2026;20000;MOLINA JUAN
615;Rivadavia Esq. Independen 0;LAS VARILLAS;13/4/2026;14/4/2026;13/4/2026;FAC-A0006-00061737;Venta;P&P LOGISTICA S.R.L;42107;6;18517,7;22406,42;LI WENFANG  (SUC. PLAZA);;6,00%;8;ALVAREZ VANESA  KAFF;8010;ELEMENTOS CHARDONNAY 6X750;3086,28;3592;;TRADITIONAL TRADE;Autoservicio Tradicional;14778,42;ACOSTA FACUNDO;197;$;2;GRUPO PEÑAFLOR SA;4,5;0;Contado;14/4/2026 17:46;;ELEMENTOS;Alto;No definido;;;Vinos del Año;PEÑAFLOR GRUPO OBJETIVO;;;20032;GRIBAUDO ESTEBAN;AXUM;;;False;153929;0;Lista General;Autoservicio Tradicional - P;12452;13/4/2026;20000;MOLINA JUAN
698;GENERAL ROCA 99;LAS VARILLAS;13/4/2026;14/4/2026;13/4/2026;FAC-A0006-00061746;Venta;P&P LOGISTICA S.R.L;30022;60;394829,33;489588,37;SALAMANCA JACOBO RAMIRO ;;6,00%;8;ALVAREZ VANESA  KAFF;8010;SMIRNOFF RASPBERRY DO 6X700;6580,49;3592;;VINOTECAS;VINOTECAS;321243;ACOSTA FACUNDO;420,03;$;2;GRUPO PEÑAFLOR SA;42;0;Contado;14/4/2026 17:46;;Smirnoff;Standard (S);No definido;;;Vodka;PEÑAFLOR GRUPO OBJETIVO;;;20032;GRIBAUDO ESTEBAN;AXUM;;;False;153971;0;Lista General;VINOTECAS - P;12452;13/4/2026;20000;MOLINA JUAN
698;GENERAL ROCA 99;LAS VARILLAS;13/4/2026;14/4/2026;13/4/2026;FAC-A0006-00061746;Venta;P&P LOGISTICA S.R.L;30019;12;71031,4;88078,94;SALAMANCA JACOBO RAMIRO ;;6,00%;8;ALVAREZ VANESA  KAFF;8010;SMIRNOFF 21 DO 12X700;5919,28;3592;;VINOTECAS;VINOTECAS;57821,88;ACOSTA FACUNDO;377,83;$;2;GRUPO PEÑAFLOR SA;8,4;0;Contado;14/4/2026 17:46;;Smirnoff;Standard (S);No definido;;;Vodka;PEÑAFLOR GRUPO OBJETIVO;;;20032;GRIBAUDO ESTEBAN;AXUM;;;False;153971;0;Lista General;VINOTECAS - P;12452;13/4/2026;20000;MOLINA JUAN
698;GENERAL ROCA 99;LAS VARILLAS;13/4/2026;14/4/2026;13/4/2026;FAC-A0006-00061746;Venta;P&P LOGISTICA S.R.L;30131;18;118448,8;146876,51;SALAMANCA JACOBO RAMIRO ;;6,00%;8;ALVAREZ VANESA  KAFF;8010;SMIRNOFF TROPICAL FRUITS 6X700;6580,49;3592;;VINOTECAS;VINOTECAS;96372,9;ACOSTA FACUNDO;420,03;$;2;GRUPO PEÑAFLOR SA;12,6;0;Contado;14/4/2026 17:46;;Smirnoff;Standard (S);No definido;;;Vodka;PEÑAFLOR GRUPO OBJETIVO;;;20032;GRIBAUDO ESTEBAN;AXUM;;;False;153971;0;Lista General;VINOTECAS - P;12452;13/4/2026;20000;MOLINA JUAN
698;GENERAL ROCA 99;LAS VARILLAS;13/4/2026;14/4/2026;13/4/2026;FAC-A0006-00061746;Venta;P&P LOGISTICA S.R.L;35101;6;39482,93;48958,84;SALAMANCA JACOBO RAMIRO ;;6,00%;8;ALVAREZ VANESA  KAFF;8010;SMIRNOFF BC ORANGE & LIME 6X700;6580,49;3592;;VINOTECAS;VINOTECAS;32140,38;ACOSTA FACUNDO;420,03;$;2;GRUPO PEÑAFLOR SA;4,2;0;Contado;14/4/2026 17:46;;Smirnoff;Standard (S);No definido;;;Vodka;PEÑAFLOR GRUPO OBJETIVO;;;20032;GRIBAUDO ESTEBAN;AXUM;;;False;153971;0;Lista General;VINOTECAS - P;12452;13/4/2026;20000;MOLINA JUAN
698;GENERAL ROCA 99;LAS VARILLAS;13/4/2026;14/4/2026;13/4/2026;FAC-A0006-00061746;Venta;P&P LOGISTICA S.R.L;44288;6;71177,22;88259,75;SALAMANCA JACOBO RAMIRO ;;0,00%;8;ALVAREZ VANESA  KAFF;8010;EL ESTECO MALBEC 6X750;11862,87;3592;;VINOTECAS;VINOTECAS;53396,22;ACOSTA FACUNDO;0;$;2;GRUPO PEÑAFLOR SA;4,5;0;Contado;14/4/2026 17:46;;#¿NOMBRE?;Super premium;No definido;;;Vino de Guarda;PEÑAFLOR GRUPO OBJETIVO;;;20032;GRIBAUDO ESTEBAN;AXUM;;;False;153971;0;Lista General;VINOTECAS - P;12452;13/4/2026;20000;MOLINA JUAN
698;GENERAL ROCA 99;LAS VARILLAS;13/4/2026;14/4/2026;13/4/2026;FAC-A0006-00061746;Venta;P&P LOGISTICA S.R.L;74419;6;30148,23;37383,8;SALAMANCA JACOBO RAMIRO ;;6,00%;8;ALVAREZ VANESA  KAFF;8010;TRAPICHE RESERVA MALBEC 6X750;5024,7;3592;;VINOTECAS;VINOTECAS;24060,42;ACOSTA FACUNDO;320,73;$;2;GRUPO PEÑAFLOR SA;4,5;0;Contado;14/4/2026 17:46;;Trapiche Reserva;Superior;No definido;;;Vinos del Año;PEÑAFLOR GRUPO OBJETIVO;;;20032;GRIBAUDO ESTEBAN;AXUM;;;False;153971;0;Lista General;VINOTECAS - P;12452;13/4/2026;20000;MOLINA JUAN
698;GENERAL ROCA 99;LAS VARILLAS;13/4/2026;14/4/2026;13/4/2026;FAC-A0006-00061746;Venta;P&P LOGISTICA S.R.L;80003;18;39725,62;49259,77;SALAMANCA JACOBO RAMIRO ;;6,00%;8;ALVAREZ VANESA  KAFF;8010;SAN TELMO SEL CHARDONNA  X750;2206,98;3592;;VINOTECAS;VINOTECAS;33308,1;ACOSTA FACUNDO;140,87;$;2;GRUPO PEÑAFLOR SA;13,5;0;Contado;14/4/2026 17:46;;;Medio;No definido;;;Vinos del Año;Grupo Peñaflor,PEÑAFLOR GRUPO OBJETIVO;;;20032;GRIBAUDO ESTEBAN;AXUM;;;False;153971;0;Lista General;VINOTECAS - P;12452;13/4/2026;20000;MOLINA JUAN
698;GENERAL ROCA 99;LAS VARILLAS;13/4/2026;14/4/2026;13/4/2026;FAC-A0006-00061746;Venta;P&P LOGISTICA S.R.L;80036;6;60846,07;75449,12;SALAMANCA JACOBO RAMIRO ;;10,00%;8;ALVAREZ VANESA  KAFF;8010;ALEGORIA CHARDO 6X750;10141,01;3592;;VINOTECAS;VINOTECAS;50717,7;ACOSTA FACUNDO;1126,78;$;2;GRUPO PEÑAFLOR SA;4,5;0;Contado;14/4/2026 17:46;;Don David;Super premium;No definido;;;Vino de Guarda;Grupo Peñaflor,PEÑAFLOR GRUPO OBJETIVO;;;20032;GRIBAUDO ESTEBAN;AXUM;;;False;153971;0;Lista General;VINOTECAS - P;12452;13/4/2026;20000;MOLINA JUAN
698;GENERAL ROCA 99;LAS VARILLAS;13/4/2026;14/4/2026;13/4/2026;FAC-A0006-00061746;Venta;P&P LOGISTICA S.R.L;74402;6;41950,86;52019,07;SALAMANCA JACOBO RAMIRO ;;0,00%;8;ALVAREZ VANESA  KAFF;8010;PAZ DE FLM SAUV BLANC 6X750;6991,81;3592;;VINOTECAS;VINOTECAS;32415,12;ACOSTA FACUNDO;0;$;2;GRUPO PEÑAFLOR SA;4,5;0;Contado;14/4/2026 17:46;;;Premium;No definido;;;Vino de Guarda;PEÑAFLOR GRUPO OBJETIVO;;;20032;GRIBAUDO ESTEBAN;AXUM;;;False;153971;0;Lista General;VINOTECAS - P;12452;13/4/2026;20000;MOLINA JUAN
698;GENERAL ROCA 99;LAS VARILLAS;13/4/2026;14/4/2026;13/4/2026;FAC-A0006-00061746;Venta;P&P LOGISTICA S.R.L;74510;6;14893,94;18468,49;SALAMANCA JACOBO RAMIRO ;;6,00%;8;ALVAREZ VANESA  KAFF;8010;F. LAS MORAS ROSADO 6X750 ;2482,32;3592;;VINOTECAS;VINOTECAS;12487,86;ACOSTA FACUNDO;158,45;$;2;GRUPO PEÑAFLOR SA;4,5;0;Contado;14/4/2026 17:46;;Alaris;Medio Alto;No definido;;;Vinos del Año;PEÑAFLOR GRUPO OBJETIVO;;;20032;GRIBAUDO ESTEBAN;AXUM;;;False;153971;0;Lista General;VINOTECAS - P;12452;13/4/2026;20000;MOLINA JUAN
698;GENERAL ROCA 99;LAS VARILLAS;13/4/2026;14/4/2026;13/4/2026;FAC-A0006-00061746;Venta;P&P LOGISTICA S.R.L;14510;6;17304,42;21457,48;SALAMANCA JACOBO RAMIRO ;;6,00%;8;ALVAREZ VANESA  KAFF;8010;EL BAUTISMO ROSADO 6X750 ;2884,07;3592;;VINOTECAS;VINOTECAS;14508,96;ACOSTA FACUNDO;184,09;$;2;GRUPO PEÑAFLOR SA;4,5;0;Contado;14/4/2026 17:46;;El Bautismo;Medio Alto;No definido;;;Vinos del Año;PEÑAFLOR GRUPO OBJETIVO;;;20032;GRIBAUDO ESTEBAN;AXUM;;;False;153971;0;Lista General;VINOTECAS - P;12452;13/4/2026;20000;MOLINA JUAN
698;GENERAL ROCA 99;LAS VARILLAS;13/4/2026;14/4/2026;13/4/2026;FAC-A0006-00061746;Venta;P&P LOGISTICA S.R.L;54011;6;78304,08;97097,06;SALAMANCA JACOBO RAMIRO ;;0,00%;8;ALVAREZ VANESA  KAFF;8010;GRAN MASCOTA MALBEC 6X750;13050,68;3592;;VINOTECAS;VINOTECAS;58742,7;ACOSTA FACUNDO;0;$;2;GRUPO PEÑAFLOR SA;4,5;0;Contado;14/4/2026 17:46;;;Super premium;No definido;;;Vino de Guarda;PEÑAFLOR GRUPO OBJETIVO;;;20032;GRIBAUDO ESTEBAN;AXUM;;;False;153971;0;Lista General;VINOTECAS - P;12452;13/4/2026;20000;MOLINA JUAN
698;GENERAL ROCA 99;LAS VARILLAS;13/4/2026;14/4/2026;13/4/2026;FAC-A0006-00061746;Venta;P&P LOGISTICA S.R.L;44297;6;39433,81;48897,92;SALAMANCA JACOBO RAMIRO ;;6,00%;8;ALVAREZ VANESA  KAFF;8010;DON DAVID RESERVA CAB.SAUV X750;6572,3;3592;;VINOTECAS;VINOTECAS;32415,12;ACOSTA FACUNDO;419,51;$;2;GRUPO PEÑAFLOR SA;4,5;0;Contado;14/4/2026 17:46;;;Premium;No definido;;;Vino de Guarda;PEÑAFLOR GRUPO OBJETIVO;;;20032;GRIBAUDO ESTEBAN;AXUM;;;False;153971;0;Lista General;VINOTECAS - P;12452;13/4/2026;20000;MOLINA JUAN
698;GENERAL ROCA 99;LAS VARILLAS;13/4/2026;14/4/2026;13/4/2026;FAC-A0006-00061746;Venta;P&P LOGISTICA S.R.L;74170;6;143092,26;177434,4;SALAMANCA JACOBO RAMIRO ;;0,00%;8;ALVAREZ VANESA  KAFF;8010;FLM GRAN SYRAH 6X750;23848,71;3592;;VINOTECAS;VINOTECAS;107345,94;ACOSTA FACUNDO;0;$;2;GRUPO PEÑAFLOR SA;0;0;Contado;14/4/2026 17:46;;;Premium;;;;Vino de Guarda;PEÑAFLOR GRUPO OBJETIVO;;;20032;GRIBAUDO ESTEBAN;AXUM;;;False;153971;0;Lista General;VINOTECAS - P;12452;13/4/2026;20000;MOLINA JUAN
698;GENERAL ROCA 99;LAS VARILLAS;13/4/2026;14/4/2026;13/4/2026;FAC-A0006-00061746;Venta;P&P LOGISTICA S.R.L;30002;2;52572,22;65189,55;SALAMANCA JACOBO RAMIRO ;;0,00%;8;ALVAREZ VANESA  KAFF;8010;JW RED 12X1000 UK;26286,11;3592;;VINOTECAS;VINOTECAS;41434,6;ACOSTA FACUNDO;0;$;2;GRUPO PEÑAFLOR SA;2;0;Contado;14/4/2026 17:46;;JW;Standard (S);No definido;;;Whisky;PEÑAFLOR GRUPO OBJETIVO;;;20032;GRIBAUDO ESTEBAN;AXUM;;;False;153971;0;Lista General;VINOTECAS - P;12452;13/4/2026;20000;MOLINA JUAN
698;GENERAL ROCA 99;LAS VARILLAS;13/4/2026;14/4/2026;13/4/2026;FAC-A0006-00061746;Venta;P&P LOGISTICA S.R.L;30004;1;48718,78;60411,29;SALAMANCA JACOBO RAMIRO ;;0,00%;8;ALVAREZ VANESA  KAFF;8010;JW BLACK LABEL 12x1000;48718,78;3592;;VINOTECAS;VINOTECAS;35553,26;ACOSTA FACUNDO;0;$;2;GRUPO PEÑAFLOR SA;1;0;Contado;14/4/2026 17:46;;JW;Premium (S);No definido;;;Whisky;PEÑAFLOR GRUPO OBJETIVO;;;20032;GRIBAUDO ESTEBAN;AXUM;;;False;153971;0;Lista General;VINOTECAS - P;12452;13/4/2026;20000;MOLINA JUAN
698;GENERAL ROCA 99;LAS VARILLAS;13/4/2026;14/4/2026;13/4/2026;FAC-A0006-00061746;Venta;P&P LOGISTICA S.R.L;30003;1;40947,85;50775,33;SALAMANCA JACOBO RAMIRO ;;0,00%;8;ALVAREZ VANESA  KAFF;8010;JW BLACK LABEL 12x750;40947,85;3592;;VINOTECAS;VINOTECAS;29882,31;ACOSTA FACUNDO;0;$;2;GRUPO PEÑAFLOR SA;0,75;0;Contado;14/4/2026 17:46;;JW;Premium (S);No definido;;;Whisky;PEÑAFLOR GRUPO OBJETIVO;;;20032;GRIBAUDO ESTEBAN;AXUM;;;False;153971;0;Lista General;VINOTECAS - P;12452;13/4/2026;20000;MOLINA JUAN
698;GENERAL ROCA 99;LAS VARILLAS;13/4/2026;14/4/2026;13/4/2026;FAC-A0006-00061746;Venta;P&P LOGISTICA S.R.L;30054;1;160294,75;198765,49;SALAMANCA JACOBO RAMIRO ;;0,00%;8;ALVAREZ VANESA  KAFF;8010;ZACAPA CENT XO 6x750;160294,75;3592;;VINOTECAS;VINOTECAS;126335,71;ACOSTA FACUNDO;0;$;2;GRUPO PEÑAFLOR SA;0,75;0;Contado;14/4/2026 17:46;;JW;Super Premium (S);No definido;;;Ron;PEÑAFLOR GRUPO OBJETIVO;;;20032;GRIBAUDO ESTEBAN;AXUM;;;False;153971;0;Lista General;VINOTECAS - P;12452;13/4/2026;20000;MOLINA JUAN
30064;G.L. CABRERA 246;LAS VARILLAS;13/4/2026;14/4/2026;13/4/2026;FAC-A0006-00061747;Venta;P&P LOGISTICA S.R.L;35093;6;39482,93;47774,35;ANDRADA ROMINA PAOLA ;;6,00%;8;ALVAREZ VANESA  KAFF;8010;SMIRNOFF BC GRAPEF.&LIME 6X700;6580,49;3592;;TRADITIONAL TRADE;Almacen/Despensa;32140,38;ACOSTA FACUNDO;420,03;$;2;GRUPO PEÑAFLOR SA;4,2;0;Contado;14/4/2026 17:46;;Smirnoff;Standard (S);No definido;;;Vodka;PEÑAFLOR GRUPO OBJETIVO;;;20032;GRIBAUDO ESTEBAN;AXUM;;;False;153973;0;Lista General;Almacen/Despensa - P;12452;13/4/2026;20000;MOLINA JUAN
30064;G.L. CABRERA 246;LAS VARILLAS;13/4/2026;14/4/2026;13/4/2026;FAC-A0006-00061747;Venta;P&P LOGISTICA S.R.L;74816;6;15491;18744,1;ANDRADA ROMINA PAOLA ;;15,00%;8;ALVAREZ VANESA  KAFF;8010;CAZADOR BLANCO DULCE 6X750;2581,83;3592;;TRADITIONAL TRADE;Almacen/Despensa;13671,96;ACOSTA FACUNDO;455,62;$;2;GRUPO PEÑAFLOR SA;0;0;Contado;14/4/2026 17:46;;;;;;;;PEÑAFLOR GRUPO OBJETIVO;;;20032;GRIBAUDO ESTEBAN;AXUM;;;False;153973;0;Lista General;Almacen/Despensa - P;12452;13/4/2026;20000;MOLINA JUAN
30069;ALBERDI 278 0;LAS VARILLAS;13/4/2026;14/4/2026;13/4/2026;FAC-A0006-00061751;Venta;P&P LOGISTICA S.R.L;35105;24;46433,52;56184,56;DIAZ LUCIANO;;0,00%;8;ALVAREZ VANESA  KAFF;8010;SMF ICE RED BERRIE LAT 4X6X473;1934,73;3592;;TRADITIONAL TRADE;Autoservicio Tradicional;35530,56;ACOSTA FACUNDO;0;$;2;GRUPO PEÑAFLOR SA;11,352;0;Contado;14/4/2026 17:46;;Smirnoff Ice Flavours;RTD (s);No definido;;;RTD (S);PEÑAFLOR GRUPO OBJETIVO;;;20032;GRIBAUDO ESTEBAN;AXUM;;;False;153990;0;Lista General;Autoservicio Tradicional - P;12452;13/4/2026;20000;MOLINA JUAN
30069;ALBERDI 278 0;LAS VARILLAS;13/4/2026;14/4/2026;13/4/2026;FAC-A0006-00061752;Venta;P&P LOGISTICA S.R.L;35105;36;69650,28;84276,84;DIAZ LUCIANO;;0,00%;8;ALVAREZ VANESA  KAFF;8010;SMF ICE RED BERRIE LAT 4X6X473;1934,73;3592;;TRADITIONAL TRADE;Autoservicio Tradicional;53295,84;ACOSTA FACUNDO;0;$;2;GRUPO PEÑAFLOR SA;17,028;0;Contado;14/4/2026 17:46;;Smirnoff Ice Flavours;RTD (s);No definido;;;RTD (S);PEÑAFLOR GRUPO OBJETIVO;;;20032;GRIBAUDO ESTEBAN;AXUM;;;False;153991;0;Lista General;Autoservicio Tradicional - P;12452;13/4/2026;20000;MOLINA JUAN
30069;ALBERDI 278 0;LAS VARILLAS;13/4/2026;14/4/2026;13/4/2026;FAC-A0006-00061753;Venta;P&P LOGISTICA S.R.L;35105;36;69650,28;84276,84;DIAZ LUCIANO;;0,00%;8;ALVAREZ VANESA  KAFF;8010;SMF ICE RED BERRIE LAT 4X6X473;1934,73;3592;;TRADITIONAL TRADE;Autoservicio Tradicional;53295,84;ACOSTA FACUNDO;0;$;2;GRUPO PEÑAFLOR SA;17,028;0;Contado;14/4/2026 17:46;;Smirnoff Ice Flavours;RTD (s);No definido;;;RTD (S);PEÑAFLOR GRUPO OBJETIVO;;;20032;GRIBAUDO ESTEBAN;AXUM;;;False;153992;0;Lista General;Autoservicio Tradicional - P;12452;13/4/2026;20000;MOLINA JUAN
30069;ALBERDI 278 0;LAS VARILLAS;13/4/2026;14/4/2026;13/4/2026;FAC-A0006-00061754;Venta;P&P LOGISTICA S.R.L;35105;36;69650,28;84276,84;DIAZ LUCIANO;;0,00%;8;ALVAREZ VANESA  KAFF;8010;SMF ICE RED BERRIE LAT 4X6X473;1934,73;3592;;TRADITIONAL TRADE;Autoservicio Tradicional;53295,84;ACOSTA FACUNDO;0;$;2;GRUPO PEÑAFLOR SA;17,028;0;Contado;14/4/2026 17:46;;Smirnoff Ice Flavours;RTD (s);No definido;;;RTD (S);PEÑAFLOR GRUPO OBJETIVO;;;20032;GRIBAUDO ESTEBAN;AXUM;;;False;153993;0;Lista General;Autoservicio Tradicional - P;12452;13/4/2026;20000;MOLINA JUAN
30069;ALBERDI 278 0;LAS VARILLAS;13/4/2026;14/4/2026;13/4/2026;FAC-A0006-00061755;Venta;P&P LOGISTICA S.R.L;35105;36;69650,28;84276,84;DIAZ LUCIANO;;0,00%;8;ALVAREZ VANESA  KAFF;8010;SMF ICE RED BERRIE LAT 4X6X473;1934,73;3592;;TRADITIONAL TRADE;Autoservicio Tradicional;53295,84;ACOSTA FACUNDO;0;$;2;GRUPO PEÑAFLOR SA;17,028;0;Contado;14/4/2026 17:46;;Smirnoff Ice Flavours;RTD (s);No definido;;;RTD (S);PEÑAFLOR GRUPO OBJETIVO;;;20032;GRIBAUDO ESTEBAN;AXUM;;;False;153994;0;Lista General;Autoservicio Tradicional - P;12452;13/4/2026;20000;MOLINA JUAN
30069;ALBERDI 278 0;LAS VARILLAS;13/4/2026;14/4/2026;13/4/2026;FAC-A0006-00061756;Venta;P&P LOGISTICA S.R.L;35105;36;69650,28;84276,84;DIAZ LUCIANO;;0,00%;8;ALVAREZ VANESA  KAFF;8010;SMF ICE RED BERRIE LAT 4X6X473;1934,73;3592;;TRADITIONAL TRADE;Autoservicio Tradicional;53295,84;ACOSTA FACUNDO;0;$;2;GRUPO PEÑAFLOR SA;17,028;0;Contado;14/4/2026 17:46;;Smirnoff Ice Flavours;RTD (s);No definido;;;RTD (S);PEÑAFLOR GRUPO OBJETIVO;;;20032;GRIBAUDO ESTEBAN;AXUM;;;False;153995;0;Lista General;Autoservicio Tradicional - P;12452;13/4/2026;20000;MOLINA JUAN
30069;ALBERDI 278 0;LAS VARILLAS;13/4/2026;14/4/2026;13/4/2026;FAC-A0006-00061757;Venta;P&P LOGISTICA S.R.L;35105;36;69650,28;84276,84;DIAZ LUCIANO;;0,00%;8;ALVAREZ VANESA  KAFF;8010;SMF ICE RED BERRIE LAT 4X6X473;1934,73;3592;;TRADITIONAL TRADE;Autoservicio Tradicional;53295,84;ACOSTA FACUNDO;0;$;2;GRUPO PEÑAFLOR SA;17,028;0;Contado;14/4/2026 17:46;;Smirnoff Ice Flavours;RTD (s);No definido;;;RTD (S);PEÑAFLOR GRUPO OBJETIVO;;;20032;GRIBAUDO ESTEBAN;AXUM;;;False;153996;0;Lista General;Autoservicio Tradicional - P;12452;13/4/2026;20000;MOLINA JUAN
2051;AVENIDA LIBERTADOR 695;LA TORDILLA NORTE;13/4/2026;14/4/2026;10/4/2026;FAC-A0006-00061778;Venta;P&P LOGISTICA S.R.L;35105;12;23216,76;28092,28;INES NAZARENA SACHETTO;;0,00%;10;ORTEGA MILAGROS DESIREE;1052;SMF ICE RED BERRIE LAT 4X6X473;1934,73;3590;;TRADITIONAL TRADE;Kiosco/Maxikiosco;17765,28;DELGADO MAYCO JOAQUIN;0;$;2;GRUPO PEÑAFLOR SA;5,676;0;Contado;14/4/2026 17:26;;Smirnoff Ice Flavours;RTD (s);No definido;;;RTD (S);PEÑAFLOR GRUPO OBJETIVO;;;20032;GRIBAUDO ESTEBAN;AXUM;;;False;153874;0;Lista General;Kiosco/Maxikiosco - A;12441;13/4/2026;2;LESCANO FRANCO DARIO
302;VICENTA RIOS DE VOCOS 1429;Arroyito;13/4/2026;14/4/2026;13/4/2026;FAC-A0006-00061784;Venta;P&P LOGISTICA S.R.L;30022;36;236897,6;286646,09;GUZMAN ROCIO DEL MILAGRO;;6,00%;10;ORTEGA MILAGROS DESIREE;1010;SMIRNOFF RASPBERRY DO 6X700;6580,49;3590;;TRADITIONAL TRADE;Almacen/Despensa;192745,8;DELGADO MAYCO JOAQUIN;420,03;$;2;GRUPO PEÑAFLOR SA;25,2;0;Contado;14/4/2026 17:26;;Smirnoff;Standard (S);No definido;;;Vodka;PEÑAFLOR GRUPO OBJETIVO;;;20032;GRIBAUDO ESTEBAN;AXUM;;;False;153912;0;Lista General;Almacen/Despensa - B;12450;13/4/2026;2;LESCANO FRANCO DARIO
302;VICENTA RIOS DE VOCOS 1429;Arroyito;13/4/2026;14/4/2026;13/4/2026;FAC-A0006-00061784;Venta;P&P LOGISTICA S.R.L;30131;24;157931,73;191097,39;GUZMAN ROCIO DEL MILAGRO;;6,00%;10;ORTEGA MILAGROS DESIREE;1010;SMIRNOFF TROPICAL FRUITS 6X700;6580,49;3590;;TRADITIONAL TRADE;Almacen/Despensa;128497,2;DELGADO MAYCO JOAQUIN;420,03;$;2;GRUPO PEÑAFLOR SA;16,8;0;Contado;14/4/2026 17:26;;Smirnoff;Standard (S);No definido;;;Vodka;PEÑAFLOR GRUPO OBJETIVO;;;20032;GRIBAUDO ESTEBAN;AXUM;;;False;153912;0;Lista General;Almacen/Despensa - B;12450;13/4/2026;2;LESCANO FRANCO DARIO
302;VICENTA RIOS DE VOCOS 1429;Arroyito;13/4/2026;14/4/2026;13/4/2026;FAC-A0006-00061784;Venta;P&P LOGISTICA S.R.L;30020;36;236897,6;286646,09;GUZMAN ROCIO DEL MILAGRO;;6,00%;10;ORTEGA MILAGROS DESIREE;1010;SMIRNOFF GREEN APPLE DO 6X700;6580,49;3590;;TRADITIONAL TRADE;Almacen/Despensa;192745,8;DELGADO MAYCO JOAQUIN;420,03;$;2;GRUPO PEÑAFLOR SA;25,2;0;Contado;14/4/2026 17:26;;Smirnoff;Standard (S);No definido;;;Vodka;PEÑAFLOR GRUPO OBJETIVO;;;20032;GRIBAUDO ESTEBAN;AXUM;;;False;153912;0;Lista General;Almacen/Despensa - B;12450;13/4/2026;2;LESCANO FRANCO DARIO
302;VICENTA RIOS DE VOCOS 1429;Arroyito;13/4/2026;14/4/2026;13/4/2026;FAC-A0006-00061784;Venta;P&P LOGISTICA S.R.L;30134;6;60640,43;73374,93;GUZMAN ROCIO DEL MILAGRO;;6,00%;10;ORTEGA MILAGROS DESIREE;1010;GORDON´S PINK GIN 6X700;10106,74;3590;;TRADITIONAL TRADE;Almacen/Despensa;49363,26;DELGADO MAYCO JOAQUIN;645,11;$;2;GRUPO PEÑAFLOR SA;0;0;Contado;14/4/2026 17:26;;#¿NOMBRE?;Standard (S);No definido;;-No Definido-;Gin;PEÑAFLOR GRUPO OBJETIVO;;;20032;GRIBAUDO ESTEBAN;AXUM;;;False;153912;0;Lista General;Almacen/Despensa - B;12450;13/4/2026;2;LESCANO FRANCO DARIO
302;VICENTA RIOS DE VOCOS 1429;Arroyito;13/4/2026;14/4/2026;13/4/2026;FAC-A0006-00061784;Venta;P&P LOGISTICA S.R.L;30075;3;27683,69;33497,26;GUZMAN ROCIO DEL MILAGRO;;6,00%;10;ORTEGA MILAGROS DESIREE;1010;GORDON´S GIN 6x700;9227,9;3590;;TRADITIONAL TRADE;Almacen/Despensa;22535,4;DELGADO MAYCO JOAQUIN;589,01;$;2;GRUPO PEÑAFLOR SA;2,1;0;Contado;14/4/2026 17:26;;Gordon´s;Standard (S);No definido;;;Gin;PEÑAFLOR GRUPO OBJETIVO;;;20032;GRIBAUDO ESTEBAN;AXUM;;;False;153912;0;Lista General;Almacen/Despensa - B;12450;13/4/2026;2;LESCANO FRANCO DARIO
302;VICENTA RIOS DE VOCOS 1429;Arroyito;13/4/2026;14/4/2026;13/4/2026;FAC-A0006-00061784;Venta;P&P LOGISTICA S.R.L;30139;3;30320,22;36687,46;GUZMAN ROCIO DEL MILAGRO;;6,00%;10;ORTEGA MILAGROS DESIREE;1010;GORDONS  TROPICAL FRUITS 6X700;10106,74;3590;;TRADITIONAL TRADE;Almacen/Despensa;24681,63;DELGADO MAYCO JOAQUIN;645,11;$;2;GRUPO PEÑAFLOR SA;0;0;Contado;14/4/2026 17:26;;;;;;;;PEÑAFLOR GRUPO OBJETIVO;;;20032;GRIBAUDO ESTEBAN;AXUM;;;False;153912;0;Lista General;Almacen/Despensa - B;12450;13/4/2026;2;LESCANO FRANCO DARIO
302;VICENTA RIOS DE VOCOS 1429;Arroyito;13/4/2026;14/4/2026;13/4/2026;FAC-A0006-00061784;Venta;P&P LOGISTICA S.R.L;14619;6;11481,23;13892,28;GUZMAN ROCIO DEL MILAGRO;;5,00%;10;ORTEGA MILAGROS DESIREE;1010;FRIZZE BUBBLE MOOD 6X1000;1913,54;3590;;TRADITIONAL TRADE;Almacen/Despensa;9066,42;DELGADO MAYCO JOAQUIN;100,71;$;2;GRUPO PEÑAFLOR SA;0;0;Contado;14/4/2026 17:26;;;;;;;;PEÑAFLOR GRUPO OBJETIVO;;;20032;GRIBAUDO ESTEBAN;AXUM;;;False;153912;0;Lista General;Almacen/Despensa - B;12450;13/4/2026;2;LESCANO FRANCO DARIO
800;DOMINGO CIANCIA 846;ARROYITO;13/4/2026;14/4/2026;13/4/2026;FAC-A0006-00061789;Venta;P&P LOGISTICA S.R.L;72859;3;7130,08;8627,4;BRUNE VANESA DEL LUJAN;;10,00%;10;ORTEGA MILAGROS DESIREE;1010;F.LAS MORAS MALBEC 6X750;2376,69;3590;;TRADITIONAL TRADE;Almacen/Despensa;5931,72;DELGADO MAYCO JOAQUIN;264,08;$;2;GRUPO PEÑAFLOR SA;2,25;0;Contado;14/4/2026 17:26;;Finca Las Moras;Medio Alto;No definido;;;Vinos del Año;PEÑAFLOR GRUPO OBJETIVO;;;20032;GRIBAUDO ESTEBAN;AXUM;;;False;153985;0;Lista General;Almacen/Despensa - A;12450;13/4/2026;2;LESCANO FRANCO DARIO
800;DOMINGO CIANCIA 846;ARROYITO;13/4/2026;14/4/2026;13/4/2026;FAC-A0006-00061789;Venta;P&P LOGISTICA S.R.L;80004;3;6620,94;8011,33;BRUNE VANESA DEL LUJAN;;6,00%;10;ORTEGA MILAGROS DESIREE;1010;SAN TELMO MALBEC X750;2206,98;3590;;TRADITIONAL TRADE;Almacen/Despensa;5551,35;DELGADO MAYCO JOAQUIN;140,87;$;2;GRUPO PEÑAFLOR SA;2,25;0;Contado;14/4/2026 17:26;;;Medio;No definido;;;Vinos del Año;Grupo Peñaflor,PEÑAFLOR GRUPO OBJETIVO;;;20032;GRIBAUDO ESTEBAN;AXUM;;;False;153985;0;Lista General;Almacen/Despensa - A;12450;13/4/2026;2;LESCANO FRANCO DARIO
800;DOMINGO CIANCIA 846;ARROYITO;13/4/2026;14/4/2026;13/4/2026;FAC-A0006-00061789;Venta;P&P LOGISTICA S.R.L;74210;3;10189,4;12329,17;BRUNE VANESA DEL LUJAN;;10,00%;10;ORTEGA MILAGROS DESIREE;1010;ALMA MORA MALBEC 6X750;3396,47;3590;;TRADITIONAL TRADE;Almacen/Despensa;8489,04;DELGADO MAYCO JOAQUIN;377,39;$;2;GRUPO PEÑAFLOR SA;2,25;0;Contado;14/4/2026 17:26;;Alma Mora;Alto;No definido;;;Vinos del Año;PEÑAFLOR GRUPO OBJETIVO;;;20032;GRIBAUDO ESTEBAN;AXUM;;;False;153985;0;Lista General;Almacen/Despensa - A;12450;13/4/2026;2;LESCANO FRANCO DARIO
800;DOMINGO CIANCIA 846;ARROYITO;13/4/2026;14/4/2026;13/4/2026;FAC-A0006-00061789;Venta;P&P LOGISTICA S.R.L;42102;3;8864,86;10726,48;BRUNE VANESA DEL LUJAN;;10,00%;10;ORTEGA MILAGROS DESIREE;1010;ELEMENTOS MALBEC 6X750 ;2954,95;3590;;TRADITIONAL TRADE;Almacen/Despensa;7019,76;DELGADO MAYCO JOAQUIN;328,33;$;2;GRUPO PEÑAFLOR SA;2,25;0;Contado;14/4/2026 17:26;;ELEMENTOS;Alto;No definido;;;Vinos del Año;PEÑAFLOR GRUPO OBJETIVO;;;20032;GRIBAUDO ESTEBAN;AXUM;;;False;153985;0;Lista General;Almacen/Despensa - A;12450;13/4/2026;2;LESCANO FRANCO DARIO
455;BV. ROCA 3154;SAN FRANCISCO;13/4/2026;14/4/2026;10/4/2026;FAC-A0006-00061791;Venta;P&P LOGISTICA S.R.L;72859;6;14260,16;17254,79;GIACCONE RENZO NICOLAS ;;10,00%;8;ALVAREZ VANESA  KAFF;8050;F.LAS MORAS MALBEC 6X750;2376,69;3591;;TRADITIONAL TRADE;Almacen/Despensa;11863,44;BLAS ALMADA;264,08;$;2;GRUPO PEÑAFLOR SA;4,5;0;Contado;14/4/2026 17:34;;Finca Las Moras;Medio Alto;No definido;;;Vinos del Año;PEÑAFLOR GRUPO OBJETIVO;;;20032;GRIBAUDO ESTEBAN;AXUM;;;False;153783;0;Lista General;Almacen/Despensa - A;12435;13/4/2026;20000;MOLINA JUAN
455;BV. ROCA 3154;SAN FRANCISCO;13/4/2026;14/4/2026;10/4/2026;FAC-A0006-00061791;Venta;P&P LOGISTICA S.R.L;80010;3;8582,19;10384,45;GIACCONE RENZO NICOLAS ;;6,00%;8;ALVAREZ VANESA  KAFF;8050;LOS ARBOLES SEL MALBEC 6X750;2860,73;3591;;TRADITIONAL TRADE;Almacen/Despensa;7195,77;BLAS ALMADA;182,6;$;2;GRUPO PEÑAFLOR SA;2,25;0;Contado;14/4/2026 17:34;;Los Arboles;Medio Alto;No definido;;;Vinos del Año;Grupo Peñaflor,PEÑAFLOR GRUPO OBJETIVO;;;20032;GRIBAUDO ESTEBAN;AXUM;;;False;153783;0;Lista General;Almacen/Despensa - A;12435;13/4/2026;20000;MOLINA JUAN
455;BV. ROCA 3154;SAN FRANCISCO;13/4/2026;14/4/2026;10/4/2026;FAC-A0006-00061791;Venta;P&P LOGISTICA S.R.L;74210;6;21284,51;25754,26;GIACCONE RENZO NICOLAS ;;6,00%;8;ALVAREZ VANESA  KAFF;8050;ALMA MORA MALBEC 6X750;3547,42;3591;;TRADITIONAL TRADE;Almacen/Despensa;16978,08;BLAS ALMADA;226,43;$;2;GRUPO PEÑAFLOR SA;4,5;0;Contado;14/4/2026 17:34;;Alma Mora;Alto;No definido;;;Vinos del Año;PEÑAFLOR GRUPO OBJETIVO;;;20032;GRIBAUDO ESTEBAN;AXUM;;;False;153783;0;Lista General;Almacen/Despensa - A;12435;13/4/2026;20000;MOLINA JUAN
455;BV. ROCA 3154;SAN FRANCISCO;13/4/2026;14/4/2026;10/4/2026;FAC-A0006-00061791;Venta;P&P LOGISTICA S.R.L;42102;3;9258,85;11203,21;GIACCONE RENZO NICOLAS ;;6,00%;8;ALVAREZ VANESA  KAFF;8050;ELEMENTOS MALBEC 6X750 ;3086,28;3591;;TRADITIONAL TRADE;Almacen/Despensa;7019,76;BLAS ALMADA;197;$;2;GRUPO PEÑAFLOR SA;2,25;0;Contado;14/4/2026 17:34;;ELEMENTOS;Alto;No definido;;;Vinos del Año;PEÑAFLOR GRUPO OBJETIVO;;;20032;GRIBAUDO ESTEBAN;AXUM;;;False;153783;0;Lista General;Almacen/Despensa - A;12435;13/4/2026;20000;MOLINA JUAN
455;BV. ROCA 3154;SAN FRANCISCO;13/4/2026;14/4/2026;10/4/2026;FAC-A0006-00061791;Venta;P&P LOGISTICA S.R.L;35105;6;11608,38;14046,14;GIACCONE RENZO NICOLAS ;;0,00%;8;ALVAREZ VANESA  KAFF;8050;SMF ICE RED BERRIE LAT 4X6X473;1934,73;3591;;TRADITIONAL TRADE;Almacen/Despensa;8882,64;BLAS ALMADA;0;$;2;GRUPO PEÑAFLOR SA;2,838;0;Contado;14/4/2026 17:34;;Smirnoff Ice Flavours;RTD (s);No definido;;;RTD (S);PEÑAFLOR GRUPO OBJETIVO;;;20032;GRIBAUDO ESTEBAN;AXUM;;;False;153783;0;Lista General;Almacen/Despensa - A;12435;13/4/2026;20000;MOLINA JUAN
455;BV. ROCA 3154;SAN FRANCISCO;13/4/2026;14/4/2026;10/4/2026;FAC-A0006-00061791;Venta;P&P LOGISTICA S.R.L;74509;6;14893,94;18021,67;GIACCONE RENZO NICOLAS ;;6,00%;8;ALVAREZ VANESA  KAFF;8050;F. LAS MORAS BCO DULCE 6X750 ;2482,32;3591;;TRADITIONAL TRADE;Almacen/Despensa;11863,44;BLAS ALMADA;158,45;$;2;GRUPO PEÑAFLOR SA;4,5;0;Contado;14/4/2026 17:34;;Alaris;Medio Alto;No definido;;;Vinos del Año;PEÑAFLOR GRUPO OBJETIVO;;;20032;GRIBAUDO ESTEBAN;AXUM;;;False;153783;0;Lista General;Almacen/Despensa - A;12435;13/4/2026;20000;MOLINA JUAN
30025;AV. LIBERTADOR SUR 1274;SAN FRANCISCO;13/4/2026;14/4/2026;10/4/2026;FAC-A0006-00061792;Venta;P&P LOGISTICA S.R.L;74786;6;15647,62;18933,62;DAVID ALEJANDRO CREMASCO;;15,00%;8;ALVAREZ VANESA  KAFF;8050;EL BAUTISMO CABERNET 6X750;2607,94;3591;;TRADITIONAL TRADE;Autoservicio Tradicional;14508,96;BLAS ALMADA;460,22;$;2;GRUPO PEÑAFLOR SA;4,5;0;Contado;14/4/2026 17:34;;;Vinos Del Año;;;;Vinos del Año;PEÑAFLOR GRUPO OBJETIVO;;;20032;GRIBAUDO ESTEBAN;AXUM;;;False;153784;0;Lista General;Autoservicio Tradicional - P;12435;13/4/2026;20000;MOLINA JUAN
30025;AV. LIBERTADOR SUR 1274;SAN FRANCISCO;13/4/2026;14/4/2026;10/4/2026;FAC-A0006-00061792;Venta;P&P LOGISTICA S.R.L;74816;6;15491;18744,1;DAVID ALEJANDRO CREMASCO;;15,00%;8;ALVAREZ VANESA  KAFF;8050;CAZADOR BLANCO DULCE 6X750;2581,83;3591;;TRADITIONAL TRADE;Autoservicio Tradicional;13671,96;BLAS ALMADA;455,62;$;2;GRUPO PEÑAFLOR SA;0;0;Contado;14/4/2026 17:34;;;;;;;;PEÑAFLOR GRUPO OBJETIVO;;;20032;GRIBAUDO ESTEBAN;AXUM;;;False;153784;0;Lista General;Autoservicio Tradicional - P;12435;13/4/2026;20000;MOLINA JUAN
20026;PERDON BERTONE 381;La Francia;13/4/2026;13/4/2026;13/4/2026;FAC-B0006-00013130;Venta;P&P LOGISTICA S.R.L;30134;1;10751,85;13009,74;VILLAFAÑE MARIANO;;0,00%;20;DEPOSITO;99;GORDON´S PINK GIN 6X700;10751,85;;;Empleados;Empleados;8227,21;;0;$;2;GRUPO PEÑAFLOR SA;0;0;Contado;13/4/2026 08:05;;#¿NOMBRE?;Standard (S);No definido;;-No Definido-;Gin;PEÑAFLOR GRUPO OBJETIVO;;;;;Gescom;;;True;153804;0;Lista General;Empleados - C;;1/1/2000;;
1006;CORDOBA 35;LAS VARILLAS;13/4/2026;14/4/2026;13/4/2026;FAC-B0006-00013132;Venta;P&P LOGISTICA S.R.L;35109;6;11457,43;13863,5;LIN HAIJUN;;6,00%;8;ALVAREZ VANESA  KAFF;8010;SMF  BC GRAPEF&LIME  LATA 4X6X473;1909,57;3592;;TRADITIONAL TRADE;Autoservicio Tradicional;9326,7;ACOSTA FACUNDO;121,89;$;2;GRUPO PEÑAFLOR SA;0;0;Contado;14/4/2026 17:46;;Smirnoff Ice Flavours;RTD (s);;;;RTD (S);PEÑAFLOR GRUPO OBJETIVO;;;20032;GRIBAUDO ESTEBAN;AXUM;;;False;153869;0;Lista General;Autoservicio Tradicional - P;12442;13/4/2026;2;LESCANO FRANCO DARIO
1006;CORDOBA 35;LAS VARILLAS;13/4/2026;14/4/2026;13/4/2026;FAC-B0006-00013132;Venta;P&P LOGISTICA S.R.L;35108;6;11457,43;13863,5;LIN HAIJUN;;6,00%;8;ALVAREZ VANESA  KAFF;8010;SMF BC RUBYORANGE&LIME LATA 4X6X473;1909,57;3592;;TRADITIONAL TRADE;Autoservicio Tradicional;9326,7;ACOSTA FACUNDO;121,89;$;2;GRUPO PEÑAFLOR SA;0;0;Contado;14/4/2026 17:46;;Smirnoff Ice Flavours;RTD (S);;;;RTD (S);PEÑAFLOR GRUPO OBJETIVO;;;20032;GRIBAUDO ESTEBAN;AXUM;;;False;153869;0;Lista General;Autoservicio Tradicional - P;12442;13/4/2026;2;LESCANO FRANCO DARIO
1006;CORDOBA 35;LAS VARILLAS;13/4/2026;14/4/2026;13/4/2026;FAC-B0006-00013132;Venta;P&P LOGISTICA S.R.L;30329;6;11992,11;14510,45;LIN HAIJUN;;6,00%;8;ALVAREZ VANESA  KAFF;8010;ANTARES LATA KOLSCH 6 X 473ML;1998,68;3592;;TRADITIONAL TRADE;Autoservicio Tradicional;12000;ACOSTA FACUNDO;127,58;$;2;GRUPO PEÑAFLOR SA;2,838;0;Contado;14/4/2026 17:46;;;CERVEZA ARTESANAL;No definido;;-No Definido-;CERVEZA ARTESANAL;PEÑAFLOR GRUPO OBJETIVO;;;20032;GRIBAUDO ESTEBAN;AXUM;;;False;153869;0;Lista General;Autoservicio Tradicional - P;12442;13/4/2026;2;LESCANO FRANCO DARIO
660;QUINQUELA MARTIN 0;SAN FRANCISCO;13/4/2026;14/4/2026;10/4/2026;FAC-B0006-00013140;Venta;P&P LOGISTICA S.R.L;41682;3;13626,87;16488,52;BUSTOS LUCIO SEBASTION;;10,00%;8;ALVAREZ VANESA  KAFF;8050;DON DAVID MALBEC 6X750;4542,29;3591;;TRADITIONAL TRADE;Almacen/Despensa;11358,57;BLAS ALMADA;504,7;$;2;GRUPO PEÑAFLOR SA;2,25;0;Contado;14/4/2026 17:34;;Don David;Superior;No definido;;;Vinos del Año;PEÑAFLOR GRUPO OBJETIVO;;;20032;GRIBAUDO ESTEBAN;AXUM;;;False;153782;0;Lista General;Almacen/Despensa - B;12435;13/4/2026;20000;MOLINA JUAN
660;QUINQUELA MARTIN 0;SAN FRANCISCO;13/4/2026;14/4/2026;10/4/2026;FAC-B0006-00013140;Venta;P&P LOGISTICA S.R.L;72859;3;7130,08;8627,4;BUSTOS LUCIO SEBASTION;;10,00%;8;ALVAREZ VANESA  KAFF;8050;F.LAS MORAS MALBEC 6X750;2376,69;3591;;TRADITIONAL TRADE;Almacen/Despensa;5931,72;BLAS ALMADA;264,08;$;2;GRUPO PEÑAFLOR SA;2,25;0;Contado;14/4/2026 17:34;;Finca Las Moras;Medio Alto;No definido;;;Vinos del Año;PEÑAFLOR GRUPO OBJETIVO;;;20032;GRIBAUDO ESTEBAN;AXUM;;;False;153782;0;Lista General;Almacen/Despensa - B;12435;13/4/2026;20000;MOLINA JUAN
660;QUINQUELA MARTIN 0;SAN FRANCISCO;13/4/2026;14/4/2026;10/4/2026;FAC-B0006-00013140;Venta;P&P LOGISTICA S.R.L;74210;3;10189,4;12329,17;BUSTOS LUCIO SEBASTION;;10,00%;8;ALVAREZ VANESA  KAFF;8050;ALMA MORA MALBEC 6X750;3396,47;3591;;TRADITIONAL TRADE;Almacen/Despensa;8489,04;BLAS ALMADA;377,39;$;2;GRUPO PEÑAFLOR SA;2,25;0;Contado;14/4/2026 17:34;;Alma Mora;Alto;No definido;;;Vinos del Año;PEÑAFLOR GRUPO OBJETIVO;;;20032;GRIBAUDO ESTEBAN;AXUM;;;False;153782;0;Lista General;Almacen/Despensa - B;12435;13/4/2026;20000;MOLINA JUAN
660;QUINQUELA MARTIN 0;SAN FRANCISCO;13/4/2026;14/4/2026;10/4/2026;FAC-B0006-00013140;Venta;P&P LOGISTICA S.R.L;71704;3;7378,37;8927,83;BUSTOS LUCIO SEBASTION;;10,00%;8;ALVAREZ VANESA  KAFF;8050;TRAPICHE ALARIS MALBEC 6X750;2459,46;3591;;TRADITIONAL TRADE;Almacen/Despensa;6461,37;BLAS ALMADA;273,27;$;2;GRUPO PEÑAFLOR SA;2,25;0;Contado;14/4/2026 17:34;;Alaris;Medio Alto;No definido;;;Vinos del Año;PEÑAFLOR GRUPO OBJETIVO;;;20032;GRIBAUDO ESTEBAN;AXUM;;;False;153782;0;Lista General;Almacen/Despensa - B;12435;13/4/2026;20000;MOLINA JUAN
1357;CABRERA 3936;San Francisco;13/4/2026;14/4/2026;10/4/2026;FAC-B0006-00013141;Venta;P&P LOGISTICA S.R.L;74814;6;15491;18744,1;PAULETTI ANDREA DEL VALLE;;15,00%;8;ALVAREZ VANESA  KAFF;8050;CAZADOR MALBEC 6X750;2581,83;3591;;TRADITIONAL TRADE;Kiosco/Maxikiosco;13671,96;BLAS ALMADA;455,62;$;2;GRUPO PEÑAFLOR SA;0;0;Contado;14/4/2026 17:34;;;;;;;;PEÑAFLOR GRUPO OBJETIVO;;;20032;GRIBAUDO ESTEBAN;AXUM;;;False;153785;0;Lista General;Kiosco/Maxikiosco - C;12435;13/4/2026;20000;MOLINA JUAN
1357;CABRERA 3936;San Francisco;13/4/2026;14/4/2026;10/4/2026;FAC-B0006-00013141;Venta;P&P LOGISTICA S.R.L;74786;3;7823,81;9466,81;PAULETTI ANDREA DEL VALLE;;15,00%;8;ALVAREZ VANESA  KAFF;8050;EL BAUTISMO CABERNET 6X750;2607,94;3591;;TRADITIONAL TRADE;Kiosco/Maxikiosco;7254,48;BLAS ALMADA;460,22;$;2;GRUPO PEÑAFLOR SA;2,25;0;Contado;14/4/2026 17:34;;;Vinos Del Año;;;;Vinos del Año;PEÑAFLOR GRUPO OBJETIVO;;;20032;GRIBAUDO ESTEBAN;AXUM;;;False;153785;0;Lista General;Kiosco/Maxikiosco - C;12435;13/4/2026;20000;MOLINA JUAN
1357;CABRERA 3936;San Francisco;13/4/2026;14/4/2026;10/4/2026;FAC-B0006-00013141;Venta;P&P LOGISTICA S.R.L;74816;3;7745,5;9372,05;PAULETTI ANDREA DEL VALLE;;15,00%;8;ALVAREZ VANESA  KAFF;8050;CAZADOR BLANCO DULCE 6X750;2581,83;3591;;TRADITIONAL TRADE;Kiosco/Maxikiosco;6835,98;BLAS ALMADA;455,62;$;2;GRUPO PEÑAFLOR SA;0;0;Contado;14/4/2026 17:34;;;;;;;;PEÑAFLOR GRUPO OBJETIVO;;;20032;GRIBAUDO ESTEBAN;AXUM;;;False;153785;0;Lista General;Kiosco/Maxikiosco - C;12435;13/4/2026;20000;MOLINA JUAN
1357;CABRERA 3936;San Francisco;13/4/2026;14/4/2026;10/4/2026;FAC-B0006-00013141;Venta;P&P LOGISTICA S.R.L;80010;3;8216,99;9942,56;PAULETTI ANDREA DEL VALLE;;10,00%;8;ALVAREZ VANESA  KAFF;8050;LOS ARBOLES SEL MALBEC 6X750;2739;3591;;TRADITIONAL TRADE;Kiosco/Maxikiosco;7195,77;BLAS ALMADA;304,33;$;2;GRUPO PEÑAFLOR SA;2,25;0;Contado;14/4/2026 17:34;;Los Arboles;Medio Alto;No definido;;;Vinos del Año;Grupo Peñaflor,PEÑAFLOR GRUPO OBJETIVO;;;20032;GRIBAUDO ESTEBAN;AXUM;;;False;153785;0;Lista General;Kiosco/Maxikiosco - C;12435;13/4/2026;20000;MOLINA JUAN
1357;CABRERA 3936;San Francisco;13/4/2026;14/4/2026;10/4/2026;FAC-B0006-00013141;Venta;P&P LOGISTICA S.R.L;41682;3;13626,87;16488,52;PAULETTI ANDREA DEL VALLE;;10,00%;8;ALVAREZ VANESA  KAFF;8050;DON DAVID MALBEC 6X750;4542,29;3591;;TRADITIONAL TRADE;Kiosco/Maxikiosco;11358,57;BLAS ALMADA;504,7;$;2;GRUPO PEÑAFLOR SA;2,25;0;Contado;14/4/2026 17:34;;Don David;Superior;No definido;;;Vinos del Año;PEÑAFLOR GRUPO OBJETIVO;;;20032;GRIBAUDO ESTEBAN;AXUM;;;False;153785;0;Lista General;Kiosco/Maxikiosco - C;12435;13/4/2026;20000;MOLINA JUAN
297;BV SARMIENTO 1178;LA PARA;13/4/2026;10/4/2026;13/4/2026;NCR-A0006-00008626;Devolución por Rechazo;P&P LOGISTICA S.R.L;14507;-3;-8468,12;-10246,43;LUDUEÑA SOFIA DEL CARMEN ;NO PEDIDO;8,00%;6;PEYRONEL ANDREA;6030;EL BAUTISMO MALBEC 6X750 ;2822,71;3570;;TRADITIONAL TRADE;Almacen/Despensa;-7254,48;DELGADO MAYCO JOAQUIN;245,45;$;2;GRUPO PEÑAFLOR SA;-2,25;0;Contado;13/4/2026 08:57;;El Bautismo;Medio Alto;No definido;;;Vinos del Año;PEÑAFLOR GRUPO OBJETIVO;;;20032;GRIBAUDO ESTEBAN;Gescom;FAC-A0006-00061460;;True;153816;0;Lista General;Almacen/Despensa - B;;1/1/2000;;
297;BV SARMIENTO 1178;LA PARA;13/4/2026;10/4/2026;13/4/2026;NCR-A0006-00008626;Devolución por Rechazo;P&P LOGISTICA S.R.L;14508;-3;-8468,12;-10246,43;LUDUEÑA SOFIA DEL CARMEN ;NO PEDIDO;8,00%;6;PEYRONEL ANDREA;6030;EL BAUTISMO BLEND TINTAS 6X750 ;2822,71;3570;;TRADITIONAL TRADE;Almacen/Despensa;-7254,48;DELGADO MAYCO JOAQUIN;245,45;$;2;GRUPO PEÑAFLOR SA;-2,25;0;Contado;13/4/2026 08:57;;El Bautismo;Medio Alto;No definido;;;Vinos del Año;PEÑAFLOR GRUPO OBJETIVO;;;20032;GRIBAUDO ESTEBAN;Gescom;FAC-A0006-00061460;;True;153816;0;Lista General;Almacen/Despensa - B;;1/1/2000;;
383;MAR CHIQUITA esq COLON 0;Balnearia;13/4/2026;10/4/2026;13/4/2026;NCR-B0006-00001591;Devolución por Rechazo;P&P LOGISTICA S.R.L;35105;-6;-11608,38;-14046,14;BEARZI EVELINA ROXANA;SIN DINERO;0,00%;6;PEYRONEL ANDREA;6031;SMF ICE RED BERRIE LAT 4X6X473;1934,73;3574;;TRADITIONAL TRADE;Kiosco/Maxikiosco;-8882,64;ACOSTA FACUNDO;0;$;2;GRUPO PEÑAFLOR SA;-2,838;0;Contado;13/4/2026 09:06;;Smirnoff Ice Flavours;RTD (s);No definido;;;RTD (S);PEÑAFLOR GRUPO OBJETIVO;;;20032;GRIBAUDO ESTEBAN;Gescom;FAC-B0006-00013101;;True;153824;0;Lista General;Kiosco/Maxikiosco - B;;1/1/2000;;
15;SANTIAGO PUZZI 4654;SAN FRANCISCO;13/4/2026;13/4/2026;13/4/2026;FAC-A0001-00042250;Venta;Empresa;30012;96;1868578,8;2260980,35;BELTRAMO, DUTTO Y DUTTO S.R.L.;;15,00%;20;DEPOSITO;5050;BAILEYS NUEVA BOTELLA 12x750;19464,36;;;TRADITIONAL TRADE;Autoservicio Tradicional;1575095,04;;3434,89;$;2;GRUPO PEÑAFLOR SA;72;0;Contado;13/4/2026 08:03;;Baileys;Premium (S);No definido;;;Licores;PEÑAFLOR GRUPO OBJETIVO;;;;;Gescom;;;True;153803;0;Lista General;Autoservicio Tradicional - C;;1/1/2000;;
15;SANTIAGO PUZZI 4654;SAN FRANCISCO;13/4/2026;13/4/2026;13/4/2026;FAC-A0001-00042250;Venta;Empresa;30134;60;548344,35;663496,66;BELTRAMO, DUTTO Y DUTTO S.R.L.;;15,00%;20;DEPOSITO;5050;GORDON´S PINK GIN 6X700;9139,07;;;TRADITIONAL TRADE;Autoservicio Tradicional;493632,6;;1612,78;$;2;GRUPO PEÑAFLOR SA;0;0;Contado;13/4/2026 08:03;;#¿NOMBRE?;Standard (S);No definido;;-No Definido-;Gin;PEÑAFLOR GRUPO OBJETIVO;;;;;Gescom;;;True;153803;0;Lista General;Autoservicio Tradicional - C;;1/1/2000;;
15;SANTIAGO PUZZI 4654;SAN FRANCISCO;13/4/2026;13/4/2026;13/4/2026;FAC-A0001-00042250;Venta;Empresa;74397;60;192472,98;232892,31;BELTRAMO, DUTTO Y DUTTO S.R.L.;;15,00%;20;DEPOSITO;5050;ALMA MORA BLEND DULCE 6X 750;3207,88;;;TRADITIONAL TRADE;Autoservicio Tradicional;161377,8;;566,1;$;2;GRUPO PEÑAFLOR SA;45;0;Contado;13/4/2026 08:03;;;Alto;No definido;;;Vinos del Año;PEÑAFLOR GRUPO OBJETIVO;;;;;Gescom;;;True;153803;0;Lista General;Autoservicio Tradicional - C;;1/1/2000;;
15;SANTIAGO PUZZI 4654;SAN FRANCISCO;13/4/2026;13/4/2026;13/4/2026;FAC-A0001-00042250;Venta;Empresa;74208;60;192472,98;232892,31;BELTRAMO, DUTTO Y DUTTO S.R.L.;;15,00%;20;DEPOSITO;5050;ALMA MORA CABSAUV6X750 ;3207,88;;;TRADITIONAL TRADE;Autoservicio Tradicional;169871,4;;566,1;$;2;GRUPO PEÑAFLOR SA;45;0;Contado;13/4/2026 08:03;;Alma Mora;Alto;No definido;;;Vinos del Año;PEÑAFLOR GRUPO OBJETIVO;;;;;Gescom;;;True;153803;0;Lista General;Autoservicio Tradicional - C;;1/1/2000;;
15;SANTIAGO PUZZI 4654;SAN FRANCISCO;13/4/2026;13/4/2026;13/4/2026;FAC-A0001-00042250;Venta;Empresa;74210;360;1154798,1;1397305,7;BELTRAMO, DUTTO Y DUTTO S.R.L.;;15,00%;20;DEPOSITO;5050;ALMA MORA MALBEC 6X750;3207,77;;;TRADITIONAL TRADE;Autoservicio Tradicional;1018684,8;;566,08;$;2;GRUPO PEÑAFLOR SA;270;0;Contado;13/4/2026 08:03;;Alma Mora;Alto;No definido;;;Vinos del Año;PEÑAFLOR GRUPO OBJETIVO;;;;;Gescom;;;True;153803;0;Lista General;Autoservicio Tradicional - C;;1/1/2000;;
15;SANTIAGO PUZZI 4654;SAN FRANCISCO;13/4/2026;13/4/2026;13/4/2026;FAC-A0001-00042250;Venta;Empresa;74394;54;164651,1;199227,83;BELTRAMO, DUTTO Y DUTTO S.R.L.;;15,00%;20;DEPOSITO;5050;DADA FMORAS N°3 6X750;3049,09;;;TRADITIONAL TRADE;Autoservicio Tradicional;145316,7;;538,08;$;2;GRUPO PEÑAFLOR SA;40,5;0;Contado;13/4/2026 08:03;;Dada;Alto;No definido;;;Vinos del Año;PEÑAFLOR GRUPO OBJETIVO;;;;;Gescom;;;True;153803;0;Lista General;Autoservicio Tradicional - C;;1/1/2000;;
15;SANTIAGO PUZZI 4654;SAN FRANCISCO;13/4/2026;13/4/2026;13/4/2026;FAC-A0001-00042250;Venta;Empresa;80010;120;310419,66;375607,79;BELTRAMO, DUTTO Y DUTTO S.R.L.;;15,00%;20;DEPOSITO;5050;LOS ARBOLES SEL MALBEC 6X750;2586,83;;;TRADITIONAL TRADE;Autoservicio Tradicional;287830,8;;456,5;$;2;GRUPO PEÑAFLOR SA;90;0;Contado;13/4/2026 08:03;;Los Arboles;Medio Alto;No definido;;;Vinos del Año;Grupo Peñaflor,PEÑAFLOR GRUPO OBJETIVO;;;;;Gescom;;;True;153803;0;Lista General;Autoservicio Tradicional - C;;1/1/2000;;
15;SANTIAGO PUZZI 4654;SAN FRANCISCO;13/4/2026;13/4/2026;13/4/2026;FAC-A0001-00042250;Venta;Empresa;72859;90;202018,91;244442,88;BELTRAMO, DUTTO Y DUTTO S.R.L.;;15,00%;20;DEPOSITO;5050;F.LAS MORAS MALBEC 6X750;2244,65;;;TRADITIONAL TRADE;Autoservicio Tradicional;177951,6;;396,12;$;2;GRUPO PEÑAFLOR SA;67,5;0;Contado;13/4/2026 08:03;;Finca Las Moras;Medio Alto;No definido;;;Vinos del Año;PEÑAFLOR GRUPO OBJETIVO;;;;;Gescom;;;True;153803;0;Lista General;Autoservicio Tradicional - C;;1/1/2000;;
15;SANTIAGO PUZZI 4654;SAN FRANCISCO;13/4/2026;13/4/2026;13/4/2026;FAC-A0001-00042250;Venta;Empresa;74509;30;67339,64;81480,96;BELTRAMO, DUTTO Y DUTTO S.R.L.;;15,00%;20;DEPOSITO;5050;F. LAS MORAS BCO DULCE 6X750 ;2244,65;;;TRADITIONAL TRADE;Autoservicio Tradicional;59317,2;;396,12;$;2;GRUPO PEÑAFLOR SA;22,5;0;Contado;13/4/2026 08:03;;Alaris;Medio Alto;No definido;;;Vinos del Año;PEÑAFLOR GRUPO OBJETIVO;;;;;Gescom;;;True;153803;0;Lista General;Autoservicio Tradicional - C;;1/1/2000;;
15;SANTIAGO PUZZI 4654;SAN FRANCISCO;13/4/2026;13/4/2026;13/4/2026;FAC-A0001-00042250;Venta;Empresa;30022;360;2142159,12;2592012,54;BELTRAMO, DUTTO Y DUTTO S.R.L.;;15,00%;20;DEPOSITO;5050;SMIRNOFF RASPBERRY DO 6X700;5950,44;;;TRADITIONAL TRADE;Autoservicio Tradicional;1927458;;1050,08;$;2;GRUPO PEÑAFLOR SA;252;0;Contado;13/4/2026 08:03;;Smirnoff;Standard (S);No definido;;;Vodka;PEÑAFLOR GRUPO OBJETIVO;;;;;Gescom;;;True;153803;0;Lista General;Autoservicio Tradicional - C;;1/1/2000;;
15;SANTIAGO PUZZI 4654;SAN FRANCISCO;13/4/2026;13/4/2026;13/4/2026;FAC-A0001-00042250;Venta;Empresa;35105;672;1105117,78;1337192,51;BELTRAMO, DUTTO Y DUTTO S.R.L.;;15,00%;20;DEPOSITO;5050;SMF ICE RED BERRIE LAT 4X6X473;1644,52;;;TRADITIONAL TRADE;Autoservicio Tradicional;994855,68;;290,21;$;2;GRUPO PEÑAFLOR SA;317,856;0;Contado;13/4/2026 08:03;;Smirnoff Ice Flavours;RTD (s);No definido;;;RTD (S);PEÑAFLOR GRUPO OBJETIVO;;;;;Gescom;;;True;153803;0;Lista General;Autoservicio Tradicional - C;;1/1/2000;;
15;SANTIAGO PUZZI 4654;SAN FRANCISCO;13/4/2026;13/4/2026;13/4/2026;FAC-A0001-00042250;Venta;Empresa;30131;270;1606619,34;1944009,4;BELTRAMO, DUTTO Y DUTTO S.R.L.;;15,00%;20;DEPOSITO;5050;SMIRNOFF TROPICAL FRUITS 6X700;5950,44;;;TRADITIONAL TRADE;Autoservicio Tradicional;1445593,5;;1050,08;$;2;GRUPO PEÑAFLOR SA;189;0;Contado;13/4/2026 08:03;;Smirnoff;Standard (S);No definido;;;Vodka;PEÑAFLOR GRUPO OBJETIVO;;;;;Gescom;;;True;153803;0;Lista General;Autoservicio Tradicional - C;;1/1/2000;;
15;SANTIAGO PUZZI 4654;SAN FRANCISCO;13/4/2026;13/4/2026;13/4/2026;FAC-A0001-00042250;Venta;Empresa;30003;36;1253004,21;1516135,09;BELTRAMO, DUTTO Y DUTTO S.R.L.;;15,00%;20;DEPOSITO;5050;JW BLACK LABEL 12x750;34805,67;;;TRADITIONAL TRADE;Autoservicio Tradicional;1075763,16;;6142,18;$;2;GRUPO PEÑAFLOR SA;27;0;Contado;13/4/2026 08:03;;JW;Premium (S);No definido;;;Whisky;PEÑAFLOR GRUPO OBJETIVO;;;;;Gescom;;;True;153803;0;Lista General;Autoservicio Tradicional - C;;1/1/2000;;
15;SANTIAGO PUZZI 4654;SAN FRANCISCO;13/4/2026;13/4/2026;13/4/2026;FAC-A0001-00042250;Venta;Empresa;30005;18;713292,12;863083,47;BELTRAMO, DUTTO Y DUTTO S.R.L.;;15,00%;20;DEPOSITO;5050;JW DOUBLE BLACK 6x750;39627,34;;;TRADITIONAL TRADE;Autoservicio Tradicional;642122,82;;6993,06;$;2;GRUPO PEÑAFLOR SA;13,5;0;Contado;13/4/2026 08:03;;JW;Premium (S);No definido;;;Whisky;PEÑAFLOR GRUPO OBJETIVO;;;;;Gescom;;;True;153803;0;Lista General;Autoservicio Tradicional - C;;1/1/2000;;
15;SANTIAGO PUZZI 4654;SAN FRANCISCO;13/4/2026;13/4/2026;13/4/2026;FAC-A0001-00042250;Venta;Empresa;30023;180;1806467,94;2185826,21;BELTRAMO, DUTTO Y DUTTO S.R.L.;;15,00%;20;DEPOSITO;5050;WHITE HORSE DO 12X750;10035,93;;;TRADITIONAL TRADE;Autoservicio Tradicional;1626226,2;;1771,05;$;2;GRUPO PEÑAFLOR SA;135;0;Contado;13/4/2026 08:03;;White Horse;Standard (S);No definido;;;Whisky;PEÑAFLOR GRUPO OBJETIVO;;;;;Gescom;;;True;153803;0;Lista General;Autoservicio Tradicional - C;;1/1/2000;;
873;25 de mayo 2100;VILLA DOLORES;13/4/2026;6/4/2026;13/4/2026;NCR-A0001-00002231;Devolución por Rechazo;Empresa;74419;-6;-30148,23;-36479,35;CASO HNOS. S.A.S.;NO RECIBIO;6,00%;9;SANCHEZ FERNANDO JAVIER;9005;TRAPICHE RESERVA MALBEC 6X750;5024,7;3566;;TRADITIONAL TRADE;Almacen/Despensa;-24060,42;CHOFER VILLA DOLORES BEBIDA;320,73;$;2;GRUPO PEÑAFLOR SA;-4,5;0;Contado;13/4/2026 10:18;;Trapiche Reserva;Superior;No definido;;;Vinos del Año;PEÑAFLOR GRUPO OBJETIVO;;;1002;BENITEZ RAUL;Gescom;FAC-A0001-00042222;;True;153863;0;Lista General;Almacen/Despensa - A;;1/1/2000;;
672;VICENTE CASTRO 132;Nono;13/4/2026;10/4/2026;13/4/2026;NCR-A0001-00002232;Devolución por Rechazo;Empresa;74814;-3;-7745,5;-9372,05;JOSE IGNACIOHAUKE FONSECA;SIN STOCK;15,00%;7;JOFRE GUILLERMO AGUSTIN;7006;CAZADOR MALBEC 6X750;2581,83;3587;;TRADITIONAL TRADE;Almacen/Despensa;-6835,98;CHOFER VILLA DOLORES BEBIDA;455,62;$;2;GRUPO PEÑAFLOR SA;0;0;Contado;13/4/2026 10:21;;;;;;;;PEÑAFLOR GRUPO OBJETIVO;;;1002;BENITEZ RAUL;Gescom;FAC-A0001-00042248;;True;153867;0;Lista General;Almacen/Despensa - C;;1/1/2000;;
2038;ACCESO ESTE-GRAL LAVALLE 561;LA PARA;13/4/2026;14/4/2026;13/4/2026;FAC-A0001-00042251;Venta;Empresa;74714;12;36589,13;44272,85;HUANG XIAODONG;;15,00%;6;PEYRONEL ANDREA;6030;DADA WHITE MALBEC 6X750;3049,09;3597;;TRADITIONAL TRADE;Autoservicio Tradicional;32292,6;REPARTIDOR CBA;538,08;$;2;GRUPO PEÑAFLOR SA;9;0;Contado;14/4/2026 12:50;;;Alto;No definido;;;Vinos del Año;PEÑAFLOR GRUPO OBJETIVO;;;20032;GRIBAUDO ESTEBAN;Gescom;;;True;154094;0;Lista General;Autoservicio Tradicional - C;12457;13/4/2026;2;LESCANO FRANCO DARIO
2038;ACCESO ESTE-GRAL LAVALLE 561;LA PARA;13/4/2026;14/4/2026;13/4/2026;FAC-A0001-00042251;Venta;Empresa;71706;12;27873,85;33727,35;HUANG XIAODONG;;15,00%;6;PEYRONEL ANDREA;6030;TRAPICHE ALARIS SBLANC 6X750;2322,82;3597;;TRADITIONAL TRADE;Autoservicio Tradicional;25845,48;REPARTIDOR CBA;409,91;$;2;GRUPO PEÑAFLOR SA;9;0;Contado;14/4/2026 12:50;;;Premium;No definido;;;Vino de Guarda;PEÑAFLOR GRUPO OBJETIVO;;;20032;GRIBAUDO ESTEBAN;Gescom;;;True;154094;0;Lista General;Autoservicio Tradicional - C;12457;13/4/2026;2;LESCANO FRANCO DARIO
584;25 DE MAYO 600;OBISPO TREJO;13/4/2026;14/4/2026;13/4/2026;FAC-A0001-00042252;Venta;Empresa;74714;12;36589,13;44272,85;MI FAMILIA S.A.S. S. A. S.;;15,00%;6;PEYRONEL ANDREA;6021;DADA WHITE MALBEC 6X750;3049,09;3597;;TRADITIONAL TRADE;Autoservicio Tradicional;32292,6;REPARTIDOR CBA;538,08;$;2;GRUPO PEÑAFLOR SA;9;0;Contado;14/4/2026 12:50;;;Alto;No definido;;;Vinos del Año;PEÑAFLOR GRUPO OBJETIVO;;;20032;GRIBAUDO ESTEBAN;Gescom;;;True;154093;0;Lista General;Autoservicio Tradicional - C;12457;13/4/2026;2;LESCANO FRANCO DARIO
584;25 DE MAYO 600;OBISPO TREJO;13/4/2026;14/4/2026;13/4/2026;FAC-A0001-00042252;Venta;Empresa;71706;12;27873,85;33727,35;MI FAMILIA S.A.S. S. A. S.;;15,00%;6;PEYRONEL ANDREA;6021;TRAPICHE ALARIS SBLANC 6X750;2322,82;3597;;TRADITIONAL TRADE;Autoservicio Tradicional;25845,48;REPARTIDOR CBA;409,91;$;2;GRUPO PEÑAFLOR SA;9;0;Contado;14/4/2026 12:50;;;Premium;No definido;;;Vino de Guarda;PEÑAFLOR GRUPO OBJETIVO;;;20032;GRIBAUDO ESTEBAN;Gescom;;;True;154093;0;Lista General;Autoservicio Tradicional - C;12457;13/4/2026;2;LESCANO FRANCO DARIO
2980;PEDRO J.FONTANA 225;VILLA FONTANA;13/4/2026;14/4/2026;13/4/2026;FAC-A0001-00042253;Venta;Empresa;74714;12;36589,13;44272,85;CASSINA MARIA TERESA;;15,00%;6;PEYRONEL ANDREA;6020;DADA WHITE MALBEC 6X750;3049,09;3597;;TRADITIONAL TRADE;Autoservicio Tradicional;32292,6;REPARTIDOR CBA;538,08;$;2;GRUPO PEÑAFLOR SA;9;0;Contado;14/4/2026 12:50;;;Alto;No definido;;;Vinos del Año;PEÑAFLOR GRUPO OBJETIVO;;;20032;GRIBAUDO ESTEBAN;Gescom;;;True;154092;0;Lista General;Autoservicio Tradicional - C;12457;13/4/2026;2;LESCANO FRANCO DARIO
2980;PEDRO J.FONTANA 225;VILLA FONTANA;13/4/2026;14/4/2026;13/4/2026;FAC-A0001-00042253;Venta;Empresa;44296;6;35658,23;43146,46;CASSINA MARIA TERESA;;15,00%;6;PEYRONEL ANDREA;6020;DON DAVID RESERVA MALBEC X750;5943,04;3597;;TRADITIONAL TRADE;Autoservicio Tradicional;32415,12;REPARTIDOR CBA;1048,77;$;2;GRUPO PEÑAFLOR SA;4,5;0;Contado;14/4/2026 12:50;;;Premium;No definido;;;Vino de Guarda;PEÑAFLOR GRUPO OBJETIVO;;;20032;GRIBAUDO ESTEBAN;Gescom;;;True;154092;0;Lista General;Autoservicio Tradicional - C;12457;13/4/2026;2;LESCANO FRANCO DARIO
2980;PEDRO J.FONTANA 225;VILLA FONTANA;13/4/2026;14/4/2026;13/4/2026;FAC-A0001-00042253;Venta;Empresa;72867;6;34479,47;41720,16;CASSINA MARIA TERESA;;15,00%;6;PEYRONEL ANDREA;6020;FOND CAVE RVA MALBEC 6X750;5746,58;3597;;TRADITIONAL TRADE;Autoservicio Tradicional;31343,58;REPARTIDOR CBA;1014,1;$;2;GRUPO PEÑAFLOR SA;4,5;0;Contado;14/4/2026 12:50;;Fond De Cave;Premium;No definido;;;Vino de Guarda;PEÑAFLOR GRUPO OBJETIVO;;;20032;GRIBAUDO ESTEBAN;Gescom;;;True;154092;0;Lista General;Autoservicio Tradicional - C;12457;13/4/2026;2;LESCANO FRANCO DARIO
2980;PEDRO J.FONTANA 225;VILLA FONTANA;13/4/2026;14/4/2026;13/4/2026;FAC-A0001-00042253;Venta;Empresa;71706;12;27873,85;33727,35;CASSINA MARIA TERESA;;15,00%;6;PEYRONEL ANDREA;6020;TRAPICHE ALARIS SBLANC 6X750;2322,82;3597;;TRADITIONAL TRADE;Autoservicio Tradicional;25845,48;REPARTIDOR CBA;409,91;$;2;GRUPO PEÑAFLOR SA;9;0;Contado;14/4/2026 12:50;;;Premium;No definido;;;Vino de Guarda;PEÑAFLOR GRUPO OBJETIVO;;;20032;GRIBAUDO ESTEBAN;Gescom;;;True;154092;0;Lista General;Autoservicio Tradicional - C;12457;13/4/2026;2;LESCANO FRANCO DARIO
2130;BELGRANO 498;LA PUERTA;13/4/2026;14/4/2026;13/4/2026;FAC-A0001-00042254;Venta;Empresa;74714;12;36589,13;44272,85;DAI BIYING;;15,00%;6;PEYRONEL ANDREA;6020;DADA WHITE MALBEC 6X750;3049,09;3597;;TRADITIONAL TRADE;Autoservicio Tradicional;32292,6;REPARTIDOR CBA;538,08;$;2;GRUPO PEÑAFLOR SA;9;0;Contado;14/4/2026 12:50;;;Alto;No definido;;;Vinos del Año;PEÑAFLOR GRUPO OBJETIVO;;;20032;GRIBAUDO ESTEBAN;Gescom;;;True;154091;0;Lista General;Autoservicio Tradicional - C;12457;13/4/2026;2;LESCANO FRANCO DARIO
2130;BELGRANO 498;LA PUERTA;13/4/2026;14/4/2026;13/4/2026;FAC-A0001-00042254;Venta;Empresa;44296;6;35658,23;43146,46;DAI BIYING;;15,00%;6;PEYRONEL ANDREA;6020;DON DAVID RESERVA MALBEC X750;5943,04;3597;;TRADITIONAL TRADE;Autoservicio Tradicional;32415,12;REPARTIDOR CBA;1048,77;$;2;GRUPO PEÑAFLOR SA;4,5;0;Contado;14/4/2026 12:50;;;Premium;No definido;;;Vino de Guarda;PEÑAFLOR GRUPO OBJETIVO;;;20032;GRIBAUDO ESTEBAN;Gescom;;;True;154091;0;Lista General;Autoservicio Tradicional - C;12457;13/4/2026;2;LESCANO FRANCO DARIO
2130;BELGRANO 498;LA PUERTA;13/4/2026;14/4/2026;13/4/2026;FAC-A0001-00042254;Venta;Empresa;72867;6;34479,47;41720,16;DAI BIYING;;15,00%;6;PEYRONEL ANDREA;6020;FOND CAVE RVA MALBEC 6X750;5746,58;3597;;TRADITIONAL TRADE;Autoservicio Tradicional;31343,58;REPARTIDOR CBA;1014,1;$;2;GRUPO PEÑAFLOR SA;4,5;0;Contado;14/4/2026 12:50;;Fond De Cave;Premium;No definido;;;Vino de Guarda;PEÑAFLOR GRUPO OBJETIVO;;;20032;GRIBAUDO ESTEBAN;Gescom;;;True;154091;0;Lista General;Autoservicio Tradicional - C;12457;13/4/2026;2;LESCANO FRANCO DARIO
2130;BELGRANO 498;LA PUERTA;13/4/2026;14/4/2026;13/4/2026;FAC-A0001-00042254;Venta;Empresa;71706;12;27873,85;33727,35;DAI BIYING;;15,00%;6;PEYRONEL ANDREA;6020;TRAPICHE ALARIS SBLANC 6X750;2322,82;3597;;TRADITIONAL TRADE;Autoservicio Tradicional;25845,48;REPARTIDOR CBA;409,91;$;2;GRUPO PEÑAFLOR SA;9;0;Contado;14/4/2026 12:50;;;Premium;No definido;;;Vino de Guarda;PEÑAFLOR GRUPO OBJETIVO;;;20032;GRIBAUDO ESTEBAN;Gescom;;;True;154091;0;Lista General;Autoservicio Tradicional - C;12457;13/4/2026;2;LESCANO FRANCO DARIO
2927;CORDOBA 244;VILLA SANTA ROSA;13/4/2026;14/4/2026;13/4/2026;FAC-A0001-00042255;Venta;Empresa;74714;12;36589,13;44272,85;PRIOTTO VALERIA SOLEDAD;;15,00%;6;PEYRONEL ANDREA;6010;DADA WHITE MALBEC 6X750;3049,09;3597;;TRADITIONAL TRADE;Autoservicio Tradicional;32292,6;REPARTIDOR CBA;538,08;$;2;GRUPO PEÑAFLOR SA;9;0;Contado;14/4/2026 12:50;;;Alto;No definido;;;Vinos del Año;PEÑAFLOR GRUPO OBJETIVO;;;20032;GRIBAUDO ESTEBAN;Gescom;;;True;154090;0;Lista General;Autoservicio Tradicional - C;12457;13/4/2026;2;LESCANO FRANCO DARIO
2927;CORDOBA 244;VILLA SANTA ROSA;13/4/2026;14/4/2026;13/4/2026;FAC-A0001-00042255;Venta;Empresa;44296;6;35658,23;43146,46;PRIOTTO VALERIA SOLEDAD;;15,00%;6;PEYRONEL ANDREA;6010;DON DAVID RESERVA MALBEC X750;5943,04;3597;;TRADITIONAL TRADE;Autoservicio Tradicional;32415,12;REPARTIDOR CBA;1048,77;$;2;GRUPO PEÑAFLOR SA;4,5;0;Contado;14/4/2026 12:50;;;Premium;No definido;;;Vino de Guarda;PEÑAFLOR GRUPO OBJETIVO;;;20032;GRIBAUDO ESTEBAN;Gescom;;;True;154090;0;Lista General;Autoservicio Tradicional - C;12457;13/4/2026;2;LESCANO FRANCO DARIO
2927;CORDOBA 244;VILLA SANTA ROSA;13/4/2026;14/4/2026;13/4/2026;FAC-A0001-00042255;Venta;Empresa;72867;6;34479,47;41720,16;PRIOTTO VALERIA SOLEDAD;;15,00%;6;PEYRONEL ANDREA;6010;FOND CAVE RVA MALBEC 6X750;5746,58;3597;;TRADITIONAL TRADE;Autoservicio Tradicional;31343,58;REPARTIDOR CBA;1014,1;$;2;GRUPO PEÑAFLOR SA;4,5;0;Contado;14/4/2026 12:50;;Fond De Cave;Premium;No definido;;;Vino de Guarda;PEÑAFLOR GRUPO OBJETIVO;;;20032;GRIBAUDO ESTEBAN;Gescom;;;True;154090;0;Lista General;Autoservicio Tradicional - C;12457;13/4/2026;2;LESCANO FRANCO DARIO
2927;CORDOBA 244;VILLA SANTA ROSA;13/4/2026;14/4/2026;13/4/2026;FAC-A0001-00042255;Venta;Empresa;71706;12;27873,85;33727,35;PRIOTTO VALERIA SOLEDAD;;15,00%;6;PEYRONEL ANDREA;6010;TRAPICHE ALARIS SBLANC 6X750;2322,82;3597;;TRADITIONAL TRADE;Autoservicio Tradicional;25845,48;REPARTIDOR CBA;409,91;$;2;GRUPO PEÑAFLOR SA;9;0;Contado;14/4/2026 12:50;;;Premium;No definido;;;Vino de Guarda;PEÑAFLOR GRUPO OBJETIVO;;;20032;GRIBAUDO ESTEBAN;Gescom;;;True;154090;0;Lista General;Autoservicio Tradicional - C;12457;13/4/2026;2;LESCANO FRANCO DARIO
2918;PASAJE COLON 858;VILLA SANTA ROSA;13/4/2026;14/4/2026;13/4/2026;FAC-A0001-00042256;Venta;Empresa;74714;12;36589,13;44272,85;CUELLO LUIS ALBERTO;;15,00%;6;PEYRONEL ANDREA;6010;DADA WHITE MALBEC 6X750;3049,09;3597;;TRADITIONAL TRADE;Autoservicio Tradicional;32292,6;REPARTIDOR CBA;538,08;$;2;GRUPO PEÑAFLOR SA;9;0;Contado;14/4/2026 12:50;;;Alto;No definido;;;Vinos del Año;PEÑAFLOR GRUPO OBJETIVO;;;20032;GRIBAUDO ESTEBAN;Gescom;;;True;154089;0;Lista General;Autoservicio Tradicional - C;12457;13/4/2026;2;LESCANO FRANCO DARIO
2918;PASAJE COLON 858;VILLA SANTA ROSA;13/4/2026;14/4/2026;13/4/2026;FAC-A0001-00042256;Venta;Empresa;44296;6;35658,23;43146,46;CUELLO LUIS ALBERTO;;15,00%;6;PEYRONEL ANDREA;6010;DON DAVID RESERVA MALBEC X750;5943,04;3597;;TRADITIONAL TRADE;Autoservicio Tradicional;32415,12;REPARTIDOR CBA;1048,77;$;2;GRUPO PEÑAFLOR SA;4,5;0;Contado;14/4/2026 12:50;;;Premium;No definido;;;Vino de Guarda;PEÑAFLOR GRUPO OBJETIVO;;;20032;GRIBAUDO ESTEBAN;Gescom;;;True;154089;0;Lista General;Autoservicio Tradicional - C;12457;13/4/2026;2;LESCANO FRANCO DARIO
2918;PASAJE COLON 858;VILLA SANTA ROSA;13/4/2026;14/4/2026;13/4/2026;FAC-A0001-00042256;Venta;Empresa;72867;6;34479,47;41720,16;CUELLO LUIS ALBERTO;;15,00%;6;PEYRONEL ANDREA;6010;FOND CAVE RVA MALBEC 6X750;5746,58;3597;;TRADITIONAL TRADE;Autoservicio Tradicional;31343,58;REPARTIDOR CBA;1014,1;$;2;GRUPO PEÑAFLOR SA;4,5;0;Contado;14/4/2026 12:50;;Fond De Cave;Premium;No definido;;;Vino de Guarda;PEÑAFLOR GRUPO OBJETIVO;;;20032;GRIBAUDO ESTEBAN;Gescom;;;True;154089;0;Lista General;Autoservicio Tradicional - C;12457;13/4/2026;2;LESCANO FRANCO DARIO
2918;PASAJE COLON 858;VILLA SANTA ROSA;13/4/2026;14/4/2026;13/4/2026;FAC-A0001-00042256;Venta;Empresa;71706;12;27873,85;33727,35;CUELLO LUIS ALBERTO;;15,00%;6;PEYRONEL ANDREA;6010;TRAPICHE ALARIS SBLANC 6X750;2322,82;3597;;TRADITIONAL TRADE;Autoservicio Tradicional;25845,48;REPARTIDOR CBA;409,91;$;2;GRUPO PEÑAFLOR SA;9;0;Contado;14/4/2026 12:50;;;Premium;No definido;;;Vino de Guarda;PEÑAFLOR GRUPO OBJETIVO;;;20032;GRIBAUDO ESTEBAN;Gescom;;;True;154089;0;Lista General;Autoservicio Tradicional - C;12457;13/4/2026;2;LESCANO FRANCO DARIO
2805;MOISES QUINTEROS 1163;VILLA SANTA ROSA;13/4/2026;14/4/2026;13/4/2026;FAC-A0001-00042257;Venta;Empresa;74714;12;36589,13;44272,85;AGUIRRE JOSE RUBEN;;15,00%;6;PEYRONEL ANDREA;6010;DADA WHITE MALBEC 6X750;3049,09;3597;;TRADITIONAL TRADE;Autoservicio Tradicional;32292,6;REPARTIDOR CBA;538,08;$;2;GRUPO PEÑAFLOR SA;9;0;Contado;14/4/2026 12:50;;;Alto;No definido;;;Vinos del Año;PEÑAFLOR GRUPO OBJETIVO;;;20032;GRIBAUDO ESTEBAN;Gescom;;;True;154088;0;Lista General;Autoservicio Tradicional - C;12457;13/4/2026;2;LESCANO FRANCO DARIO
2805;MOISES QUINTEROS 1163;VILLA SANTA ROSA;13/4/2026;14/4/2026;13/4/2026;FAC-A0001-00042257;Venta;Empresa;44296;6;35658,23;43146,46;AGUIRRE JOSE RUBEN;;15,00%;6;PEYRONEL ANDREA;6010;DON DAVID RESERVA MALBEC X750;5943,04;3597;;TRADITIONAL TRADE;Autoservicio Tradicional;32415,12;REPARTIDOR CBA;1048,77;$;2;GRUPO PEÑAFLOR SA;4,5;0;Contado;14/4/2026 12:50;;;Premium;No definido;;;Vino de Guarda;PEÑAFLOR GRUPO OBJETIVO;;;20032;GRIBAUDO ESTEBAN;Gescom;;;True;154088;0;Lista General;Autoservicio Tradicional - C;12457;13/4/2026;2;LESCANO FRANCO DARIO
2805;MOISES QUINTEROS 1163;VILLA SANTA ROSA;13/4/2026;14/4/2026;13/4/2026;FAC-A0001-00042257;Venta;Empresa;72867;6;34479,47;41720,16;AGUIRRE JOSE RUBEN;;15,00%;6;PEYRONEL ANDREA;6010;FOND CAVE RVA MALBEC 6X750;5746,58;3597;;TRADITIONAL TRADE;Autoservicio Tradicional;31343,58;REPARTIDOR CBA;1014,1;$;2;GRUPO PEÑAFLOR SA;4,5;0;Contado;14/4/2026 12:50;;Fond De Cave;Premium;No definido;;;Vino de Guarda;PEÑAFLOR GRUPO OBJETIVO;;;20032;GRIBAUDO ESTEBAN;Gescom;;;True;154088;0;Lista General;Autoservicio Tradicional - C;12457;13/4/2026;2;LESCANO FRANCO DARIO
2805;MOISES QUINTEROS 1163;VILLA SANTA ROSA;13/4/2026;14/4/2026;13/4/2026;FAC-A0001-00042257;Venta;Empresa;71706;12;27873,85;33727,35;AGUIRRE JOSE RUBEN;;15,00%;6;PEYRONEL ANDREA;6010;TRAPICHE ALARIS SBLANC 6X750;2322,82;3597;;TRADITIONAL TRADE;Autoservicio Tradicional;25845,48;REPARTIDOR CBA;409,91;$;2;GRUPO PEÑAFLOR SA;9;0;Contado;14/4/2026 12:50;;;Premium;No definido;;;Vino de Guarda;PEÑAFLOR GRUPO OBJETIVO;;;20032;GRIBAUDO ESTEBAN;Gescom;;;True;154088;0;Lista General;Autoservicio Tradicional - C;12457;13/4/2026;2;LESCANO FRANCO DARIO
115;CASEROS 1294;SANTA ROSA DE RIO PRIMERO;13/4/2026;14/4/2026;13/4/2026;FAC-B0001-00011804;Venta;Empresa;74714;12;36589,13;44272,85;SOC DE SOCORROS MUTUOS SAN ROQUE;;15,00%;6;PEYRONEL ANDREA;6010;DADA WHITE MALBEC 6X750;3049,09;3597;;TRADITIONAL TRADE;Autoservicio Tradicional;32292,6;REPARTIDOR CBA;538,08;$;2;GRUPO PEÑAFLOR SA;9;0;Contado;14/4/2026 12:50;;;Alto;No definido;;;Vinos del Año;PEÑAFLOR GRUPO OBJETIVO;;;20032;GRIBAUDO ESTEBAN;Gescom;;;True;154087;0;Lista General;Autoservicio Tradicional - C;12457;13/4/2026;2;LESCANO FRANCO DARIO
115;CASEROS 1294;SANTA ROSA DE RIO PRIMERO;13/4/2026;14/4/2026;13/4/2026;FAC-B0001-00011804;Venta;Empresa;44296;6;35658,23;43146,46;SOC DE SOCORROS MUTUOS SAN ROQUE;;15,00%;6;PEYRONEL ANDREA;6010;DON DAVID RESERVA MALBEC X750;5943,04;3597;;TRADITIONAL TRADE;Autoservicio Tradicional;32415,12;REPARTIDOR CBA;1048,77;$;2;GRUPO PEÑAFLOR SA;4,5;0;Contado;14/4/2026 12:50;;;Premium;No definido;;;Vino de Guarda;PEÑAFLOR GRUPO OBJETIVO;;;20032;GRIBAUDO ESTEBAN;Gescom;;;True;154087;0;Lista General;Autoservicio Tradicional - C;12457;13/4/2026;2;LESCANO FRANCO DARIO
115;CASEROS 1294;SANTA ROSA DE RIO PRIMERO;13/4/2026;14/4/2026;13/4/2026;FAC-B0001-00011804;Venta;Empresa;72867;6;34479,47;41720,16;SOC DE SOCORROS MUTUOS SAN ROQUE;;15,00%;6;PEYRONEL ANDREA;6010;FOND CAVE RVA MALBEC 6X750;5746,58;3597;;TRADITIONAL TRADE;Autoservicio Tradicional;31343,58;REPARTIDOR CBA;1014,1;$;2;GRUPO PEÑAFLOR SA;4,5;0;Contado;14/4/2026 12:50;;Fond De Cave;Premium;No definido;;;Vino de Guarda;PEÑAFLOR GRUPO OBJETIVO;;;20032;GRIBAUDO ESTEBAN;Gescom;;;True;154087;0;Lista General;Autoservicio Tradicional - C;12457;13/4/2026;2;LESCANO FRANCO DARIO
115;CASEROS 1294;SANTA ROSA DE RIO PRIMERO;13/4/2026;14/4/2026;13/4/2026;FAC-B0001-00011804;Venta;Empresa;71706;12;27873,85;33727,35;SOC DE SOCORROS MUTUOS SAN ROQUE;;15,00%;6;PEYRONEL ANDREA;6010;TRAPICHE ALARIS SBLANC 6X750;2322,82;3597;;TRADITIONAL TRADE;Autoservicio Tradicional;25845,48;REPARTIDOR CBA;409,91;$;2;GRUPO PEÑAFLOR SA;9;0;Contado;14/4/2026 12:50;;;Premium;No definido;;;Vino de Guarda;PEÑAFLOR GRUPO OBJETIVO;;;20032;GRIBAUDO ESTEBAN;Gescom;;;True;154087;0;Lista General;Autoservicio Tradicional - C;12457;13/4/2026;2;LESCANO FRANCO DARIO
1054;USPALLATA 754;MORTEROS;13/4/2026;14/4/2026;13/4/2026;FAC-A0001-00042258;Venta;Empresa;74814;24;61963,98;74976,42;TORRES ZAMBRANO SANDRA PATRICIA;;15,00%;4;GRIBAUDO ANGEL;4010;CAZADOR MALBEC 6X750;2581,83;3597;;TRADITIONAL TRADE;Autoservicio Tradicional;54687,84;REPARTIDOR CBA;455,62;$;2;GRUPO PEÑAFLOR SA;0;0;Contado;14/4/2026 12:50;;;;;;;;PEÑAFLOR GRUPO OBJETIVO;;;20032;GRIBAUDO ESTEBAN;Gescom;;;True;154084;0;Lista General;Autoservicio Tradicional - A;12457;13/4/2026;2;LESCANO FRANCO DARIO
1054;USPALLATA 754;MORTEROS;13/4/2026;14/4/2026;13/4/2026;FAC-A0001-00042258;Venta;Empresa;74504;24;73178,27;88545,7;TORRES ZAMBRANO SANDRA PATRICIA;;15,00%;4;GRIBAUDO ANGEL;4010;DADA ART MALBEC 6X750;3049,09;3597;;TRADITIONAL TRADE;Autoservicio Tradicional;64585,2;REPARTIDOR CBA;538,08;$;2;GRUPO PEÑAFLOR SA;18;0;Contado;14/4/2026 12:50;;Dada;Alto;No definido;;;Vinos del Año;PEÑAFLOR GRUPO OBJETIVO;;;20032;GRIBAUDO ESTEBAN;Gescom;;;True;154084;0;Lista General;Autoservicio Tradicional - A;12457;13/4/2026;2;LESCANO FRANCO DARIO
1054;USPALLATA 754;MORTEROS;13/4/2026;14/4/2026;13/4/2026;FAC-A0001-00042258;Venta;Empresa;74393;24;73178,27;88545,7;TORRES ZAMBRANO SANDRA PATRICIA;;15,00%;4;GRIBAUDO ANGEL;4010;DADA FMORAS N°1 6X750;3049,09;3597;;TRADITIONAL TRADE;Autoservicio Tradicional;61356;REPARTIDOR CBA;538,08;$;2;GRUPO PEÑAFLOR SA;18;0;Contado;14/4/2026 12:50;;Dada;Alto;No definido;;;Vinos del Año;PEÑAFLOR GRUPO OBJETIVO;;;20032;GRIBAUDO ESTEBAN;Gescom;;;True;154084;0;Lista General;Autoservicio Tradicional - A;12457;13/4/2026;2;LESCANO FRANCO DARIO
874;MARCONI 149;MORTEROS;13/4/2026;14/4/2026;13/4/2026;FAC-A0001-00042259;Venta;Empresa;74814;24;61963,98;74976,42;WENG KUNGUANG;;15,00%;4;GRIBAUDO ANGEL;4010;CAZADOR MALBEC 6X750;2581,83;3597;;TRADITIONAL TRADE;Autoservicio Tradicional;54687,84;REPARTIDOR CBA;455,62;$;2;GRUPO PEÑAFLOR SA;0;0;Contado;14/4/2026 12:50;;;;;;;;PEÑAFLOR GRUPO OBJETIVO;;;20032;GRIBAUDO ESTEBAN;Gescom;;;True;154083;0;Lista General;Autoservicio Tradicional - A;12457;13/4/2026;2;LESCANO FRANCO DARIO
874;MARCONI 149;MORTEROS;13/4/2026;14/4/2026;13/4/2026;FAC-A0001-00042259;Venta;Empresa;74504;24;73178,27;88545,7;WENG KUNGUANG;;15,00%;4;GRIBAUDO ANGEL;4010;DADA ART MALBEC 6X750;3049,09;3597;;TRADITIONAL TRADE;Autoservicio Tradicional;64585,2;REPARTIDOR CBA;538,08;$;2;GRUPO PEÑAFLOR SA;18;0;Contado;14/4/2026 12:50;;Dada;Alto;No definido;;;Vinos del Año;PEÑAFLOR GRUPO OBJETIVO;;;20032;GRIBAUDO ESTEBAN;Gescom;;;True;154083;0;Lista General;Autoservicio Tradicional - A;12457;13/4/2026;2;LESCANO FRANCO DARIO
874;MARCONI 149;MORTEROS;13/4/2026;14/4/2026;13/4/2026;FAC-A0001-00042259;Venta;Empresa;74393;24;73178,27;88545,7;WENG KUNGUANG;;15,00%;4;GRIBAUDO ANGEL;4010;DADA FMORAS N°1 6X750;3049,09;3597;;TRADITIONAL TRADE;Autoservicio Tradicional;61356;REPARTIDOR CBA;538,08;$;2;GRUPO PEÑAFLOR SA;18;0;Contado;14/4/2026 12:50;;Dada;Alto;No definido;;;Vinos del Año;PEÑAFLOR GRUPO OBJETIVO;;;20032;GRIBAUDO ESTEBAN;Gescom;;;True;154083;0;Lista General;Autoservicio Tradicional - A;12457;13/4/2026;2;LESCANO FRANCO DARIO
282;PASTEUR ESQ. 283;MORTEROS;13/4/2026;14/4/2026;13/4/2026;FAC-A0001-00042260;Venta;Empresa;74814;24;61963,98;74976,42;YANDEN S.A.S;;15,00%;4;GRIBAUDO ANGEL;4010;CAZADOR MALBEC 6X750;2581,83;3597;;TRADITIONAL TRADE;Autoservicio Tradicional;54687,84;REPARTIDOR CBA;455,62;$;2;GRUPO PEÑAFLOR SA;0;0;Contado;14/4/2026 12:50;;;;;;;;PEÑAFLOR GRUPO OBJETIVO;;;20032;GRIBAUDO ESTEBAN;Gescom;;;True;154070;0;Lista General;Autoservicio Tradicional - B;12457;13/4/2026;2;LESCANO FRANCO DARIO
282;PASTEUR ESQ. 283;MORTEROS;13/4/2026;14/4/2026;13/4/2026;FAC-A0001-00042260;Venta;Empresa;74504;24;73178,27;88545,7;YANDEN S.A.S;;15,00%;4;GRIBAUDO ANGEL;4010;DADA ART MALBEC 6X750;3049,09;3597;;TRADITIONAL TRADE;Autoservicio Tradicional;64585,2;REPARTIDOR CBA;538,08;$;2;GRUPO PEÑAFLOR SA;18;0;Contado;14/4/2026 12:50;;Dada;Alto;No definido;;;Vinos del Año;PEÑAFLOR GRUPO OBJETIVO;;;20032;GRIBAUDO ESTEBAN;Gescom;;;True;154070;0;Lista General;Autoservicio Tradicional - B;12457;13/4/2026;2;LESCANO FRANCO DARIO
282;PASTEUR ESQ. 283;MORTEROS;13/4/2026;14/4/2026;13/4/2026;FAC-A0001-00042260;Venta;Empresa;74393;24;73178,27;88545,7;YANDEN S.A.S;;15,00%;4;GRIBAUDO ANGEL;4010;DADA FMORAS N°1 6X750;3049,09;3597;;TRADITIONAL TRADE;Autoservicio Tradicional;61356;REPARTIDOR CBA;538,08;$;2;GRUPO PEÑAFLOR SA;18;0;Contado;14/4/2026 12:50;;Dada;Alto;No definido;;;Vinos del Año;PEÑAFLOR GRUPO OBJETIVO;;;20032;GRIBAUDO ESTEBAN;Gescom;;;True;154070;0;Lista General;Autoservicio Tradicional - B;12457;13/4/2026;2;LESCANO FRANCO DARIO
207;ITALIA 971;MORTEROS;13/4/2026;14/4/2026;13/4/2026;FAC-A0001-00042261;Venta;Empresa;74814;24;61963,98;74976,42;LENTA MARCELA CARINA;;15,00%;4;GRIBAUDO ANGEL;4010;CAZADOR MALBEC 6X750;2581,83;3597;;TRADITIONAL TRADE;Autoservicio Tradicional;54687,84;REPARTIDOR CBA;455,62;$;2;GRUPO PEÑAFLOR SA;0;0;Contado;14/4/2026 12:50;;;;;;;;PEÑAFLOR GRUPO OBJETIVO;;;20032;GRIBAUDO ESTEBAN;Gescom;;;True;154069;0;Lista General;Autoservicio Tradicional - C;12457;13/4/2026;2;LESCANO FRANCO DARIO
207;ITALIA 971;MORTEROS;13/4/2026;14/4/2026;13/4/2026;FAC-A0001-00042261;Venta;Empresa;74504;24;73178,27;88545,7;LENTA MARCELA CARINA;;15,00%;4;GRIBAUDO ANGEL;4010;DADA ART MALBEC 6X750;3049,09;3597;;TRADITIONAL TRADE;Autoservicio Tradicional;64585,2;REPARTIDOR CBA;538,08;$;2;GRUPO PEÑAFLOR SA;18;0;Contado;14/4/2026 12:50;;Dada;Alto;No definido;;;Vinos del Año;PEÑAFLOR GRUPO OBJETIVO;;;20032;GRIBAUDO ESTEBAN;Gescom;;;True;154069;0;Lista General;Autoservicio Tradicional - C;12457;13/4/2026;2;LESCANO FRANCO DARIO
207;ITALIA 971;MORTEROS;13/4/2026;14/4/2026;13/4/2026;FAC-A0001-00042261;Venta;Empresa;74393;24;73178,27;88545,7;LENTA MARCELA CARINA;;15,00%;4;GRIBAUDO ANGEL;4010;DADA FMORAS N°1 6X750;3049,09;3597;;TRADITIONAL TRADE;Autoservicio Tradicional;61356;REPARTIDOR CBA;538,08;$;2;GRUPO PEÑAFLOR SA;18;0;Contado;14/4/2026 12:50;;Dada;Alto;No definido;;;Vinos del Año;PEÑAFLOR GRUPO OBJETIVO;;;20032;GRIBAUDO ESTEBAN;Gescom;;;True;154069;0;Lista General;Autoservicio Tradicional - C;12457;13/4/2026;2;LESCANO FRANCO DARIO
204;ITALIA 1330;MORTEROS;13/4/2026;14/4/2026;13/4/2026;FAC-A0001-00042262;Venta;Empresa;74814;24;61963,98;74976,42;VACHETTA JUAN MANUEL;;15,00%;4;GRIBAUDO ANGEL;4010;CAZADOR MALBEC 6X750;2581,83;3597;;TRADITIONAL TRADE;Autoservicio Tradicional;54687,84;REPARTIDOR CBA;455,62;$;2;GRUPO PEÑAFLOR SA;0;0;Contado;14/4/2026 12:50;;;;;;;;PEÑAFLOR GRUPO OBJETIVO;;;20032;GRIBAUDO ESTEBAN;Gescom;;;True;154068;0;Lista General;Autoservicio Tradicional - P;12457;13/4/2026;2;LESCANO FRANCO DARIO
204;ITALIA 1330;MORTEROS;13/4/2026;14/4/2026;13/4/2026;FAC-A0001-00042262;Venta;Empresa;74504;24;73178,27;88545,7;VACHETTA JUAN MANUEL;;15,00%;4;GRIBAUDO ANGEL;4010;DADA ART MALBEC 6X750;3049,09;3597;;TRADITIONAL TRADE;Autoservicio Tradicional;64585,2;REPARTIDOR CBA;538,08;$;2;GRUPO PEÑAFLOR SA;18;0;Contado;14/4/2026 12:50;;Dada;Alto;No definido;;;Vinos del Año;PEÑAFLOR GRUPO OBJETIVO;;;20032;GRIBAUDO ESTEBAN;Gescom;;;True;154068;0;Lista General;Autoservicio Tradicional - P;12457;13/4/2026;2;LESCANO FRANCO DARIO
204;ITALIA 1330;MORTEROS;13/4/2026;14/4/2026;13/4/2026;FAC-A0001-00042262;Venta;Empresa;74393;24;73178,27;88545,7;VACHETTA JUAN MANUEL;;15,00%;4;GRIBAUDO ANGEL;4010;DADA FMORAS N°1 6X750;3049,09;3597;;TRADITIONAL TRADE;Autoservicio Tradicional;61356;REPARTIDOR CBA;538,08;$;2;GRUPO PEÑAFLOR SA;18;0;Contado;14/4/2026 12:50;;Dada;Alto;No definido;;;Vinos del Año;PEÑAFLOR GRUPO OBJETIVO;;;20032;GRIBAUDO ESTEBAN;Gescom;;;True;154068;0;Lista General;Autoservicio Tradicional - P;12457;13/4/2026;2;LESCANO FRANCO DARIO
197;EL LIBERTADOR 601;MORTEROS;13/4/2026;14/4/2026;13/4/2026;FAC-A0001-00042263;Venta;Empresa;74814;24;61963,98;74976,42;COOP. AGR. GANAD. MORTEROS;;15,00%;4;GRIBAUDO ANGEL;4010;CAZADOR MALBEC 6X750;2581,83;3597;;TRADITIONAL TRADE;Autoservicio Tradicional;54687,84;REPARTIDOR CBA;455,62;$;2;GRUPO PEÑAFLOR SA;0;0;Contado;14/4/2026 12:50;;;;;;;;PEÑAFLOR GRUPO OBJETIVO;;;20032;GRIBAUDO ESTEBAN;Gescom;;;True;154067;0;Lista General;Autoservicio Tradicional - P;12457;13/4/2026;2;LESCANO FRANCO DARIO
197;EL LIBERTADOR 601;MORTEROS;13/4/2026;14/4/2026;13/4/2026;FAC-A0001-00042263;Venta;Empresa;74504;24;73178,27;88545,7;COOP. AGR. GANAD. MORTEROS;;15,00%;4;GRIBAUDO ANGEL;4010;DADA ART MALBEC 6X750;3049,09;3597;;TRADITIONAL TRADE;Autoservicio Tradicional;64585,2;REPARTIDOR CBA;538,08;$;2;GRUPO PEÑAFLOR SA;18;0;Contado;14/4/2026 12:50;;Dada;Alto;No definido;;;Vinos del Año;PEÑAFLOR GRUPO OBJETIVO;;;20032;GRIBAUDO ESTEBAN;Gescom;;;True;154067;0;Lista General;Autoservicio Tradicional - P;12457;13/4/2026;2;LESCANO FRANCO DARIO
197;EL LIBERTADOR 601;MORTEROS;13/4/2026;14/4/2026;13/4/2026;FAC-A0001-00042263;Venta;Empresa;74393;24;73178,27;88545,7;COOP. AGR. GANAD. MORTEROS;;15,00%;4;GRIBAUDO ANGEL;4010;DADA FMORAS N°1 6X750;3049,09;3597;;TRADITIONAL TRADE;Autoservicio Tradicional;61356;REPARTIDOR CBA;538,08;$;2;GRUPO PEÑAFLOR SA;18;0;Contado;14/4/2026 12:50;;Dada;Alto;No definido;;;Vinos del Año;PEÑAFLOR GRUPO OBJETIVO;;;20032;GRIBAUDO ESTEBAN;Gescom;;;True;154067;0;Lista General;Autoservicio Tradicional - P;12457;13/4/2026;2;LESCANO FRANCO DARIO
99;BV BELGRANO 995;MORTEROS;13/4/2026;14/4/2026;13/4/2026;FAC-B0001-00011805;Venta;Empresa;74814;24;61963,98;74976,42;DARDANO DEMA;;15,00%;4;GRIBAUDO ANGEL;4010;CAZADOR MALBEC 6X750;2581,83;3597;;TRADITIONAL TRADE;Autoservicio Tradicional;54687,84;REPARTIDOR CBA;455,62;$;2;GRUPO PEÑAFLOR SA;0;0;Contado;14/4/2026 12:50;;;;;;;;PEÑAFLOR GRUPO OBJETIVO;;;20032;GRIBAUDO ESTEBAN;Gescom;;;True;154066;0;Lista General;Autoservicio Tradicional - B;12457;13/4/2026;2;LESCANO FRANCO DARIO
99;BV BELGRANO 995;MORTEROS;13/4/2026;14/4/2026;13/4/2026;FAC-B0001-00011805;Venta;Empresa;74504;24;73178,27;88545,7;DARDANO DEMA;;15,00%;4;GRIBAUDO ANGEL;4010;DADA ART MALBEC 6X750;3049,09;3597;;TRADITIONAL TRADE;Autoservicio Tradicional;64585,2;REPARTIDOR CBA;538,08;$;2;GRUPO PEÑAFLOR SA;18;0;Contado;14/4/2026 12:50;;Dada;Alto;No definido;;;Vinos del Año;PEÑAFLOR GRUPO OBJETIVO;;;20032;GRIBAUDO ESTEBAN;Gescom;;;True;154066;0;Lista General;Autoservicio Tradicional - B;12457;13/4/2026;2;LESCANO FRANCO DARIO
99;BV BELGRANO 995;MORTEROS;13/4/2026;14/4/2026;13/4/2026;FAC-B0001-00011805;Venta;Empresa;74393;24;73178,27;88545,7;DARDANO DEMA;;15,00%;4;GRIBAUDO ANGEL;4010;DADA FMORAS N°1 6X750;3049,09;3597;;TRADITIONAL TRADE;Autoservicio Tradicional;61356;REPARTIDOR CBA;538,08;$;2;GRUPO PEÑAFLOR SA;18;0;Contado;14/4/2026 12:50;;Dada;Alto;No definido;;;Vinos del Año;PEÑAFLOR GRUPO OBJETIVO;;;20032;GRIBAUDO ESTEBAN;Gescom;;;True;154066;0;Lista General;Autoservicio Tradicional - B;12457;13/4/2026;2;LESCANO FRANCO DARIO
35;JORGE NEWBERY 256;MORTEROS;13/4/2026;14/4/2026;13/4/2026;FAC-A0001-00042264;Venta;Empresa;74814;24;61963,98;74976,42;DELLA LIBERA JUAN CARLOS;;15,00%;4;GRIBAUDO ANGEL;4010;CAZADOR MALBEC 6X750;2581,83;3597;;TRADITIONAL TRADE;Autoservicio Tradicional;54687,84;REPARTIDOR CBA;455,62;$;2;GRUPO PEÑAFLOR SA;0;0;Contado;14/4/2026 12:50;;;;;;;;PEÑAFLOR GRUPO OBJETIVO;;;20032;GRIBAUDO ESTEBAN;Gescom;;;True;154065;0;Lista General;Autoservicio Tradicional - A;12457;13/4/2026;2;LESCANO FRANCO DARIO
35;JORGE NEWBERY 256;MORTEROS;13/4/2026;14/4/2026;13/4/2026;FAC-A0001-00042264;Venta;Empresa;74504;24;73178,27;88545,7;DELLA LIBERA JUAN CARLOS;;15,00%;4;GRIBAUDO ANGEL;4010;DADA ART MALBEC 6X750;3049,09;3597;;TRADITIONAL TRADE;Autoservicio Tradicional;64585,2;REPARTIDOR CBA;538,08;$;2;GRUPO PEÑAFLOR SA;18;0;Contado;14/4/2026 12:50;;Dada;Alto;No definido;;;Vinos del Año;PEÑAFLOR GRUPO OBJETIVO;;;20032;GRIBAUDO ESTEBAN;Gescom;;;True;154065;0;Lista General;Autoservicio Tradicional - A;12457;13/4/2026;2;LESCANO FRANCO DARIO
35;JORGE NEWBERY 256;MORTEROS;13/4/2026;14/4/2026;13/4/2026;FAC-A0001-00042264;Venta;Empresa;74393;24;73178,27;88545,7;DELLA LIBERA JUAN CARLOS;;15,00%;4;GRIBAUDO ANGEL;4010;DADA FMORAS N°1 6X750;3049,09;3597;;TRADITIONAL TRADE;Autoservicio Tradicional;61356;REPARTIDOR CBA;538,08;$;2;GRUPO PEÑAFLOR SA;18;0;Contado;14/4/2026 12:50;;Dada;Alto;No definido;;;Vinos del Año;PEÑAFLOR GRUPO OBJETIVO;;;20032;GRIBAUDO ESTEBAN;Gescom;;;True;154065;0;Lista General;Autoservicio Tradicional - A;12457;13/4/2026;2;LESCANO FRANCO DARIO
2353;COLON 150;TRANSITO;13/4/2026;14/4/2026;13/4/2026;FAC-A0001-00042265;Venta;Empresa;74814;24;61963,98;74976,42;HONG CINTHIA;;15,00%;2;LUDUEÑA JULIANA;2051;CAZADOR MALBEC 6X750;2581,83;3597;;TRADITIONAL TRADE;Autoservicio Tradicional;54687,84;REPARTIDOR CBA;455,62;$;2;GRUPO PEÑAFLOR SA;0;0;Contado;14/4/2026 12:50;;;;;;;;PEÑAFLOR GRUPO OBJETIVO;;;20032;GRIBAUDO ESTEBAN;Gescom;;;True;154064;0;Lista General;Autoservicio Tradicional - C;12457;13/4/2026;2;LESCANO FRANCO DARIO
2353;COLON 150;TRANSITO;13/4/2026;14/4/2026;13/4/2026;FAC-A0001-00042265;Venta;Empresa;74504;24;73178,27;88545,7;HONG CINTHIA;;15,00%;2;LUDUEÑA JULIANA;2051;DADA ART MALBEC 6X750;3049,09;3597;;TRADITIONAL TRADE;Autoservicio Tradicional;64585,2;REPARTIDOR CBA;538,08;$;2;GRUPO PEÑAFLOR SA;18;0;Contado;14/4/2026 12:50;;Dada;Alto;No definido;;;Vinos del Año;PEÑAFLOR GRUPO OBJETIVO;;;20032;GRIBAUDO ESTEBAN;Gescom;;;True;154064;0;Lista General;Autoservicio Tradicional - C;12457;13/4/2026;2;LESCANO FRANCO DARIO
2353;COLON 150;TRANSITO;13/4/2026;14/4/2026;13/4/2026;FAC-A0001-00042265;Venta;Empresa;74393;24;73178,27;88545,7;HONG CINTHIA;;15,00%;2;LUDUEÑA JULIANA;2051;DADA FMORAS N°1 6X750;3049,09;3597;;TRADITIONAL TRADE;Autoservicio Tradicional;61356;REPARTIDOR CBA;538,08;$;2;GRUPO PEÑAFLOR SA;18;0;Contado;14/4/2026 12:50;;Dada;Alto;No definido;;;Vinos del Año;PEÑAFLOR GRUPO OBJETIVO;;;20032;GRIBAUDO ESTEBAN;Gescom;;;True;154064;0;Lista General;Autoservicio Tradicional - C;12457;13/4/2026;2;LESCANO FRANCO DARIO
2109;9 DE JULIO 45;TRANSITO;13/4/2026;14/4/2026;13/4/2026;FAC-A0001-00042266;Venta;Empresa;74814;24;61963,98;74976,42;BENEDETTI EDUARDO;;15,00%;2;LUDUEÑA JULIANA;2051;CAZADOR MALBEC 6X750;2581,83;3597;;TRADITIONAL TRADE;Autoservicio Tradicional;54687,84;REPARTIDOR CBA;455,62;$;2;GRUPO PEÑAFLOR SA;0;0;Contado;14/4/2026 12:50;;;;;;;;PEÑAFLOR GRUPO OBJETIVO;;;20032;GRIBAUDO ESTEBAN;Gescom;;;True;154063;0;Lista General;Autoservicio Tradicional - C;12457;13/4/2026;2;LESCANO FRANCO DARIO
2109;9 DE JULIO 45;TRANSITO;13/4/2026;14/4/2026;13/4/2026;FAC-A0001-00042266;Venta;Empresa;74504;24;73178,27;88545,7;BENEDETTI EDUARDO;;15,00%;2;LUDUEÑA JULIANA;2051;DADA ART MALBEC 6X750;3049,09;3597;;TRADITIONAL TRADE;Autoservicio Tradicional;64585,2;REPARTIDOR CBA;538,08;$;2;GRUPO PEÑAFLOR SA;18;0;Contado;14/4/2026 12:50;;Dada;Alto;No definido;;;Vinos del Año;PEÑAFLOR GRUPO OBJETIVO;;;20032;GRIBAUDO ESTEBAN;Gescom;;;True;154063;0;Lista General;Autoservicio Tradicional - C;12457;13/4/2026;2;LESCANO FRANCO DARIO
2109;9 DE JULIO 45;TRANSITO;13/4/2026;14/4/2026;13/4/2026;FAC-A0001-00042266;Venta;Empresa;74393;24;73178,27;88545,7;BENEDETTI EDUARDO;;15,00%;2;LUDUEÑA JULIANA;2051;DADA FMORAS N°1 6X750;3049,09;3597;;TRADITIONAL TRADE;Autoservicio Tradicional;61356;REPARTIDOR CBA;538,08;$;2;GRUPO PEÑAFLOR SA;18;0;Contado;14/4/2026 12:50;;Dada;Alto;No definido;;;Vinos del Año;PEÑAFLOR GRUPO OBJETIVO;;;20032;GRIBAUDO ESTEBAN;Gescom;;;True;154063;0;Lista General;Autoservicio Tradicional - C;12457;13/4/2026;2;LESCANO FRANCO DARIO
3327;SAN MARTIN 275;DEVOTO;13/4/2026;14/4/2026;13/4/2026;FAC-A0001-00042267;Venta;Empresa;74814;24;61963,98;74976,42;WU DEWANG;;15,00%;2;LUDUEÑA JULIANA;2050;CAZADOR MALBEC 6X750;2581,83;3597;;TRADITIONAL TRADE;Autoservicio Tradicional;54687,84;REPARTIDOR CBA;455,62;$;2;GRUPO PEÑAFLOR SA;0;0;Contado;14/4/2026 12:50;;;;;;;;PEÑAFLOR GRUPO OBJETIVO;;;20032;GRIBAUDO ESTEBAN;Gescom;;;True;154062;0;Lista General;Autoservicio Tradicional - B;12457;13/4/2026;2;LESCANO FRANCO DARIO
3327;SAN MARTIN 275;DEVOTO;13/4/2026;14/4/2026;13/4/2026;FAC-A0001-00042267;Venta;Empresa;74504;24;73178,27;88545,7;WU DEWANG;;15,00%;2;LUDUEÑA JULIANA;2050;DADA ART MALBEC 6X750;3049,09;3597;;TRADITIONAL TRADE;Autoservicio Tradicional;64585,2;REPARTIDOR CBA;538,08;$;2;GRUPO PEÑAFLOR SA;18;0;Contado;14/4/2026 12:50;;Dada;Alto;No definido;;;Vinos del Año;PEÑAFLOR GRUPO OBJETIVO;;;20032;GRIBAUDO ESTEBAN;Gescom;;;True;154062;0;Lista General;Autoservicio Tradicional - B;12457;13/4/2026;2;LESCANO FRANCO DARIO
3327;SAN MARTIN 275;DEVOTO;13/4/2026;14/4/2026;13/4/2026;FAC-A0001-00042267;Venta;Empresa;74393;24;73178,27;88545,7;WU DEWANG;;15,00%;2;LUDUEÑA JULIANA;2050;DADA FMORAS N°1 6X750;3049,09;3597;;TRADITIONAL TRADE;Autoservicio Tradicional;61356;REPARTIDOR CBA;538,08;$;2;GRUPO PEÑAFLOR SA;18;0;Contado;14/4/2026 12:50;;Dada;Alto;No definido;;;Vinos del Año;PEÑAFLOR GRUPO OBJETIVO;;;20032;GRIBAUDO ESTEBAN;Gescom;;;True;154062;0;Lista General;Autoservicio Tradicional - B;12457;13/4/2026;2;LESCANO FRANCO DARIO
2441;SAN MARTIN 61;DEVOTO;13/4/2026;14/4/2026;13/4/2026;FAC-A0001-00042268;Venta;Empresa;74814;24;61963,98;74976,42;JAMAR S.R.L.;;15,00%;2;LUDUEÑA JULIANA;2050;CAZADOR MALBEC 6X750;2581,83;3597;;TRADITIONAL TRADE;Autoservicio Tradicional;54687,84;REPARTIDOR CBA;455,62;$;2;GRUPO PEÑAFLOR SA;0;0;Contado;14/4/2026 12:50;;;;;;;;PEÑAFLOR GRUPO OBJETIVO;;;20032;GRIBAUDO ESTEBAN;Gescom;;;True;154061;0;Lista General;Autoservicio Tradicional - B;12457;13/4/2026;2;LESCANO FRANCO DARIO
2441;SAN MARTIN 61;DEVOTO;13/4/2026;14/4/2026;13/4/2026;FAC-A0001-00042268;Venta;Empresa;74504;24;73178,27;88545,7;JAMAR S.R.L.;;15,00%;2;LUDUEÑA JULIANA;2050;DADA ART MALBEC 6X750;3049,09;3597;;TRADITIONAL TRADE;Autoservicio Tradicional;64585,2;REPARTIDOR CBA;538,08;$;2;GRUPO PEÑAFLOR SA;18;0;Contado;14/4/2026 12:50;;Dada;Alto;No definido;;;Vinos del Año;PEÑAFLOR GRUPO OBJETIVO;;;20032;GRIBAUDO ESTEBAN;Gescom;;;True;154061;0;Lista General;Autoservicio Tradicional - B;12457;13/4/2026;2;LESCANO FRANCO DARIO
2441;SAN MARTIN 61;DEVOTO;13/4/2026;14/4/2026;13/4/2026;FAC-A0001-00042268;Venta;Empresa;74393;24;73178,27;88545,7;JAMAR S.R.L.;;15,00%;2;LUDUEÑA JULIANA;2050;DADA FMORAS N°1 6X750;3049,09;3597;;TRADITIONAL TRADE;Autoservicio Tradicional;61356;REPARTIDOR CBA;538,08;$;2;GRUPO PEÑAFLOR SA;18;0;Contado;14/4/2026 12:50;;Dada;Alto;No definido;;;Vinos del Año;PEÑAFLOR GRUPO OBJETIVO;;;20032;GRIBAUDO ESTEBAN;Gescom;;;True;154061;0;Lista General;Autoservicio Tradicional - B;12457;13/4/2026;2;LESCANO FRANCO DARIO
829;PERON ESQ. CORDOBA 0;DEVOTO;13/4/2026;14/4/2026;13/4/2026;FAC-A0001-00042269;Venta;Empresa;74814;24;61963,98;74976,42;EL GURY SRL;;15,00%;2;LUDUEÑA JULIANA;2050;CAZADOR MALBEC 6X750;2581,83;3597;;TRADITIONAL TRADE;Autoservicio Tradicional;54687,84;REPARTIDOR CBA;455,62;$;2;GRUPO PEÑAFLOR SA;0;0;Contado;14/4/2026 12:50;;;;;;;;PEÑAFLOR GRUPO OBJETIVO;;;20032;GRIBAUDO ESTEBAN;Gescom;;;True;154060;0;Lista General;Autoservicio Tradicional - B;12457;13/4/2026;2;LESCANO FRANCO DARIO
829;PERON ESQ. CORDOBA 0;DEVOTO;13/4/2026;14/4/2026;13/4/2026;FAC-A0001-00042269;Venta;Empresa;74504;24;73178,27;88545,7;EL GURY SRL;;15,00%;2;LUDUEÑA JULIANA;2050;DADA ART MALBEC 6X750;3049,09;3597;;TRADITIONAL TRADE;Autoservicio Tradicional;64585,2;REPARTIDOR CBA;538,08;$;2;GRUPO PEÑAFLOR SA;18;0;Contado;14/4/2026 12:50;;Dada;Alto;No definido;;;Vinos del Año;PEÑAFLOR GRUPO OBJETIVO;;;20032;GRIBAUDO ESTEBAN;Gescom;;;True;154060;0;Lista General;Autoservicio Tradicional - B;12457;13/4/2026;2;LESCANO FRANCO DARIO
829;PERON ESQ. CORDOBA 0;DEVOTO;13/4/2026;14/4/2026;13/4/2026;FAC-A0001-00042269;Venta;Empresa;74393;24;73178,27;88545,7;EL GURY SRL;;15,00%;2;LUDUEÑA JULIANA;2050;DADA FMORAS N°1 6X750;3049,09;3597;;TRADITIONAL TRADE;Autoservicio Tradicional;61356;REPARTIDOR CBA;538,08;$;2;GRUPO PEÑAFLOR SA;18;0;Contado;14/4/2026 12:50;;Dada;Alto;No definido;;;Vinos del Año;PEÑAFLOR GRUPO OBJETIVO;;;20032;GRIBAUDO ESTEBAN;Gescom;;;True;154060;0;Lista General;Autoservicio Tradicional - B;12457;13/4/2026;2;LESCANO FRANCO DARIO
123;ESTEBAN LARCO 736;DEVOTO;13/4/2026;14/4/2026;13/4/2026;FAC-A0001-00042270;Venta;Empresa;74814;24;61963,98;74976,42;"COOPERATIVA DE TAMBEROS, AGRICOLA GANADERA ""EL TRA";;15,00%;2;LUDUEÑA JULIANA;2050;CAZADOR MALBEC 6X750;2581,83;3597;;TRADITIONAL TRADE;Autoservicio Tradicional;54687,84;REPARTIDOR CBA;455,62;$;2;GRUPO PEÑAFLOR SA;0;0;Contado;14/4/2026 12:50;;;;;;;;PEÑAFLOR GRUPO OBJETIVO;;;20032;GRIBAUDO ESTEBAN;Gescom;;;True;154059;0;Lista General;Autoservicio Tradicional - C;12457;13/4/2026;2;LESCANO FRANCO DARIO
123;ESTEBAN LARCO 736;DEVOTO;13/4/2026;14/4/2026;13/4/2026;FAC-A0001-00042270;Venta;Empresa;74504;24;73178,27;88545,7;"COOPERATIVA DE TAMBEROS, AGRICOLA GANADERA ""EL TRA";;15,00%;2;LUDUEÑA JULIANA;2050;DADA ART MALBEC 6X750;3049,09;3597;;TRADITIONAL TRADE;Autoservicio Tradicional;64585,2;REPARTIDOR CBA;538,08;$;2;GRUPO PEÑAFLOR SA;18;0;Contado;14/4/2026 12:50;;Dada;Alto;No definido;;;Vinos del Año;PEÑAFLOR GRUPO OBJETIVO;;;20032;GRIBAUDO ESTEBAN;Gescom;;;True;154059;0;Lista General;Autoservicio Tradicional - C;12457;13/4/2026;2;LESCANO FRANCO DARIO
123;ESTEBAN LARCO 736;DEVOTO;13/4/2026;14/4/2026;13/4/2026;FAC-A0001-00042270;Venta;Empresa;74393;24;73178,27;88545,7;"COOPERATIVA DE TAMBEROS, AGRICOLA GANADERA ""EL TRA";;15,00%;2;LUDUEÑA JULIANA;2050;DADA FMORAS N°1 6X750;3049,09;3597;;TRADITIONAL TRADE;Autoservicio Tradicional;61356;REPARTIDOR CBA;538,08;$;2;GRUPO PEÑAFLOR SA;18;0;Contado;14/4/2026 12:50;;Dada;Alto;No definido;;;Vinos del Año;PEÑAFLOR GRUPO OBJETIVO;;;20032;GRIBAUDO ESTEBAN;Gescom;;;True;154059;0;Lista General;Autoservicio Tradicional - C;12457;13/4/2026;2;LESCANO FRANCO DARIO
1352;RIVADAVIA 260;La Francia;13/4/2026;14/4/2026;13/4/2026;FAC-A0001-00042271;Venta;Empresa;74814;24;61963,98;74976,42;FERRERO DANIEL GERMAN  Y FERREROS JUAN JOSE;;15,00%;2;LUDUEÑA JULIANA;2041;CAZADOR MALBEC 6X750;2581,83;3597;;TRADITIONAL TRADE;Autoservicio Tradicional;54687,84;REPARTIDOR CBA;455,62;$;2;GRUPO PEÑAFLOR SA;0;0;Contado;14/4/2026 12:50;;;;;;;;PEÑAFLOR GRUPO OBJETIVO;;;20032;GRIBAUDO ESTEBAN;Gescom;;;True;154058;0;Lista General;Autoservicio Tradicional - B;12457;13/4/2026;2;LESCANO FRANCO DARIO
1352;RIVADAVIA 260;La Francia;13/4/2026;14/4/2026;13/4/2026;FAC-A0001-00042271;Venta;Empresa;74504;24;73178,27;88545,7;FERRERO DANIEL GERMAN  Y FERREROS JUAN JOSE;;15,00%;2;LUDUEÑA JULIANA;2041;DADA ART MALBEC 6X750;3049,09;3597;;TRADITIONAL TRADE;Autoservicio Tradicional;64585,2;REPARTIDOR CBA;538,08;$;2;GRUPO PEÑAFLOR SA;18;0;Contado;14/4/2026 12:50;;Dada;Alto;No definido;;;Vinos del Año;PEÑAFLOR GRUPO OBJETIVO;;;20032;GRIBAUDO ESTEBAN;Gescom;;;True;154058;0;Lista General;Autoservicio Tradicional - B;12457;13/4/2026;2;LESCANO FRANCO DARIO
1352;RIVADAVIA 260;La Francia;13/4/2026;14/4/2026;13/4/2026;FAC-A0001-00042271;Venta;Empresa;74393;24;73178,27;88545,7;FERRERO DANIEL GERMAN  Y FERREROS JUAN JOSE;;15,00%;2;LUDUEÑA JULIANA;2041;DADA FMORAS N°1 6X750;3049,09;3597;;TRADITIONAL TRADE;Autoservicio Tradicional;61356;REPARTIDOR CBA;538,08;$;2;GRUPO PEÑAFLOR SA;18;0;Contado;14/4/2026 12:50;;Dada;Alto;No definido;;;Vinos del Año;PEÑAFLOR GRUPO OBJETIVO;;;20032;GRIBAUDO ESTEBAN;Gescom;;;True;154058;0;Lista General;Autoservicio Tradicional - B;12457;13/4/2026;2;LESCANO FRANCO DARIO
2796;AV. GRAL URQUIZA 235;LA FRANCIA;13/4/2026;14/4/2026;13/4/2026;FAC-A0001-00042272;Venta;Empresa;74814;24;61963,98;74976,42;DALMASSO MARTIN ALEJANDRO;;15,00%;2;LUDUEÑA JULIANA;2041;CAZADOR MALBEC 6X750;2581,83;3597;;TRADITIONAL TRADE;Autoservicio Tradicional;54687,84;REPARTIDOR CBA;455,62;$;2;GRUPO PEÑAFLOR SA;0;0;Contado;14/4/2026 12:50;;;;;;;;PEÑAFLOR GRUPO OBJETIVO;;;20032;GRIBAUDO ESTEBAN;Gescom;;;True;154057;0;Lista General;Autoservicio Tradicional - B;12457;13/4/2026;2;LESCANO FRANCO DARIO
2796;AV. GRAL URQUIZA 235;LA FRANCIA;13/4/2026;14/4/2026;13/4/2026;FAC-A0001-00042272;Venta;Empresa;74504;24;73178,27;88545,7;DALMASSO MARTIN ALEJANDRO;;15,00%;2;LUDUEÑA JULIANA;2041;DADA ART MALBEC 6X750;3049,09;3597;;TRADITIONAL TRADE;Autoservicio Tradicional;64585,2;REPARTIDOR CBA;538,08;$;2;GRUPO PEÑAFLOR SA;18;0;Contado;14/4/2026 12:50;;Dada;Alto;No definido;;;Vinos del Año;PEÑAFLOR GRUPO OBJETIVO;;;20032;GRIBAUDO ESTEBAN;Gescom;;;True;154057;0;Lista General;Autoservicio Tradicional - B;12457;13/4/2026;2;LESCANO FRANCO DARIO
2796;AV. GRAL URQUIZA 235;LA FRANCIA;13/4/2026;14/4/2026;13/4/2026;FAC-A0001-00042272;Venta;Empresa;74393;24;73178,27;88545,7;DALMASSO MARTIN ALEJANDRO;;15,00%;2;LUDUEÑA JULIANA;2041;DADA FMORAS N°1 6X750;3049,09;3597;;TRADITIONAL TRADE;Autoservicio Tradicional;61356;REPARTIDOR CBA;538,08;$;2;GRUPO PEÑAFLOR SA;18;0;Contado;14/4/2026 12:50;;Dada;Alto;No definido;;;Vinos del Año;PEÑAFLOR GRUPO OBJETIVO;;;20032;GRIBAUDO ESTEBAN;Gescom;;;True;154057;0;Lista General;Autoservicio Tradicional - B;12457;13/4/2026;2;LESCANO FRANCO DARIO
2539;J. L. DE CABRERA 227;LA FRANCIA;13/4/2026;14/4/2026;13/4/2026;FAC-A0001-00042273;Venta;Empresa;74814;24;61963,98;74976,42;ECO GROUP S.R.L  (EN FORMACION;;15,00%;2;LUDUEÑA JULIANA;2041;CAZADOR MALBEC 6X750;2581,83;3597;;TRADITIONAL TRADE;Autoservicio Tradicional;54687,84;REPARTIDOR CBA;455,62;$;2;GRUPO PEÑAFLOR SA;0;0;Contado;14/4/2026 12:50;;;;;;;;PEÑAFLOR GRUPO OBJETIVO;;;20032;GRIBAUDO ESTEBAN;Gescom;;;True;154056;0;Lista General;Autoservicio Tradicional - P;12457;13/4/2026;2;LESCANO FRANCO DARIO
2539;J. L. DE CABRERA 227;LA FRANCIA;13/4/2026;14/4/2026;13/4/2026;FAC-A0001-00042273;Venta;Empresa;74504;24;73178,27;88545,7;ECO GROUP S.R.L  (EN FORMACION;;15,00%;2;LUDUEÑA JULIANA;2041;DADA ART MALBEC 6X750;3049,09;3597;;TRADITIONAL TRADE;Autoservicio Tradicional;64585,2;REPARTIDOR CBA;538,08;$;2;GRUPO PEÑAFLOR SA;18;0;Contado;14/4/2026 12:50;;Dada;Alto;No definido;;;Vinos del Año;PEÑAFLOR GRUPO OBJETIVO;;;20032;GRIBAUDO ESTEBAN;Gescom;;;True;154056;0;Lista General;Autoservicio Tradicional - P;12457;13/4/2026;2;LESCANO FRANCO DARIO
2539;J. L. DE CABRERA 227;LA FRANCIA;13/4/2026;14/4/2026;13/4/2026;FAC-A0001-00042273;Venta;Empresa;74393;24;73178,27;88545,7;ECO GROUP S.R.L  (EN FORMACION;;15,00%;2;LUDUEÑA JULIANA;2041;DADA FMORAS N°1 6X750;3049,09;3597;;TRADITIONAL TRADE;Autoservicio Tradicional;61356;REPARTIDOR CBA;538,08;$;2;GRUPO PEÑAFLOR SA;18;0;Contado;14/4/2026 12:50;;Dada;Alto;No definido;;;Vinos del Año;PEÑAFLOR GRUPO OBJETIVO;;;20032;GRIBAUDO ESTEBAN;Gescom;;;True;154056;0;Lista General;Autoservicio Tradicional - P;12457;13/4/2026;2;LESCANO FRANCO DARIO
997;AV DE MAYO 665;COLONIA SAN BARTOLOME;13/4/2026;14/4/2026;13/4/2026;FAC-B0001-00011806;Venta;Empresa;74814;24;61963,98;74976,42;SOCIEDAD COSMOPOLITA DE SOCORROS  MUTUOS;;15,00%;2;LUDUEÑA JULIANA;2041;CAZADOR MALBEC 6X750;2581,83;3597;;TRADITIONAL TRADE;Autoservicio Tradicional;54687,84;REPARTIDOR CBA;455,62;$;2;GRUPO PEÑAFLOR SA;0;0;Contado;14/4/2026 12:50;;;;;;;;PEÑAFLOR GRUPO OBJETIVO;;;20032;GRIBAUDO ESTEBAN;Gescom;;;True;154055;0;Lista General;Autoservicio Tradicional - C;12457;13/4/2026;2;LESCANO FRANCO DARIO
997;AV DE MAYO 665;COLONIA SAN BARTOLOME;13/4/2026;14/4/2026;13/4/2026;FAC-B0001-00011806;Venta;Empresa;74504;24;73178,27;88545,7;SOCIEDAD COSMOPOLITA DE SOCORROS  MUTUOS;;15,00%;2;LUDUEÑA JULIANA;2041;DADA ART MALBEC 6X750;3049,09;3597;;TRADITIONAL TRADE;Autoservicio Tradicional;64585,2;REPARTIDOR CBA;538,08;$;2;GRUPO PEÑAFLOR SA;18;0;Contado;14/4/2026 12:50;;Dada;Alto;No definido;;;Vinos del Año;PEÑAFLOR GRUPO OBJETIVO;;;20032;GRIBAUDO ESTEBAN;Gescom;;;True;154055;0;Lista General;Autoservicio Tradicional - C;12457;13/4/2026;2;LESCANO FRANCO DARIO
997;AV DE MAYO 665;COLONIA SAN BARTOLOME;13/4/2026;14/4/2026;13/4/2026;FAC-B0001-00011806;Venta;Empresa;74393;24;73178,27;88545,7;SOCIEDAD COSMOPOLITA DE SOCORROS  MUTUOS;;15,00%;2;LUDUEÑA JULIANA;2041;DADA FMORAS N°1 6X750;3049,09;3597;;TRADITIONAL TRADE;Autoservicio Tradicional;61356;REPARTIDOR CBA;538,08;$;2;GRUPO PEÑAFLOR SA;18;0;Contado;14/4/2026 12:50;;Dada;Alto;No definido;;;Vinos del Año;PEÑAFLOR GRUPO OBJETIVO;;;20032;GRIBAUDO ESTEBAN;Gescom;;;True;154055;0;Lista General;Autoservicio Tradicional - C;12457;13/4/2026;2;LESCANO FRANCO DARIO
2809;SAN MARTIN 230;EL TIO;13/4/2026;14/4/2026;13/4/2026;FAC-A0001-00042274;Venta;Empresa;74814;24;61963,98;74976,42;COOP.TAMB.LAS CAÑITAS LTDA.SUC;;15,00%;2;LUDUEÑA JULIANA;2040;CAZADOR MALBEC 6X750;2581,83;3597;;TRADITIONAL TRADE;Autoservicio Tradicional;54687,84;REPARTIDOR CBA;455,62;$;2;GRUPO PEÑAFLOR SA;0;0;Contado;14/4/2026 12:50;;;;;;;;PEÑAFLOR GRUPO OBJETIVO;;;20032;GRIBAUDO ESTEBAN;Gescom;;;True;154049;0;Lista General;Autoservicio Tradicional - C;12457;13/4/2026;2;LESCANO FRANCO DARIO
2809;SAN MARTIN 230;EL TIO;13/4/2026;14/4/2026;13/4/2026;FAC-A0001-00042274;Venta;Empresa;74504;24;73178,27;88545,7;COOP.TAMB.LAS CAÑITAS LTDA.SUC;;15,00%;2;LUDUEÑA JULIANA;2040;DADA ART MALBEC 6X750;3049,09;3597;;TRADITIONAL TRADE;Autoservicio Tradicional;64585,2;REPARTIDOR CBA;538,08;$;2;GRUPO PEÑAFLOR SA;18;0;Contado;14/4/2026 12:50;;Dada;Alto;No definido;;;Vinos del Año;PEÑAFLOR GRUPO OBJETIVO;;;20032;GRIBAUDO ESTEBAN;Gescom;;;True;154049;0;Lista General;Autoservicio Tradicional - C;12457;13/4/2026;2;LESCANO FRANCO DARIO
2809;SAN MARTIN 230;EL TIO;13/4/2026;14/4/2026;13/4/2026;FAC-A0001-00042274;Venta;Empresa;74393;24;73178,27;88545,7;COOP.TAMB.LAS CAÑITAS LTDA.SUC;;15,00%;2;LUDUEÑA JULIANA;2040;DADA FMORAS N°1 6X750;3049,09;3597;;TRADITIONAL TRADE;Autoservicio Tradicional;61356;REPARTIDOR CBA;538,08;$;2;GRUPO PEÑAFLOR SA;18;0;Contado;14/4/2026 12:50;;Dada;Alto;No definido;;;Vinos del Año;PEÑAFLOR GRUPO OBJETIVO;;;20032;GRIBAUDO ESTEBAN;Gescom;;;True;154049;0;Lista General;Autoservicio Tradicional - C;12457;13/4/2026;2;LESCANO FRANCO DARIO
2689;MITRE 458;ARROYITO;13/4/2026;14/4/2026;13/4/2026;FAC-A0001-00042275;Venta;Empresa;74814;24;61963,98;74976,42;GEREDIN ALEJANDRA FABIOLA;;15,00%;2;LUDUEÑA JULIANA;2020;CAZADOR MALBEC 6X750;2581,83;3597;;TRADITIONAL TRADE;Autoservicio Tradicional;54687,84;REPARTIDOR CBA;455,62;$;2;GRUPO PEÑAFLOR SA;0;0;Contado;14/4/2026 12:50;;;;;;;;PEÑAFLOR GRUPO OBJETIVO;;;20032;GRIBAUDO ESTEBAN;Gescom;;;True;154048;0;Lista General;Autoservicio Tradicional - C;12457;13/4/2026;2;LESCANO FRANCO DARIO
2689;MITRE 458;ARROYITO;13/4/2026;14/4/2026;13/4/2026;FAC-A0001-00042275;Venta;Empresa;74504;24;73178,27;88545,7;GEREDIN ALEJANDRA FABIOLA;;15,00%;2;LUDUEÑA JULIANA;2020;DADA ART MALBEC 6X750;3049,09;3597;;TRADITIONAL TRADE;Autoservicio Tradicional;64585,2;REPARTIDOR CBA;538,08;$;2;GRUPO PEÑAFLOR SA;18;0;Contado;14/4/2026 12:50;;Dada;Alto;No definido;;;Vinos del Año;PEÑAFLOR GRUPO OBJETIVO;;;20032;GRIBAUDO ESTEBAN;Gescom;;;True;154048;0;Lista General;Autoservicio Tradicional - C;12457;13/4/2026;2;LESCANO FRANCO DARIO
2689;MITRE 458;ARROYITO;13/4/2026;14/4/2026;13/4/2026;FAC-A0001-00042275;Venta;Empresa;74393;24;73178,27;88545,7;GEREDIN ALEJANDRA FABIOLA;;15,00%;2;LUDUEÑA JULIANA;2020;DADA FMORAS N°1 6X750;3049,09;3597;;TRADITIONAL TRADE;Autoservicio Tradicional;61356;REPARTIDOR CBA;538,08;$;2;GRUPO PEÑAFLOR SA;18;0;Contado;14/4/2026 12:50;;Dada;Alto;No definido;;;Vinos del Año;PEÑAFLOR GRUPO OBJETIVO;;;20032;GRIBAUDO ESTEBAN;Gescom;;;True;154048;0;Lista General;Autoservicio Tradicional - C;12457;13/4/2026;2;LESCANO FRANCO DARIO
2211;San Martín 652;ARROYITO;13/4/2026;14/4/2026;13/4/2026;FAC-A0001-00042276;Venta;Empresa;74814;24;61963,98;74976,42;ZHENG HUIJUAN;;15,00%;2;LUDUEÑA JULIANA;2020;CAZADOR MALBEC 6X750;2581,83;3597;;TRADITIONAL TRADE;Autoservicio Tradicional;54687,84;REPARTIDOR CBA;455,62;$;2;GRUPO PEÑAFLOR SA;0;0;Contado;14/4/2026 12:50;;;;;;;;PEÑAFLOR GRUPO OBJETIVO;;;20032;GRIBAUDO ESTEBAN;Gescom;;;True;154047;0;Lista General;Autoservicio Tradicional - C;12457;13/4/2026;2;LESCANO FRANCO DARIO
2211;San Martín 652;ARROYITO;13/4/2026;14/4/2026;13/4/2026;FAC-A0001-00042276;Venta;Empresa;74504;24;73178,27;88545,7;ZHENG HUIJUAN;;15,00%;2;LUDUEÑA JULIANA;2020;DADA ART MALBEC 6X750;3049,09;3597;;TRADITIONAL TRADE;Autoservicio Tradicional;64585,2;REPARTIDOR CBA;538,08;$;2;GRUPO PEÑAFLOR SA;18;0;Contado;14/4/2026 12:50;;Dada;Alto;No definido;;;Vinos del Año;PEÑAFLOR GRUPO OBJETIVO;;;20032;GRIBAUDO ESTEBAN;Gescom;;;True;154047;0;Lista General;Autoservicio Tradicional - C;12457;13/4/2026;2;LESCANO FRANCO DARIO
2211;San Martín 652;ARROYITO;13/4/2026;14/4/2026;13/4/2026;FAC-A0001-00042276;Venta;Empresa;74393;24;73178,27;88545,7;ZHENG HUIJUAN;;15,00%;2;LUDUEÑA JULIANA;2020;DADA FMORAS N°1 6X750;3049,09;3597;;TRADITIONAL TRADE;Autoservicio Tradicional;61356;REPARTIDOR CBA;538,08;$;2;GRUPO PEÑAFLOR SA;18;0;Contado;14/4/2026 12:50;;Dada;Alto;No definido;;;Vinos del Año;PEÑAFLOR GRUPO OBJETIVO;;;20032;GRIBAUDO ESTEBAN;Gescom;;;True;154047;0;Lista General;Autoservicio Tradicional - C;12457;13/4/2026;2;LESCANO FRANCO DARIO
2331;AV. ARTURO ILLIA 1142;ARROYITO;13/4/2026;14/4/2026;13/4/2026;FAC-B0001-00011807;Venta;Empresa;74814;24;61963,98;74976,42;SHI JINCHUI;;15,00%;2;LUDUEÑA JULIANA;2010;CAZADOR MALBEC 6X750;2581,83;3597;;TRADITIONAL TRADE;Autoservicio Tradicional;54687,84;REPARTIDOR CBA;455,62;$;2;GRUPO PEÑAFLOR SA;0;0;Contado;14/4/2026 12:50;;;;;;;;PEÑAFLOR GRUPO OBJETIVO;;;20032;GRIBAUDO ESTEBAN;Gescom;;;True;154045;0;Lista General;Autoservicio Tradicional - C;12457;13/4/2026;2;LESCANO FRANCO DARIO
2331;AV. ARTURO ILLIA 1142;ARROYITO;13/4/2026;14/4/2026;13/4/2026;FAC-B0001-00011807;Venta;Empresa;74504;24;73178,27;88545,7;SHI JINCHUI;;15,00%;2;LUDUEÑA JULIANA;2010;DADA ART MALBEC 6X750;3049,09;3597;;TRADITIONAL TRADE;Autoservicio Tradicional;64585,2;REPARTIDOR CBA;538,08;$;2;GRUPO PEÑAFLOR SA;18;0;Contado;14/4/2026 12:50;;Dada;Alto;No definido;;;Vinos del Año;PEÑAFLOR GRUPO OBJETIVO;;;20032;GRIBAUDO ESTEBAN;Gescom;;;True;154045;0;Lista General;Autoservicio Tradicional - C;12457;13/4/2026;2;LESCANO FRANCO DARIO
2331;AV. ARTURO ILLIA 1142;ARROYITO;13/4/2026;14/4/2026;13/4/2026;FAC-B0001-00011807;Venta;Empresa;74393;24;73178,27;88545,7;SHI JINCHUI;;15,00%;2;LUDUEÑA JULIANA;2010;DADA FMORAS N°1 6X750;3049,09;3597;;TRADITIONAL TRADE;Autoservicio Tradicional;61356;REPARTIDOR CBA;538,08;$;2;GRUPO PEÑAFLOR SA;18;0;Contado;14/4/2026 12:50;;Dada;Alto;No definido;;;Vinos del Año;PEÑAFLOR GRUPO OBJETIVO;;;20032;GRIBAUDO ESTEBAN;Gescom;;;True;154045;0;Lista General;Autoservicio Tradicional - C;12457;13/4/2026;2;LESCANO FRANCO DARIO
2083;CARLOS PONTIN 534;ARROYITO;13/4/2026;14/4/2026;13/4/2026;FAC-A0001-00042277;Venta;Empresa;74814;24;61963,98;74976,42;WENG LIHUA;;15,00%;2;LUDUEÑA JULIANA;2010;CAZADOR MALBEC 6X750;2581,83;3597;;TRADITIONAL TRADE;Autoservicio Tradicional;54687,84;REPARTIDOR CBA;455,62;$;2;GRUPO PEÑAFLOR SA;0;0;Contado;14/4/2026 12:50;;;;;;;;PEÑAFLOR GRUPO OBJETIVO;;;20032;GRIBAUDO ESTEBAN;Gescom;;;True;154044;0;Lista General;Autoservicio Tradicional - C;12457;13/4/2026;2;LESCANO FRANCO DARIO
2083;CARLOS PONTIN 534;ARROYITO;13/4/2026;14/4/2026;13/4/2026;FAC-A0001-00042277;Venta;Empresa;74504;24;73178,27;88545,7;WENG LIHUA;;15,00%;2;LUDUEÑA JULIANA;2010;DADA ART MALBEC 6X750;3049,09;3597;;TRADITIONAL TRADE;Autoservicio Tradicional;64585,2;REPARTIDOR CBA;538,08;$;2;GRUPO PEÑAFLOR SA;18;0;Contado;14/4/2026 12:50;;Dada;Alto;No definido;;;Vinos del Año;PEÑAFLOR GRUPO OBJETIVO;;;20032;GRIBAUDO ESTEBAN;Gescom;;;True;154044;0;Lista General;Autoservicio Tradicional - C;12457;13/4/2026;2;LESCANO FRANCO DARIO
2083;CARLOS PONTIN 534;ARROYITO;13/4/2026;14/4/2026;13/4/2026;FAC-A0001-00042277;Venta;Empresa;74393;24;73178,27;88545,7;WENG LIHUA;;15,00%;2;LUDUEÑA JULIANA;2010;DADA FMORAS N°1 6X750;3049,09;3597;;TRADITIONAL TRADE;Autoservicio Tradicional;61356;REPARTIDOR CBA;538,08;$;2;GRUPO PEÑAFLOR SA;18;0;Contado;14/4/2026 12:50;;Dada;Alto;No definido;;;Vinos del Año;PEÑAFLOR GRUPO OBJETIVO;;;20032;GRIBAUDO ESTEBAN;Gescom;;;True;154044;0;Lista General;Autoservicio Tradicional - C;12457;13/4/2026;2;LESCANO FRANCO DARIO
390;INDEPENDENCIA 1211;San Francisco;13/4/2026;14/4/2026;13/4/2026;FAC-A0001-00042278;Venta;Empresa;74814;24;61963,98;74976,42;MIRANDA SEBASTIAN LEONARDO;;15,00%;8;ALVAREZ VANESA  KAFF;8040;CAZADOR MALBEC 6X750;2581,83;3597;;TRADITIONAL TRADE;Autoservicio Tradicional;54687,84;REPARTIDOR CBA;455,62;$;2;GRUPO PEÑAFLOR SA;0;0;Contado;14/4/2026 12:50;;;;;;;;PEÑAFLOR GRUPO OBJETIVO;;;20032;GRIBAUDO ESTEBAN;Gescom;;;True;154035;0;Lista General;Autoservicio Tradicional - C;12457;13/4/2026;2;LESCANO FRANCO DARIO
390;INDEPENDENCIA 1211;San Francisco;13/4/2026;14/4/2026;13/4/2026;FAC-A0001-00042278;Venta;Empresa;74504;24;73178,27;88545,7;MIRANDA SEBASTIAN LEONARDO;;15,00%;8;ALVAREZ VANESA  KAFF;8040;DADA ART MALBEC 6X750;3049,09;3597;;TRADITIONAL TRADE;Autoservicio Tradicional;64585,2;REPARTIDOR CBA;538,08;$;2;GRUPO PEÑAFLOR SA;18;0;Contado;14/4/2026 12:50;;Dada;Alto;No definido;;;Vinos del Año;PEÑAFLOR GRUPO OBJETIVO;;;20032;GRIBAUDO ESTEBAN;Gescom;;;True;154035;0;Lista General;Autoservicio Tradicional - C;12457;13/4/2026;2;LESCANO FRANCO DARIO
390;INDEPENDENCIA 1211;San Francisco;13/4/2026;14/4/2026;13/4/2026;FAC-A0001-00042278;Venta;Empresa;74393;24;73178,27;88545,7;MIRANDA SEBASTIAN LEONARDO;;15,00%;8;ALVAREZ VANESA  KAFF;8040;DADA FMORAS N°1 6X750;3049,09;3597;;TRADITIONAL TRADE;Autoservicio Tradicional;61356;REPARTIDOR CBA;538,08;$;2;GRUPO PEÑAFLOR SA;18;0;Contado;14/4/2026 12:50;;Dada;Alto;No definido;;;Vinos del Año;PEÑAFLOR GRUPO OBJETIVO;;;20032;GRIBAUDO ESTEBAN;Gescom;;;True;154035;0;Lista General;Autoservicio Tradicional - C;12457;13/4/2026;2;LESCANO FRANCO DARIO
172;25 DE MAYO ESQ 1 DE MAYO 0;San Francisco;13/4/2026;14/4/2026;13/4/2026;FAC-A0001-00042279;Venta;Empresa;74814;24;61963,98;74976,42;GIORDANA ENELE GERMAN;;15,00%;8;ALVAREZ VANESA  KAFF;8040;CAZADOR MALBEC 6X750;2581,83;3597;;TRADITIONAL TRADE;Autoservicio Tradicional;54687,84;REPARTIDOR CBA;455,62;$;2;GRUPO PEÑAFLOR SA;0;0;Contado;14/4/2026 12:50;;;;;;;;PEÑAFLOR GRUPO OBJETIVO;;;20032;GRIBAUDO ESTEBAN;Gescom;;;True;154034;0;Lista General;Autoservicio Tradicional - P;12457;13/4/2026;2;LESCANO FRANCO DARIO
172;25 DE MAYO ESQ 1 DE MAYO 0;San Francisco;13/4/2026;14/4/2026;13/4/2026;FAC-A0001-00042279;Venta;Empresa;74504;24;73178,27;88545,7;GIORDANA ENELE GERMAN;;15,00%;8;ALVAREZ VANESA  KAFF;8040;DADA ART MALBEC 6X750;3049,09;3597;;TRADITIONAL TRADE;Autoservicio Tradicional;64585,2;REPARTIDOR CBA;538,08;$;2;GRUPO PEÑAFLOR SA;18;0;Contado;14/4/2026 12:50;;Dada;Alto;No definido;;;Vinos del Año;PEÑAFLOR GRUPO OBJETIVO;;;20032;GRIBAUDO ESTEBAN;Gescom;;;True;154034;0;Lista General;Autoservicio Tradicional - P;12457;13/4/2026;2;LESCANO FRANCO DARIO
172;25 DE MAYO ESQ 1 DE MAYO 0;San Francisco;13/4/2026;14/4/2026;13/4/2026;FAC-A0001-00042279;Venta;Empresa;74393;24;73178,27;88545,7;GIORDANA ENELE GERMAN;;15,00%;8;ALVAREZ VANESA  KAFF;8040;DADA FMORAS N°1 6X750;3049,09;3597;;TRADITIONAL TRADE;Autoservicio Tradicional;61356;REPARTIDOR CBA;538,08;$;2;GRUPO PEÑAFLOR SA;18;0;Contado;14/4/2026 12:50;;Dada;Alto;No definido;;;Vinos del Año;PEÑAFLOR GRUPO OBJETIVO;;;20032;GRIBAUDO ESTEBAN;Gescom;;;True;154034;0;Lista General;Autoservicio Tradicional - P;12457;13/4/2026;2;LESCANO FRANCO DARIO
30011;CASEROS 1024;SAN FRANCISCO;13/4/2026;14/4/2026;13/4/2026;FAC-A0001-00042280;Venta;Empresa;74814;24;61963,98;74976,42;CHUN JIN ZHANG;;15,00%;8;ALVAREZ VANESA  KAFF;8020;CAZADOR MALBEC 6X750;2581,83;3597;;TRADITIONAL TRADE;Autoservicio Tradicional;54687,84;REPARTIDOR CBA;455,62;$;2;GRUPO PEÑAFLOR SA;0;0;Contado;14/4/2026 12:50;;;;;;;;PEÑAFLOR GRUPO OBJETIVO;;;20032;GRIBAUDO ESTEBAN;Gescom;;;True;154033;0;Lista General;Autoservicio Tradicional - P;12457;13/4/2026;2;LESCANO FRANCO DARIO
30011;CASEROS 1024;SAN FRANCISCO;13/4/2026;14/4/2026;13/4/2026;FAC-A0001-00042280;Venta;Empresa;74504;24;73178,27;88545,7;CHUN JIN ZHANG;;15,00%;8;ALVAREZ VANESA  KAFF;8020;DADA ART MALBEC 6X750;3049,09;3597;;TRADITIONAL TRADE;Autoservicio Tradicional;64585,2;REPARTIDOR CBA;538,08;$;2;GRUPO PEÑAFLOR SA;18;0;Contado;14/4/2026 12:50;;Dada;Alto;No definido;;;Vinos del Año;PEÑAFLOR GRUPO OBJETIVO;;;20032;GRIBAUDO ESTEBAN;Gescom;;;True;154033;0;Lista General;Autoservicio Tradicional - P;12457;13/4/2026;2;LESCANO FRANCO DARIO
30011;CASEROS 1024;SAN FRANCISCO;13/4/2026;14/4/2026;13/4/2026;FAC-A0001-00042280;Venta;Empresa;74393;24;73178,27;88545,7;CHUN JIN ZHANG;;15,00%;8;ALVAREZ VANESA  KAFF;8020;DADA FMORAS N°1 6X750;3049,09;3597;;TRADITIONAL TRADE;Autoservicio Tradicional;61356;REPARTIDOR CBA;538,08;$;2;GRUPO PEÑAFLOR SA;18;0;Contado;14/4/2026 12:50;;Dada;Alto;No definido;;;Vinos del Año;PEÑAFLOR GRUPO OBJETIVO;;;20032;GRIBAUDO ESTEBAN;Gescom;;;True;154033;0;Lista General;Autoservicio Tradicional - P;12457;13/4/2026;2;LESCANO FRANCO DARIO
7219;CORDOBA 859;SAN FRANCISCO;13/4/2026;14/4/2026;13/4/2026;FAC-A0001-00042281;Venta;Empresa;74814;24;61963,98;74976,42;YUMEI HUANG ;;15,00%;8;ALVAREZ VANESA  KAFF;8020;CAZADOR MALBEC 6X750;2581,83;3597;;TRADITIONAL TRADE;Autoservicio Tradicional;54687,84;REPARTIDOR CBA;455,62;$;2;GRUPO PEÑAFLOR SA;0;0;Contado;14/4/2026 12:50;;;;;;;;PEÑAFLOR GRUPO OBJETIVO;;;20032;GRIBAUDO ESTEBAN;Gescom;;;True;154032;0;Lista General;Autoservicio Tradicional - P;12457;13/4/2026;2;LESCANO FRANCO DARIO
7219;CORDOBA 859;SAN FRANCISCO;13/4/2026;14/4/2026;13/4/2026;FAC-A0001-00042281;Venta;Empresa;74504;24;73178,27;88545,7;YUMEI HUANG ;;15,00%;8;ALVAREZ VANESA  KAFF;8020;DADA ART MALBEC 6X750;3049,09;3597;;TRADITIONAL TRADE;Autoservicio Tradicional;64585,2;REPARTIDOR CBA;538,08;$;2;GRUPO PEÑAFLOR SA;18;0;Contado;14/4/2026 12:50;;Dada;Alto;No definido;;;Vinos del Año;PEÑAFLOR GRUPO OBJETIVO;;;20032;GRIBAUDO ESTEBAN;Gescom;;;True;154032;0;Lista General;Autoservicio Tradicional - P;12457;13/4/2026;2;LESCANO FRANCO DARIO
7219;CORDOBA 859;SAN FRANCISCO;13/4/2026;14/4/2026;13/4/2026;FAC-A0001-00042281;Venta;Empresa;74393;24;73178,27;88545,7;YUMEI HUANG ;;15,00%;8;ALVAREZ VANESA  KAFF;8020;DADA FMORAS N°1 6X750;3049,09;3597;;TRADITIONAL TRADE;Autoservicio Tradicional;61356;REPARTIDOR CBA;538,08;$;2;GRUPO PEÑAFLOR SA;18;0;Contado;14/4/2026 12:50;;Dada;Alto;No definido;;;Vinos del Año;PEÑAFLOR GRUPO OBJETIVO;;;20032;GRIBAUDO ESTEBAN;Gescom;;;True;154032;0;Lista General;Autoservicio Tradicional - P;12457;13/4/2026;2;LESCANO FRANCO DARIO
1249;DIEGO MONTOYA ESQ LA RIOJA 0;Las Varillas;13/4/2026;14/4/2026;13/4/2026;FAC-A0001-00042282;Venta;Empresa;74814;24;61963,98;74976,42;ALVARADO MARIA PILAR HERRERA;;15,00%;8;ALVAREZ VANESA  KAFF;8010;CAZADOR MALBEC 6X750;2581,83;3597;;TRADITIONAL TRADE;Autoservicio Tradicional;54687,84;REPARTIDOR CBA;455,62;$;2;GRUPO PEÑAFLOR SA;0;0;Contado;14/4/2026 12:50;;;;;;;;PEÑAFLOR GRUPO OBJETIVO;;;20032;GRIBAUDO ESTEBAN;Gescom;;;True;154031;0;Lista General;Autoservicio Tradicional - C;12457;13/4/2026;2;LESCANO FRANCO DARIO
1249;DIEGO MONTOYA ESQ LA RIOJA 0;Las Varillas;13/4/2026;14/4/2026;13/4/2026;FAC-A0001-00042282;Venta;Empresa;74504;24;73178,27;88545,7;ALVARADO MARIA PILAR HERRERA;;15,00%;8;ALVAREZ VANESA  KAFF;8010;DADA ART MALBEC 6X750;3049,09;3597;;TRADITIONAL TRADE;Autoservicio Tradicional;64585,2;REPARTIDOR CBA;538,08;$;2;GRUPO PEÑAFLOR SA;18;0;Contado;14/4/2026 12:50;;Dada;Alto;No definido;;;Vinos del Año;PEÑAFLOR GRUPO OBJETIVO;;;20032;GRIBAUDO ESTEBAN;Gescom;;;True;154031;0;Lista General;Autoservicio Tradicional - C;12457;13/4/2026;2;LESCANO FRANCO DARIO
1249;DIEGO MONTOYA ESQ LA RIOJA 0;Las Varillas;13/4/2026;14/4/2026;13/4/2026;FAC-A0001-00042282;Venta;Empresa;74393;24;73178,27;88545,7;ALVARADO MARIA PILAR HERRERA;;15,00%;8;ALVAREZ VANESA  KAFF;8010;DADA FMORAS N°1 6X750;3049,09;3597;;TRADITIONAL TRADE;Autoservicio Tradicional;61356;REPARTIDOR CBA;538,08;$;2;GRUPO PEÑAFLOR SA;18;0;Contado;14/4/2026 12:50;;Dada;Alto;No definido;;;Vinos del Año;PEÑAFLOR GRUPO OBJETIVO;;;20032;GRIBAUDO ESTEBAN;Gescom;;;True;154031;0;Lista General;Autoservicio Tradicional - C;12457;13/4/2026;2;LESCANO FRANCO DARIO
1074;ADELSO SOSA 1255;LAS VARILLAS;13/4/2026;14/4/2026;13/4/2026;FAC-B0001-00011808;Venta;Empresa;74814;24;61963,98;74976,42;GIOINO ARIEL NORBERTO;;15,00%;8;ALVAREZ VANESA  KAFF;8010;CAZADOR MALBEC 6X750;2581,83;3597;;TRADITIONAL TRADE;Autoservicio Tradicional;54687,84;REPARTIDOR CBA;455,62;$;2;GRUPO PEÑAFLOR SA;0;0;Contado;14/4/2026 12:50;;;;;;;;PEÑAFLOR GRUPO OBJETIVO;;;20032;GRIBAUDO ESTEBAN;Gescom;;;True;154030;0;Lista General;Autoservicio Tradicional - C;12457;13/4/2026;2;LESCANO FRANCO DARIO
1074;ADELSO SOSA 1255;LAS VARILLAS;13/4/2026;14/4/2026;13/4/2026;FAC-B0001-00011808;Venta;Empresa;74504;24;73178,27;88545,7;GIOINO ARIEL NORBERTO;;15,00%;8;ALVAREZ VANESA  KAFF;8010;DADA ART MALBEC 6X750;3049,09;3597;;TRADITIONAL TRADE;Autoservicio Tradicional;64585,2;REPARTIDOR CBA;538,08;$;2;GRUPO PEÑAFLOR SA;18;0;Contado;14/4/2026 12:50;;Dada;Alto;No definido;;;Vinos del Año;PEÑAFLOR GRUPO OBJETIVO;;;20032;GRIBAUDO ESTEBAN;Gescom;;;True;154030;0;Lista General;Autoservicio Tradicional - C;12457;13/4/2026;2;LESCANO FRANCO DARIO
1074;ADELSO SOSA 1255;LAS VARILLAS;13/4/2026;14/4/2026;13/4/2026;FAC-B0001-00011808;Venta;Empresa;74393;24;73178,27;88545,7;GIOINO ARIEL NORBERTO;;15,00%;8;ALVAREZ VANESA  KAFF;8010;DADA FMORAS N°1 6X750;3049,09;3597;;TRADITIONAL TRADE;Autoservicio Tradicional;61356;REPARTIDOR CBA;538,08;$;2;GRUPO PEÑAFLOR SA;18;0;Contado;14/4/2026 12:50;;Dada;Alto;No definido;;;Vinos del Año;PEÑAFLOR GRUPO OBJETIVO;;;20032;GRIBAUDO ESTEBAN;Gescom;;;True;154030;0;Lista General;Autoservicio Tradicional - C;12457;13/4/2026;2;LESCANO FRANCO DARIO
30069;ALBERDI 278 0;LAS VARILLAS;13/4/2026;14/4/2026;13/4/2026;FAC-A0001-00042283;Venta;Empresa;74814;24;61963,98;74976,42;DIAZ LUCIANO;;15,00%;8;ALVAREZ VANESA  KAFF;8010;CAZADOR MALBEC 6X750;2581,83;3597;;TRADITIONAL TRADE;Autoservicio Tradicional;54687,84;REPARTIDOR CBA;455,62;$;2;GRUPO PEÑAFLOR SA;0;0;Contado;14/4/2026 12:50;;;;;;;;PEÑAFLOR GRUPO OBJETIVO;;;20032;GRIBAUDO ESTEBAN;Gescom;;;True;154029;0;Lista General;Autoservicio Tradicional - P;12457;13/4/2026;2;LESCANO FRANCO DARIO
30069;ALBERDI 278 0;LAS VARILLAS;13/4/2026;14/4/2026;13/4/2026;FAC-A0001-00042283;Venta;Empresa;74504;24;73178,27;88545,7;DIAZ LUCIANO;;15,00%;8;ALVAREZ VANESA  KAFF;8010;DADA ART MALBEC 6X750;3049,09;3597;;TRADITIONAL TRADE;Autoservicio Tradicional;64585,2;REPARTIDOR CBA;538,08;$;2;GRUPO PEÑAFLOR SA;18;0;Contado;14/4/2026 12:50;;Dada;Alto;No definido;;;Vinos del Año;PEÑAFLOR GRUPO OBJETIVO;;;20032;GRIBAUDO ESTEBAN;Gescom;;;True;154029;0;Lista General;Autoservicio Tradicional - P;12457;13/4/2026;2;LESCANO FRANCO DARIO
30069;ALBERDI 278 0;LAS VARILLAS;13/4/2026;14/4/2026;13/4/2026;FAC-A0001-00042283;Venta;Empresa;74393;24;73178,27;88545,7;DIAZ LUCIANO;;15,00%;8;ALVAREZ VANESA  KAFF;8010;DADA FMORAS N°1 6X750;3049,09;3597;;TRADITIONAL TRADE;Autoservicio Tradicional;61356;REPARTIDOR CBA;538,08;$;2;GRUPO PEÑAFLOR SA;18;0;Contado;14/4/2026 12:50;;Dada;Alto;No definido;;;Vinos del Año;PEÑAFLOR GRUPO OBJETIVO;;;20032;GRIBAUDO ESTEBAN;Gescom;;;True;154029;0;Lista General;Autoservicio Tradicional - P;12457;13/4/2026;2;LESCANO FRANCO DARIO
30061;DR. DIEGO MONTOYA 801;LAS VARILLAS;13/4/2026;14/4/2026;13/4/2026;FAC-A0001-00042284;Venta;Empresa;74814;24;61963,98;74976,42;GIACOMO GABRIEL RAMON;;15,00%;8;ALVAREZ VANESA  KAFF;8010;CAZADOR MALBEC 6X750;2581,83;3597;;TRADITIONAL TRADE;Autoservicio Tradicional;54687,84;REPARTIDOR CBA;455,62;$;2;GRUPO PEÑAFLOR SA;0;0;Contado;14/4/2026 12:50;;;;;;;;PEÑAFLOR GRUPO OBJETIVO;;;20032;GRIBAUDO ESTEBAN;Gescom;;;True;154028;0;Lista General;Autoservicio Tradicional - P;12457;13/4/2026;2;LESCANO FRANCO DARIO
30061;DR. DIEGO MONTOYA 801;LAS VARILLAS;13/4/2026;14/4/2026;13/4/2026;FAC-A0001-00042284;Venta;Empresa;74504;24;73178,27;88545,7;GIACOMO GABRIEL RAMON;;15,00%;8;ALVAREZ VANESA  KAFF;8010;DADA ART MALBEC 6X750;3049,09;3597;;TRADITIONAL TRADE;Autoservicio Tradicional;64585,2;REPARTIDOR CBA;538,08;$;2;GRUPO PEÑAFLOR SA;18;0;Contado;14/4/2026 12:50;;Dada;Alto;No definido;;;Vinos del Año;PEÑAFLOR GRUPO OBJETIVO;;;20032;GRIBAUDO ESTEBAN;Gescom;;;True;154028;0;Lista General;Autoservicio Tradicional - P;12457;13/4/2026;2;LESCANO FRANCO DARIO
30061;DR. DIEGO MONTOYA 801;LAS VARILLAS;13/4/2026;14/4/2026;13/4/2026;FAC-A0001-00042284;Venta;Empresa;74393;24;73178,27;88545,7;GIACOMO GABRIEL RAMON;;15,00%;8;ALVAREZ VANESA  KAFF;8010;DADA FMORAS N°1 6X750;3049,09;3597;;TRADITIONAL TRADE;Autoservicio Tradicional;61356;REPARTIDOR CBA;538,08;$;2;GRUPO PEÑAFLOR SA;18;0;Contado;14/4/2026 12:50;;Dada;Alto;No definido;;;Vinos del Año;PEÑAFLOR GRUPO OBJETIVO;;;20032;GRIBAUDO ESTEBAN;Gescom;;;True;154028;0;Lista General;Autoservicio Tradicional - P;12457;13/4/2026;2;LESCANO FRANCO DARIO
826;AVELLANEDA 258;LAS VARILLAS;13/4/2026;14/4/2026;13/4/2026;FAC-A0001-00042285;Venta;Empresa;74814;24;61963,98;74976,42;MARTINEZ RODRIGO ;;15,00%;8;ALVAREZ VANESA  KAFF;8010;CAZADOR MALBEC 6X750;2581,83;3597;;TRADITIONAL TRADE;Autoservicio Tradicional;54687,84;REPARTIDOR CBA;455,62;$;2;GRUPO PEÑAFLOR SA;0;0;Contado;14/4/2026 12:50;;;;;;;;PEÑAFLOR GRUPO OBJETIVO;;;20032;GRIBAUDO ESTEBAN;Gescom;;;True;154027;0;Lista General;Autoservicio Tradicional - P;12457;13/4/2026;2;LESCANO FRANCO DARIO
826;AVELLANEDA 258;LAS VARILLAS;13/4/2026;14/4/2026;13/4/2026;FAC-A0001-00042285;Venta;Empresa;74504;24;73178,27;88545,7;MARTINEZ RODRIGO ;;15,00%;8;ALVAREZ VANESA  KAFF;8010;DADA ART MALBEC 6X750;3049,09;3597;;TRADITIONAL TRADE;Autoservicio Tradicional;64585,2;REPARTIDOR CBA;538,08;$;2;GRUPO PEÑAFLOR SA;18;0;Contado;14/4/2026 12:50;;Dada;Alto;No definido;;;Vinos del Año;PEÑAFLOR GRUPO OBJETIVO;;;20032;GRIBAUDO ESTEBAN;Gescom;;;True;154027;0;Lista General;Autoservicio Tradicional - P;12457;13/4/2026;2;LESCANO FRANCO DARIO
826;AVELLANEDA 258;LAS VARILLAS;13/4/2026;14/4/2026;13/4/2026;FAC-A0001-00042285;Venta;Empresa;74393;24;73178,27;88545,7;MARTINEZ RODRIGO ;;15,00%;8;ALVAREZ VANESA  KAFF;8010;DADA FMORAS N°1 6X750;3049,09;3597;;TRADITIONAL TRADE;Autoservicio Tradicional;61356;REPARTIDOR CBA;538,08;$;2;GRUPO PEÑAFLOR SA;18;0;Contado;14/4/2026 12:50;;Dada;Alto;No definido;;;Vinos del Año;PEÑAFLOR GRUPO OBJETIVO;;;20032;GRIBAUDO ESTEBAN;Gescom;;;True;154027;0;Lista General;Autoservicio Tradicional - P;12457;13/4/2026;2;LESCANO FRANCO DARIO
736;RIVADAVIA 440;LAS VARILLAS;13/4/2026;14/4/2026;13/4/2026;FAC-A0001-00042286;Venta;Empresa;74814;24;61963,98;74976,42;MARTINEZ CATRIEL;;15,00%;8;ALVAREZ VANESA  KAFF;8010;CAZADOR MALBEC 6X750;2581,83;3597;;TRADITIONAL TRADE;Autoservicio Tradicional;54687,84;REPARTIDOR CBA;455,62;$;2;GRUPO PEÑAFLOR SA;0;0;Contado;14/4/2026 12:50;;;;;;;;PEÑAFLOR GRUPO OBJETIVO;;;20032;GRIBAUDO ESTEBAN;Gescom;;;True;154025;0;Lista General;Autoservicio Tradicional - P;12457;13/4/2026;2;LESCANO FRANCO DARIO
736;RIVADAVIA 440;LAS VARILLAS;13/4/2026;14/4/2026;13/4/2026;FAC-A0001-00042286;Venta;Empresa;74504;24;73178,27;88545,7;MARTINEZ CATRIEL;;15,00%;8;ALVAREZ VANESA  KAFF;8010;DADA ART MALBEC 6X750;3049,09;3597;;TRADITIONAL TRADE;Autoservicio Tradicional;64585,2;REPARTIDOR CBA;538,08;$;2;GRUPO PEÑAFLOR SA;18;0;Contado;14/4/2026 12:50;;Dada;Alto;No definido;;;Vinos del Año;PEÑAFLOR GRUPO OBJETIVO;;;20032;GRIBAUDO ESTEBAN;Gescom;;;True;154025;0;Lista General;Autoservicio Tradicional - P;12457;13/4/2026;2;LESCANO FRANCO DARIO
736;RIVADAVIA 440;LAS VARILLAS;13/4/2026;14/4/2026;13/4/2026;FAC-A0001-00042286;Venta;Empresa;74393;24;73178,27;88545,7;MARTINEZ CATRIEL;;15,00%;8;ALVAREZ VANESA  KAFF;8010;DADA FMORAS N°1 6X750;3049,09;3597;;TRADITIONAL TRADE;Autoservicio Tradicional;61356;REPARTIDOR CBA;538,08;$;2;GRUPO PEÑAFLOR SA;18;0;Contado;14/4/2026 12:50;;Dada;Alto;No definido;;;Vinos del Año;PEÑAFLOR GRUPO OBJETIVO;;;20032;GRIBAUDO ESTEBAN;Gescom;;;True;154025;0;Lista General;Autoservicio Tradicional - P;12457;13/4/2026;2;LESCANO FRANCO DARIO
626;BARTOLOME MITRE 297;LAS VARILLAS;13/4/2026;14/4/2026;13/4/2026;FAC-A0001-00042287;Venta;Empresa;74814;24;61963,98;74976,42;CUIZA MARINO ROLANDO ;;15,00%;8;ALVAREZ VANESA  KAFF;8010;CAZADOR MALBEC 6X750;2581,83;3597;;TRADITIONAL TRADE;Autoservicio Tradicional;54687,84;REPARTIDOR CBA;455,62;$;2;GRUPO PEÑAFLOR SA;0;0;Contado;14/4/2026 12:50;;;;;;;;PEÑAFLOR GRUPO OBJETIVO;;;20032;GRIBAUDO ESTEBAN;Gescom;;;True;153986;0;Lista General;Autoservicio Tradicional - P;12457;13/4/2026;2;LESCANO FRANCO DARIO
626;BARTOLOME MITRE 297;LAS VARILLAS;13/4/2026;14/4/2026;13/4/2026;FAC-A0001-00042287;Venta;Empresa;74504;24;73178,27;88545,7;CUIZA MARINO ROLANDO ;;15,00%;8;ALVAREZ VANESA  KAFF;8010;DADA ART MALBEC 6X750;3049,09;3597;;TRADITIONAL TRADE;Autoservicio Tradicional;64585,2;REPARTIDOR CBA;538,08;$;2;GRUPO PEÑAFLOR SA;18;0;Contado;14/4/2026 12:50;;Dada;Alto;No definido;;;Vinos del Año;PEÑAFLOR GRUPO OBJETIVO;;;20032;GRIBAUDO ESTEBAN;Gescom;;;True;153986;0;Lista General;Autoservicio Tradicional - P;12457;13/4/2026;2;LESCANO FRANCO DARIO
626;BARTOLOME MITRE 297;LAS VARILLAS;13/4/2026;14/4/2026;13/4/2026;FAC-A0001-00042287;Venta;Empresa;74393;24;73178,27;88545,7;CUIZA MARINO ROLANDO ;;15,00%;8;ALVAREZ VANESA  KAFF;8010;DADA FMORAS N°1 6X750;3049,09;3597;;TRADITIONAL TRADE;Autoservicio Tradicional;61356;REPARTIDOR CBA;538,08;$;2;GRUPO PEÑAFLOR SA;18;0;Contado;14/4/2026 12:50;;Dada;Alto;No definido;;;Vinos del Año;PEÑAFLOR GRUPO OBJETIVO;;;20032;GRIBAUDO ESTEBAN;Gescom;;;True;153986;0;Lista General;Autoservicio Tradicional - P;12457;13/4/2026;2;LESCANO FRANCO DARIO
652;BUENOS AIRES 70;LAS VARILLAS;13/4/2026;14/4/2026;13/4/2026;FAC-B0001-00011809;Venta;Empresa;74814;24;61963,98;74976,42;YAN JINQING;;15,00%;8;ALVAREZ VANESA  KAFF;8010;CAZADOR MALBEC 6X750;2581,83;3597;;TRADITIONAL TRADE;Autoservicio Tradicional;54687,84;REPARTIDOR CBA;455,62;$;2;GRUPO PEÑAFLOR SA;0;0;Contado;14/4/2026 12:50;;;;;;;;PEÑAFLOR GRUPO OBJETIVO;;;20032;GRIBAUDO ESTEBAN;Gescom;;;True;153988;0;Lista General;Autoservicio Tradicional - P;12457;13/4/2026;2;LESCANO FRANCO DARIO
652;BUENOS AIRES 70;LAS VARILLAS;13/4/2026;14/4/2026;13/4/2026;FAC-B0001-00011809;Venta;Empresa;74504;24;73178,27;88545,7;YAN JINQING;;15,00%;8;ALVAREZ VANESA  KAFF;8010;DADA ART MALBEC 6X750;3049,09;3597;;TRADITIONAL TRADE;Autoservicio Tradicional;64585,2;REPARTIDOR CBA;538,08;$;2;GRUPO PEÑAFLOR SA;18;0;Contado;14/4/2026 12:50;;Dada;Alto;No definido;;;Vinos del Año;PEÑAFLOR GRUPO OBJETIVO;;;20032;GRIBAUDO ESTEBAN;Gescom;;;True;153988;0;Lista General;Autoservicio Tradicional - P;12457;13/4/2026;2;LESCANO FRANCO DARIO
652;BUENOS AIRES 70;LAS VARILLAS;13/4/2026;14/4/2026;13/4/2026;FAC-B0001-00011809;Venta;Empresa;74393;24;73178,27;88545,7;YAN JINQING;;15,00%;8;ALVAREZ VANESA  KAFF;8010;DADA FMORAS N°1 6X750;3049,09;3597;;TRADITIONAL TRADE;Autoservicio Tradicional;61356;REPARTIDOR CBA;538,08;$;2;GRUPO PEÑAFLOR SA;18;0;Contado;14/4/2026 12:50;;Dada;Alto;No definido;;;Vinos del Año;PEÑAFLOR GRUPO OBJETIVO;;;20032;GRIBAUDO ESTEBAN;Gescom;;;True;153988;0;Lista General;Autoservicio Tradicional - P;12457;13/4/2026;2;LESCANO FRANCO DARIO
45;S.RESTA ESQ. 9 DE JULIO 9;MORTEROS;13/4/2026;14/4/2026;13/4/2026;FAC-A0001-00042288;Venta;Empresa;74714;12;36589,13;44272,85;COOP. AGR. GANAD. MORTEROS SUC;;15,00%;4;GRIBAUDO ANGEL;4020;DADA WHITE MALBEC 6X750;3049,09;3597;;TRADITIONAL TRADE;Autoservicio Tradicional;32292,6;REPARTIDOR CBA;538,08;$;2;GRUPO PEÑAFLOR SA;9;0;Contado;14/4/2026 12:50;;;Alto;No definido;;;Vinos del Año;PEÑAFLOR GRUPO OBJETIVO;;;20032;GRIBAUDO ESTEBAN;Gescom;;;True;154085;0;Lista General;Autoservicio Tradicional - B;12457;13/4/2026;2;LESCANO FRANCO DARIO
45;S.RESTA ESQ. 9 DE JULIO 9;MORTEROS;13/4/2026;14/4/2026;13/4/2026;FAC-A0001-00042288;Venta;Empresa;44296;6;35658,23;43146,46;COOP. AGR. GANAD. MORTEROS SUC;;15,00%;4;GRIBAUDO ANGEL;4020;DON DAVID RESERVA MALBEC X750;5943,04;3597;;TRADITIONAL TRADE;Autoservicio Tradicional;32415,12;REPARTIDOR CBA;1048,77;$;2;GRUPO PEÑAFLOR SA;4,5;0;Contado;14/4/2026 12:50;;;Premium;No definido;;;Vino de Guarda;PEÑAFLOR GRUPO OBJETIVO;;;20032;GRIBAUDO ESTEBAN;Gescom;;;True;154085;0;Lista General;Autoservicio Tradicional - B;12457;13/4/2026;2;LESCANO FRANCO DARIO
45;S.RESTA ESQ. 9 DE JULIO 9;MORTEROS;13/4/2026;14/4/2026;13/4/2026;FAC-A0001-00042288;Venta;Empresa;72867;6;34479,47;41720,16;COOP. AGR. GANAD. MORTEROS SUC;;15,00%;4;GRIBAUDO ANGEL;4020;FOND CAVE RVA MALBEC 6X750;5746,58;3597;;TRADITIONAL TRADE;Autoservicio Tradicional;31343,58;REPARTIDOR CBA;1014,1;$;2;GRUPO PEÑAFLOR SA;4,5;0;Contado;14/4/2026 12:50;;Fond De Cave;Premium;No definido;;;Vino de Guarda;PEÑAFLOR GRUPO OBJETIVO;;;20032;GRIBAUDO ESTEBAN;Gescom;;;True;154085;0;Lista General;Autoservicio Tradicional - B;12457;13/4/2026;2;LESCANO FRANCO DARIO
45;S.RESTA ESQ. 9 DE JULIO 9;MORTEROS;13/4/2026;14/4/2026;13/4/2026;FAC-A0001-00042288;Venta;Empresa;71706;12;27873,85;33727,35;COOP. AGR. GANAD. MORTEROS SUC;;15,00%;4;GRIBAUDO ANGEL;4020;TRAPICHE ALARIS SBLANC 6X750;2322,82;3597;;TRADITIONAL TRADE;Autoservicio Tradicional;25845,48;REPARTIDOR CBA;409,91;$;2;GRUPO PEÑAFLOR SA;9;0;Contado;14/4/2026 12:50;;;Premium;No definido;;;Vino de Guarda;PEÑAFLOR GRUPO OBJETIVO;;;20032;GRIBAUDO ESTEBAN;Gescom;;;True;154085;0;Lista General;Autoservicio Tradicional - B;12457;13/4/2026;2;LESCANO FRANCO DARIO
114;MITRE 470;MORTEROS;13/4/2026;14/4/2026;13/4/2026;FAC-A0001-00042289;Venta;Empresa;74714;12;36589,13;44272,85;CLEMENTE JORGE LUIS;;15,00%;4;GRIBAUDO ANGEL;4020;DADA WHITE MALBEC 6X750;3049,09;3597;;TRADITIONAL TRADE;Autoservicio Tradicional;32292,6;REPARTIDOR CBA;538,08;$;2;GRUPO PEÑAFLOR SA;9;0;Contado;14/4/2026 12:50;;;Alto;No definido;;;Vinos del Año;PEÑAFLOR GRUPO OBJETIVO;;;20032;GRIBAUDO ESTEBAN;Gescom;;;True;154086;0;Lista General;Autoservicio Tradicional - A;12457;13/4/2026;2;LESCANO FRANCO DARIO
114;MITRE 470;MORTEROS;13/4/2026;14/4/2026;13/4/2026;FAC-A0001-00042289;Venta;Empresa;44296;6;35658,23;43146,46;CLEMENTE JORGE LUIS;;15,00%;4;GRIBAUDO ANGEL;4020;DON DAVID RESERVA MALBEC X750;5943,04;3597;;TRADITIONAL TRADE;Autoservicio Tradicional;32415,12;REPARTIDOR CBA;1048,77;$;2;GRUPO PEÑAFLOR SA;4,5;0;Contado;14/4/2026 12:50;;;Premium;No definido;;;Vino de Guarda;PEÑAFLOR GRUPO OBJETIVO;;;20032;GRIBAUDO ESTEBAN;Gescom;;;True;154086;0;Lista General;Autoservicio Tradicional - A;12457;13/4/2026;2;LESCANO FRANCO DARIO
114;MITRE 470;MORTEROS;13/4/2026;14/4/2026;13/4/2026;FAC-A0001-00042289;Venta;Empresa;72867;6;34479,47;41720,16;CLEMENTE JORGE LUIS;;15,00%;4;GRIBAUDO ANGEL;4020;FOND CAVE RVA MALBEC 6X750;5746,58;3597;;TRADITIONAL TRADE;Autoservicio Tradicional;31343,58;REPARTIDOR CBA;1014,1;$;2;GRUPO PEÑAFLOR SA;4,5;0;Contado;14/4/2026 12:50;;Fond De Cave;Premium;No definido;;;Vino de Guarda;PEÑAFLOR GRUPO OBJETIVO;;;20032;GRIBAUDO ESTEBAN;Gescom;;;True;154086;0;Lista General;Autoservicio Tradicional - A;12457;13/4/2026;2;LESCANO FRANCO DARIO
114;MITRE 470;MORTEROS;13/4/2026;14/4/2026;13/4/2026;FAC-A0001-00042289;Venta;Empresa;71706;12;27873,85;33727,35;CLEMENTE JORGE LUIS;;15,00%;4;GRIBAUDO ANGEL;4020;TRAPICHE ALARIS SBLANC 6X750;2322,82;3597;;TRADITIONAL TRADE;Autoservicio Tradicional;25845,48;REPARTIDOR CBA;409,91;$;2;GRUPO PEÑAFLOR SA;9;0;Contado;14/4/2026 12:50;;;Premium;No definido;;;Vino de Guarda;PEÑAFLOR GRUPO OBJETIVO;;;20032;GRIBAUDO ESTEBAN;Gescom;;;True;154086;0;Lista General;Autoservicio Tradicional - A;12457;13/4/2026;2;LESCANO FRANCO DARIO
1347;AV MARIANO MORENO 2215;Arroyito;13/4/2026;14/4/2026;13/4/2026;FAC-B0001-00011810;Venta;Empresa;80094;6;15643,54;18928,68;ASCARATE MARIANA-HELADERIA MAYO;;15,00%;10;ORTEGA MILAGROS DESIREE;1010;NC S E.BRUT4X6X355;2607,26;3590;;AWAY FROM HOME;Heladeria;13672,5;DELGADO MAYCO JOAQUIN;460,1;$;2;GRUPO PEÑAFLOR SA;0;0;Contado;14/4/2026 17:26;;;;;;;;PEÑAFLOR GRUPO OBJETIVO;;;20032;GRIBAUDO ESTEBAN;AXUM;;;False;153984;0;Lista General;Heladeria - C;12450;13/4/2026;2;LESCANO FRANCO DARIO
3011;BERNARDO ERB 649;Arroyito;13/4/2026;14/4/2026;13/4/2026;FAC-A0001-00042290;Venta;Empresa;30139;3;30320,22;36687,46;MARASINI JONATHAN EZEQUIEL;;6,00%;10;ORTEGA MILAGROS DESIREE;1010;GORDONS  TROPICAL FRUITS 6X700;10106,74;3590;;AWAY FROM HOME;Bar/Restaurant;24681,63;DELGADO MAYCO JOAQUIN;645,11;$;2;GRUPO PEÑAFLOR SA;0;0;Contado;14/4/2026 17:26;;;;;;;;PEÑAFLOR GRUPO OBJETIVO;;;20032;GRIBAUDO ESTEBAN;AXUM;;;False;154072;0;Lista General;Bar/Restaurant - P;12455;13/4/2026;2;LESCANO FRANCO DARIO
2857;SOBRE RUTA 10 10;VILLA SANTA ROSA;14/4/2026;15/4/2026;13/4/2026;FAC-A0006-00061814;Venta;P&P LOGISTICA S.R.L;71704;6;15084,67;18252,45;YANG ZHENKUN-LA ESPERANZA 2;;8,00%;6;PEYRONEL ANDREA;6010;TRAPICHE ALARIS MALBEC 6X750;2514,11;3594;;TRADITIONAL TRADE;Autoservicio Tradicional;12922,74;DELGADO MAYCO JOAQUIN;218,62;$;2;GRUPO PEÑAFLOR SA;4,5;0;Contado;16/4/2026 07:46;;Alaris;Medio Alto;No definido;;;Vinos del Año;PEÑAFLOR GRUPO OBJETIVO;;;20032;GRIBAUDO ESTEBAN;AXUM;;;False;153838;0;Lista General;Autoservicio Tradicional - C;12462;14/4/2026;20000;MOLINA JUAN
2857;SOBRE RUTA 10 10;VILLA SANTA ROSA;14/4/2026;15/4/2026;13/4/2026;FAC-A0006-00061814;Venta;P&P LOGISTICA S.R.L;80010;6;16799,18;20327,01;YANG ZHENKUN-LA ESPERANZA 2;;8,00%;6;PEYRONEL ANDREA;6010;LOS ARBOLES SEL MALBEC 6X750;2799,86;3594;;TRADITIONAL TRADE;Autoservicio Tradicional;14391,54;DELGADO MAYCO JOAQUIN;243,47;$;2;GRUPO PEÑAFLOR SA;4,5;0;Contado;16/4/2026 07:46;;Los Arboles;Medio Alto;No definido;;;Vinos del Año;Grupo Peñaflor,PEÑAFLOR GRUPO OBJETIVO;;;20032;GRIBAUDO ESTEBAN;AXUM;;;False;153838;0;Lista General;Autoservicio Tradicional - C;12462;14/4/2026;20000;MOLINA JUAN
941;SAN MARTIN 902;Santa Rosa de Río Primero;14/4/2026;15/4/2026;13/4/2026;FAC-A0006-00061826;Venta;P&P LOGISTICA S.R.L;35105;12;23216,76;28092,28;LUIS ALEJANDRO BAIGORRIA;;0,00%;6;PEYRONEL ANDREA;6010;SMF ICE RED BERRIE LAT 4X6X473;1934,73;3594;;TRADITIONAL TRADE;Kiosco/Maxikiosco;17765,28;DELGADO MAYCO JOAQUIN;0;$;2;GRUPO PEÑAFLOR SA;5,676;0;Contado;16/4/2026 07:46;;Smirnoff Ice Flavours;RTD (s);No definido;;;RTD (S);PEÑAFLOR GRUPO OBJETIVO;;;20032;GRIBAUDO ESTEBAN;AXUM;;;False;153904;0;Lista General;Kiosco/Maxikiosco - P;12462;14/4/2026;20000;MOLINA JUAN
941;SAN MARTIN 902;Santa Rosa de Río Primero;14/4/2026;15/4/2026;13/4/2026;FAC-A0006-00061826;Venta;P&P LOGISTICA S.R.L;35103;12;23216,76;28092,28;LUIS ALEJANDRO BAIGORRIA;;0,00%;6;PEYRONEL ANDREA;6010;SMIRNOFF ICE LATA 4X6X473;1934,73;3594;;TRADITIONAL TRADE;Kiosco/Maxikiosco;17765,28;DELGADO MAYCO JOAQUIN;0;$;2;GRUPO PEÑAFLOR SA;5,676;0;Contado;16/4/2026 07:46;;Smirnoff Ice;RTD (s);No definido;;;RTD (S);PEÑAFLOR GRUPO OBJETIVO;;;20032;GRIBAUDO ESTEBAN;AXUM;;;False;153904;0;Lista General;Kiosco/Maxikiosco - P;12462;14/4/2026;20000;MOLINA JUAN
1383;MAIPU 799;Santa Rosa de Río Primero;14/4/2026;15/4/2026;14/4/2026;FAC-A0006-00061834;Venta;P&P LOGISTICA S.R.L;30075;30;259166,42;321366,37;CHEN FANG;;12,00%;6;PEYRONEL ANDREA;6010;GORDON´S GIN 6x700;8638,88;3594;;TRADITIONAL TRADE;Autoservicio Tradicional;225354;DELGADO MAYCO JOAQUIN;1178,03;$;2;GRUPO PEÑAFLOR SA;21;0;Contado;16/4/2026 07:46;;Gordon´s;Standard (S);No definido;;;Gin;PEÑAFLOR GRUPO OBJETIVO;;;20032;GRIBAUDO ESTEBAN;AXUM;;;False;154146;0;Lista General;Autoservicio Tradicional - C;12465;14/4/2026;20000;MOLINA JUAN
1383;MAIPU 799;Santa Rosa de Río Primero;14/4/2026;15/4/2026;14/4/2026;FAC-A0006-00061834;Venta;P&P LOGISTICA S.R.L;30131;90;554441,18;687507,07;CHEN FANG;;12,00%;6;PEYRONEL ANDREA;6010;SMIRNOFF TROPICAL FRUITS 6X700;6160,46;3594;;TRADITIONAL TRADE;Autoservicio Tradicional;481864,5;DELGADO MAYCO JOAQUIN;840,06;$;2;GRUPO PEÑAFLOR SA;63;0;Contado;16/4/2026 07:46;;Smirnoff;Standard (S);No definido;;;Vodka;PEÑAFLOR GRUPO OBJETIVO;;;20032;GRIBAUDO ESTEBAN;AXUM;;;False;154146;0;Lista General;Autoservicio Tradicional - C;12465;14/4/2026;20000;MOLINA JUAN
1383;MAIPU 799;Santa Rosa de Río Primero;14/4/2026;15/4/2026;14/4/2026;FAC-A0006-00061834;Venta;P&P LOGISTICA S.R.L;30020;30;184813,73;229169,02;CHEN FANG;;12,00%;6;PEYRONEL ANDREA;6010;SMIRNOFF GREEN APPLE DO 6X700;6160,46;3594;;TRADITIONAL TRADE;Autoservicio Tradicional;160621,5;DELGADO MAYCO JOAQUIN;840,06;$;2;GRUPO PEÑAFLOR SA;21;0;Contado;16/4/2026 07:46;;Smirnoff;Standard (S);No definido;;;Vodka;PEÑAFLOR GRUPO OBJETIVO;;;20032;GRIBAUDO ESTEBAN;AXUM;;;False;154146;0;Lista General;Autoservicio Tradicional - C;12465;14/4/2026;20000;MOLINA JUAN
1383;MAIPU 799;Santa Rosa de Río Primero;14/4/2026;15/4/2026;14/4/2026;FAC-A0006-00061834;Venta;P&P LOGISTICA S.R.L;35093;30;184813,73;229169,02;CHEN FANG;;12,00%;6;PEYRONEL ANDREA;6010;SMIRNOFF BC GRAPEF.&LIME 6X700;6160,46;3594;;TRADITIONAL TRADE;Autoservicio Tradicional;160701,9;DELGADO MAYCO JOAQUIN;840,06;$;2;GRUPO PEÑAFLOR SA;21;0;Contado;16/4/2026 07:46;;Smirnoff;Standard (S);No definido;;;Vodka;PEÑAFLOR GRUPO OBJETIVO;;;20032;GRIBAUDO ESTEBAN;AXUM;;;False;154146;0;Lista General;Autoservicio Tradicional - C;12465;14/4/2026;20000;MOLINA JUAN
1383;MAIPU 799;Santa Rosa de Río Primero;14/4/2026;15/4/2026;14/4/2026;FAC-A0006-00061834;Venta;P&P LOGISTICA S.R.L;35101;12;73925,49;91667,61;CHEN FANG;;12,00%;6;PEYRONEL ANDREA;6010;SMIRNOFF BC ORANGE & LIME 6X700;6160,46;3594;;TRADITIONAL TRADE;Autoservicio Tradicional;64280,76;DELGADO MAYCO JOAQUIN;840,06;$;2;GRUPO PEÑAFLOR SA;8,4;0;Contado;16/4/2026 07:46;;Smirnoff;Standard (S);No definido;;;Vodka;PEÑAFLOR GRUPO OBJETIVO;;;20032;GRIBAUDO ESTEBAN;AXUM;;;False;154146;0;Lista General;Autoservicio Tradicional - C;12465;14/4/2026;20000;MOLINA JUAN
1383;MAIPU 799;Santa Rosa de Río Primero;14/4/2026;15/4/2026;14/4/2026;FAC-A0006-00061834;Venta;P&P LOGISTICA S.R.L;30065;12;73925,49;91667,61;CHEN FANG;;12,00%;6;PEYRONEL ANDREA;6010;SMIRNOFF WATERMELON 6X700;6160,46;3594;;TRADITIONAL TRADE;Autoservicio Tradicional;64280,76;DELGADO MAYCO JOAQUIN;840,06;$;2;GRUPO PEÑAFLOR SA;8,4;0;Contado;16/4/2026 07:46;;Smirnoff;Standard (S);No definido;;;Vodka;PEÑAFLOR GRUPO OBJETIVO;;;20032;GRIBAUDO ESTEBAN;AXUM;;;False;154146;0;Lista General;Autoservicio Tradicional - C;12465;14/4/2026;20000;MOLINA JUAN
1383;MAIPU 799;Santa Rosa de Río Primero;14/4/2026;15/4/2026;14/4/2026;FAC-A0006-00061834;Venta;P&P LOGISTICA S.R.L;30135;12;73925,49;91667,61;CHEN FANG;;12,00%;6;PEYRONEL ANDREA;6010;SMIRNOFF TAMARINDO 6 X 700;6160,46;3594;;TRADITIONAL TRADE;Autoservicio Tradicional;64280,76;DELGADO MAYCO JOAQUIN;840,06;$;2;GRUPO PEÑAFLOR SA;0;0;Contado;16/4/2026 07:46;;Smirnoff;Standard (S);No definido;;;Vodka;PEÑAFLOR GRUPO OBJETIVO;;;20032;GRIBAUDO ESTEBAN;AXUM;;;False;154146;0;Lista General;Autoservicio Tradicional - C;12465;14/4/2026;20000;MOLINA JUAN
1383;MAIPU 799;Santa Rosa de Río Primero;14/4/2026;15/4/2026;14/4/2026;FAC-A0006-00061834;Venta;P&P LOGISTICA S.R.L;30019;12;66497,48;82456,88;CHEN FANG;;12,00%;6;PEYRONEL ANDREA;6010;SMIRNOFF 21 DO 12X700;5541,46;3594;;TRADITIONAL TRADE;Autoservicio Tradicional;57821,88;DELGADO MAYCO JOAQUIN;755,65;$;2;GRUPO PEÑAFLOR SA;8,4;0;Contado;16/4/2026 07:46;;Smirnoff;Standard (S);No definido;;;Vodka;PEÑAFLOR GRUPO OBJETIVO;;;20032;GRIBAUDO ESTEBAN;AXUM;;;False;154146;0;Lista General;Autoservicio Tradicional - C;12465;14/4/2026;20000;MOLINA JUAN
1383;MAIPU 799;Santa Rosa de Río Primero;14/4/2026;15/4/2026;14/4/2026;FAC-A0006-00061834;Venta;P&P LOGISTICA S.R.L;30022;240;1478509,82;1833352,18;CHEN FANG;;12,00%;6;PEYRONEL ANDREA;6010;SMIRNOFF RASPBERRY DO 6X700;6160,46;3594;;TRADITIONAL TRADE;Autoservicio Tradicional;1284972;DELGADO MAYCO JOAQUIN;840,06;$;2;GRUPO PEÑAFLOR SA;168;0;Contado;16/4/2026 07:46;;Smirnoff;Standard (S);No definido;;;Vodka;PEÑAFLOR GRUPO OBJETIVO;;;20032;GRIBAUDO ESTEBAN;AXUM;;;False;154146;0;Lista General;Autoservicio Tradicional - C;12465;14/4/2026;20000;MOLINA JUAN
57;RIOBAMBA 362;MORTEROS;14/4/2026;15/4/2026;11/4/2026;FAC-A0006-00061842;Venta;P&P LOGISTICA S.R.L;74210;6;22643,1;27398,15;BOCCO MATIAS GASTON;;0,00%;4;GRIBAUDO ANGEL;4060;ALMA MORA MALBEC 6X750;3773,85;3593;;TRADITIONAL TRADE;Almacen/Despensa;16978,08;ACOSTA FACUNDO;0;$;2;GRUPO PEÑAFLOR SA;4,5;0;Contado;16/4/2026 08:20;;Alma Mora;Alto;No definido;;;Vinos del Año;PEÑAFLOR GRUPO OBJETIVO;;;20032;GRIBAUDO ESTEBAN;AXUM;;;False;153799;0;Lista General;Almacen/Despensa - P;12461;14/4/2026;2;LESCANO FRANCO DARIO
100;BV LIBERTADOR Y VELEZ SARFIELD 0;MORTEROS;14/4/2026;15/4/2026;13/4/2026;FAC-A0006-00061845;Venta;P&P LOGISTICA S.R.L;74210;3;11321,55;13699,08;YANDEN S.A.S;;0,00%;4;GRIBAUDO ANGEL;4010;ALMA MORA MALBEC 6X750;3773,85;3593;;TRADITIONAL TRADE;Autoservicio Tradicional;8489,04;ACOSTA FACUNDO;0;$;2;GRUPO PEÑAFLOR SA;2,25;0;Contado;16/4/2026 08:20;;Alma Mora;Alto;No definido;;;Vinos del Año;PEÑAFLOR GRUPO OBJETIVO;;;20032;GRIBAUDO ESTEBAN;AXUM;;;False;153808;0;Lista General;Autoservicio Tradicional - B;12461;14/4/2026;2;LESCANO FRANCO DARIO
100;BV LIBERTADOR Y VELEZ SARFIELD 0;MORTEROS;14/4/2026;15/4/2026;13/4/2026;FAC-A0006-00061845;Venta;P&P LOGISTICA S.R.L;42102;3;9849,84;11918,31;YANDEN S.A.S;;0,00%;4;GRIBAUDO ANGEL;4010;ELEMENTOS MALBEC 6X750 ;3283,28;3593;;TRADITIONAL TRADE;Autoservicio Tradicional;7019,76;ACOSTA FACUNDO;0;$;2;GRUPO PEÑAFLOR SA;2,25;0;Contado;16/4/2026 08:20;;ELEMENTOS;Alto;No definido;;;Vinos del Año;PEÑAFLOR GRUPO OBJETIVO;;;20032;GRIBAUDO ESTEBAN;AXUM;;;False;153808;0;Lista General;Autoservicio Tradicional - B;12461;14/4/2026;2;LESCANO FRANCO DARIO
100;BV LIBERTADOR Y VELEZ SARFIELD 0;MORTEROS;14/4/2026;15/4/2026;13/4/2026;FAC-A0006-00061845;Venta;P&P LOGISTICA S.R.L;41682;3;15140,97;18320,57;YANDEN S.A.S;;0,00%;4;GRIBAUDO ANGEL;4010;DON DAVID MALBEC 6X750;5046,99;3593;;TRADITIONAL TRADE;Autoservicio Tradicional;11358,57;ACOSTA FACUNDO;0;$;2;GRUPO PEÑAFLOR SA;2,25;0;Contado;16/4/2026 08:20;;Don David;Superior;No definido;;;Vinos del Año;PEÑAFLOR GRUPO OBJETIVO;;;20032;GRIBAUDO ESTEBAN;AXUM;;;False;153808;0;Lista General;Autoservicio Tradicional - B;12461;14/4/2026;2;LESCANO FRANCO DARIO
100;BV LIBERTADOR Y VELEZ SARFIELD 0;MORTEROS;14/4/2026;15/4/2026;13/4/2026;FAC-A0006-00061845;Venta;P&P LOGISTICA S.R.L;80089;3;9129,99;11047,29;YANDEN S.A.S;;0,00%;4;GRIBAUDO ANGEL;4010;LOS ARBOLES SEL RED BLEND 6X750;3043,33;3593;;TRADITIONAL TRADE;Autoservicio Tradicional;7195,77;ACOSTA FACUNDO;0;$;2;GRUPO PEÑAFLOR SA;2,25;0;Contado;16/4/2026 08:20;;Los Arboles;Premium;No definido;;-No Definido-;Vino de Guarda;PEÑAFLOR GRUPO OBJETIVO;;;20032;GRIBAUDO ESTEBAN;AXUM;;;False;153808;0;Lista General;Autoservicio Tradicional - B;12461;14/4/2026;2;LESCANO FRANCO DARIO
188;ALTE. BROWN ESQ. CASEROS 1;MORTEROS;14/4/2026;15/4/2026;14/4/2026;FAC-A0006-00061877;Venta;P&P LOGISTICA S.R.L;42102;6;18517,7;22406,42;BARRERA RAUL OMAR;;6,00%;4;GRIBAUDO ANGEL;4020;ELEMENTOS MALBEC 6X750 ;3086,28;3593;;TRADITIONAL TRADE;Autoservicio Tradicional;14039,52;ACOSTA FACUNDO;197;$;2;GRUPO PEÑAFLOR SA;4,5;0;Contado;16/4/2026 08:20;;ELEMENTOS;Alto;No definido;;;Vinos del Año;PEÑAFLOR GRUPO OBJETIVO;;;20032;GRIBAUDO ESTEBAN;AXUM;;;False;154130;0;Lista General;Autoservicio Tradicional - A;12464;14/4/2026;2;LESCANO FRANCO DARIO
304;9 DE JULIO 829;Morteros;14/4/2026;15/4/2026;14/4/2026;FAC-A0006-00061888;Venta;P&P LOGISTICA S.R.L;74210;12;39398,99;48854,75;CLEMENTE C Y J S.A.S.;;13,00%;4;GRIBAUDO ANGEL;4020;ALMA MORA MALBEC 6X750;3283,25;3593;;TRADITIONAL TRADE;Autoservicio Tradicional;33956,16;ACOSTA FACUNDO;490,6;$;2;GRUPO PEÑAFLOR SA;9;0;Contado;16/4/2026 08:20;;Alma Mora;Alto;No definido;;;Vinos del Año;PEÑAFLOR GRUPO OBJETIVO;;;20032;GRIBAUDO ESTEBAN;AXUM;;;False;154232;0;Lista General;Autoservicio Tradicional - P;12475;14/4/2026;2;LESCANO FRANCO DARIO
304;9 DE JULIO 829;Morteros;14/4/2026;15/4/2026;14/4/2026;FAC-A0006-00061888;Venta;P&P LOGISTICA S.R.L;74208;6;19700,18;24428,22;CLEMENTE C Y J S.A.S.;;13,00%;4;GRIBAUDO ANGEL;4020;ALMA MORA CABSAUV6X750 ;3283,36;3593;;TRADITIONAL TRADE;Autoservicio Tradicional;16987,14;ACOSTA FACUNDO;490,62;$;2;GRUPO PEÑAFLOR SA;4,5;0;Contado;16/4/2026 08:20;;Alma Mora;Alto;No definido;;;Vinos del Año;PEÑAFLOR GRUPO OBJETIVO;;;20032;GRIBAUDO ESTEBAN;AXUM;;;False;154232;0;Lista General;Autoservicio Tradicional - P;12475;14/4/2026;2;LESCANO FRANCO DARIO
304;9 DE JULIO 829;Morteros;14/4/2026;15/4/2026;14/4/2026;FAC-A0006-00061888;Venta;P&P LOGISTICA S.R.L;74209;6;19700,18;24428,22;CLEMENTE C Y J S.A.S.;;13,00%;4;GRIBAUDO ANGEL;4020;ALMA MORA SYRAH 6X750;3283,36;3593;;TRADITIONAL TRADE;Autoservicio Tradicional;16987,14;ACOSTA FACUNDO;490,62;$;2;GRUPO PEÑAFLOR SA;4,5;0;Contado;16/4/2026 08:20;;Alma Mora;Alto;No definido;;;Vinos del Año;PEÑAFLOR GRUPO OBJETIVO;;;20032;GRIBAUDO ESTEBAN;AXUM;;;False;154232;0;Lista General;Autoservicio Tradicional - P;12475;14/4/2026;2;LESCANO FRANCO DARIO
304;9 DE JULIO 829;Morteros;14/4/2026;15/4/2026;14/4/2026;FAC-A0006-00061888;Venta;P&P LOGISTICA S.R.L;74188;6;14264,85;17688,41;CLEMENTE C Y J S.A.S.;;13,00%;4;GRIBAUDO ANGEL;4020;TRAPICHE ALARIS DULCE COSECHA 6X750;2377,48;3593;;TRADITIONAL TRADE;Autoservicio Tradicional;12276,6;ACOSTA FACUNDO;355,25;$;2;GRUPO PEÑAFLOR SA;4,5;0;Contado;16/4/2026 08:20;;Alaris;Medio Alto;No definido;;;Vinos del Año;PEÑAFLOR GRUPO OBJETIVO;;;20032;GRIBAUDO ESTEBAN;AXUM;;;False;154232;0;Lista General;Autoservicio Tradicional - P;12475;14/4/2026;2;LESCANO FRANCO DARIO
304;9 DE JULIO 829;Morteros;14/4/2026;15/4/2026;14/4/2026;FAC-A0006-00061888;Venta;P&P LOGISTICA S.R.L;44395;6;17138,72;21252,01;CLEMENTE C Y J S.A.S.;;13,00%;4;GRIBAUDO ANGEL;4020;ELEMENTOS RED BLEND 6 X 750;2856,45;3593;;TRADITIONAL TRADE;Autoservicio Tradicional;14778,42;ACOSTA FACUNDO;426,83;$;2;GRUPO PEÑAFLOR SA;0;0;Contado;16/4/2026 08:20;;ELEMENTOS;Alto;;;;Vinos del Año;PEÑAFLOR GRUPO OBJETIVO;;;20032;GRIBAUDO ESTEBAN;AXUM;;;False;154232;0;Lista General;Autoservicio Tradicional - P;12475;14/4/2026;2;LESCANO FRANCO DARIO
304;9 DE JULIO 829;Morteros;14/4/2026;15/4/2026;14/4/2026;FAC-A0006-00061888;Venta;P&P LOGISTICA S.R.L;42105;6;17138,72;21252,01;CLEMENTE C Y J S.A.S.;;13,00%;4;GRIBAUDO ANGEL;4020;ELEMENTOS TORRONTES 6X750 ;2856,45;3593;;TRADITIONAL TRADE;Autoservicio Tradicional;14778,42;ACOSTA FACUNDO;426,83;$;2;GRUPO PEÑAFLOR SA;4,5;0;Contado;16/4/2026 08:20;;ELEMENTOS;Alto;No definido;;;Vinos del Año;PEÑAFLOR GRUPO OBJETIVO;;;20032;GRIBAUDO ESTEBAN;AXUM;;;False;154232;0;Lista General;Autoservicio Tradicional - P;12475;14/4/2026;2;LESCANO FRANCO DARIO
304;9 DE JULIO 829;Morteros;14/4/2026;15/4/2026;14/4/2026;FAC-A0006-00061888;Venta;P&P LOGISTICA S.R.L;74786;6;16015,8;19859,59;CLEMENTE C Y J S.A.S.;;13,00%;4;GRIBAUDO ANGEL;4020;EL BAUTISMO CABERNET 6X750;2669,3;3593;;TRADITIONAL TRADE;Autoservicio Tradicional;14508,96;ACOSTA FACUNDO;398,86;$;2;GRUPO PEÑAFLOR SA;4,5;0;Contado;16/4/2026 08:20;;;Vinos Del Año;;;;Vinos del Año;PEÑAFLOR GRUPO OBJETIVO;;;20032;GRIBAUDO ESTEBAN;AXUM;;;False;154232;0;Lista General;Autoservicio Tradicional - P;12475;14/4/2026;2;LESCANO FRANCO DARIO
304;9 DE JULIO 829;Morteros;14/4/2026;15/4/2026;14/4/2026;FAC-A0006-00061888;Venta;P&P LOGISTICA S.R.L;74815;6;15855,49;19660,81;CLEMENTE C Y J S.A.S.;;13,00%;4;GRIBAUDO ANGEL;4020;CAZADOR CAB. SAU 6X750;2642,58;3593;;TRADITIONAL TRADE;Autoservicio Tradicional;13671,96;ACOSTA FACUNDO;394,87;$;2;GRUPO PEÑAFLOR SA;0;0;Contado;16/4/2026 08:20;;;;;;;;PEÑAFLOR GRUPO OBJETIVO;;;20032;GRIBAUDO ESTEBAN;AXUM;;;False;154232;0;Lista General;Autoservicio Tradicional - P;12475;14/4/2026;2;LESCANO FRANCO DARIO
304;9 DE JULIO 829;Morteros;14/4/2026;15/4/2026;14/4/2026;FAC-A0006-00061888;Venta;P&P LOGISTICA S.R.L;80004;6;12255,78;15197,16;CLEMENTE C Y J S.A.S.;;13,00%;4;GRIBAUDO ANGEL;4020;SAN TELMO MALBEC X750;2042,63;3593;;TRADITIONAL TRADE;Autoservicio Tradicional;11102,7;ACOSTA FACUNDO;305,22;$;2;GRUPO PEÑAFLOR SA;4,5;0;Contado;16/4/2026 08:20;;;Medio;No definido;;;Vinos del Año;Grupo Peñaflor,PEÑAFLOR GRUPO OBJETIVO;;;20032;GRIBAUDO ESTEBAN;AXUM;;;False;154232;0;Lista General;Autoservicio Tradicional - P;12475;14/4/2026;2;LESCANO FRANCO DARIO
304;9 DE JULIO 829;Morteros;14/4/2026;15/4/2026;14/4/2026;FAC-A0006-00061888;Venta;P&P LOGISTICA S.R.L;74827;6;19700,18;24428,22;CLEMENTE C Y J S.A.S.;;13,00%;4;GRIBAUDO ANGEL;4020;ALMA MORA BLANCO DULCE LOW 6X750;3283,36;3593;;TRADITIONAL TRADE;Autoservicio Tradicional;16987,14;ACOSTA FACUNDO;490,62;$;2;GRUPO PEÑAFLOR SA;0;0;Contado;16/4/2026 08:20;;;Alto;;;;Vinos del Año;PEÑAFLOR GRUPO OBJETIVO;;;20032;GRIBAUDO ESTEBAN;AXUM;;;False;154232;0;Lista General;Autoservicio Tradicional - P;12475;14/4/2026;2;LESCANO FRANCO DARIO
304;9 DE JULIO 829;Morteros;14/4/2026;15/4/2026;14/4/2026;FAC-A0006-00061888;Venta;P&P LOGISTICA S.R.L;35109;24;43879,54;54410,62;CLEMENTE C Y J S.A.S.;;10,00%;4;GRIBAUDO ANGEL;4020;SMF  BC GRAPEF&LIME  LATA 4X6X473;1828,31;3593;;TRADITIONAL TRADE;Autoservicio Tradicional;37306,8;ACOSTA FACUNDO;203,15;$;2;GRUPO PEÑAFLOR SA;0;0;Contado;16/4/2026 08:20;;Smirnoff Ice Flavours;RTD (s);;;;RTD (S);PEÑAFLOR GRUPO OBJETIVO;;;20032;GRIBAUDO ESTEBAN;AXUM;;;False;154232;0;Lista General;Autoservicio Tradicional - P;12475;14/4/2026;2;LESCANO FRANCO DARIO
304;9 DE JULIO 829;Morteros;14/4/2026;15/4/2026;14/4/2026;FAC-A0006-00061888;Venta;P&P LOGISTICA S.R.L;35108;24;43879,54;54410,62;CLEMENTE C Y J S.A.S.;;10,00%;4;GRIBAUDO ANGEL;4020;SMF BC RUBYORANGE&LIME LATA 4X6X473;1828,31;3593;;TRADITIONAL TRADE;Autoservicio Tradicional;37306,8;ACOSTA FACUNDO;203,15;$;2;GRUPO PEÑAFLOR SA;0;0;Contado;16/4/2026 08:20;;Smirnoff Ice Flavours;RTD (S);;;;RTD (S);PEÑAFLOR GRUPO OBJETIVO;;;20032;GRIBAUDO ESTEBAN;AXUM;;;False;154232;0;Lista General;Autoservicio Tradicional - P;12475;14/4/2026;2;LESCANO FRANCO DARIO
304;9 DE JULIO 829;Morteros;14/4/2026;15/4/2026;14/4/2026;FAC-A0006-00061888;Venta;P&P LOGISTICA S.R.L;35104;24;41790,17;51819,81;CLEMENTE C Y J S.A.S.;;10,00%;4;GRIBAUDO ANGEL;4020;SMF ICE GREENAPPLE LAT 4X6X473;1741,26;3593;;TRADITIONAL TRADE;Autoservicio Tradicional;35530,56;ACOSTA FACUNDO;193,47;$;2;GRUPO PEÑAFLOR SA;11,352;0;Contado;16/4/2026 08:20;;Smirnoff Ice Flavours;RTD (s);No definido;;;RTD (S);PEÑAFLOR GRUPO OBJETIVO;;;20032;GRIBAUDO ESTEBAN;AXUM;;;False;154232;0;Lista General;Autoservicio Tradicional - P;12475;14/4/2026;2;LESCANO FRANCO DARIO
304;9 DE JULIO 829;Morteros;14/4/2026;15/4/2026;14/4/2026;FAC-A0006-00061888;Venta;P&P LOGISTICA S.R.L;35105;24;41790,17;51819,81;CLEMENTE C Y J S.A.S.;;10,00%;4;GRIBAUDO ANGEL;4020;SMF ICE RED BERRIE LAT 4X6X473;1741,26;3593;;TRADITIONAL TRADE;Autoservicio Tradicional;35530,56;ACOSTA FACUNDO;193,47;$;2;GRUPO PEÑAFLOR SA;11,352;0;Contado;16/4/2026 08:20;;Smirnoff Ice Flavours;RTD (s);No definido;;;RTD (S);PEÑAFLOR GRUPO OBJETIVO;;;20032;GRIBAUDO ESTEBAN;AXUM;;;False;154232;0;Lista General;Autoservicio Tradicional - P;12475;14/4/2026;2;LESCANO FRANCO DARIO
30033;URQUIZA 962;SAN FRANCISCO;14/4/2026;15/4/2026;10/4/2026;FAC-A0006-00061899;Venta;P&P LOGISTICA S.R.L;41682;6;27253,75;32977,03;MARTINICH VIVIANA RITA ;;10,00%;8;ALVAREZ VANESA  KAFF;8020;DON DAVID MALBEC 6X750;4542,29;3599;;TRADITIONAL TRADE;Autoservicio Tradicional;22717,14;BLAS ALMADA;504,7;$;2;GRUPO PEÑAFLOR SA;4,5;0;Contado;16/4/2026 07:54;;Don David;Superior;No definido;;;Vinos del Año;PEÑAFLOR GRUPO OBJETIVO;;;20032;GRIBAUDO ESTEBAN;AXUM;;;False;153749;0;Lista General;Autoservicio Tradicional - P;12467;14/4/2026;20000;MOLINA JUAN
30033;URQUIZA 962;SAN FRANCISCO;14/4/2026;15/4/2026;10/4/2026;FAC-A0006-00061899;Venta;P&P LOGISTICA S.R.L;42375;6;27253,75;32977,03;MARTINICH VIVIANA RITA ;;10,00%;8;ALVAREZ VANESA  KAFF;8020;DON DAVID TORRONTES 6X750;4542,29;3599;;TRADITIONAL TRADE;Autoservicio Tradicional;22717,14;BLAS ALMADA;504,7;$;2;GRUPO PEÑAFLOR SA;4,5;0;Contado;16/4/2026 07:54;;Don David;Superior;No definido;;;Vinos del Año;PEÑAFLOR GRUPO OBJETIVO;;;20032;GRIBAUDO ESTEBAN;AXUM;;;False;153749;0;Lista General;Autoservicio Tradicional - P;12467;14/4/2026;20000;MOLINA JUAN
30033;URQUIZA 962;SAN FRANCISCO;14/4/2026;15/4/2026;10/4/2026;FAC-A0006-00061899;Venta;P&P LOGISTICA S.R.L;80018;6;25888,46;31325,04;MARTINICH VIVIANA RITA ;;10,00%;8;ALVAREZ VANESA  KAFF;8020;COLECCION PRIVADA CAB SAUV 6X750;4314,74;3599;;TRADITIONAL TRADE;Autoservicio Tradicional;21579,06;BLAS ALMADA;479,42;$;2;GRUPO PEÑAFLOR SA;4,5;0;Contado;16/4/2026 07:54;;;-No Definido-;No definido;;;Vinos del Año;Grupo Peñaflor,PEÑAFLOR GRUPO OBJETIVO;;;20032;GRIBAUDO ESTEBAN;AXUM;;;False;153749;0;Lista General;Autoservicio Tradicional - P;12467;14/4/2026;20000;MOLINA JUAN
30033;URQUIZA 962;SAN FRANCISCO;14/4/2026;15/4/2026;10/4/2026;FAC-A0006-00061900;Venta;P&P LOGISTICA S.R.L;74570;6;32979,74;39905,49;MARTINICH VIVIANA RITA ;;10,00%;8;ALVAREZ VANESA  KAFF;8020;LOS INTOCABLES MALBEC 6X750;5496,62;3599;;TRADITIONAL TRADE;Autoservicio Tradicional;26898,9;BLAS ALMADA;610,74;$;2;GRUPO PEÑAFLOR SA;4,5;0;Contado;16/4/2026 07:54;;;Premium;No definido;;;Vino de Guarda;PEÑAFLOR GRUPO OBJETIVO;;;20032;GRIBAUDO ESTEBAN;AXUM;;;False;153750;0;Lista General;Autoservicio Tradicional - P;12467;14/4/2026;20000;MOLINA JUAN
30033;URQUIZA 962;SAN FRANCISCO;14/4/2026;15/4/2026;10/4/2026;FAC-A0006-00061900;Venta;P&P LOGISTICA S.R.L;74583;6;32979,74;39905,49;MARTINICH VIVIANA RITA ;;10,00%;8;ALVAREZ VANESA  KAFF;8020;LOS INTOCABLES CAB.SAUV 6X750;5496,62;3599;;TRADITIONAL TRADE;Autoservicio Tradicional;28314,66;BLAS ALMADA;610,74;$;2;GRUPO PEÑAFLOR SA;4,5;0;Contado;16/4/2026 07:54;;;Premium;No definido;;;Vino de Guarda;PEÑAFLOR GRUPO OBJETIVO;;;20032;GRIBAUDO ESTEBAN;AXUM;;;False;153750;0;Lista General;Autoservicio Tradicional - P;12467;14/4/2026;20000;MOLINA JUAN
30033;URQUIZA 962;SAN FRANCISCO;14/4/2026;15/4/2026;10/4/2026;FAC-A0006-00061901;Venta;P&P LOGISTICA S.R.L;74146;6;26463,19;32020,46;MARTINICH VIVIANA RITA ;;10,00%;8;ALVAREZ VANESA  KAFF;8020;FOND CAVE MALBEC 6X750 ;4410,53;3599;;TRADITIONAL TRADE;Autoservicio Tradicional;22058,16;BLAS ALMADA;490,06;$;2;GRUPO PEÑAFLOR SA;4,5;0;Contado;16/4/2026 07:54;;Fond De Cave;Superior;No definido;;;Vinos del Año;PEÑAFLOR GRUPO OBJETIVO;;;20032;GRIBAUDO ESTEBAN;AXUM;;;False;153751;0;Lista General;Autoservicio Tradicional - P;12467;14/4/2026;20000;MOLINA JUAN
30033;URQUIZA 962;SAN FRANCISCO;14/4/2026;15/4/2026;10/4/2026;FAC-A0006-00061901;Venta;P&P LOGISTICA S.R.L;44297;6;37755,77;45684,49;MARTINICH VIVIANA RITA ;;10,00%;8;ALVAREZ VANESA  KAFF;8020;DON DAVID RESERVA CAB.SAUV X750;6292,63;3599;;TRADITIONAL TRADE;Autoservicio Tradicional;32415,12;BLAS ALMADA;699,18;$;2;GRUPO PEÑAFLOR SA;4,5;0;Contado;16/4/2026 07:54;;;Premium;No definido;;;Vino de Guarda;PEÑAFLOR GRUPO OBJETIVO;;;20032;GRIBAUDO ESTEBAN;AXUM;;;False;153751;0;Lista General;Autoservicio Tradicional - P;12467;14/4/2026;20000;MOLINA JUAN
30033;URQUIZA 962;SAN FRANCISCO;14/4/2026;15/4/2026;10/4/2026;FAC-A0006-00061901;Venta;P&P LOGISTICA S.R.L;42373;6;27253,75;32977,03;MARTINICH VIVIANA RITA ;;10,00%;8;ALVAREZ VANESA  KAFF;8020;DON DAVID CABERNET 6X750;4542,29;3599;;TRADITIONAL TRADE;Autoservicio Tradicional;22717,14;BLAS ALMADA;504,7;$;2;GRUPO PEÑAFLOR SA;4,5;0;Contado;16/4/2026 07:54;;Don David;Superior;No definido;;;Vinos del Año;PEÑAFLOR GRUPO OBJETIVO;;;20032;GRIBAUDO ESTEBAN;AXUM;;;False;153751;0;Lista General;Autoservicio Tradicional - P;12467;14/4/2026;20000;MOLINA JUAN
30033;URQUIZA 962;SAN FRANCISCO;14/4/2026;15/4/2026;10/4/2026;FAC-A0006-00061902;Venta;P&P LOGISTICA S.R.L;74684;6;32979,74;39905,49;MARTINICH VIVIANA RITA ;;10,00%;8;ALVAREZ VANESA  KAFF;8020;LOS INTOCABLES RED BLEND 6X750;5496,62;3599;;TRADITIONAL TRADE;Autoservicio Tradicional;28314,66;BLAS ALMADA;610,74;$;2;GRUPO PEÑAFLOR SA;4,5;0;Contado;16/4/2026 07:54;;;Premium;No definido;;;Vino de Guarda;PEÑAFLOR GRUPO OBJETIVO;;;20032;GRIBAUDO ESTEBAN;AXUM;;;False;153752;0;Lista General;Autoservicio Tradicional - P;12467;14/4/2026;20000;MOLINA JUAN
30033;URQUIZA 962;SAN FRANCISCO;14/4/2026;15/4/2026;10/4/2026;FAC-A0006-00061902;Venta;P&P LOGISTICA S.R.L;74715;6;32979,74;39905,49;MARTINICH VIVIANA RITA ;;10,00%;8;ALVAREZ VANESA  KAFF;8020;LOS INTOCABLES RUM BLEND 6X750;5496,62;3599;;TRADITIONAL TRADE;Autoservicio Tradicional;28314,66;BLAS ALMADA;610,74;$;2;GRUPO PEÑAFLOR SA;4,5;0;Contado;16/4/2026 07:54;;;Premium;No definido;;;Vino de Guarda;PEÑAFLOR GRUPO OBJETIVO;;;20032;GRIBAUDO ESTEBAN;AXUM;;;False;153752;0;Lista General;Autoservicio Tradicional - P;12467;14/4/2026;20000;MOLINA JUAN
30033;URQUIZA 962;SAN FRANCISCO;14/4/2026;15/4/2026;10/4/2026;FAC-A0006-00061903;Venta;P&P LOGISTICA S.R.L;74721;6;18702,79;22630,38;MARTINICH VIVIANA RITA ;;10,00%;8;ALVAREZ VANESA  KAFF;8020;FAIR FOR LIFE MALBEC 6X750 ;3117,13;3599;;TRADITIONAL TRADE;Autoservicio Tradicional;15589,56;BLAS ALMADA;346,35;$;2;GRUPO PEÑAFLOR SA;4,5;0;Contado;16/4/2026 07:54;;FAIR FOR LIFE;Alto;No definido;;;Vinos del Año;PEÑAFLOR GRUPO OBJETIVO;;;20032;GRIBAUDO ESTEBAN;AXUM;;;False;153753;0;Lista General;Autoservicio Tradicional - P;12467;14/4/2026;20000;MOLINA JUAN
30033;URQUIZA 962;SAN FRANCISCO;14/4/2026;15/4/2026;10/4/2026;FAC-A0006-00061903;Venta;P&P LOGISTICA S.R.L;74210;6;20378,79;24658,34;MARTINICH VIVIANA RITA ;;10,00%;8;ALVAREZ VANESA  KAFF;8020;ALMA MORA MALBEC 6X750;3396,47;3599;;TRADITIONAL TRADE;Autoservicio Tradicional;16978,08;BLAS ALMADA;377,39;$;2;GRUPO PEÑAFLOR SA;4,5;0;Contado;16/4/2026 07:54;;Alma Mora;Alto;No definido;;;Vinos del Año;PEÑAFLOR GRUPO OBJETIVO;;;20032;GRIBAUDO ESTEBAN;AXUM;;;False;153753;0;Lista General;Autoservicio Tradicional - P;12467;14/4/2026;20000;MOLINA JUAN
30033;URQUIZA 962;SAN FRANCISCO;14/4/2026;15/4/2026;10/4/2026;FAC-A0006-00061903;Venta;P&P LOGISTICA S.R.L;74208;6;20379,49;24659,19;MARTINICH VIVIANA RITA ;;10,00%;8;ALVAREZ VANESA  KAFF;8020;ALMA MORA CABSAUV6X750 ;3396,58;3599;;TRADITIONAL TRADE;Autoservicio Tradicional;16987,14;BLAS ALMADA;377,4;$;2;GRUPO PEÑAFLOR SA;4,5;0;Contado;16/4/2026 07:54;;Alma Mora;Alto;No definido;;;Vinos del Año;PEÑAFLOR GRUPO OBJETIVO;;;20032;GRIBAUDO ESTEBAN;AXUM;;;False;153753;0;Lista General;Autoservicio Tradicional - P;12467;14/4/2026;20000;MOLINA JUAN
30033;URQUIZA 962;SAN FRANCISCO;14/4/2026;15/4/2026;10/4/2026;FAC-A0006-00061903;Venta;P&P LOGISTICA S.R.L;74395;6;19370,72;23438,57;MARTINICH VIVIANA RITA ;;10,00%;8;ALVAREZ VANESA  KAFF;8020;DADA FMORAS N°2 6X750 ;3228,45;3599;;TRADITIONAL TRADE;Autoservicio Tradicional;15339;BLAS ALMADA;358,72;$;2;GRUPO PEÑAFLOR SA;4,5;0;Contado;16/4/2026 07:54;;Dada;Alto;No definido;;;Vinos del Año;PEÑAFLOR GRUPO OBJETIVO;;;20032;GRIBAUDO ESTEBAN;AXUM;;;False;153753;0;Lista General;Autoservicio Tradicional - P;12467;14/4/2026;20000;MOLINA JUAN
30033;URQUIZA 962;SAN FRANCISCO;14/4/2026;15/4/2026;10/4/2026;FAC-A0006-00061904;Venta;P&P LOGISTICA S.R.L;74651;6;32979,74;39905,49;MARTINICH VIVIANA RITA ;;10,00%;8;ALVAREZ VANESA  KAFF;8020;LOS INTOCABLES CHARD  6X750;5496,62;3599;;TRADITIONAL TRADE;Autoservicio Tradicional;28314,66;BLAS ALMADA;610,74;$;2;GRUPO PEÑAFLOR SA;4,5;0;Contado;16/4/2026 07:54;;;Premium;No definido;;;Vino de Guarda;PEÑAFLOR GRUPO OBJETIVO;;;20032;GRIBAUDO ESTEBAN;AXUM;;;False;153755;0;Lista General;Autoservicio Tradicional - P;12467;14/4/2026;20000;MOLINA JUAN
30033;URQUIZA 962;SAN FRANCISCO;14/4/2026;15/4/2026;10/4/2026;FAC-A0006-00061904;Venta;P&P LOGISTICA S.R.L;74419;6;28865,32;34927,04;MARTINICH VIVIANA RITA ;;10,00%;8;ALVAREZ VANESA  KAFF;8020;TRAPICHE RESERVA MALBEC 6X750;4810,89;3599;;TRADITIONAL TRADE;Autoservicio Tradicional;24060,42;BLAS ALMADA;534,54;$;2;GRUPO PEÑAFLOR SA;4,5;0;Contado;16/4/2026 07:54;;Trapiche Reserva;Superior;No definido;;;Vinos del Año;PEÑAFLOR GRUPO OBJETIVO;;;20032;GRIBAUDO ESTEBAN;AXUM;;;False;153755;0;Lista General;Autoservicio Tradicional - P;12467;14/4/2026;20000;MOLINA JUAN
30033;URQUIZA 962;SAN FRANCISCO;14/4/2026;15/4/2026;10/4/2026;FAC-A0006-00061904;Venta;P&P LOGISTICA S.R.L;35109;6;11457,43;13863,5;MARTINICH VIVIANA RITA ;;6,00%;8;ALVAREZ VANESA  KAFF;8020;SMF  BC GRAPEF&LIME  LATA 4X6X473;1909,57;3599;;TRADITIONAL TRADE;Autoservicio Tradicional;9326,7;BLAS ALMADA;121,89;$;2;GRUPO PEÑAFLOR SA;0;0;Contado;16/4/2026 07:54;;Smirnoff Ice Flavours;RTD (s);;;;RTD (S);PEÑAFLOR GRUPO OBJETIVO;;;20032;GRIBAUDO ESTEBAN;AXUM;;;False;153755;0;Lista General;Autoservicio Tradicional - P;12467;14/4/2026;20000;MOLINA JUAN
30033;URQUIZA 962;SAN FRANCISCO;14/4/2026;15/4/2026;10/4/2026;FAC-A0006-00061905;Venta;P&P LOGISTICA S.R.L;74210;6;20378,79;24658,34;MARTINICH VIVIANA RITA ;;10,00%;8;ALVAREZ VANESA  KAFF;8020;ALMA MORA MALBEC 6X750;3396,47;3599;;TRADITIONAL TRADE;Autoservicio Tradicional;16978,08;BLAS ALMADA;377,39;$;2;GRUPO PEÑAFLOR SA;4,5;0;Contado;16/4/2026 07:54;;Alma Mora;Alto;No definido;;;Vinos del Año;PEÑAFLOR GRUPO OBJETIVO;;;20032;GRIBAUDO ESTEBAN;AXUM;;;False;153756;0;Lista General;Autoservicio Tradicional - P;12467;14/4/2026;20000;MOLINA JUAN
30033;URQUIZA 962;SAN FRANCISCO;14/4/2026;15/4/2026;10/4/2026;FAC-A0006-00061905;Venta;P&P LOGISTICA S.R.L;74376;6;37755,77;45684,49;MARTINICH VIVIANA RITA ;;10,00%;8;ALVAREZ VANESA  KAFF;8020;PAZ DE FLM MALBEC 6X750;6292,63;3599;;TRADITIONAL TRADE;Autoservicio Tradicional;32415,12;BLAS ALMADA;699,18;$;2;GRUPO PEÑAFLOR SA;4,5;0;Contado;16/4/2026 07:54;;;Premium;No definido;;;Vino de Guarda;PEÑAFLOR GRUPO OBJETIVO;;;20032;GRIBAUDO ESTEBAN;AXUM;;;False;153756;0;Lista General;Autoservicio Tradicional - P;12467;14/4/2026;20000;MOLINA JUAN
30033;URQUIZA 962;SAN FRANCISCO;14/4/2026;15/4/2026;10/4/2026;FAC-A0006-00061905;Venta;P&P LOGISTICA S.R.L;74377;6;37755,77;45684,49;MARTINICH VIVIANA RITA ;;10,00%;8;ALVAREZ VANESA  KAFF;8020;PAZ DE FLM CAB FRANC 6X750;6292,63;3599;;TRADITIONAL TRADE;Autoservicio Tradicional;32415,12;BLAS ALMADA;699,18;$;2;GRUPO PEÑAFLOR SA;4,5;0;Contado;16/4/2026 07:54;;;Premium;No definido;;;Vino de Guarda;PEÑAFLOR GRUPO OBJETIVO;;;20032;GRIBAUDO ESTEBAN;AXUM;;;False;153756;0;Lista General;Autoservicio Tradicional - P;12467;14/4/2026;20000;MOLINA JUAN
30033;URQUIZA 962;SAN FRANCISCO;14/4/2026;15/4/2026;10/4/2026;FAC-A0006-00061906;Venta;P&P LOGISTICA S.R.L;30065;6;37802,81;45741,4;MARTINICH VIVIANA RITA ;;10,00%;8;ALVAREZ VANESA  KAFF;8020;SMIRNOFF WATERMELON 6X700;6300,47;3599;;TRADITIONAL TRADE;Autoservicio Tradicional;32140,38;BLAS ALMADA;700,05;$;2;GRUPO PEÑAFLOR SA;4,2;0;Contado;16/4/2026 07:54;;Smirnoff;Standard (S);No definido;;;Vodka;PEÑAFLOR GRUPO OBJETIVO;;;20032;GRIBAUDO ESTEBAN;AXUM;;;False;153757;0;Lista General;Autoservicio Tradicional - P;12467;14/4/2026;20000;MOLINA JUAN
30033;URQUIZA 962;SAN FRANCISCO;14/4/2026;15/4/2026;10/4/2026;FAC-A0006-00061906;Venta;P&P LOGISTICA S.R.L;60017;6;11992,11;14510,45;MARTINICH VIVIANA RITA ;;6,00%;8;ALVAREZ VANESA  KAFF;8020;ANTARES IPA LATA 6X473 (NEW);1998,68;3599;;TRADITIONAL TRADE;Autoservicio Tradicional;10054,86;BLAS ALMADA;127,58;$;2;GRUPO PEÑAFLOR SA;0;0;Contado;16/4/2026 07:54;;#¿NOMBRE?;CERVEZA ARTESANAL;No definido;;-No Definido-;CERVEZA ARTESANAL;PEÑAFLOR GRUPO OBJETIVO;;;20032;GRIBAUDO ESTEBAN;AXUM;;;False;153757;0;Lista General;Autoservicio Tradicional - P;12467;14/4/2026;20000;MOLINA JUAN
30033;URQUIZA 962;SAN FRANCISCO;14/4/2026;15/4/2026;10/4/2026;FAC-A0006-00061906;Venta;P&P LOGISTICA S.R.L;60015;6;11989,23;14506,97;MARTINICH VIVIANA RITA ;;6,00%;8;ALVAREZ VANESA  KAFF;8020;ANTARES PLAYA GRANDE 6 X 473ML;1998,21;3599;;TRADITIONAL TRADE;Autoservicio Tradicional;10052,4;BLAS ALMADA;127,55;$;2;GRUPO PEÑAFLOR SA;2,838;0;Contado;16/4/2026 07:54;;;CERVEZA ARTESANAL;No definido;;-No Definido-;CERVEZA ARTESANAL;PEÑAFLOR GRUPO OBJETIVO;;;20032;GRIBAUDO ESTEBAN;AXUM;;;False;153757;0;Lista General;Autoservicio Tradicional - P;12467;14/4/2026;20000;MOLINA JUAN
30033;URQUIZA 962;SAN FRANCISCO;14/4/2026;15/4/2026;10/4/2026;FAC-A0006-00061906;Venta;P&P LOGISTICA S.R.L;30268;6;11992,11;14510,45;MARTINICH VIVIANA RITA ;;6,00%;8;ALVAREZ VANESA  KAFF;8020;ANTARES LATA CARAVANA 6 X 473ML;1998,68;3599;;TRADITIONAL TRADE;Autoservicio Tradicional;12000;BLAS ALMADA;127,58;$;2;GRUPO PEÑAFLOR SA;2,838;0;Contado;16/4/2026 07:54;;;CERVEZA ARTESANAL;No definido;;-No Definido-;CERVEZA ARTESANAL;PEÑAFLOR GRUPO OBJETIVO;;;20032;GRIBAUDO ESTEBAN;AXUM;;;False;153757;0;Lista General;Autoservicio Tradicional - P;12467;14/4/2026;20000;MOLINA JUAN
30033;URQUIZA 962;SAN FRANCISCO;14/4/2026;15/4/2026;10/4/2026;FAC-A0006-00061907;Venta;P&P LOGISTICA S.R.L;74737;6;28865,32;34927,04;MARTINICH VIVIANA RITA ;;10,00%;8;ALVAREZ VANESA  KAFF;8020;TRAPICHE RES  RED BLEND 6 X 750;4810,89;3599;Venta modificada el 2026-04-14 15:31:32;TRADITIONAL TRADE;Autoservicio Tradicional;24060,42;BLAS ALMADA;534,54;$;2;GRUPO PEÑAFLOR SA;0;0;Contado;16/4/2026 07:54;;;Superior;;;;Vinos del Año;PEÑAFLOR GRUPO OBJETIVO;;;20032;GRIBAUDO ESTEBAN;AXUM;;;False;153758;0;Lista General;Autoservicio Tradicional - P;12467;14/4/2026;20000;MOLINA JUAN
26;9 DE SEPTIEMBRE 2417;San Francisco;14/4/2026;15/4/2026;14/4/2026;FAC-A0006-00061911;Venta;P&P LOGISTICA S.R.L;74210;6;20378,79;24658,34;SPERANZA MELISA ROCIO BELEN;;10,00%;8;ALVAREZ VANESA  KAFF;8020;ALMA MORA MALBEC 6X750;3396,47;3599;;TRADITIONAL TRADE;Vinoteca;16978,08;BLAS ALMADA;377,39;$;2;GRUPO PEÑAFLOR SA;4,5;0;Contado;16/4/2026 07:54;;Alma Mora;Alto;No definido;;;Vinos del Año;PEÑAFLOR GRUPO OBJETIVO;;;20032;GRIBAUDO ESTEBAN;AXUM;;;False;154152;0;Lista General;Vinoteca - C;12467;14/4/2026;20000;MOLINA JUAN
26;9 DE SEPTIEMBRE 2417;San Francisco;14/4/2026;15/4/2026;14/4/2026;FAC-A0006-00061911;Venta;P&P LOGISTICA S.R.L;80010;3;8216,99;9942,56;SPERANZA MELISA ROCIO BELEN;;10,00%;8;ALVAREZ VANESA  KAFF;8020;LOS ARBOLES SEL MALBEC 6X750;2739;3599;;TRADITIONAL TRADE;Vinoteca;7195,77;BLAS ALMADA;304,33;$;2;GRUPO PEÑAFLOR SA;2,25;0;Contado;16/4/2026 07:54;;Los Arboles;Medio Alto;No definido;;;Vinos del Año;Grupo Peñaflor,PEÑAFLOR GRUPO OBJETIVO;;;20032;GRIBAUDO ESTEBAN;AXUM;;;False;154152;0;Lista General;Vinoteca - C;12467;14/4/2026;20000;MOLINA JUAN
26;9 DE SEPTIEMBRE 2417;San Francisco;14/4/2026;15/4/2026;14/4/2026;FAC-A0006-00061911;Venta;P&P LOGISTICA S.R.L;74840;3;6968,46;8431,84;SPERANZA MELISA ROCIO BELEN;;15,00%;8;ALVAREZ VANESA  KAFF;8020;ALARIS D.COSECHA TINTO 6X750;2322,82;3599;;TRADITIONAL TRADE;Vinoteca;6461,37;BLAS ALMADA;409,91;$;2;GRUPO PEÑAFLOR SA;0;0;Contado;16/4/2026 07:54;;Alaris;Medio Alto;;;;Vinos del Año;PEÑAFLOR GRUPO OBJETIVO;;;20032;GRIBAUDO ESTEBAN;AXUM;;;False;154152;0;Lista General;Vinoteca - C;12467;14/4/2026;20000;MOLINA JUAN
26;9 DE SEPTIEMBRE 2417;San Francisco;14/4/2026;15/4/2026;14/4/2026;FAC-A0006-00061911;Venta;P&P LOGISTICA S.R.L;35104;6;11608,38;14046,14;SPERANZA MELISA ROCIO BELEN;;0,00%;8;ALVAREZ VANESA  KAFF;8020;SMF ICE GREENAPPLE LAT 4X6X473;1934,73;3599;;TRADITIONAL TRADE;Vinoteca;8882,64;BLAS ALMADA;0;$;2;GRUPO PEÑAFLOR SA;2,838;0;Contado;16/4/2026 07:54;;Smirnoff Ice Flavours;RTD (s);No definido;;;RTD (S);PEÑAFLOR GRUPO OBJETIVO;;;20032;GRIBAUDO ESTEBAN;AXUM;;;False;154152;0;Lista General;Vinoteca - C;12467;14/4/2026;20000;MOLINA JUAN
26;9 DE SEPTIEMBRE 2417;San Francisco;14/4/2026;15/4/2026;14/4/2026;FAC-A0006-00061911;Venta;P&P LOGISTICA S.R.L;35103;6;10447,54;12641,53;SPERANZA MELISA ROCIO BELEN;;10,00%;8;ALVAREZ VANESA  KAFF;8020;SMIRNOFF ICE LATA 4X6X473;1741,26;3599;;TRADITIONAL TRADE;Vinoteca;8882,64;BLAS ALMADA;193,47;$;2;GRUPO PEÑAFLOR SA;2,838;0;Contado;16/4/2026 07:54;;Smirnoff Ice;RTD (s);No definido;;;RTD (S);PEÑAFLOR GRUPO OBJETIVO;;;20032;GRIBAUDO ESTEBAN;AXUM;;;False;154152;0;Lista General;Vinoteca - C;12467;14/4/2026;20000;MOLINA JUAN
26;9 DE SEPTIEMBRE 2417;San Francisco;14/4/2026;15/4/2026;14/4/2026;FAC-A0006-00061911;Venta;P&P LOGISTICA S.R.L;35105;6;11608,38;14046,14;SPERANZA MELISA ROCIO BELEN;;0,00%;8;ALVAREZ VANESA  KAFF;8020;SMF ICE RED BERRIE LAT 4X6X473;1934,73;3599;;TRADITIONAL TRADE;Vinoteca;8882,64;BLAS ALMADA;0;$;2;GRUPO PEÑAFLOR SA;2,838;0;Contado;16/4/2026 07:54;;Smirnoff Ice Flavours;RTD (s);No definido;;;RTD (S);PEÑAFLOR GRUPO OBJETIVO;;;20032;GRIBAUDO ESTEBAN;AXUM;;;False;154152;0;Lista General;Vinoteca - C;12467;14/4/2026;20000;MOLINA JUAN
30022;GENERAL SAVIO 627;SAN FRANCISCO;14/4/2026;15/4/2026;14/4/2026;FAC-A0006-00061912;Venta;P&P LOGISTICA S.R.L;74827;3;9623,65;11644,62;BATTAN VANINA CELESTE RITA ;;15,00%;8;ALVAREZ VANESA  KAFF;8020;ALMA MORA BLANCO DULCE LOW 6X750;3207,88;3599;;TRADITIONAL TRADE;Almacen/Despensa;8493,57;BLAS ALMADA;566,1;$;2;GRUPO PEÑAFLOR SA;0;0;Contado;16/4/2026 07:54;;;Alto;;;;Vinos del Año;PEÑAFLOR GRUPO OBJETIVO;;;20032;GRIBAUDO ESTEBAN;AXUM;;;False;154164;0;Lista General;Almacen/Despensa - B;12467;14/4/2026;20000;MOLINA JUAN
30022;GENERAL SAVIO 627;SAN FRANCISCO;14/4/2026;15/4/2026;14/4/2026;FAC-A0006-00061912;Venta;P&P LOGISTICA S.R.L;80010;3;8216,99;9942,56;BATTAN VANINA CELESTE RITA ;;10,00%;8;ALVAREZ VANESA  KAFF;8020;LOS ARBOLES SEL MALBEC 6X750;2739;3599;;TRADITIONAL TRADE;Almacen/Despensa;7195,77;BLAS ALMADA;304,33;$;2;GRUPO PEÑAFLOR SA;2,25;0;Contado;16/4/2026 07:54;;Los Arboles;Medio Alto;No definido;;;Vinos del Año;Grupo Peñaflor,PEÑAFLOR GRUPO OBJETIVO;;;20032;GRIBAUDO ESTEBAN;AXUM;;;False;154164;0;Lista General;Almacen/Despensa - B;12467;14/4/2026;20000;MOLINA JUAN
30022;GENERAL SAVIO 627;SAN FRANCISCO;14/4/2026;15/4/2026;14/4/2026;FAC-A0006-00061912;Venta;P&P LOGISTICA S.R.L;72859;6;14260,16;17254,79;BATTAN VANINA CELESTE RITA ;;10,00%;8;ALVAREZ VANESA  KAFF;8020;F.LAS MORAS MALBEC 6X750;2376,69;3599;;TRADITIONAL TRADE;Almacen/Despensa;11863,44;BLAS ALMADA;264,08;$;2;GRUPO PEÑAFLOR SA;4,5;0;Contado;16/4/2026 07:54;;Finca Las Moras;Medio Alto;No definido;;;Vinos del Año;PEÑAFLOR GRUPO OBJETIVO;;;20032;GRIBAUDO ESTEBAN;AXUM;;;False;154164;0;Lista General;Almacen/Despensa - B;12467;14/4/2026;20000;MOLINA JUAN
30023;AV  CHILE 419;SAN FRANCISCO;14/4/2026;15/4/2026;14/4/2026;FAC-A0006-00061915;Venta;P&P LOGISTICA S.R.L;74210;3;10189,4;12329,17;NOVARECIO GUSTAVO FERNANDO ;;10,00%;8;ALVAREZ VANESA  KAFF;8020;ALMA MORA MALBEC 6X750;3396,47;3599;;TRADITIONAL TRADE;Almacen/Despensa;8489,04;BLAS ALMADA;377,39;$;2;GRUPO PEÑAFLOR SA;2,25;0;Contado;16/4/2026 07:54;;Alma Mora;Alto;No definido;;;Vinos del Año;PEÑAFLOR GRUPO OBJETIVO;;;20032;GRIBAUDO ESTEBAN;AXUM;;;False;154168;0;Lista General;Almacen/Despensa - A;12467;14/4/2026;20000;MOLINA JUAN
30023;AV  CHILE 419;SAN FRANCISCO;14/4/2026;15/4/2026;14/4/2026;FAC-A0006-00061915;Venta;P&P LOGISTICA S.R.L;70751;3;7706,3;9324,62;NOVARECIO GUSTAVO FERNANDO ;;6,00%;8;ALVAREZ VANESA  KAFF;8020;TRAPICHE ALARIS CHARDO 6X750 ;2568,77;3599;;TRADITIONAL TRADE;Almacen/Despensa;6461,37;BLAS ALMADA;163,96;$;2;GRUPO PEÑAFLOR SA;2,25;0;Contado;16/4/2026 07:54;;Alaris;Medio Alto;No definido;;;Vinos del Año;PEÑAFLOR GRUPO OBJETIVO;;;20032;GRIBAUDO ESTEBAN;AXUM;;;False;154168;0;Lista General;Almacen/Despensa - A;12467;14/4/2026;20000;MOLINA JUAN
30023;AV  CHILE 419;SAN FRANCISCO;14/4/2026;15/4/2026;14/4/2026;FAC-A0006-00061915;Venta;P&P LOGISTICA S.R.L;71704;3;7378,37;8927,83;NOVARECIO GUSTAVO FERNANDO ;;10,00%;8;ALVAREZ VANESA  KAFF;8020;TRAPICHE ALARIS MALBEC 6X750;2459,46;3599;;TRADITIONAL TRADE;Almacen/Despensa;6461,37;BLAS ALMADA;273,27;$;2;GRUPO PEÑAFLOR SA;2,25;0;Contado;16/4/2026 07:54;;Alaris;Medio Alto;No definido;;;Vinos del Año;PEÑAFLOR GRUPO OBJETIVO;;;20032;GRIBAUDO ESTEBAN;AXUM;;;False;154168;0;Lista General;Almacen/Despensa - A;12467;14/4/2026;20000;MOLINA JUAN
30023;AV  CHILE 419;SAN FRANCISCO;14/4/2026;15/4/2026;14/4/2026;FAC-A0006-00061915;Venta;P&P LOGISTICA S.R.L;74209;3;10642,62;12877,57;NOVARECIO GUSTAVO FERNANDO ;;6,00%;8;ALVAREZ VANESA  KAFF;8020;ALMA MORA SYRAH 6X750;3547,54;3599;;TRADITIONAL TRADE;Almacen/Despensa;8493,57;BLAS ALMADA;226,44;$;2;GRUPO PEÑAFLOR SA;2,25;0;Contado;16/4/2026 07:54;;Alma Mora;Alto;No definido;;;Vinos del Año;PEÑAFLOR GRUPO OBJETIVO;;;20032;GRIBAUDO ESTEBAN;AXUM;;;False;154168;0;Lista General;Almacen/Despensa - A;12467;14/4/2026;20000;MOLINA JUAN
30023;AV  CHILE 419;SAN FRANCISCO;14/4/2026;15/4/2026;14/4/2026;FAC-A0006-00061915;Venta;P&P LOGISTICA S.R.L;80010;6;17164,38;20768,9;NOVARECIO GUSTAVO FERNANDO ;;6,00%;8;ALVAREZ VANESA  KAFF;8020;LOS ARBOLES SEL MALBEC 6X750;2860,73;3599;;TRADITIONAL TRADE;Almacen/Despensa;14391,54;BLAS ALMADA;182,6;$;2;GRUPO PEÑAFLOR SA;4,5;0;Contado;16/4/2026 07:54;;Los Arboles;Medio Alto;No definido;;;Vinos del Año;Grupo Peñaflor,PEÑAFLOR GRUPO OBJETIVO;;;20032;GRIBAUDO ESTEBAN;AXUM;;;False;154168;0;Lista General;Almacen/Despensa - A;12467;14/4/2026;20000;MOLINA JUAN
30018;BV. 25 DE MAYO 2709;SAN FRANCISCO;14/4/2026;15/4/2026;14/4/2026;FAC-A0006-00061916;Venta;P&P LOGISTICA S.R.L;74786;3;7823,81;9466,81;MENDOZA SANDRA RITA ;;15,00%;8;ALVAREZ VANESA  KAFF;8020;EL BAUTISMO CABERNET 6X750;2607,94;3599;;TRADITIONAL TRADE;Almacen/Despensa;7254,48;BLAS ALMADA;460,22;$;2;GRUPO PEÑAFLOR SA;2,25;0;Contado;16/4/2026 07:54;;;Vinos Del Año;;;;Vinos del Año;PEÑAFLOR GRUPO OBJETIVO;;;20032;GRIBAUDO ESTEBAN;AXUM;;;False;154173;0;Lista General;Almacen/Despensa - B;12467;14/4/2026;20000;MOLINA JUAN
30018;BV. 25 DE MAYO 2709;SAN FRANCISCO;14/4/2026;15/4/2026;14/4/2026;FAC-A0006-00061916;Venta;P&P LOGISTICA S.R.L;74814;3;7745,5;9372,05;MENDOZA SANDRA RITA ;;15,00%;8;ALVAREZ VANESA  KAFF;8020;CAZADOR MALBEC 6X750;2581,83;3599;;TRADITIONAL TRADE;Almacen/Despensa;6835,98;BLAS ALMADA;455,62;$;2;GRUPO PEÑAFLOR SA;0;0;Contado;16/4/2026 07:54;;;;;;;;PEÑAFLOR GRUPO OBJETIVO;;;20032;GRIBAUDO ESTEBAN;AXUM;;;False;154173;0;Lista General;Almacen/Despensa - B;12467;14/4/2026;20000;MOLINA JUAN
863;SALTA 3620;SAN FRANCISCO;14/4/2026;15/4/2026;14/4/2026;FAC-A0006-00061921;Venta;P&P LOGISTICA S.R.L;35104;12;23216,76;28092,28;CACCHARELLI PAOLA ANDREA ;;0,00%;8;ALVAREZ VANESA  KAFF;8020;SMF ICE GREENAPPLE LAT 4X6X473;1934,73;3599;;TRADITIONAL TRADE;Kiosco/Maxikiosco;17765,28;BLAS ALMADA;0;$;2;GRUPO PEÑAFLOR SA;5,676;0;Contado;16/4/2026 07:54;;Smirnoff Ice Flavours;RTD (s);No definido;;;RTD (S);PEÑAFLOR GRUPO OBJETIVO;;;20032;GRIBAUDO ESTEBAN;AXUM;;;False;154199;0;Lista General;Kiosco/Maxikiosco - P;12470;14/4/2026;2;LESCANO FRANCO DARIO
863;SALTA 3620;SAN FRANCISCO;14/4/2026;15/4/2026;14/4/2026;FAC-A0006-00061921;Venta;P&P LOGISTICA S.R.L;35105;12;23216,76;28092,28;CACCHARELLI PAOLA ANDREA ;;0,00%;8;ALVAREZ VANESA  KAFF;8020;SMF ICE RED BERRIE LAT 4X6X473;1934,73;3599;;TRADITIONAL TRADE;Kiosco/Maxikiosco;17765,28;BLAS ALMADA;0;$;2;GRUPO PEÑAFLOR SA;5,676;0;Contado;16/4/2026 07:54;;Smirnoff Ice Flavours;RTD (s);No definido;;;RTD (S);PEÑAFLOR GRUPO OBJETIVO;;;20032;GRIBAUDO ESTEBAN;AXUM;;;False;154199;0;Lista General;Kiosco/Maxikiosco - P;12470;14/4/2026;2;LESCANO FRANCO DARIO
863;SALTA 3620;SAN FRANCISCO;14/4/2026;15/4/2026;14/4/2026;FAC-A0006-00061921;Venta;P&P LOGISTICA S.R.L;35103;12;20895,08;25283,05;CACCHARELLI PAOLA ANDREA ;;10,00%;8;ALVAREZ VANESA  KAFF;8020;SMIRNOFF ICE LATA 4X6X473;1741,26;3599;;TRADITIONAL TRADE;Kiosco/Maxikiosco;17765,28;BLAS ALMADA;193,47;$;2;GRUPO PEÑAFLOR SA;5,676;0;Contado;16/4/2026 07:54;;Smirnoff Ice;RTD (s);No definido;;;RTD (S);PEÑAFLOR GRUPO OBJETIVO;;;20032;GRIBAUDO ESTEBAN;AXUM;;;False;154199;0;Lista General;Kiosco/Maxikiosco - P;12470;14/4/2026;2;LESCANO FRANCO DARIO
1385;ROCA 3492;San Francisco;14/4/2026;15/4/2026;14/4/2026;FAC-A0006-00061922;Venta;P&P LOGISTICA S.R.L;72859;3;7130,08;8627,4;BURGOS FERNANDO MATIAS NICOLAS;;10,00%;8;ALVAREZ VANESA  KAFF;8020;F.LAS MORAS MALBEC 6X750;2376,69;3599;Venta modificada el 2026-04-14 15:33:19;ALMACENES;ALMACENES;5931,72;BLAS ALMADA;264,08;$;2;GRUPO PEÑAFLOR SA;2,25;0;Contado;16/4/2026 07:54;;Finca Las Moras;Medio Alto;No definido;;;Vinos del Año;PEÑAFLOR GRUPO OBJETIVO;;;20032;GRIBAUDO ESTEBAN;AXUM;;;False;154201;0;Lista General;ALMACENES - C;12470;14/4/2026;2;LESCANO FRANCO DARIO
1385;ROCA 3492;San Francisco;14/4/2026;15/4/2026;14/4/2026;FAC-A0006-00061922;Venta;P&P LOGISTICA S.R.L;74210;3;10189,4;12329,17;BURGOS FERNANDO MATIAS NICOLAS;;10,00%;8;ALVAREZ VANESA  KAFF;8020;ALMA MORA MALBEC 6X750;3396,47;3599;Venta modificada el 2026-04-14 15:33:19;ALMACENES;ALMACENES;8489,04;BLAS ALMADA;377,39;$;2;GRUPO PEÑAFLOR SA;2,25;0;Contado;16/4/2026 07:54;;Alma Mora;Alto;No definido;;;Vinos del Año;PEÑAFLOR GRUPO OBJETIVO;;;20032;GRIBAUDO ESTEBAN;AXUM;;;False;154201;0;Lista General;ALMACENES - C;12470;14/4/2026;2;LESCANO FRANCO DARIO
1385;ROCA 3492;San Francisco;14/4/2026;15/4/2026;14/4/2026;FAC-A0006-00061922;Venta;P&P LOGISTICA S.R.L;80010;3;8216,99;9942,56;BURGOS FERNANDO MATIAS NICOLAS;;10,00%;8;ALVAREZ VANESA  KAFF;8020;LOS ARBOLES SEL MALBEC 6X750;2739;3599;Venta modificada el 2026-04-14 15:33:19;ALMACENES;ALMACENES;7195,77;BLAS ALMADA;304,33;$;2;GRUPO PEÑAFLOR SA;2,25;0;Contado;16/4/2026 07:54;;Los Arboles;Medio Alto;No definido;;;Vinos del Año;Grupo Peñaflor,PEÑAFLOR GRUPO OBJETIVO;;;20032;GRIBAUDO ESTEBAN;AXUM;;;False;154201;0;Lista General;ALMACENES - C;12470;14/4/2026;2;LESCANO FRANCO DARIO
1385;ROCA 3492;San Francisco;14/4/2026;15/4/2026;14/4/2026;FAC-A0006-00061922;Venta;P&P LOGISTICA S.R.L;74814;3;7745,5;9372,05;BURGOS FERNANDO MATIAS NICOLAS;;15,00%;8;ALVAREZ VANESA  KAFF;8020;CAZADOR MALBEC 6X750;2581,83;3599;Venta modificada el 2026-04-14 15:33:19;ALMACENES;ALMACENES;6835,98;BLAS ALMADA;455,62;$;2;GRUPO PEÑAFLOR SA;0;0;Contado;16/4/2026 07:54;;;;;;;;PEÑAFLOR GRUPO OBJETIVO;;;20032;GRIBAUDO ESTEBAN;AXUM;;;False;154201;0;Lista General;ALMACENES - C;12470;14/4/2026;2;LESCANO FRANCO DARIO
1385;ROCA 3492;San Francisco;14/4/2026;15/4/2026;14/4/2026;FAC-A0006-00061922;Venta;P&P LOGISTICA S.R.L;74816;3;7745,5;9372,05;BURGOS FERNANDO MATIAS NICOLAS;;15,00%;8;ALVAREZ VANESA  KAFF;8020;CAZADOR BLANCO DULCE 6X750;2581,83;3599;Venta modificada el 2026-04-14 15:33:19;ALMACENES;ALMACENES;6835,98;BLAS ALMADA;455,62;$;2;GRUPO PEÑAFLOR SA;0;0;Contado;16/4/2026 07:54;;;;;;;;PEÑAFLOR GRUPO OBJETIVO;;;20032;GRIBAUDO ESTEBAN;AXUM;;;False;154201;0;Lista General;ALMACENES - C;12470;14/4/2026;2;LESCANO FRANCO DARIO
519;BV. ROCA 2950;SAN FRANCISCO;14/4/2026;15/4/2026;14/4/2026;FAC-A0006-00061931;Venta;P&P LOGISTICA S.R.L;74144;3;18253,84;22087,14;WENZHI LI;;10,00%;8;ALVAREZ VANESA  KAFF;8020;FOND CAVE RVA CABSAU 6X750;6084,61;3599;;TRADITIONAL TRADE;Autoservicio Tradicional;15671,79;BLAS ALMADA;676,07;$;2;GRUPO PEÑAFLOR SA;2,25;0;Contado;16/4/2026 07:54;;#¿NOMBRE?;Premium;No definido;;-No Definido-;Vino de Guarda;Grupo Peñaflor,PEÑAFLOR GRUPO OBJETIVO;;;20032;GRIBAUDO ESTEBAN;AXUM;;;False;154224;0;Lista General;Autoservicio Tradicional - P;12474;14/4/2026;20000;MOLINA JUAN
519;BV. ROCA 2950;SAN FRANCISCO;14/4/2026;15/4/2026;14/4/2026;FAC-A0006-00061931;Venta;P&P LOGISTICA S.R.L;74146;3;13231,59;16010,23;WENZHI LI;;10,00%;8;ALVAREZ VANESA  KAFF;8020;FOND CAVE MALBEC 6X750 ;4410,53;3599;;TRADITIONAL TRADE;Autoservicio Tradicional;11029,08;BLAS ALMADA;490,06;$;2;GRUPO PEÑAFLOR SA;2,25;0;Contado;16/4/2026 07:54;;Fond De Cave;Superior;No definido;;;Vinos del Año;PEÑAFLOR GRUPO OBJETIVO;;;20032;GRIBAUDO ESTEBAN;AXUM;;;False;154224;0;Lista General;Autoservicio Tradicional - P;12474;14/4/2026;20000;MOLINA JUAN
519;BV. ROCA 2950;SAN FRANCISCO;14/4/2026;15/4/2026;14/4/2026;FAC-A0006-00061931;Venta;P&P LOGISTICA S.R.L;42102;3;8864,86;10726,48;WENZHI LI;;10,00%;8;ALVAREZ VANESA  KAFF;8020;ELEMENTOS MALBEC 6X750 ;2954,95;3599;;TRADITIONAL TRADE;Autoservicio Tradicional;7019,76;BLAS ALMADA;328,33;$;2;GRUPO PEÑAFLOR SA;2,25;0;Contado;16/4/2026 07:54;;ELEMENTOS;Alto;No definido;;;Vinos del Año;PEÑAFLOR GRUPO OBJETIVO;;;20032;GRIBAUDO ESTEBAN;AXUM;;;False;154224;0;Lista General;Autoservicio Tradicional - P;12474;14/4/2026;20000;MOLINA JUAN
519;BV. ROCA 2950;SAN FRANCISCO;14/4/2026;15/4/2026;14/4/2026;FAC-A0006-00061931;Venta;P&P LOGISTICA S.R.L;74814;3;7745,5;9372,05;WENZHI LI;;15,00%;8;ALVAREZ VANESA  KAFF;8020;CAZADOR MALBEC 6X750;2581,83;3599;;TRADITIONAL TRADE;Autoservicio Tradicional;6835,98;BLAS ALMADA;455,62;$;2;GRUPO PEÑAFLOR SA;0;0;Contado;16/4/2026 07:54;;;;;;;;PEÑAFLOR GRUPO OBJETIVO;;;20032;GRIBAUDO ESTEBAN;AXUM;;;False;154224;0;Lista General;Autoservicio Tradicional - P;12474;14/4/2026;20000;MOLINA JUAN
519;BV. ROCA 2950;SAN FRANCISCO;14/4/2026;15/4/2026;14/4/2026;FAC-A0006-00061931;Venta;P&P LOGISTICA S.R.L;74816;3;7745,5;9372,05;WENZHI LI;;15,00%;8;ALVAREZ VANESA  KAFF;8020;CAZADOR BLANCO DULCE 6X750;2581,83;3599;;TRADITIONAL TRADE;Autoservicio Tradicional;6835,98;BLAS ALMADA;455,62;$;2;GRUPO PEÑAFLOR SA;0;0;Contado;16/4/2026 07:54;;;;;;;;PEÑAFLOR GRUPO OBJETIVO;;;20032;GRIBAUDO ESTEBAN;AXUM;;;False;154224;0;Lista General;Autoservicio Tradicional - P;12474;14/4/2026;20000;MOLINA JUAN
519;BV. ROCA 2950;SAN FRANCISCO;14/4/2026;15/4/2026;14/4/2026;FAC-A0006-00061932;Venta;P&P LOGISTICA S.R.L;30329;6;11992,11;14510,45;WENZHI LI;;6,00%;8;ALVAREZ VANESA  KAFF;8020;ANTARES LATA KOLSCH 6 X 473ML;1998,68;3599;;TRADITIONAL TRADE;Autoservicio Tradicional;12000;BLAS ALMADA;127,58;$;2;GRUPO PEÑAFLOR SA;2,838;0;Contado;16/4/2026 07:54;;;CERVEZA ARTESANAL;No definido;;-No Definido-;CERVEZA ARTESANAL;PEÑAFLOR GRUPO OBJETIVO;;;20032;GRIBAUDO ESTEBAN;AXUM;;;False;154228;0;Lista General;Autoservicio Tradicional - P;12474;14/4/2026;20000;MOLINA JUAN
519;BV. ROCA 2950;SAN FRANCISCO;14/4/2026;15/4/2026;14/4/2026;FAC-A0006-00061932;Venta;P&P LOGISTICA S.R.L;60017;6;11992,11;14510,45;WENZHI LI;;6,00%;8;ALVAREZ VANESA  KAFF;8020;ANTARES IPA LATA 6X473 (NEW);1998,68;3599;;TRADITIONAL TRADE;Autoservicio Tradicional;10054,86;BLAS ALMADA;127,58;$;2;GRUPO PEÑAFLOR SA;0;0;Contado;16/4/2026 07:54;;#¿NOMBRE?;CERVEZA ARTESANAL;No definido;;-No Definido-;CERVEZA ARTESANAL;PEÑAFLOR GRUPO OBJETIVO;;;20032;GRIBAUDO ESTEBAN;AXUM;;;False;154228;0;Lista General;Autoservicio Tradicional - P;12474;14/4/2026;20000;MOLINA JUAN
519;BV. ROCA 2950;SAN FRANCISCO;14/4/2026;15/4/2026;14/4/2026;FAC-A0006-00061932;Venta;P&P LOGISTICA S.R.L;35107;6;11457,43;13863,5;WENZHI LI;;6,00%;8;ALVAREZ VANESA  KAFF;8020;GORDON´S TONIC 4X6X473;1909,57;3599;;TRADITIONAL TRADE;Autoservicio Tradicional;9326,7;BLAS ALMADA;121,89;$;2;GRUPO PEÑAFLOR SA;2,838;0;Contado;16/4/2026 07:54;;Gordon´s;RTD (S);No definido;;;RTD (S);PEÑAFLOR GRUPO OBJETIVO;;;20032;GRIBAUDO ESTEBAN;AXUM;;;False;154228;0;Lista General;Autoservicio Tradicional - P;12474;14/4/2026;20000;MOLINA JUAN
519;BV. ROCA 2950;SAN FRANCISCO;14/4/2026;15/4/2026;14/4/2026;FAC-A0006-00061932;Venta;P&P LOGISTICA S.R.L;72859;6;14260,16;17254,79;WENZHI LI;;10,00%;8;ALVAREZ VANESA  KAFF;8020;F.LAS MORAS MALBEC 6X750;2376,69;3599;;TRADITIONAL TRADE;Autoservicio Tradicional;11863,44;BLAS ALMADA;264,08;$;2;GRUPO PEÑAFLOR SA;4,5;0;Contado;16/4/2026 07:54;;Finca Las Moras;Medio Alto;No definido;;;Vinos del Año;PEÑAFLOR GRUPO OBJETIVO;;;20032;GRIBAUDO ESTEBAN;AXUM;;;False;154228;0;Lista General;Autoservicio Tradicional - P;12474;14/4/2026;20000;MOLINA JUAN
7219;CORDOBA 859;SAN FRANCISCO;14/4/2026;15/4/2026;14/4/2026;FAC-A0006-00061937;Venta;P&P LOGISTICA S.R.L;74210;6;20378,79;24658,34;YUMEI HUANG ;;10,00%;8;ALVAREZ VANESA  KAFF;8020;ALMA MORA MALBEC 6X750;3396,47;3599;Venta modificada el 2026-04-14 15:29:11;TRADITIONAL TRADE;Autoservicio Tradicional;16978,08;BLAS ALMADA;377,39;$;2;GRUPO PEÑAFLOR SA;4,5;0;Contado;16/4/2026 07:54;;Alma Mora;Alto;No definido;;;Vinos del Año;PEÑAFLOR GRUPO OBJETIVO;;;20032;GRIBAUDO ESTEBAN;AXUM;;;False;154243;0;Lista General;Autoservicio Tradicional - P;12474;14/4/2026;20000;MOLINA JUAN
7219;CORDOBA 859;SAN FRANCISCO;14/4/2026;15/4/2026;14/4/2026;FAC-A0006-00061937;Venta;P&P LOGISTICA S.R.L;74397;6;20379,49;24659,19;YUMEI HUANG ;;10,00%;8;ALVAREZ VANESA  KAFF;8020;ALMA MORA BLEND DULCE 6X 750;3396,58;3599;Venta modificada el 2026-04-14 15:29:11;TRADITIONAL TRADE;Autoservicio Tradicional;16137,78;BLAS ALMADA;377,4;$;2;GRUPO PEÑAFLOR SA;4,5;0;Contado;16/4/2026 07:54;;;Alto;No definido;;;Vinos del Año;PEÑAFLOR GRUPO OBJETIVO;;;20032;GRIBAUDO ESTEBAN;AXUM;;;False;154243;0;Lista General;Autoservicio Tradicional - P;12474;14/4/2026;20000;MOLINA JUAN
7219;CORDOBA 859;SAN FRANCISCO;14/4/2026;15/4/2026;14/4/2026;FAC-A0006-00061937;Venta;P&P LOGISTICA S.R.L;74684;3;16489,87;19952,75;YUMEI HUANG ;;10,00%;8;ALVAREZ VANESA  KAFF;8020;LOS INTOCABLES RED BLEND 6X750;5496,62;3599;Venta modificada el 2026-04-14 15:29:11;TRADITIONAL TRADE;Autoservicio Tradicional;14157,33;BLAS ALMADA;610,74;$;2;GRUPO PEÑAFLOR SA;2,25;0;Contado;16/4/2026 07:54;;;Premium;No definido;;;Vino de Guarda;PEÑAFLOR GRUPO OBJETIVO;;;20032;GRIBAUDO ESTEBAN;AXUM;;;False;154243;0;Lista General;Autoservicio Tradicional - P;12474;14/4/2026;20000;MOLINA JUAN
30011;CASEROS 1024;SAN FRANCISCO;14/4/2026;15/4/2026;14/4/2026;FAC-A0006-00061941;Venta;P&P LOGISTICA S.R.L;74786;6;15647,62;18933,62;CHUN JIN ZHANG;;15,00%;8;ALVAREZ VANESA  KAFF;8020;EL BAUTISMO CABERNET 6X750;2607,94;3599;;TRADITIONAL TRADE;Autoservicio Tradicional;14508,96;BLAS ALMADA;460,22;$;2;GRUPO PEÑAFLOR SA;4,5;0;Contado;16/4/2026 07:54;;;Vinos Del Año;;;;Vinos del Año;PEÑAFLOR GRUPO OBJETIVO;;;20032;GRIBAUDO ESTEBAN;AXUM;;;False;154260;0;Lista General;Autoservicio Tradicional - P;12474;14/4/2026;20000;MOLINA JUAN
30011;CASEROS 1024;SAN FRANCISCO;14/4/2026;15/4/2026;14/4/2026;FAC-A0006-00061941;Venta;P&P LOGISTICA S.R.L;74419;6;28865,32;34927,04;CHUN JIN ZHANG;;10,00%;8;ALVAREZ VANESA  KAFF;8020;TRAPICHE RESERVA MALBEC 6X750;4810,89;3599;;TRADITIONAL TRADE;Autoservicio Tradicional;24060,42;BLAS ALMADA;534,54;$;2;GRUPO PEÑAFLOR SA;4,5;0;Contado;16/4/2026 07:54;;Trapiche Reserva;Superior;No definido;;;Vinos del Año;PEÑAFLOR GRUPO OBJETIVO;;;20032;GRIBAUDO ESTEBAN;AXUM;;;False;154260;0;Lista General;Autoservicio Tradicional - P;12474;14/4/2026;20000;MOLINA JUAN
30033;URQUIZA 962;SAN FRANCISCO;14/4/2026;15/4/2026;14/4/2026;FAC-A0006-00061942;Venta;P&P LOGISTICA S.R.L;30022;12;69725,18;86459,22;MARTINICH VIVIANA RITA ;;17,00%;8;ALVAREZ VANESA  KAFF;8020;SMIRNOFF RASPBERRY DO 6X700;5810,43;3599;;TRADITIONAL TRADE;Autoservicio Tradicional;64248,6;BLAS ALMADA;1190,09;$;2;GRUPO PEÑAFLOR SA;8,4;0;Contado;16/4/2026 07:54;;Smirnoff;Standard (S);No definido;;;Vodka;PEÑAFLOR GRUPO OBJETIVO;;;20032;GRIBAUDO ESTEBAN;AXUM;;;False;154261;0;Lista General;Autoservicio Tradicional - P;12474;14/4/2026;20000;MOLINA JUAN
30033;URQUIZA 962;SAN FRANCISCO;14/4/2026;15/4/2026;14/4/2026;FAC-A0006-00061942;Venta;P&P LOGISTICA S.R.L;30020;6;34862,59;43229,61;MARTINICH VIVIANA RITA ;;17,00%;8;ALVAREZ VANESA  KAFF;8020;SMIRNOFF GREEN APPLE DO 6X700;5810,43;3599;;TRADITIONAL TRADE;Autoservicio Tradicional;32124,3;BLAS ALMADA;1190,09;$;2;GRUPO PEÑAFLOR SA;4,2;0;Contado;16/4/2026 07:54;;Smirnoff;Standard (S);No definido;;;Vodka;PEÑAFLOR GRUPO OBJETIVO;;;20032;GRIBAUDO ESTEBAN;AXUM;;;False;154261;0;Lista General;Autoservicio Tradicional - P;12474;14/4/2026;20000;MOLINA JUAN
30033;URQUIZA 962;SAN FRANCISCO;14/4/2026;15/4/2026;14/4/2026;FAC-A0006-00061942;Venta;P&P LOGISTICA S.R.L;30135;6;34862,59;43229,61;MARTINICH VIVIANA RITA ;;17,00%;8;ALVAREZ VANESA  KAFF;8020;SMIRNOFF TAMARINDO 6 X 700;5810,43;3599;;TRADITIONAL TRADE;Autoservicio Tradicional;32140,38;BLAS ALMADA;1190,09;$;2;GRUPO PEÑAFLOR SA;0;0;Contado;16/4/2026 07:54;;Smirnoff;Standard (S);No definido;;;Vodka;PEÑAFLOR GRUPO OBJETIVO;;;20032;GRIBAUDO ESTEBAN;AXUM;;;False;154261;0;Lista General;Autoservicio Tradicional - P;12474;14/4/2026;20000;MOLINA JUAN
30033;URQUIZA 962;SAN FRANCISCO;14/4/2026;15/4/2026;10/4/2026;FAC-A0006-00061955;Venta;P&P LOGISTICA S.R.L;74394;3;9685,36;11719,28;MARTINICH VIVIANA RITA ;;10,00%;8;ALVAREZ VANESA  KAFF;8020;DADA FMORAS N°3 6X750;3228,45;3599;Venta modificada el 2026-04-14 15:41:00;TRADITIONAL TRADE;Autoservicio Tradicional;8073,15;BLAS ALMADA;358,72;$;2;GRUPO PEÑAFLOR SA;2,25;0;Contado;16/4/2026 07:54;;Dada;Alto;No definido;;;Vinos del Año;PEÑAFLOR GRUPO OBJETIVO;;;20032;GRIBAUDO ESTEBAN;AXUM;;;False;153754;0;Lista General;Autoservicio Tradicional - P;12467;14/4/2026;20000;MOLINA JUAN
30033;URQUIZA 962;SAN FRANCISCO;14/4/2026;15/4/2026;10/4/2026;FAC-A0006-00061955;Venta;P&P LOGISTICA S.R.L;14507;6;16568,06;20047,36;MARTINICH VIVIANA RITA ;;10,00%;8;ALVAREZ VANESA  KAFF;8020;EL BAUTISMO MALBEC 6X750 ;2761,34;3599;Venta modificada el 2026-04-14 15:41:00;TRADITIONAL TRADE;Autoservicio Tradicional;14508,96;BLAS ALMADA;306,82;$;2;GRUPO PEÑAFLOR SA;4,5;0;Contado;16/4/2026 07:54;;El Bautismo;Medio Alto;No definido;;;Vinos del Año;PEÑAFLOR GRUPO OBJETIVO;;;20032;GRIBAUDO ESTEBAN;AXUM;;;False;153754;0;Lista General;Autoservicio Tradicional - P;12467;14/4/2026;20000;MOLINA JUAN
30033;URQUIZA 962;SAN FRANCISCO;14/4/2026;15/4/2026;10/4/2026;FAC-A0006-00061955;Venta;P&P LOGISTICA S.R.L;42101;6;17729,71;21452,95;MARTINICH VIVIANA RITA ;;10,00%;8;ALVAREZ VANESA  KAFF;8020;ELEMENTOS CABSAUV 6X750 ;2954,95;3599;Venta modificada el 2026-04-14 15:41:00;TRADITIONAL TRADE;Autoservicio Tradicional;14778,42;BLAS ALMADA;328,33;$;2;GRUPO PEÑAFLOR SA;4,5;0;Contado;16/4/2026 07:54;;ELEMENTOS;Alto;No definido;;;Vinos del Año;PEÑAFLOR GRUPO OBJETIVO;;;20032;GRIBAUDO ESTEBAN;AXUM;;;False;153754;0;Lista General;Autoservicio Tradicional - P;12467;14/4/2026;20000;MOLINA JUAN
30033;URQUIZA 962;SAN FRANCISCO;14/4/2026;15/4/2026;10/4/2026;FAC-A0006-00061955;Venta;P&P LOGISTICA S.R.L;71704;6;14756,74;17855,66;MARTINICH VIVIANA RITA ;;10,00%;8;ALVAREZ VANESA  KAFF;8020;TRAPICHE ALARIS MALBEC 6X750;2459,46;3599;Venta modificada el 2026-04-14 15:41:00;TRADITIONAL TRADE;Autoservicio Tradicional;12922,74;BLAS ALMADA;273,27;$;2;GRUPO PEÑAFLOR SA;4,5;0;Contado;16/4/2026 07:54;;Alaris;Medio Alto;No definido;;;Vinos del Año;PEÑAFLOR GRUPO OBJETIVO;;;20032;GRIBAUDO ESTEBAN;AXUM;;;False;153754;0;Lista General;Autoservicio Tradicional - P;12467;14/4/2026;20000;MOLINA JUAN
7921;MERLO Y LAS ARTES 0;MINA CLAVERO;14/4/2026;13/4/2026;11/4/2026;FAC-A0008-00002447;Venta;P&P LOGISTICA S.R.L;30002;1;23920,36;28943,64;ZORI NICOLAS ALBERTO 2;;9,00%;7;JOFRE GUILLERMO AGUSTIN;7004;JW RED 12X1000 UK;23920,36;3598;;TRADITIONAL TRADE;Autoservicio Tradicional;20717,3;CHOFER VILLA DOLORES BEBIDA;2365,75;$;2;GRUPO PEÑAFLOR SA;1;0;Contado;15/4/2026 15:55;;JW;Standard (S);No definido;;;Whisky;PEÑAFLOR GRUPO OBJETIVO;;;1002;BENITEZ RAUL;AXUM;;;False;153788;0;Lista General;Autoservicio Tradicional - A;12449;14/4/2026;BD-003;VILLAFAÑE MARIANO
7921;MERLO Y LAS ARTES 0;MINA CLAVERO;14/4/2026;13/4/2026;11/4/2026;FAC-A0008-00002447;Venta;P&P LOGISTICA S.R.L;30003;1;38490,98;46574,08;ZORI NICOLAS ALBERTO 2;;6,00%;7;JOFRE GUILLERMO AGUSTIN;7004;JW BLACK LABEL 12x750;38490,98;3598;;TRADITIONAL TRADE;Autoservicio Tradicional;29882,31;CHOFER VILLA DOLORES BEBIDA;2456,87;$;2;GRUPO PEÑAFLOR SA;0,75;0;Contado;15/4/2026 15:55;;JW;Premium (S);No definido;;;Whisky;PEÑAFLOR GRUPO OBJETIVO;;;1002;BENITEZ RAUL;AXUM;;;False;153788;0;Lista General;Autoservicio Tradicional - A;12449;14/4/2026;BD-003;VILLAFAÑE MARIANO
1175;H CORTES ESQ CURA BROCHERO 0;Mina Clavero;14/4/2026;13/4/2026;13/4/2026;FAC-A0008-00002448;Venta;P&P LOGISTICA S.R.L;74395;3;9685,36;11719,28;FONSECA DANIELA CELESTE;;10,00%;7;JOFRE GUILLERMO AGUSTIN;7003;DADA FMORAS N°2 6X750 ;3228,45;3598;;TRADITIONAL TRADE;Almacen/Despensa;7669,5;CHOFER VILLA DOLORES BEBIDA;358,72;$;2;GRUPO PEÑAFLOR SA;2,25;0;Contado;15/4/2026 15:55;;Dada;Alto;No definido;;;Vinos del Año;PEÑAFLOR GRUPO OBJETIVO;;;1002;BENITEZ RAUL;AXUM;;;False;154110;0;Lista General;Almacen/Despensa - C;12460;13/4/2026;BD-003;VILLAFAÑE MARIANO
1175;H CORTES ESQ CURA BROCHERO 0;Mina Clavero;14/4/2026;13/4/2026;13/4/2026;FAC-A0008-00002448;Venta;P&P LOGISTICA S.R.L;74210;3;10189,4;12329,17;FONSECA DANIELA CELESTE;;10,00%;7;JOFRE GUILLERMO AGUSTIN;7003;ALMA MORA MALBEC 6X750;3396,47;3598;;TRADITIONAL TRADE;Almacen/Despensa;8489,04;CHOFER VILLA DOLORES BEBIDA;377,39;$;2;GRUPO PEÑAFLOR SA;2,25;0;Contado;15/4/2026 15:55;;Alma Mora;Alto;No definido;;;Vinos del Año;PEÑAFLOR GRUPO OBJETIVO;;;1002;BENITEZ RAUL;AXUM;;;False;154110;0;Lista General;Almacen/Despensa - C;12460;13/4/2026;BD-003;VILLAFAÑE MARIANO
1175;H CORTES ESQ CURA BROCHERO 0;Mina Clavero;14/4/2026;13/4/2026;13/4/2026;FAC-A0008-00002448;Venta;P&P LOGISTICA S.R.L;35105;6;11608,38;14046,14;FONSECA DANIELA CELESTE;;0,00%;7;JOFRE GUILLERMO AGUSTIN;7003;SMF ICE RED BERRIE LAT 4X6X473;1934,73;3598;;TRADITIONAL TRADE;Almacen/Despensa;8882,64;CHOFER VILLA DOLORES BEBIDA;0;$;2;GRUPO PEÑAFLOR SA;2,838;0;Contado;15/4/2026 15:55;;Smirnoff Ice Flavours;RTD (s);No definido;;;RTD (S);PEÑAFLOR GRUPO OBJETIVO;;;1002;BENITEZ RAUL;AXUM;;;False;154110;0;Lista General;Almacen/Despensa - C;12460;13/4/2026;BD-003;VILLAFAÑE MARIANO
2924;SAN MARTIN ESQ. FREY REGINALDO 0;VILLA SANTA ROSA;14/4/2026;15/4/2026;13/4/2026;FAC-B0006-00013147;Venta;P&P LOGISTICA S.R.L;72858;3;7446,97;9010,84;DIAZ RAUL ENRIQUE;;6,00%;6;PEYRONEL ANDREA;6010;F.LAS MORAS SYRAH 6X750 ;2482,32;3594;;TRADITIONAL TRADE;Carniceria/Granja;6243,93;DELGADO MAYCO JOAQUIN;158,45;$;2;GRUPO PEÑAFLOR SA;2,25;0;Contado;16/4/2026 07:46;;Finca Las Moras;Medio Alto;No definido;;;Vinos del Año;PEÑAFLOR GRUPO OBJETIVO;;;20032;GRIBAUDO ESTEBAN;AXUM;;;False;153862;0;Lista General;Carniceria/Granja - C;12462;14/4/2026;20000;MOLINA JUAN
2924;SAN MARTIN ESQ. FREY REGINALDO 0;VILLA SANTA ROSA;14/4/2026;15/4/2026;13/4/2026;FAC-B0006-00013147;Venta;P&P LOGISTICA S.R.L;74509;3;7446,97;9010,84;DIAZ RAUL ENRIQUE;;6,00%;6;PEYRONEL ANDREA;6010;F. LAS MORAS BCO DULCE 6X750 ;2482,32;3594;;TRADITIONAL TRADE;Carniceria/Granja;5931,72;DELGADO MAYCO JOAQUIN;158,45;$;2;GRUPO PEÑAFLOR SA;2,25;0;Contado;16/4/2026 07:46;;Alaris;Medio Alto;No definido;;;Vinos del Año;PEÑAFLOR GRUPO OBJETIVO;;;20032;GRIBAUDO ESTEBAN;AXUM;;;False;153862;0;Lista General;Carniceria/Granja - C;12462;14/4/2026;20000;MOLINA JUAN
406;SAN MARTIN 450;Santa Rosa de Río Primero;14/4/2026;15/4/2026;13/4/2026;FAC-B0006-00013151;Venta;P&P LOGISTICA S.R.L;74210;3;10642,26;12877,13;PEYRONEL PRADO GUILLERMINA;;6,00%;6;PEYRONEL ANDREA;6010;ALMA MORA MALBEC 6X750;3547,42;3594;;TRADITIONAL TRADE;Kiosco/Maxikiosco;8489,04;DELGADO MAYCO JOAQUIN;226,43;$;2;GRUPO PEÑAFLOR SA;2,25;0;Contado;16/4/2026 07:46;;Alma Mora;Alto;No definido;;;Vinos del Año;PEÑAFLOR GRUPO OBJETIVO;;;20032;GRIBAUDO ESTEBAN;AXUM;;;False;153966;0;Lista General;Kiosco/Maxikiosco - C;12462;14/4/2026;20000;MOLINA JUAN
406;SAN MARTIN 450;Santa Rosa de Río Primero;14/4/2026;15/4/2026;13/4/2026;FAC-B0006-00013151;Venta;P&P LOGISTICA S.R.L;80010;3;8582,19;10384,45;PEYRONEL PRADO GUILLERMINA;;6,00%;6;PEYRONEL ANDREA;6010;LOS ARBOLES SEL MALBEC 6X750;2860,73;3594;;TRADITIONAL TRADE;Kiosco/Maxikiosco;7195,77;DELGADO MAYCO JOAQUIN;182,6;$;2;GRUPO PEÑAFLOR SA;2,25;0;Contado;16/4/2026 07:46;;Los Arboles;Medio Alto;No definido;;;Vinos del Año;Grupo Peñaflor,PEÑAFLOR GRUPO OBJETIVO;;;20032;GRIBAUDO ESTEBAN;AXUM;;;False;153966;0;Lista General;Kiosco/Maxikiosco - C;12462;14/4/2026;20000;MOLINA JUAN
30054;CALLE  64 0;FRONTERA;14/4/2026;13/4/2026;14/4/2026;NCR-A0006-00008643;Devolución por Rechazo;P&P LOGISTICA S.R.L;74147;-6;-25944,3;-31392,6;XIAZHANG HUANG;NO RECIBIO;10,00%;8;ALVAREZ VANESA  KAFF;8050;FOND CAVE SYRAH 6X750 ;4324,05;3584;;TRADITIONAL TRADE;Autoservicio Tradicional;-22058,16;BLAS ALMADA;480,45;$;2;GRUPO PEÑAFLOR SA;-4,5;0;Contado;14/4/2026 08:48;;Fond De Cave;Superior;No definido;;;Vinos del Año;PEÑAFLOR GRUPO OBJETIVO;;;20032;GRIBAUDO ESTEBAN;Gescom;FAC-A0006-00061342;;True;154132;0;Lista General;Autoservicio Tradicional - P;;1/1/2000;;
3622;JONAS SALK 147;FREYRE;14/4/2026;13/4/2026;14/4/2026;NCR-A0006-00008646;Devolución por Rechazo;P&P LOGISTICA S.R.L;80010;-3;-9129,99;-11047,29;FERRARIS NANCI MARIA;SIN DINERO;0,00%;4;GRIBAUDO ANGEL;4050;LOS ARBOLES SEL MALBEC 6X750;3043,33;3581;;TRADITIONAL TRADE;Almacen/Despensa;-7195,77;ACOSTA FACUNDO;0;$;2;GRUPO PEÑAFLOR SA;-2,25;0;Contado;14/4/2026 09:54;;Los Arboles;Medio Alto;No definido;;;Vinos del Año;Grupo Peñaflor,PEÑAFLOR GRUPO OBJETIVO;;;20032;GRIBAUDO ESTEBAN;Gescom;FAC-A0006-00061675;;True;154155;0;Lista General;Almacen/Despensa - B;;1/1/2000;;
3622;JONAS SALK 147;FREYRE;14/4/2026;13/4/2026;14/4/2026;NCR-A0006-00008646;Devolución por Rechazo;P&P LOGISTICA S.R.L;74210;-3;-11321,55;-13699,08;FERRARIS NANCI MARIA;SIN DINERO;0,00%;4;GRIBAUDO ANGEL;4050;ALMA MORA MALBEC 6X750;3773,85;3581;;TRADITIONAL TRADE;Almacen/Despensa;-8489,04;ACOSTA FACUNDO;0;$;2;GRUPO PEÑAFLOR SA;-2,25;0;Contado;14/4/2026 09:54;;Alma Mora;Alto;No definido;;;Vinos del Año;PEÑAFLOR GRUPO OBJETIVO;;;20032;GRIBAUDO ESTEBAN;Gescom;FAC-A0006-00061675;;True;154155;0;Lista General;Almacen/Despensa - B;;1/1/2000;;
3622;JONAS SALK 147;FREYRE;14/4/2026;13/4/2026;14/4/2026;NCR-A0006-00008646;Devolución por Rechazo;P&P LOGISTICA S.R.L;42102;-3;-9849,84;-11918,31;FERRARIS NANCI MARIA;SIN DINERO;0,00%;4;GRIBAUDO ANGEL;4050;ELEMENTOS MALBEC 6X750 ;3283,28;3581;;TRADITIONAL TRADE;Almacen/Despensa;-7019,76;ACOSTA FACUNDO;0;$;2;GRUPO PEÑAFLOR SA;-2,25;0;Contado;14/4/2026 09:54;;ELEMENTOS;Alto;No definido;;;Vinos del Año;PEÑAFLOR GRUPO OBJETIVO;;;20032;GRIBAUDO ESTEBAN;Gescom;FAC-A0006-00061675;;True;154155;0;Lista General;Almacen/Despensa - B;;1/1/2000;;
3622;JONAS SALK 147;FREYRE;14/4/2026;13/4/2026;14/4/2026;NCR-A0006-00008646;Devolución por Rechazo;P&P LOGISTICA S.R.L;80004;-3;-7043,55;-8522,7;FERRARIS NANCI MARIA;SIN DINERO;0,00%;4;GRIBAUDO ANGEL;4050;SAN TELMO MALBEC X750;2347,85;3581;;TRADITIONAL TRADE;Almacen/Despensa;-5551,35;ACOSTA FACUNDO;0;$;2;GRUPO PEÑAFLOR SA;-2,25;0;Contado;14/4/2026 09:54;;;Medio;No definido;;;Vinos del Año;Grupo Peñaflor,PEÑAFLOR GRUPO OBJETIVO;;;20032;GRIBAUDO ESTEBAN;Gescom;FAC-A0006-00061675;;True;154155;0;Lista General;Almacen/Despensa - B;;1/1/2000;;
30069;ALBERDI 278 0;LAS VARILLAS;14/4/2026;14/4/2026;14/4/2026;NCR-A0006-00008669;Devolución por Rechazo;P&P LOGISTICA S.R.L;35105;-24;-46433,52;-56184,56;DIAZ LUCIANO;NO RECIBIO;0,00%;8;ALVAREZ VANESA  KAFF;8010;SMF ICE RED BERRIE LAT 4X6X473;1934,73;3592;;TRADITIONAL TRADE;Autoservicio Tradicional;-35530,56;ACOSTA FACUNDO;0;$;2;GRUPO PEÑAFLOR SA;-11,352;0;Contado;14/4/2026 17:46;;Smirnoff Ice Flavours;RTD (s);No definido;;;RTD (S);PEÑAFLOR GRUPO OBJETIVO;;;20032;GRIBAUDO ESTEBAN;Gescom;FAC-A0006-00061751;;True;154412;0;Lista General;Autoservicio Tradicional - P;;1/1/2000;;
30069;ALBERDI 278 0;LAS VARILLAS;14/4/2026;14/4/2026;14/4/2026;NCR-A0006-00008670;Devolución por Rechazo;P&P LOGISTICA S.R.L;35105;-36;-69650,28;-84276,84;DIAZ LUCIANO;NO RECIBIO;0,00%;8;ALVAREZ VANESA  KAFF;8010;SMF ICE RED BERRIE LAT 4X6X473;1934,73;3592;;TRADITIONAL TRADE;Autoservicio Tradicional;-53295,84;ACOSTA FACUNDO;0;$;2;GRUPO PEÑAFLOR SA;-17,028;0;Contado;14/4/2026 17:46;;Smirnoff Ice Flavours;RTD (s);No definido;;;RTD (S);PEÑAFLOR GRUPO OBJETIVO;;;20032;GRIBAUDO ESTEBAN;Gescom;FAC-A0006-00061752;;True;154413;0;Lista General;Autoservicio Tradicional - P;;1/1/2000;;
30069;ALBERDI 278 0;LAS VARILLAS;14/4/2026;14/4/2026;14/4/2026;NCR-A0006-00008671;Devolución por Rechazo;P&P LOGISTICA S.R.L;35105;-36;-69650,28;-84276,84;DIAZ LUCIANO;NO RECIBIO;0,00%;8;ALVAREZ VANESA  KAFF;8010;SMF ICE RED BERRIE LAT 4X6X473;1934,73;3592;;TRADITIONAL TRADE;Autoservicio Tradicional;-53295,84;ACOSTA FACUNDO;0;$;2;GRUPO PEÑAFLOR SA;-17,028;0;Contado;14/4/2026 17:46;;Smirnoff Ice Flavours;RTD (s);No definido;;;RTD (S);PEÑAFLOR GRUPO OBJETIVO;;;20032;GRIBAUDO ESTEBAN;Gescom;FAC-A0006-00061753;;True;154414;0;Lista General;Autoservicio Tradicional - P;;1/1/2000;;
30069;ALBERDI 278 0;LAS VARILLAS;14/4/2026;14/4/2026;14/4/2026;NCR-A0006-00008672;Devolución por Rechazo;P&P LOGISTICA S.R.L;35105;-36;-69650,28;-84276,84;DIAZ LUCIANO;NO RECIBIO;0,00%;8;ALVAREZ VANESA  KAFF;8010;SMF ICE RED BERRIE LAT 4X6X473;1934,73;3592;;TRADITIONAL TRADE;Autoservicio Tradicional;-53295,84;ACOSTA FACUNDO;0;$;2;GRUPO PEÑAFLOR SA;-17,028;0;Contado;14/4/2026 17:46;;Smirnoff Ice Flavours;RTD (s);No definido;;;RTD (S);PEÑAFLOR GRUPO OBJETIVO;;;20032;GRIBAUDO ESTEBAN;Gescom;FAC-A0006-00061754;;True;154415;0;Lista General;Autoservicio Tradicional - P;;1/1/2000;;
30069;ALBERDI 278 0;LAS VARILLAS;14/4/2026;14/4/2026;14/4/2026;NCR-A0006-00008673;Devolución por Rechazo;P&P LOGISTICA S.R.L;35105;-36;-69650,28;-84276,84;DIAZ LUCIANO;NO RECIBIO;0,00%;8;ALVAREZ VANESA  KAFF;8010;SMF ICE RED BERRIE LAT 4X6X473;1934,73;3592;;TRADITIONAL TRADE;Autoservicio Tradicional;-53295,84;ACOSTA FACUNDO;0;$;2;GRUPO PEÑAFLOR SA;-17,028;0;Contado;14/4/2026 17:46;;Smirnoff Ice Flavours;RTD (s);No definido;;;RTD (S);PEÑAFLOR GRUPO OBJETIVO;;;20032;GRIBAUDO ESTEBAN;Gescom;FAC-A0006-00061755;;True;154416;0;Lista General;Autoservicio Tradicional - P;;1/1/2000;;
30069;ALBERDI 278 0;LAS VARILLAS;14/4/2026;14/4/2026;14/4/2026;NCR-A0006-00008674;Devolución por Rechazo;P&P LOGISTICA S.R.L;35105;-36;-69650,28;-84276,84;DIAZ LUCIANO;NO RECIBIO;0,00%;8;ALVAREZ VANESA  KAFF;8010;SMF ICE RED BERRIE LAT 4X6X473;1934,73;3592;;TRADITIONAL TRADE;Autoservicio Tradicional;-53295,84;ACOSTA FACUNDO;0;$;2;GRUPO PEÑAFLOR SA;-17,028;0;Contado;14/4/2026 17:46;;Smirnoff Ice Flavours;RTD (s);No definido;;;RTD (S);PEÑAFLOR GRUPO OBJETIVO;;;20032;GRIBAUDO ESTEBAN;Gescom;FAC-A0006-00061756;;True;154417;0;Lista General;Autoservicio Tradicional - P;;1/1/2000;;
30069;ALBERDI 278 0;LAS VARILLAS;14/4/2026;14/4/2026;14/4/2026;NCR-A0006-00008675;Devolución por Rechazo;P&P LOGISTICA S.R.L;35105;-36;-69650,28;-84276,84;DIAZ LUCIANO;NO RECIBIO;0,00%;8;ALVAREZ VANESA  KAFF;8010;SMF ICE RED BERRIE LAT 4X6X473;1934,73;3592;;TRADITIONAL TRADE;Autoservicio Tradicional;-53295,84;ACOSTA FACUNDO;0;$;2;GRUPO PEÑAFLOR SA;-17,028;0;Contado;14/4/2026 17:46;;Smirnoff Ice Flavours;RTD (s);No definido;;;RTD (S);PEÑAFLOR GRUPO OBJETIVO;;;20032;GRIBAUDO ESTEBAN;Gescom;FAC-A0006-00061757;;True;154418;0;Lista General;Autoservicio Tradicional - P;;1/1/2000;;
8139;CURA BROCHERO ESQ JUAN JOSE PASO (FRENTE A PLAZA) 0;VILLA DOLORES;14/4/2026;13/4/2026;11/4/2026;FAC-A0001-00042291;Venta;Empresa;35103;6;10911,88;13203,37;CHEN XIANYU;;6,00%;9;SANCHEZ FERNANDO JAVIER;9005;SMIRNOFF ICE LATA 4X6X473;1818,65;3595;;TRADITIONAL TRADE;Autoservicio Tradicional;8882,64;CHOFER VILLA DOLORES BEBIDA;116,08;$;2;GRUPO PEÑAFLOR SA;2,838;0;Contado;;;Smirnoff Ice;RTD (s);No definido;;;RTD (S);PEÑAFLOR GRUPO OBJETIVO;;;1002;BENITEZ RAUL;AXUM;;;False;153801;1;Lista General;Autoservicio Tradicional - P;12449;14/4/2026;BD-003;VILLAFAÑE MARIANO
8139;CURA BROCHERO ESQ JUAN JOSE PASO (FRENTE A PLAZA) 0;VILLA DOLORES;14/4/2026;13/4/2026;11/4/2026;FAC-A0001-00042291;Venta;Empresa;44296;3;19716,9;23857,45;CHEN XIANYU;;6,00%;9;SANCHEZ FERNANDO JAVIER;9005;DON DAVID RESERVA MALBEC X750;6572,3;3595;;TRADITIONAL TRADE;Autoservicio Tradicional;16207,56;CHOFER VILLA DOLORES BEBIDA;419,51;$;2;GRUPO PEÑAFLOR SA;2,25;0;Contado;;;;Premium;No definido;;;Vino de Guarda;PEÑAFLOR GRUPO OBJETIVO;;;1002;BENITEZ RAUL;AXUM;;;False;153801;1;Lista General;Autoservicio Tradicional - P;12449;14/4/2026;BD-003;VILLAFAÑE MARIANO
8139;CURA BROCHERO ESQ JUAN JOSE PASO (FRENTE A PLAZA) 0;VILLA DOLORES;14/4/2026;13/4/2026;11/4/2026;FAC-A0001-00042291;Venta;Empresa;72867;6;38130,24;46137,58;CHEN XIANYU;;6,00%;9;SANCHEZ FERNANDO JAVIER;9005;FOND CAVE RVA MALBEC 6X750;6355,04;3595;;TRADITIONAL TRADE;Autoservicio Tradicional;31343,58;CHOFER VILLA DOLORES BEBIDA;405,64;$;2;GRUPO PEÑAFLOR SA;4,5;0;Contado;;;Fond De Cave;Premium;No definido;;;Vino de Guarda;PEÑAFLOR GRUPO OBJETIVO;;;1002;BENITEZ RAUL;AXUM;;;False;153801;1;Lista General;Autoservicio Tradicional - P;12449;14/4/2026;BD-003;VILLAFAÑE MARIANO
8139;CURA BROCHERO ESQ JUAN JOSE PASO (FRENTE A PLAZA) 0;VILLA DOLORES;14/4/2026;13/4/2026;11/4/2026;FAC-A0001-00042291;Venta;Empresa;42373;6;27253,75;32977,03;CHEN XIANYU;;10,00%;9;SANCHEZ FERNANDO JAVIER;9005;DON DAVID CABERNET 6X750;4542,29;3595;;TRADITIONAL TRADE;Autoservicio Tradicional;22717,14;CHOFER VILLA DOLORES BEBIDA;504,7;$;2;GRUPO PEÑAFLOR SA;4,5;0;Contado;;;Don David;Superior;No definido;;;Vinos del Año;PEÑAFLOR GRUPO OBJETIVO;;;1002;BENITEZ RAUL;AXUM;;;False;153801;1;Lista General;Autoservicio Tradicional - P;12449;14/4/2026;BD-003;VILLAFAÑE MARIANO
8139;CURA BROCHERO ESQ JUAN JOSE PASO (FRENTE A PLAZA) 0;VILLA DOLORES;14/4/2026;13/4/2026;11/4/2026;FAC-A0001-00042291;Venta;Empresa;74473;6;29444,9;35628,33;CHEN XIANYU;;10,00%;9;SANCHEZ FERNANDO JAVIER;9005;DADA ESPUMANTE ROS6X750 ;4907,48;3595;;TRADITIONAL TRADE;Autoservicio Tradicional;24293,1;CHOFER VILLA DOLORES BEBIDA;545,28;$;2;GRUPO PEÑAFLOR SA;4,5;0;Contado;;;Champaña Dada;Champaña Alta y Premium;No definido;;;Espumantes;PEÑAFLOR GRUPO OBJETIVO;;;1002;BENITEZ RAUL;AXUM;;;False;153801;1;Lista General;Autoservicio Tradicional - P;12449;14/4/2026;BD-003;VILLAFAÑE MARIANO
8186;EV ESPAÑA 1211;VILLA DOLORES;14/4/2026;13/4/2026;13/4/2026;FAC-A0001-00042292;Venta;Empresa;80010;6;17164,38;20768,9;ROMERO FLAVIA EMILCE ;;6,00%;9;SANCHEZ FERNANDO JAVIER;9005;LOS ARBOLES SEL MALBEC 6X750;2860,73;3595;;TRADITIONAL TRADE;Almacen/Despensa;14391,54;CHOFER VILLA DOLORES BEBIDA;182,6;$;2;GRUPO PEÑAFLOR SA;4,5;0;Contado;;;Los Arboles;Medio Alto;No definido;;;Vinos del Año;Grupo Peñaflor,PEÑAFLOR GRUPO OBJETIVO;;;1002;BENITEZ RAUL;AXUM;;;False;153900;1;Lista General;Almacen/Despensa - B;12456;14/4/2026;BD-003;VILLAFAÑE MARIANO
8186;EV ESPAÑA 1211;VILLA DOLORES;14/4/2026;13/4/2026;13/4/2026;FAC-A0001-00042292;Venta;Empresa;74569;6;19585,95;23699;ROMERO FLAVIA EMILCE ;;9,00%;9;SANCHEZ FERNANDO JAVIER;9005;DADA N°8 CHOCOLATE 6X750 ;3264,32;3595;;TRADITIONAL TRADE;Almacen/Despensa;16146,3;CHOFER VILLA DOLORES BEBIDA;322,85;$;2;GRUPO PEÑAFLOR SA;4,5;0;Contado;;;Dada;Alto;No definido;;;Vinos del Año;PEÑAFLOR GRUPO OBJETIVO;;;1002;BENITEZ RAUL;AXUM;;;False;153900;1;Lista General;Almacen/Despensa - B;12456;14/4/2026;BD-003;VILLAFAÑE MARIANO
8140;PTE J. D. PERON 1019;VILLA DOLORES;14/4/2026;13/4/2026;13/4/2026;FAC-A0001-00042293;Venta;Empresa;30020;3;19741,47;23887,17;AGUILERA EPIFANIO;;6,00%;9;SANCHEZ FERNANDO JAVIER;9005;SMIRNOFF GREEN APPLE DO 6X700;6580,49;3595;;TRADITIONAL TRADE;Almacen/Despensa;16062,15;CHOFER VILLA DOLORES BEBIDA;420,03;$;2;GRUPO PEÑAFLOR SA;2,1;0;Contado;;;Smirnoff;Standard (S);No definido;;;Vodka;PEÑAFLOR GRUPO OBJETIVO;;;1002;BENITEZ RAUL;AXUM;;;False;153941;1;Lista General;Almacen/Despensa - B;12449;14/4/2026;BD-003;VILLAFAÑE MARIANO
8140;PTE J. D. PERON 1019;VILLA DOLORES;14/4/2026;13/4/2026;13/4/2026;FAC-A0001-00042293;Venta;Empresa;30022;3;19741,47;23887,17;AGUILERA EPIFANIO;;6,00%;9;SANCHEZ FERNANDO JAVIER;9005;SMIRNOFF RASPBERRY DO 6X700;6580,49;3595;;TRADITIONAL TRADE;Almacen/Despensa;16062,15;CHOFER VILLA DOLORES BEBIDA;420,03;$;2;GRUPO PEÑAFLOR SA;2,1;0;Contado;;;Smirnoff;Standard (S);No definido;;;Vodka;PEÑAFLOR GRUPO OBJETIVO;;;1002;BENITEZ RAUL;AXUM;;;False;153941;1;Lista General;Almacen/Despensa - B;12449;14/4/2026;BD-003;VILLAFAÑE MARIANO
8121;PRESIDENTE PERON 1144;VILLA DOLORES;14/4/2026;13/4/2026;13/4/2026;FAC-A0001-00042294;Venta;Empresa;74210;6;20378,79;24658,34;GONZALEZ MARIA YANINA;;10,00%;9;SANCHEZ FERNANDO JAVIER;9005;ALMA MORA MALBEC 6X750;3396,47;3595;;TRADITIONAL TRADE;Almacen/Despensa;16978,08;CHOFER VILLA DOLORES BEBIDA;377,39;$;2;GRUPO PEÑAFLOR SA;4,5;0;Contado;;;Alma Mora;Alto;No definido;;;Vinos del Año;PEÑAFLOR GRUPO OBJETIVO;;;1002;BENITEZ RAUL;AXUM;;;False;153942;1;Lista General;Almacen/Despensa - B;12449;13/4/2026;BD-003;VILLAFAÑE MARIANO
1382;20 DE JUNIO 115;Villa Dolores;14/4/2026;13/4/2026;13/4/2026;FAC-A0001-00042295;Venta;Empresa;35105;6;11608,38;14046,14;GALLARDO IGNACIO OSCAR;;0,00%;9;SANCHEZ FERNANDO JAVIER;9001;SMF ICE RED BERRIE LAT 4X6X473;1934,73;3595;;TRADITIONAL TRADE;Almacen/Despensa;8882,64;CHOFER VILLA DOLORES BEBIDA;0;$;2;GRUPO PEÑAFLOR SA;2,838;0;Contado;;;Smirnoff Ice Flavours;RTD (s);No definido;;;RTD (S);PEÑAFLOR GRUPO OBJETIVO;;;1002;BENITEZ RAUL;AXUM;;;False;154109;1;Lista General;Almacen/Despensa - C;12459;13/4/2026;BD-003;VILLAFAÑE MARIANO
8161;ESPAÑA ESQ. INDEPENDENCIA 0;VILLA DOLORES;14/4/2026;13/4/2026;13/4/2026;FAC-A0001-00042296;Venta;Empresa;74815;6;15491;18744,1;BELLON FABRICIO;;15,00%;9;SANCHEZ FERNANDO JAVIER;9005;CAZADOR CAB. SAU 6X750;2581,83;3595;;TRADITIONAL TRADE;Almacen/Despensa;13671,96;CHOFER VILLA DOLORES BEBIDA;455,62;$;2;GRUPO PEÑAFLOR SA;0;0;Contado;;;;;;;;;PEÑAFLOR GRUPO OBJETIVO;;;1002;BENITEZ RAUL;AXUM;;Revisar Orden;False;153979;1;Lista General;Almacen/Despensa - P;12463;14/4/2026;BD-003;VILLAFAÑE MARIANO
8161;ESPAÑA ESQ. INDEPENDENCIA 0;VILLA DOLORES;14/4/2026;13/4/2026;13/4/2026;FAC-A0001-00042296;Venta;Empresa;74816;12;30981,99;37488,21;BELLON FABRICIO;;15,00%;9;SANCHEZ FERNANDO JAVIER;9005;CAZADOR BLANCO DULCE 6X750;2581,83;3595;;TRADITIONAL TRADE;Almacen/Despensa;27343,92;CHOFER VILLA DOLORES BEBIDA;455,62;$;2;GRUPO PEÑAFLOR SA;0;0;Contado;;;;;;;;;PEÑAFLOR GRUPO OBJETIVO;;;1002;BENITEZ RAUL;AXUM;;Revisar Orden;False;153979;1;Lista General;Almacen/Despensa - P;12463;14/4/2026;BD-003;VILLAFAÑE MARIANO
8161;ESPAÑA ESQ. INDEPENDENCIA 0;VILLA DOLORES;14/4/2026;13/4/2026;13/4/2026;FAC-A0001-00042296;Venta;Empresa;74210;6;20378,79;24658,34;BELLON FABRICIO;;10,00%;9;SANCHEZ FERNANDO JAVIER;9005;ALMA MORA MALBEC 6X750;3396,47;3595;;TRADITIONAL TRADE;Almacen/Despensa;16978,08;CHOFER VILLA DOLORES BEBIDA;377,39;$;2;GRUPO PEÑAFLOR SA;4,5;0;Contado;;;Alma Mora;Alto;No definido;;;Vinos del Año;PEÑAFLOR GRUPO OBJETIVO;;;1002;BENITEZ RAUL;AXUM;;Revisar Orden;False;153979;1;Lista General;Almacen/Despensa - P;12463;14/4/2026;BD-003;VILLAFAÑE MARIANO
8161;ESPAÑA ESQ. INDEPENDENCIA 0;VILLA DOLORES;14/4/2026;13/4/2026;13/4/2026;FAC-A0001-00042296;Venta;Empresa;74208;6;20379,49;24659,19;BELLON FABRICIO;;10,00%;9;SANCHEZ FERNANDO JAVIER;9005;ALMA MORA CABSAUV6X750 ;3396,58;3595;;TRADITIONAL TRADE;Almacen/Despensa;16987,14;CHOFER VILLA DOLORES BEBIDA;377,4;$;2;GRUPO PEÑAFLOR SA;4,5;0;Contado;;;Alma Mora;Alto;No definido;;;Vinos del Año;PEÑAFLOR GRUPO OBJETIVO;;;1002;BENITEZ RAUL;AXUM;;Revisar Orden;False;153979;1;Lista General;Almacen/Despensa - P;12463;14/4/2026;BD-003;VILLAFAÑE MARIANO
8161;ESPAÑA ESQ. INDEPENDENCIA 0;VILLA DOLORES;14/4/2026;13/4/2026;13/4/2026;FAC-A0001-00042296;Venta;Empresa;74397;6;20379,49;24659,19;BELLON FABRICIO;;10,00%;9;SANCHEZ FERNANDO JAVIER;9005;ALMA MORA BLEND DULCE 6X 750;3396,58;3595;;TRADITIONAL TRADE;Almacen/Despensa;16137,78;CHOFER VILLA DOLORES BEBIDA;377,4;$;2;GRUPO PEÑAFLOR SA;4,5;0;Contado;;;;Alto;No definido;;;Vinos del Año;PEÑAFLOR GRUPO OBJETIVO;;;1002;BENITEZ RAUL;AXUM;;Revisar Orden;False;153979;1;Lista General;Almacen/Despensa - P;12463;14/4/2026;BD-003;VILLAFAÑE MARIANO
8161;ESPAÑA ESQ. INDEPENDENCIA 0;VILLA DOLORES;14/4/2026;13/4/2026;13/4/2026;FAC-A0001-00042296;Venta;Empresa;74393;6;19370,72;23438,57;BELLON FABRICIO;;10,00%;9;SANCHEZ FERNANDO JAVIER;9005;DADA FMORAS N°1 6X750;3228,45;3595;;TRADITIONAL TRADE;Almacen/Despensa;15339;CHOFER VILLA DOLORES BEBIDA;358,72;$;2;GRUPO PEÑAFLOR SA;4,5;0;Contado;;;Dada;Alto;No definido;;;Vinos del Año;PEÑAFLOR GRUPO OBJETIVO;;;1002;BENITEZ RAUL;AXUM;;Revisar Orden;False;153979;1;Lista General;Almacen/Despensa - P;12463;14/4/2026;BD-003;VILLAFAÑE MARIANO
8161;ESPAÑA ESQ. INDEPENDENCIA 0;VILLA DOLORES;14/4/2026;13/4/2026;13/4/2026;FAC-A0001-00042296;Venta;Empresa;74395;6;19370,72;23438,57;BELLON FABRICIO;;10,00%;9;SANCHEZ FERNANDO JAVIER;9005;DADA FMORAS N°2 6X750 ;3228,45;3595;;TRADITIONAL TRADE;Almacen/Despensa;15339;CHOFER VILLA DOLORES BEBIDA;358,72;$;2;GRUPO PEÑAFLOR SA;4,5;0;Contado;;;Dada;Alto;No definido;;;Vinos del Año;PEÑAFLOR GRUPO OBJETIVO;;;1002;BENITEZ RAUL;AXUM;;Revisar Orden;False;153979;1;Lista General;Almacen/Despensa - P;12463;14/4/2026;BD-003;VILLAFAÑE MARIANO
8161;ESPAÑA ESQ. INDEPENDENCIA 0;VILLA DOLORES;14/4/2026;13/4/2026;13/4/2026;FAC-A0001-00042296;Venta;Empresa;74394;6;19370,72;23438,57;BELLON FABRICIO;;10,00%;9;SANCHEZ FERNANDO JAVIER;9005;DADA FMORAS N°3 6X750;3228,45;3595;;TRADITIONAL TRADE;Almacen/Despensa;16146,3;CHOFER VILLA DOLORES BEBIDA;358,72;$;2;GRUPO PEÑAFLOR SA;4,5;0;Contado;;;Dada;Alto;No definido;;;Vinos del Año;PEÑAFLOR GRUPO OBJETIVO;;;1002;BENITEZ RAUL;AXUM;;Revisar Orden;False;153979;1;Lista General;Almacen/Despensa - P;12463;14/4/2026;BD-003;VILLAFAÑE MARIANO
8161;ESPAÑA ESQ. INDEPENDENCIA 0;VILLA DOLORES;14/4/2026;13/4/2026;13/4/2026;FAC-A0001-00042296;Venta;Empresa;74505;6;19370,72;23438,57;BELLON FABRICIO;;10,00%;9;SANCHEZ FERNANDO JAVIER;9005;DADA ART CABERNET 6X750 ;3228,45;3595;;TRADITIONAL TRADE;Almacen/Despensa;16146,3;CHOFER VILLA DOLORES BEBIDA;358,72;$;2;GRUPO PEÑAFLOR SA;4,5;0;Contado;;;Dada;Alto;No definido;;;Vinos del Año;PEÑAFLOR GRUPO OBJETIVO;;;1002;BENITEZ RAUL;AXUM;;Revisar Orden;False;153979;1;Lista General;Almacen/Despensa - P;12463;14/4/2026;BD-003;VILLAFAÑE MARIANO
8161;ESPAÑA ESQ. INDEPENDENCIA 0;VILLA DOLORES;14/4/2026;13/4/2026;13/4/2026;FAC-A0001-00042296;Venta;Empresa;74504;6;19370,72;23438,57;BELLON FABRICIO;;10,00%;9;SANCHEZ FERNANDO JAVIER;9005;DADA ART MALBEC 6X750;3228,45;3595;;TRADITIONAL TRADE;Almacen/Despensa;16146,3;CHOFER VILLA DOLORES BEBIDA;358,72;$;2;GRUPO PEÑAFLOR SA;4,5;0;Contado;;;Dada;Alto;No definido;;;Vinos del Año;PEÑAFLOR GRUPO OBJETIVO;;;1002;BENITEZ RAUL;AXUM;;Revisar Orden;False;153979;1;Lista General;Almacen/Despensa - P;12463;14/4/2026;BD-003;VILLAFAÑE MARIANO
8161;ESPAÑA ESQ. INDEPENDENCIA 0;VILLA DOLORES;14/4/2026;13/4/2026;13/4/2026;FAC-A0001-00042296;Venta;Empresa;74636;6;16142,27;19532,14;BELLON FABRICIO;;25,00%;9;SANCHEZ FERNANDO JAVIER;9005;DADA N6 HONEY X750;2690,38;3595;;TRADITIONAL TRADE;Almacen/Despensa;16146,3;CHOFER VILLA DOLORES BEBIDA;896,79;$;2;GRUPO PEÑAFLOR SA;4,5;0;Contado;;;;Alto;No definido;;;Vinos del Año;PEÑAFLOR GRUPO OBJETIVO;;;1002;BENITEZ RAUL;AXUM;;Revisar Orden;False;153979;1;Lista General;Almacen/Despensa - P;12463;14/4/2026;BD-003;VILLAFAÑE MARIANO
8161;ESPAÑA ESQ. INDEPENDENCIA 0;VILLA DOLORES;14/4/2026;13/4/2026;13/4/2026;FAC-A0001-00042296;Venta;Empresa;74569;6;19370,72;23438,57;BELLON FABRICIO;;10,00%;9;SANCHEZ FERNANDO JAVIER;9005;DADA N°8 CHOCOLATE 6X750 ;3228,45;3595;;TRADITIONAL TRADE;Almacen/Despensa;16146,3;CHOFER VILLA DOLORES BEBIDA;358,72;$;2;GRUPO PEÑAFLOR SA;4,5;0;Contado;;;Dada;Alto;No definido;;;Vinos del Año;PEÑAFLOR GRUPO OBJETIVO;;;1002;BENITEZ RAUL;AXUM;;Revisar Orden;False;153979;1;Lista General;Almacen/Despensa - P;12463;14/4/2026;BD-003;VILLAFAÑE MARIANO
8161;ESPAÑA ESQ. INDEPENDENCIA 0;VILLA DOLORES;14/4/2026;13/4/2026;13/4/2026;FAC-A0001-00042296;Venta;Empresa;42102;6;17729,71;21452,95;BELLON FABRICIO;;10,00%;9;SANCHEZ FERNANDO JAVIER;9005;ELEMENTOS MALBEC 6X750 ;2954,95;3595;;TRADITIONAL TRADE;Almacen/Despensa;14039,52;CHOFER VILLA DOLORES BEBIDA;328,33;$;2;GRUPO PEÑAFLOR SA;4,5;0;Contado;;;ELEMENTOS;Alto;No definido;;;Vinos del Año;PEÑAFLOR GRUPO OBJETIVO;;;1002;BENITEZ RAUL;AXUM;;Revisar Orden;False;153979;1;Lista General;Almacen/Despensa - P;12463;14/4/2026;BD-003;VILLAFAÑE MARIANO
8161;ESPAÑA ESQ. INDEPENDENCIA 0;VILLA DOLORES;14/4/2026;13/4/2026;13/4/2026;FAC-A0001-00042296;Venta;Empresa;42102;6;17729,71;21452,95;BELLON FABRICIO;;10,00%;9;SANCHEZ FERNANDO JAVIER;9005;ELEMENTOS MALBEC 6X750 ;2954,95;3595;;TRADITIONAL TRADE;Almacen/Despensa;14039,52;CHOFER VILLA DOLORES BEBIDA;328,33;$;2;GRUPO PEÑAFLOR SA;4,5;0;Contado;;;ELEMENTOS;Alto;No definido;;;Vinos del Año;PEÑAFLOR GRUPO OBJETIVO;;;1002;BENITEZ RAUL;AXUM;;Revisar Orden;False;153979;1;Lista General;Almacen/Despensa - P;12463;14/4/2026;BD-003;VILLAFAÑE MARIANO
8161;ESPAÑA ESQ. INDEPENDENCIA 0;VILLA DOLORES;14/4/2026;13/4/2026;13/4/2026;FAC-A0001-00042296;Venta;Empresa;42113;6;17729,71;21452,95;BELLON FABRICIO;;10,00%;9;SANCHEZ FERNANDO JAVIER;9005;ELEMENTOS TORRONTES DLCE6X750 ;2954,95;3595;;TRADITIONAL TRADE;Almacen/Despensa;14778,42;CHOFER VILLA DOLORES BEBIDA;328,33;$;2;GRUPO PEÑAFLOR SA;4,5;0;Contado;;;ELEMENTOS;Alto;No definido;;;Vinos del Año;PEÑAFLOR GRUPO OBJETIVO;;;1002;BENITEZ RAUL;AXUM;;Revisar Orden;False;153979;1;Lista General;Almacen/Despensa - P;12463;14/4/2026;BD-003;VILLAFAÑE MARIANO
8161;ESPAÑA ESQ. INDEPENDENCIA 0;VILLA DOLORES;14/4/2026;13/4/2026;13/4/2026;FAC-A0001-00042296;Venta;Empresa;74827;6;19247,3;23289,23;BELLON FABRICIO;;15,00%;9;SANCHEZ FERNANDO JAVIER;9005;ALMA MORA BLANCO DULCE LOW 6X750;3207,88;3595;;TRADITIONAL TRADE;Almacen/Despensa;16987,14;CHOFER VILLA DOLORES BEBIDA;566,1;$;2;GRUPO PEÑAFLOR SA;0;0;Contado;;;;Alto;;;;Vinos del Año;PEÑAFLOR GRUPO OBJETIVO;;;1002;BENITEZ RAUL;AXUM;;Revisar Orden;False;153979;1;Lista General;Almacen/Despensa - P;12463;14/4/2026;BD-003;VILLAFAÑE MARIANO
8161;ESPAÑA ESQ. INDEPENDENCIA 0;VILLA DOLORES;14/4/2026;13/4/2026;13/4/2026;FAC-A0001-00042296;Venta;Empresa;74840;6;13936,92;16863,68;BELLON FABRICIO;;15,00%;9;SANCHEZ FERNANDO JAVIER;9005;ALARIS D.COSECHA TINTO 6X750;2322,82;3595;;TRADITIONAL TRADE;Almacen/Despensa;12922,74;CHOFER VILLA DOLORES BEBIDA;409,91;$;2;GRUPO PEÑAFLOR SA;0;0;Contado;;;Alaris;Medio Alto;;;;Vinos del Año;PEÑAFLOR GRUPO OBJETIVO;;;1002;BENITEZ RAUL;AXUM;;Revisar Orden;False;153979;1;Lista General;Almacen/Despensa - P;12463;14/4/2026;BD-003;VILLAFAÑE MARIANO
1006;CORDOBA 35;LAS VARILLAS;14/4/2026;15/4/2026;14/4/2026;FAC-B0001-00011830;Venta;Empresa;30022;90;535539,78;648003,13;LIN HAIJUN;;15,00%;8;ALVAREZ VANESA  KAFF;8010;SMIRNOFF RASPBERRY DO 6X700;5950,44;3607;;TRADITIONAL TRADE;Autoservicio Tradicional;481864,5;REPARTIDOR CBA;1050,08;$;2;GRUPO PEÑAFLOR SA;63;0;Contado;15/4/2026 10:56;;Smirnoff;Standard (S);No definido;;;Vodka;PEÑAFLOR GRUPO OBJETIVO;;;20032;GRIBAUDO ESTEBAN;Gescom;;;True;154326;0;Lista General;Autoservicio Tradicional - P;12483;14/4/2026;BD-003;VILLAFAÑE MARIANO
1006;CORDOBA 35;LAS VARILLAS;14/4/2026;15/4/2026;14/4/2026;FAC-B0001-00011830;Venta;Empresa;30020;54;321323,87;388801,88;LIN HAIJUN;;15,00%;8;ALVAREZ VANESA  KAFF;8010;SMIRNOFF GREEN APPLE DO 6X700;5950,44;3607;;TRADITIONAL TRADE;Autoservicio Tradicional;289118,7;REPARTIDOR CBA;1050,08;$;2;GRUPO PEÑAFLOR SA;37,8;0;Contado;15/4/2026 10:56;;Smirnoff;Standard (S);No definido;;;Vodka;PEÑAFLOR GRUPO OBJETIVO;;;20032;GRIBAUDO ESTEBAN;Gescom;;;True;154326;0;Lista General;Autoservicio Tradicional - P;12483;14/4/2026;BD-003;VILLAFAÑE MARIANO
1006;CORDOBA 35;LAS VARILLAS;14/4/2026;15/4/2026;14/4/2026;FAC-B0001-00011830;Venta;Empresa;35105;24;39468,49;47756,88;LIN HAIJUN;;15,00%;8;ALVAREZ VANESA  KAFF;8010;SMF ICE RED BERRIE LAT 4X6X473;1644,52;3607;;TRADITIONAL TRADE;Autoservicio Tradicional;35530,56;REPARTIDOR CBA;290,21;$;2;GRUPO PEÑAFLOR SA;11,352;0;Contado;15/4/2026 10:56;;Smirnoff Ice Flavours;RTD (s);No definido;;;RTD (S);PEÑAFLOR GRUPO OBJETIVO;;;20032;GRIBAUDO ESTEBAN;Gescom;;;True;154326;0;Lista General;Autoservicio Tradicional - P;12483;14/4/2026;BD-003;VILLAFAÑE MARIANO
1006;CORDOBA 35;LAS VARILLAS;14/4/2026;15/4/2026;14/4/2026;FAC-B0001-00011830;Venta;Empresa;35104;24;39468,49;47756,88;LIN HAIJUN;;15,00%;8;ALVAREZ VANESA  KAFF;8010;SMF ICE GREENAPPLE LAT 4X6X473;1644,52;3607;;TRADITIONAL TRADE;Autoservicio Tradicional;35530,56;REPARTIDOR CBA;290,21;$;2;GRUPO PEÑAFLOR SA;11,352;0;Contado;15/4/2026 10:56;;Smirnoff Ice Flavours;RTD (s);No definido;;;RTD (S);PEÑAFLOR GRUPO OBJETIVO;;;20032;GRIBAUDO ESTEBAN;Gescom;;;True;154326;0;Lista General;Autoservicio Tradicional - P;12483;14/4/2026;BD-003;VILLAFAÑE MARIANO
1039;ROSARIO DE SANTA FE 1979;SAN FRANCISCO;14/4/2026;15/4/2026;14/4/2026;FAC-A0001-00042345;Venta;Empresa;30022;90;535539,78;648003,13;ALTO.VEA.PASE S.A.S.;;15,00%;8;ALVAREZ VANESA  KAFF;8040;SMIRNOFF RASPBERRY DO 6X700;5950,44;3607;;TRADITIONAL TRADE;Autoservicio Tradicional;481864,5;REPARTIDOR CBA;1050,08;$;2;GRUPO PEÑAFLOR SA;63;0;Contado;15/4/2026 10:56;;Smirnoff;Standard (S);No definido;;;Vodka;PEÑAFLOR GRUPO OBJETIVO;;;20032;GRIBAUDO ESTEBAN;Gescom;;;True;154328;0;Lista General;Autoservicio Tradicional - P;12483;14/4/2026;BD-003;VILLAFAÑE MARIANO
1039;ROSARIO DE SANTA FE 1979;SAN FRANCISCO;14/4/2026;15/4/2026;14/4/2026;FAC-A0001-00042345;Venta;Empresa;30020;54;321323,87;388801,88;ALTO.VEA.PASE S.A.S.;;15,00%;8;ALVAREZ VANESA  KAFF;8040;SMIRNOFF GREEN APPLE DO 6X700;5950,44;3607;;TRADITIONAL TRADE;Autoservicio Tradicional;289118,7;REPARTIDOR CBA;1050,08;$;2;GRUPO PEÑAFLOR SA;37,8;0;Contado;15/4/2026 10:56;;Smirnoff;Standard (S);No definido;;;Vodka;PEÑAFLOR GRUPO OBJETIVO;;;20032;GRIBAUDO ESTEBAN;Gescom;;;True;154328;0;Lista General;Autoservicio Tradicional - P;12483;14/4/2026;BD-003;VILLAFAÑE MARIANO
1039;ROSARIO DE SANTA FE 1979;SAN FRANCISCO;14/4/2026;15/4/2026;14/4/2026;FAC-A0001-00042345;Venta;Empresa;35105;24;39468,49;47756,88;ALTO.VEA.PASE S.A.S.;;15,00%;8;ALVAREZ VANESA  KAFF;8040;SMF ICE RED BERRIE LAT 4X6X473;1644,52;3607;;TRADITIONAL TRADE;Autoservicio Tradicional;35530,56;REPARTIDOR CBA;290,21;$;2;GRUPO PEÑAFLOR SA;11,352;0;Contado;15/4/2026 10:56;;Smirnoff Ice Flavours;RTD (s);No definido;;;RTD (S);PEÑAFLOR GRUPO OBJETIVO;;;20032;GRIBAUDO ESTEBAN;Gescom;;;True;154328;0;Lista General;Autoservicio Tradicional - P;12483;14/4/2026;BD-003;VILLAFAÑE MARIANO
1039;ROSARIO DE SANTA FE 1979;SAN FRANCISCO;14/4/2026;15/4/2026;14/4/2026;FAC-A0001-00042345;Venta;Empresa;35104;24;39468,49;47756,88;ALTO.VEA.PASE S.A.S.;;15,00%;8;ALVAREZ VANESA  KAFF;8040;SMF ICE GREENAPPLE LAT 4X6X473;1644,52;3607;;TRADITIONAL TRADE;Autoservicio Tradicional;35530,56;REPARTIDOR CBA;290,21;$;2;GRUPO PEÑAFLOR SA;11,352;0;Contado;15/4/2026 10:56;;Smirnoff Ice Flavours;RTD (s);No definido;;;RTD (S);PEÑAFLOR GRUPO OBJETIVO;;;20032;GRIBAUDO ESTEBAN;Gescom;;;True;154328;0;Lista General;Autoservicio Tradicional - P;12483;14/4/2026;BD-003;VILLAFAÑE MARIANO
1249;DIEGO MONTOYA ESQ LA RIOJA 0;Las Varillas;14/4/2026;15/4/2026;14/4/2026;FAC-A0001-00042346;Venta;Empresa;30022;90;535539,78;648003,13;ALVARADO MARIA PILAR HERRERA;;15,00%;8;ALVAREZ VANESA  KAFF;8010;SMIRNOFF RASPBERRY DO 6X700;5950,44;3607;;TRADITIONAL TRADE;Autoservicio Tradicional;481864,5;REPARTIDOR CBA;1050,08;$;2;GRUPO PEÑAFLOR SA;63;0;Contado;15/4/2026 10:56;;Smirnoff;Standard (S);No definido;;;Vodka;PEÑAFLOR GRUPO OBJETIVO;;;20032;GRIBAUDO ESTEBAN;Gescom;;;True;154330;0;Lista General;Autoservicio Tradicional - C;12483;14/4/2026;BD-003;VILLAFAÑE MARIANO
1249;DIEGO MONTOYA ESQ LA RIOJA 0;Las Varillas;14/4/2026;15/4/2026;14/4/2026;FAC-A0001-00042346;Venta;Empresa;30020;54;321323,87;388801,88;ALVARADO MARIA PILAR HERRERA;;15,00%;8;ALVAREZ VANESA  KAFF;8010;SMIRNOFF GREEN APPLE DO 6X700;5950,44;3607;;TRADITIONAL TRADE;Autoservicio Tradicional;289118,7;REPARTIDOR CBA;1050,08;$;2;GRUPO PEÑAFLOR SA;37,8;0;Contado;15/4/2026 10:56;;Smirnoff;Standard (S);No definido;;;Vodka;PEÑAFLOR GRUPO OBJETIVO;;;20032;GRIBAUDO ESTEBAN;Gescom;;;True;154330;0;Lista General;Autoservicio Tradicional - C;12483;14/4/2026;BD-003;VILLAFAÑE MARIANO
1249;DIEGO MONTOYA ESQ LA RIOJA 0;Las Varillas;14/4/2026;15/4/2026;14/4/2026;FAC-A0001-00042346;Venta;Empresa;35105;24;39468,49;47756,88;ALVARADO MARIA PILAR HERRERA;;15,00%;8;ALVAREZ VANESA  KAFF;8010;SMF ICE RED BERRIE LAT 4X6X473;1644,52;3607;;TRADITIONAL TRADE;Autoservicio Tradicional;35530,56;REPARTIDOR CBA;290,21;$;2;GRUPO PEÑAFLOR SA;11,352;0;Contado;15/4/2026 10:56;;Smirnoff Ice Flavours;RTD (s);No definido;;;RTD (S);PEÑAFLOR GRUPO OBJETIVO;;;20032;GRIBAUDO ESTEBAN;Gescom;;;True;154330;0;Lista General;Autoservicio Tradicional - C;12483;14/4/2026;BD-003;VILLAFAÑE MARIANO
1249;DIEGO MONTOYA ESQ LA RIOJA 0;Las Varillas;14/4/2026;15/4/2026;14/4/2026;FAC-A0001-00042346;Venta;Empresa;35104;24;39468,49;47756,88;ALVARADO MARIA PILAR HERRERA;;15,00%;8;ALVAREZ VANESA  KAFF;8010;SMF ICE GREENAPPLE LAT 4X6X473;1644,52;3607;;TRADITIONAL TRADE;Autoservicio Tradicional;35530,56;REPARTIDOR CBA;290,21;$;2;GRUPO PEÑAFLOR SA;11,352;0;Contado;15/4/2026 10:56;;Smirnoff Ice Flavours;RTD (s);No definido;;;RTD (S);PEÑAFLOR GRUPO OBJETIVO;;;20032;GRIBAUDO ESTEBAN;Gescom;;;True;154330;0;Lista General;Autoservicio Tradicional - C;12483;14/4/2026;BD-003;VILLAFAÑE MARIANO
1074;ADELSO SOSA 1255;LAS VARILLAS;14/4/2026;15/4/2026;14/4/2026;FAC-B0001-00011831;Venta;Empresa;30022;90;535539,78;648003,13;GIOINO ARIEL NORBERTO;;15,00%;8;ALVAREZ VANESA  KAFF;8010;SMIRNOFF RASPBERRY DO 6X700;5950,44;3607;;TRADITIONAL TRADE;Autoservicio Tradicional;481864,5;REPARTIDOR CBA;1050,08;$;2;GRUPO PEÑAFLOR SA;63;0;Contado;15/4/2026 10:56;;Smirnoff;Standard (S);No definido;;;Vodka;PEÑAFLOR GRUPO OBJETIVO;;;20032;GRIBAUDO ESTEBAN;Gescom;;;True;154329;0;Lista General;Autoservicio Tradicional - C;12483;14/4/2026;BD-003;VILLAFAÑE MARIANO
1074;ADELSO SOSA 1255;LAS VARILLAS;14/4/2026;15/4/2026;14/4/2026;FAC-B0001-00011831;Venta;Empresa;30020;54;321323,87;388801,88;GIOINO ARIEL NORBERTO;;15,00%;8;ALVAREZ VANESA  KAFF;8010;SMIRNOFF GREEN APPLE DO 6X700;5950,44;3607;;TRADITIONAL TRADE;Autoservicio Tradicional;289118,7;REPARTIDOR CBA;1050,08;$;2;GRUPO PEÑAFLOR SA;37,8;0;Contado;15/4/2026 10:56;;Smirnoff;Standard (S);No definido;;;Vodka;PEÑAFLOR GRUPO OBJETIVO;;;20032;GRIBAUDO ESTEBAN;Gescom;;;True;154329;0;Lista General;Autoservicio Tradicional - C;12483;14/4/2026;BD-003;VILLAFAÑE MARIANO
1074;ADELSO SOSA 1255;LAS VARILLAS;14/4/2026;15/4/2026;14/4/2026;FAC-B0001-00011831;Venta;Empresa;35105;24;39468,49;47756,88;GIOINO ARIEL NORBERTO;;15,00%;8;ALVAREZ VANESA  KAFF;8010;SMF ICE RED BERRIE LAT 4X6X473;1644,52;3607;;TRADITIONAL TRADE;Autoservicio Tradicional;35530,56;REPARTIDOR CBA;290,21;$;2;GRUPO PEÑAFLOR SA;11,352;0;Contado;15/4/2026 10:56;;Smirnoff Ice Flavours;RTD (s);No definido;;;RTD (S);PEÑAFLOR GRUPO OBJETIVO;;;20032;GRIBAUDO ESTEBAN;Gescom;;;True;154329;0;Lista General;Autoservicio Tradicional - C;12483;14/4/2026;BD-003;VILLAFAÑE MARIANO
1074;ADELSO SOSA 1255;LAS VARILLAS;14/4/2026;15/4/2026;14/4/2026;FAC-B0001-00011831;Venta;Empresa;35104;24;39468,49;47756,88;GIOINO ARIEL NORBERTO;;15,00%;8;ALVAREZ VANESA  KAFF;8010;SMF ICE GREENAPPLE LAT 4X6X473;1644,52;3607;;TRADITIONAL TRADE;Autoservicio Tradicional;35530,56;REPARTIDOR CBA;290,21;$;2;GRUPO PEÑAFLOR SA;11,352;0;Contado;15/4/2026 10:56;;Smirnoff Ice Flavours;RTD (s);No definido;;;RTD (S);PEÑAFLOR GRUPO OBJETIVO;;;20032;GRIBAUDO ESTEBAN;Gescom;;;True;154329;0;Lista General;Autoservicio Tradicional - C;12483;14/4/2026;BD-003;VILLAFAÑE MARIANO
15;SANTIAGO PUZZI 4654;SAN FRANCISCO;14/4/2026;15/4/2026;14/4/2026;FAC-A0001-00042347;Venta;Empresa;30022;90;535539,78;648003,13;BELTRAMO, DUTTO Y DUTTO S.R.L.;;15,00%;5;VERGARA MARIA JOSE;5050;SMIRNOFF RASPBERRY DO 6X700;5950,44;3607;;TRADITIONAL TRADE;Autoservicio Tradicional;481864,5;REPARTIDOR CBA;1050,08;$;2;GRUPO PEÑAFLOR SA;63;0;Contado;15/4/2026 10:56;;Smirnoff;Standard (S);No definido;;;Vodka;PEÑAFLOR GRUPO OBJETIVO;;;20032;GRIBAUDO ESTEBAN;Gescom;;;True;154331;0;Lista General;Autoservicio Tradicional - C;12483;14/4/2026;BD-003;VILLAFAÑE MARIANO
15;SANTIAGO PUZZI 4654;SAN FRANCISCO;14/4/2026;15/4/2026;14/4/2026;FAC-A0001-00042347;Venta;Empresa;30020;54;321323,87;388801,88;BELTRAMO, DUTTO Y DUTTO S.R.L.;;15,00%;5;VERGARA MARIA JOSE;5050;SMIRNOFF GREEN APPLE DO 6X700;5950,44;3607;;TRADITIONAL TRADE;Autoservicio Tradicional;289118,7;REPARTIDOR CBA;1050,08;$;2;GRUPO PEÑAFLOR SA;37,8;0;Contado;15/4/2026 10:56;;Smirnoff;Standard (S);No definido;;;Vodka;PEÑAFLOR GRUPO OBJETIVO;;;20032;GRIBAUDO ESTEBAN;Gescom;;;True;154331;0;Lista General;Autoservicio Tradicional - C;12483;14/4/2026;BD-003;VILLAFAÑE MARIANO
15;SANTIAGO PUZZI 4654;SAN FRANCISCO;14/4/2026;15/4/2026;14/4/2026;FAC-A0001-00042347;Venta;Empresa;35105;24;39468,49;47756,88;BELTRAMO, DUTTO Y DUTTO S.R.L.;;15,00%;5;VERGARA MARIA JOSE;5050;SMF ICE RED BERRIE LAT 4X6X473;1644,52;3607;;TRADITIONAL TRADE;Autoservicio Tradicional;35530,56;REPARTIDOR CBA;290,21;$;2;GRUPO PEÑAFLOR SA;11,352;0;Contado;15/4/2026 10:56;;Smirnoff Ice Flavours;RTD (s);No definido;;;RTD (S);PEÑAFLOR GRUPO OBJETIVO;;;20032;GRIBAUDO ESTEBAN;Gescom;;;True;154331;0;Lista General;Autoservicio Tradicional - C;12483;14/4/2026;BD-003;VILLAFAÑE MARIANO
15;SANTIAGO PUZZI 4654;SAN FRANCISCO;14/4/2026;15/4/2026;14/4/2026;FAC-A0001-00042347;Venta;Empresa;35104;24;39468,49;47756,88;BELTRAMO, DUTTO Y DUTTO S.R.L.;;15,00%;5;VERGARA MARIA JOSE;5050;SMF ICE GREENAPPLE LAT 4X6X473;1644,52;3607;;TRADITIONAL TRADE;Autoservicio Tradicional;35530,56;REPARTIDOR CBA;290,21;$;2;GRUPO PEÑAFLOR SA;11,352;0;Contado;15/4/2026 10:56;;Smirnoff Ice Flavours;RTD (s);No definido;;;RTD (S);PEÑAFLOR GRUPO OBJETIVO;;;20032;GRIBAUDO ESTEBAN;Gescom;;;True;154331;0;Lista General;Autoservicio Tradicional - C;12483;14/4/2026;BD-003;VILLAFAÑE MARIANO
172;25 DE MAYO ESQ 1 DE MAYO 0;San Francisco;14/4/2026;15/4/2026;14/4/2026;FAC-A0001-00042348;Venta;Empresa;30022;90;535539,78;648003,13;GIORDANA ENELE GERMAN;;15,00%;8;ALVAREZ VANESA  KAFF;8040;SMIRNOFF RASPBERRY DO 6X700;5950,44;3607;;TRADITIONAL TRADE;Autoservicio Tradicional;481864,5;REPARTIDOR CBA;1050,08;$;2;GRUPO PEÑAFLOR SA;63;0;Contado;15/4/2026 10:56;;Smirnoff;Standard (S);No definido;;;Vodka;PEÑAFLOR GRUPO OBJETIVO;;;20032;GRIBAUDO ESTEBAN;Gescom;;;True;154332;0;Lista General;Autoservicio Tradicional - P;12483;14/4/2026;BD-003;VILLAFAÑE MARIANO
172;25 DE MAYO ESQ 1 DE MAYO 0;San Francisco;14/4/2026;15/4/2026;14/4/2026;FAC-A0001-00042348;Venta;Empresa;30020;54;321323,87;388801,88;GIORDANA ENELE GERMAN;;15,00%;8;ALVAREZ VANESA  KAFF;8040;SMIRNOFF GREEN APPLE DO 6X700;5950,44;3607;;TRADITIONAL TRADE;Autoservicio Tradicional;289118,7;REPARTIDOR CBA;1050,08;$;2;GRUPO PEÑAFLOR SA;37,8;0;Contado;15/4/2026 10:56;;Smirnoff;Standard (S);No definido;;;Vodka;PEÑAFLOR GRUPO OBJETIVO;;;20032;GRIBAUDO ESTEBAN;Gescom;;;True;154332;0;Lista General;Autoservicio Tradicional - P;12483;14/4/2026;BD-003;VILLAFAÑE MARIANO
172;25 DE MAYO ESQ 1 DE MAYO 0;San Francisco;14/4/2026;15/4/2026;14/4/2026;FAC-A0001-00042348;Venta;Empresa;35105;24;39468,49;47756,88;GIORDANA ENELE GERMAN;;15,00%;8;ALVAREZ VANESA  KAFF;8040;SMF ICE RED BERRIE LAT 4X6X473;1644,52;3607;;TRADITIONAL TRADE;Autoservicio Tradicional;35530,56;REPARTIDOR CBA;290,21;$;2;GRUPO PEÑAFLOR SA;11,352;0;Contado;15/4/2026 10:56;;Smirnoff Ice Flavours;RTD (s);No definido;;;RTD (S);PEÑAFLOR GRUPO OBJETIVO;;;20032;GRIBAUDO ESTEBAN;Gescom;;;True;154332;0;Lista General;Autoservicio Tradicional - P;12483;14/4/2026;BD-003;VILLAFAÑE MARIANO
172;25 DE MAYO ESQ 1 DE MAYO 0;San Francisco;14/4/2026;15/4/2026;14/4/2026;FAC-A0001-00042348;Venta;Empresa;35104;24;39468,49;47756,88;GIORDANA ENELE GERMAN;;15,00%;8;ALVAREZ VANESA  KAFF;8040;SMF ICE GREENAPPLE LAT 4X6X473;1644,52;3607;;TRADITIONAL TRADE;Autoservicio Tradicional;35530,56;REPARTIDOR CBA;290,21;$;2;GRUPO PEÑAFLOR SA;11,352;0;Contado;15/4/2026 10:56;;Smirnoff Ice Flavours;RTD (s);No definido;;;RTD (S);PEÑAFLOR GRUPO OBJETIVO;;;20032;GRIBAUDO ESTEBAN;Gescom;;;True;154332;0;Lista General;Autoservicio Tradicional - P;12483;14/4/2026;BD-003;VILLAFAÑE MARIANO
30006;SALTA 2353;SAN FRANCISCO;14/4/2026;15/4/2026;14/4/2026;FAC-A0001-00042349;Venta;Empresa;30022;90;535539,78;648003,13;ZHENZHEN WU;;15,00%;8;ALVAREZ VANESA  KAFF;8050;SMIRNOFF RASPBERRY DO 6X700;5950,44;3607;;TRADITIONAL TRADE;Autoservicio Tradicional;481864,5;REPARTIDOR CBA;1050,08;$;2;GRUPO PEÑAFLOR SA;63;0;Contado;15/4/2026 10:56;;Smirnoff;Standard (S);No definido;;;Vodka;PEÑAFLOR GRUPO OBJETIVO;;;20032;GRIBAUDO ESTEBAN;Gescom;;;True;154335;0;Lista General;Autoservicio Tradicional - P;12483;14/4/2026;BD-003;VILLAFAÑE MARIANO
30006;SALTA 2353;SAN FRANCISCO;14/4/2026;15/4/2026;14/4/2026;FAC-A0001-00042349;Venta;Empresa;30020;54;321323,87;388801,88;ZHENZHEN WU;;15,00%;8;ALVAREZ VANESA  KAFF;8050;SMIRNOFF GREEN APPLE DO 6X700;5950,44;3607;;TRADITIONAL TRADE;Autoservicio Tradicional;289118,7;REPARTIDOR CBA;1050,08;$;2;GRUPO PEÑAFLOR SA;37,8;0;Contado;15/4/2026 10:56;;Smirnoff;Standard (S);No definido;;;Vodka;PEÑAFLOR GRUPO OBJETIVO;;;20032;GRIBAUDO ESTEBAN;Gescom;;;True;154335;0;Lista General;Autoservicio Tradicional - P;12483;14/4/2026;BD-003;VILLAFAÑE MARIANO
30006;SALTA 2353;SAN FRANCISCO;14/4/2026;15/4/2026;14/4/2026;FAC-A0001-00042349;Venta;Empresa;35105;24;39468,49;47756,88;ZHENZHEN WU;;15,00%;8;ALVAREZ VANESA  KAFF;8050;SMF ICE RED BERRIE LAT 4X6X473;1644,52;3607;;TRADITIONAL TRADE;Autoservicio Tradicional;35530,56;REPARTIDOR CBA;290,21;$;2;GRUPO PEÑAFLOR SA;11,352;0;Contado;15/4/2026 10:56;;Smirnoff Ice Flavours;RTD (s);No definido;;;RTD (S);PEÑAFLOR GRUPO OBJETIVO;;;20032;GRIBAUDO ESTEBAN;Gescom;;;True;154335;0;Lista General;Autoservicio Tradicional - P;12483;14/4/2026;BD-003;VILLAFAÑE MARIANO
30006;SALTA 2353;SAN FRANCISCO;14/4/2026;15/4/2026;14/4/2026;FAC-A0001-00042349;Venta;Empresa;35104;24;39468,49;47756,88;ZHENZHEN WU;;15,00%;8;ALVAREZ VANESA  KAFF;8050;SMF ICE GREENAPPLE LAT 4X6X473;1644,52;3607;;TRADITIONAL TRADE;Autoservicio Tradicional;35530,56;REPARTIDOR CBA;290,21;$;2;GRUPO PEÑAFLOR SA;11,352;0;Contado;15/4/2026 10:56;;Smirnoff Ice Flavours;RTD (s);No definido;;;RTD (S);PEÑAFLOR GRUPO OBJETIVO;;;20032;GRIBAUDO ESTEBAN;Gescom;;;True;154335;0;Lista General;Autoservicio Tradicional - P;12483;14/4/2026;BD-003;VILLAFAÑE MARIANO
30011;CASEROS 1024;SAN FRANCISCO;14/4/2026;15/4/2026;14/4/2026;FAC-A0001-00042350;Venta;Empresa;30022;90;535539,78;648003,13;CHUN JIN ZHANG;;15,00%;8;ALVAREZ VANESA  KAFF;8020;SMIRNOFF RASPBERRY DO 6X700;5950,44;3607;;TRADITIONAL TRADE;Autoservicio Tradicional;481864,5;REPARTIDOR CBA;1050,08;$;2;GRUPO PEÑAFLOR SA;63;0;Contado;15/4/2026 10:56;;Smirnoff;Standard (S);No definido;;;Vodka;PEÑAFLOR GRUPO OBJETIVO;;;20032;GRIBAUDO ESTEBAN;Gescom;;;True;154349;0;Lista General;Autoservicio Tradicional - P;12483;14/4/2026;BD-003;VILLAFAÑE MARIANO
30011;CASEROS 1024;SAN FRANCISCO;14/4/2026;15/4/2026;14/4/2026;FAC-A0001-00042350;Venta;Empresa;30020;54;321323,87;388801,88;CHUN JIN ZHANG;;15,00%;8;ALVAREZ VANESA  KAFF;8020;SMIRNOFF GREEN APPLE DO 6X700;5950,44;3607;;TRADITIONAL TRADE;Autoservicio Tradicional;289118,7;REPARTIDOR CBA;1050,08;$;2;GRUPO PEÑAFLOR SA;37,8;0;Contado;15/4/2026 10:56;;Smirnoff;Standard (S);No definido;;;Vodka;PEÑAFLOR GRUPO OBJETIVO;;;20032;GRIBAUDO ESTEBAN;Gescom;;;True;154349;0;Lista General;Autoservicio Tradicional - P;12483;14/4/2026;BD-003;VILLAFAÑE MARIANO
30011;CASEROS 1024;SAN FRANCISCO;14/4/2026;15/4/2026;14/4/2026;FAC-A0001-00042350;Venta;Empresa;35105;24;39468,49;47756,88;CHUN JIN ZHANG;;15,00%;8;ALVAREZ VANESA  KAFF;8020;SMF ICE RED BERRIE LAT 4X6X473;1644,52;3607;;TRADITIONAL TRADE;Autoservicio Tradicional;35530,56;REPARTIDOR CBA;290,21;$;2;GRUPO PEÑAFLOR SA;11,352;0;Contado;15/4/2026 10:56;;Smirnoff Ice Flavours;RTD (s);No definido;;;RTD (S);PEÑAFLOR GRUPO OBJETIVO;;;20032;GRIBAUDO ESTEBAN;Gescom;;;True;154349;0;Lista General;Autoservicio Tradicional - P;12483;14/4/2026;BD-003;VILLAFAÑE MARIANO
30011;CASEROS 1024;SAN FRANCISCO;14/4/2026;15/4/2026;14/4/2026;FAC-A0001-00042350;Venta;Empresa;35104;24;39468,49;47756,88;CHUN JIN ZHANG;;15,00%;8;ALVAREZ VANESA  KAFF;8020;SMF ICE GREENAPPLE LAT 4X6X473;1644,52;3607;;TRADITIONAL TRADE;Autoservicio Tradicional;35530,56;REPARTIDOR CBA;290,21;$;2;GRUPO PEÑAFLOR SA;11,352;0;Contado;15/4/2026 10:56;;Smirnoff Ice Flavours;RTD (s);No definido;;;RTD (S);PEÑAFLOR GRUPO OBJETIVO;;;20032;GRIBAUDO ESTEBAN;Gescom;;;True;154349;0;Lista General;Autoservicio Tradicional - P;12483;14/4/2026;BD-003;VILLAFAÑE MARIANO
30013;9 DE SEPTIEMBRE 2179;SAN FRANCISCO;14/4/2026;15/4/2026;14/4/2026;FAC-A0001-00042351;Venta;Empresa;30022;90;535539,78;648003,13;YBAÑEZ ALICIA RAQUEL ;;15,00%;8;ALVAREZ VANESA  KAFF;8020;SMIRNOFF RASPBERRY DO 6X700;5950,44;3607;;TRADITIONAL TRADE;Autoservicio Tradicional;481864,5;REPARTIDOR CBA;1050,08;$;2;GRUPO PEÑAFLOR SA;63;0;Contado;15/4/2026 10:56;;Smirnoff;Standard (S);No definido;;;Vodka;PEÑAFLOR GRUPO OBJETIVO;;;20032;GRIBAUDO ESTEBAN;Gescom;;;True;154354;0;Lista General;Autoservicio Tradicional - P;12483;14/4/2026;BD-003;VILLAFAÑE MARIANO
30013;9 DE SEPTIEMBRE 2179;SAN FRANCISCO;14/4/2026;15/4/2026;14/4/2026;FAC-A0001-00042351;Venta;Empresa;30020;54;321323,87;388801,88;YBAÑEZ ALICIA RAQUEL ;;15,00%;8;ALVAREZ VANESA  KAFF;8020;SMIRNOFF GREEN APPLE DO 6X700;5950,44;3607;;TRADITIONAL TRADE;Autoservicio Tradicional;289118,7;REPARTIDOR CBA;1050,08;$;2;GRUPO PEÑAFLOR SA;37,8;0;Contado;15/4/2026 10:56;;Smirnoff;Standard (S);No definido;;;Vodka;PEÑAFLOR GRUPO OBJETIVO;;;20032;GRIBAUDO ESTEBAN;Gescom;;;True;154354;0;Lista General;Autoservicio Tradicional - P;12483;14/4/2026;BD-003;VILLAFAÑE MARIANO
30013;9 DE SEPTIEMBRE 2179;SAN FRANCISCO;14/4/2026;15/4/2026;14/4/2026;FAC-A0001-00042351;Venta;Empresa;35105;24;39468,49;47756,88;YBAÑEZ ALICIA RAQUEL ;;15,00%;8;ALVAREZ VANESA  KAFF;8020;SMF ICE RED BERRIE LAT 4X6X473;1644,52;3607;;TRADITIONAL TRADE;Autoservicio Tradicional;35530,56;REPARTIDOR CBA;290,21;$;2;GRUPO PEÑAFLOR SA;11,352;0;Contado;15/4/2026 10:56;;Smirnoff Ice Flavours;RTD (s);No definido;;;RTD (S);PEÑAFLOR GRUPO OBJETIVO;;;20032;GRIBAUDO ESTEBAN;Gescom;;;True;154354;0;Lista General;Autoservicio Tradicional - P;12483;14/4/2026;BD-003;VILLAFAÑE MARIANO
30013;9 DE SEPTIEMBRE 2179;SAN FRANCISCO;14/4/2026;15/4/2026;14/4/2026;FAC-A0001-00042351;Venta;Empresa;35104;24;39468,49;47756,88;YBAÑEZ ALICIA RAQUEL ;;15,00%;8;ALVAREZ VANESA  KAFF;8020;SMF ICE GREENAPPLE LAT 4X6X473;1644,52;3607;;TRADITIONAL TRADE;Autoservicio Tradicional;35530,56;REPARTIDOR CBA;290,21;$;2;GRUPO PEÑAFLOR SA;11,352;0;Contado;15/4/2026 10:56;;Smirnoff Ice Flavours;RTD (s);No definido;;;RTD (S);PEÑAFLOR GRUPO OBJETIVO;;;20032;GRIBAUDO ESTEBAN;Gescom;;;True;154354;0;Lista General;Autoservicio Tradicional - P;12483;14/4/2026;BD-003;VILLAFAÑE MARIANO
30017;URQUIZA 1055;SAN FRANCISCO;14/4/2026;15/4/2026;14/4/2026;FAC-A0001-00042352;Venta;Empresa;30022;90;535539,78;648003,13;JINHUANG SU;;15,00%;8;ALVAREZ VANESA  KAFF;8020;SMIRNOFF RASPBERRY DO 6X700;5950,44;3607;;TRADITIONAL TRADE;Autoservicio Tradicional;481864,5;REPARTIDOR CBA;1050,08;$;2;GRUPO PEÑAFLOR SA;63;0;Contado;15/4/2026 10:56;;Smirnoff;Standard (S);No definido;;;Vodka;PEÑAFLOR GRUPO OBJETIVO;;;20032;GRIBAUDO ESTEBAN;Gescom;;;True;154357;0;Lista General;Autoservicio Tradicional - P;12483;14/4/2026;BD-003;VILLAFAÑE MARIANO
30017;URQUIZA 1055;SAN FRANCISCO;14/4/2026;15/4/2026;14/4/2026;FAC-A0001-00042352;Venta;Empresa;30020;54;321323,87;388801,88;JINHUANG SU;;15,00%;8;ALVAREZ VANESA  KAFF;8020;SMIRNOFF GREEN APPLE DO 6X700;5950,44;3607;;TRADITIONAL TRADE;Autoservicio Tradicional;289118,7;REPARTIDOR CBA;1050,08;$;2;GRUPO PEÑAFLOR SA;37,8;0;Contado;15/4/2026 10:56;;Smirnoff;Standard (S);No definido;;;Vodka;PEÑAFLOR GRUPO OBJETIVO;;;20032;GRIBAUDO ESTEBAN;Gescom;;;True;154357;0;Lista General;Autoservicio Tradicional - P;12483;14/4/2026;BD-003;VILLAFAÑE MARIANO
30017;URQUIZA 1055;SAN FRANCISCO;14/4/2026;15/4/2026;14/4/2026;FAC-A0001-00042352;Venta;Empresa;35105;24;39468,49;47756,88;JINHUANG SU;;15,00%;8;ALVAREZ VANESA  KAFF;8020;SMF ICE RED BERRIE LAT 4X6X473;1644,52;3607;;TRADITIONAL TRADE;Autoservicio Tradicional;35530,56;REPARTIDOR CBA;290,21;$;2;GRUPO PEÑAFLOR SA;11,352;0;Contado;15/4/2026 10:56;;Smirnoff Ice Flavours;RTD (s);No definido;;;RTD (S);PEÑAFLOR GRUPO OBJETIVO;;;20032;GRIBAUDO ESTEBAN;Gescom;;;True;154357;0;Lista General;Autoservicio Tradicional - P;12483;14/4/2026;BD-003;VILLAFAÑE MARIANO
30017;URQUIZA 1055;SAN FRANCISCO;14/4/2026;15/4/2026;14/4/2026;FAC-A0001-00042352;Venta;Empresa;35104;24;39468,49;47756,88;JINHUANG SU;;15,00%;8;ALVAREZ VANESA  KAFF;8020;SMF ICE GREENAPPLE LAT 4X6X473;1644,52;3607;;TRADITIONAL TRADE;Autoservicio Tradicional;35530,56;REPARTIDOR CBA;290,21;$;2;GRUPO PEÑAFLOR SA;11,352;0;Contado;15/4/2026 10:56;;Smirnoff Ice Flavours;RTD (s);No definido;;;RTD (S);PEÑAFLOR GRUPO OBJETIVO;;;20032;GRIBAUDO ESTEBAN;Gescom;;;True;154357;0;Lista General;Autoservicio Tradicional - P;12483;14/4/2026;BD-003;VILLAFAÑE MARIANO
30021;CASTELLI 1642;SAN FRANCISCO;14/4/2026;15/4/2026;14/4/2026;FAC-A0001-00042353;Venta;Empresa;30022;90;535539,78;648003,13;CHUN JIN ZHANG;;15,00%;8;ALVAREZ VANESA  KAFF;8040;SMIRNOFF RASPBERRY DO 6X700;5950,44;3607;;TRADITIONAL TRADE;Autoservicio Tradicional;481864,5;REPARTIDOR CBA;1050,08;$;2;GRUPO PEÑAFLOR SA;63;0;Contado;15/4/2026 10:56;;Smirnoff;Standard (S);No definido;;;Vodka;PEÑAFLOR GRUPO OBJETIVO;;;20032;GRIBAUDO ESTEBAN;Gescom;;;True;154358;0;Lista General;Autoservicio Tradicional - P;12483;14/4/2026;BD-003;VILLAFAÑE MARIANO
30021;CASTELLI 1642;SAN FRANCISCO;14/4/2026;15/4/2026;14/4/2026;FAC-A0001-00042353;Venta;Empresa;30020;54;321323,87;388801,88;CHUN JIN ZHANG;;15,00%;8;ALVAREZ VANESA  KAFF;8040;SMIRNOFF GREEN APPLE DO 6X700;5950,44;3607;;TRADITIONAL TRADE;Autoservicio Tradicional;289118,7;REPARTIDOR CBA;1050,08;$;2;GRUPO PEÑAFLOR SA;37,8;0;Contado;15/4/2026 10:56;;Smirnoff;Standard (S);No definido;;;Vodka;PEÑAFLOR GRUPO OBJETIVO;;;20032;GRIBAUDO ESTEBAN;Gescom;;;True;154358;0;Lista General;Autoservicio Tradicional - P;12483;14/4/2026;BD-003;VILLAFAÑE MARIANO
30021;CASTELLI 1642;SAN FRANCISCO;14/4/2026;15/4/2026;14/4/2026;FAC-A0001-00042353;Venta;Empresa;35105;24;39468,49;47756,88;CHUN JIN ZHANG;;15,00%;8;ALVAREZ VANESA  KAFF;8040;SMF ICE RED BERRIE LAT 4X6X473;1644,52;3607;;TRADITIONAL TRADE;Autoservicio Tradicional;35530,56;REPARTIDOR CBA;290,21;$;2;GRUPO PEÑAFLOR SA;11,352;0;Contado;15/4/2026 10:56;;Smirnoff Ice Flavours;RTD (s);No definido;;;RTD (S);PEÑAFLOR GRUPO OBJETIVO;;;20032;GRIBAUDO ESTEBAN;Gescom;;;True;154358;0;Lista General;Autoservicio Tradicional - P;12483;14/4/2026;BD-003;VILLAFAÑE MARIANO
30021;CASTELLI 1642;SAN FRANCISCO;14/4/2026;15/4/2026;14/4/2026;FAC-A0001-00042353;Venta;Empresa;35104;24;39468,49;47756,88;CHUN JIN ZHANG;;15,00%;8;ALVAREZ VANESA  KAFF;8040;SMF ICE GREENAPPLE LAT 4X6X473;1644,52;3607;;TRADITIONAL TRADE;Autoservicio Tradicional;35530,56;REPARTIDOR CBA;290,21;$;2;GRUPO PEÑAFLOR SA;11,352;0;Contado;15/4/2026 10:56;;Smirnoff Ice Flavours;RTD (s);No definido;;;RTD (S);PEÑAFLOR GRUPO OBJETIVO;;;20032;GRIBAUDO ESTEBAN;Gescom;;;True;154358;0;Lista General;Autoservicio Tradicional - P;12483;14/4/2026;BD-003;VILLAFAÑE MARIANO
30025;AV. LIBERTADOR SUR 1274;SAN FRANCISCO;14/4/2026;15/4/2026;14/4/2026;FAC-A0001-00042354;Venta;Empresa;30022;90;535539,78;648003,13;DAVID ALEJANDRO CREMASCO;;15,00%;8;ALVAREZ VANESA  KAFF;8050;SMIRNOFF RASPBERRY DO 6X700;5950,44;3607;;TRADITIONAL TRADE;Autoservicio Tradicional;481864,5;REPARTIDOR CBA;1050,08;$;2;GRUPO PEÑAFLOR SA;63;0;Contado;15/4/2026 10:56;;Smirnoff;Standard (S);No definido;;;Vodka;PEÑAFLOR GRUPO OBJETIVO;;;20032;GRIBAUDO ESTEBAN;Gescom;;;True;154359;0;Lista General;Autoservicio Tradicional - P;12483;14/4/2026;BD-003;VILLAFAÑE MARIANO
30025;AV. LIBERTADOR SUR 1274;SAN FRANCISCO;14/4/2026;15/4/2026;14/4/2026;FAC-A0001-00042354;Venta;Empresa;30020;54;321323,87;388801,88;DAVID ALEJANDRO CREMASCO;;15,00%;8;ALVAREZ VANESA  KAFF;8050;SMIRNOFF GREEN APPLE DO 6X700;5950,44;3607;;TRADITIONAL TRADE;Autoservicio Tradicional;289118,7;REPARTIDOR CBA;1050,08;$;2;GRUPO PEÑAFLOR SA;37,8;0;Contado;15/4/2026 10:56;;Smirnoff;Standard (S);No definido;;;Vodka;PEÑAFLOR GRUPO OBJETIVO;;;20032;GRIBAUDO ESTEBAN;Gescom;;;True;154359;0;Lista General;Autoservicio Tradicional - P;12483;14/4/2026;BD-003;VILLAFAÑE MARIANO
30025;AV. LIBERTADOR SUR 1274;SAN FRANCISCO;14/4/2026;15/4/2026;14/4/2026;FAC-A0001-00042354;Venta;Empresa;35105;24;39468,49;47756,88;DAVID ALEJANDRO CREMASCO;;15,00%;8;ALVAREZ VANESA  KAFF;8050;SMF ICE RED BERRIE LAT 4X6X473;1644,52;3607;;TRADITIONAL TRADE;Autoservicio Tradicional;35530,56;REPARTIDOR CBA;290,21;$;2;GRUPO PEÑAFLOR SA;11,352;0;Contado;15/4/2026 10:56;;Smirnoff Ice Flavours;RTD (s);No definido;;;RTD (S);PEÑAFLOR GRUPO OBJETIVO;;;20032;GRIBAUDO ESTEBAN;Gescom;;;True;154359;0;Lista General;Autoservicio Tradicional - P;12483;14/4/2026;BD-003;VILLAFAÑE MARIANO
30025;AV. LIBERTADOR SUR 1274;SAN FRANCISCO;14/4/2026;15/4/2026;14/4/2026;FAC-A0001-00042354;Venta;Empresa;35104;24;39468,49;47756,88;DAVID ALEJANDRO CREMASCO;;15,00%;8;ALVAREZ VANESA  KAFF;8050;SMF ICE GREENAPPLE LAT 4X6X473;1644,52;3607;;TRADITIONAL TRADE;Autoservicio Tradicional;35530,56;REPARTIDOR CBA;290,21;$;2;GRUPO PEÑAFLOR SA;11,352;0;Contado;15/4/2026 10:56;;Smirnoff Ice Flavours;RTD (s);No definido;;;RTD (S);PEÑAFLOR GRUPO OBJETIVO;;;20032;GRIBAUDO ESTEBAN;Gescom;;;True;154359;0;Lista General;Autoservicio Tradicional - P;12483;14/4/2026;BD-003;VILLAFAÑE MARIANO
30033;URQUIZA 962;SAN FRANCISCO;14/4/2026;15/4/2026;14/4/2026;FAC-A0001-00042355;Venta;Empresa;30022;90;535539,78;648003,13;MARTINICH VIVIANA RITA ;;15,00%;8;ALVAREZ VANESA  KAFF;8020;SMIRNOFF RASPBERRY DO 6X700;5950,44;3607;;TRADITIONAL TRADE;Autoservicio Tradicional;481864,5;REPARTIDOR CBA;1050,08;$;2;GRUPO PEÑAFLOR SA;63;0;Contado;15/4/2026 10:56;;Smirnoff;Standard (S);No definido;;;Vodka;PEÑAFLOR GRUPO OBJETIVO;;;20032;GRIBAUDO ESTEBAN;Gescom;;;True;154360;0;Lista General;Autoservicio Tradicional - P;12483;14/4/2026;BD-003;VILLAFAÑE MARIANO
30033;URQUIZA 962;SAN FRANCISCO;14/4/2026;15/4/2026;14/4/2026;FAC-A0001-00042355;Venta;Empresa;30020;54;321323,87;388801,88;MARTINICH VIVIANA RITA ;;15,00%;8;ALVAREZ VANESA  KAFF;8020;SMIRNOFF GREEN APPLE DO 6X700;5950,44;3607;;TRADITIONAL TRADE;Autoservicio Tradicional;289118,7;REPARTIDOR CBA;1050,08;$;2;GRUPO PEÑAFLOR SA;37,8;0;Contado;15/4/2026 10:56;;Smirnoff;Standard (S);No definido;;;Vodka;PEÑAFLOR GRUPO OBJETIVO;;;20032;GRIBAUDO ESTEBAN;Gescom;;;True;154360;0;Lista General;Autoservicio Tradicional - P;12483;14/4/2026;BD-003;VILLAFAÑE MARIANO
30033;URQUIZA 962;SAN FRANCISCO;14/4/2026;15/4/2026;14/4/2026;FAC-A0001-00042355;Venta;Empresa;35105;24;39468,49;47756,88;MARTINICH VIVIANA RITA ;;15,00%;8;ALVAREZ VANESA  KAFF;8020;SMF ICE RED BERRIE LAT 4X6X473;1644,52;3607;;TRADITIONAL TRADE;Autoservicio Tradicional;35530,56;REPARTIDOR CBA;290,21;$;2;GRUPO PEÑAFLOR SA;11,352;0;Contado;15/4/2026 10:56;;Smirnoff Ice Flavours;RTD (s);No definido;;;RTD (S);PEÑAFLOR GRUPO OBJETIVO;;;20032;GRIBAUDO ESTEBAN;Gescom;;;True;154360;0;Lista General;Autoservicio Tradicional - P;12483;14/4/2026;BD-003;VILLAFAÑE MARIANO
30033;URQUIZA 962;SAN FRANCISCO;14/4/2026;15/4/2026;14/4/2026;FAC-A0001-00042355;Venta;Empresa;35104;24;39468,49;47756,88;MARTINICH VIVIANA RITA ;;15,00%;8;ALVAREZ VANESA  KAFF;8020;SMF ICE GREENAPPLE LAT 4X6X473;1644,52;3607;;TRADITIONAL TRADE;Autoservicio Tradicional;35530,56;REPARTIDOR CBA;290,21;$;2;GRUPO PEÑAFLOR SA;11,352;0;Contado;15/4/2026 10:56;;Smirnoff Ice Flavours;RTD (s);No definido;;;RTD (S);PEÑAFLOR GRUPO OBJETIVO;;;20032;GRIBAUDO ESTEBAN;Gescom;;;True;154360;0;Lista General;Autoservicio Tradicional - P;12483;14/4/2026;BD-003;VILLAFAÑE MARIANO
30044;LINIERS 183;SAN FRANCISCO;14/4/2026;15/4/2026;14/4/2026;FAC-A0001-00042356;Venta;Empresa;30022;90;535539,78;648003,13;YAQIN XU;;15,00%;8;ALVAREZ VANESA  KAFF;8030;SMIRNOFF RASPBERRY DO 6X700;5950,44;3607;;TRADITIONAL TRADE;Autoservicio Tradicional;481864,5;REPARTIDOR CBA;1050,08;$;2;GRUPO PEÑAFLOR SA;63;0;Contado;15/4/2026 10:56;;Smirnoff;Standard (S);No definido;;;Vodka;PEÑAFLOR GRUPO OBJETIVO;;;20032;GRIBAUDO ESTEBAN;Gescom;;;True;154361;0;Lista General;Autoservicio Tradicional - P;12483;14/4/2026;BD-003;VILLAFAÑE MARIANO
30044;LINIERS 183;SAN FRANCISCO;14/4/2026;15/4/2026;14/4/2026;FAC-A0001-00042356;Venta;Empresa;30020;54;321323,87;388801,88;YAQIN XU;;15,00%;8;ALVAREZ VANESA  KAFF;8030;SMIRNOFF GREEN APPLE DO 6X700;5950,44;3607;;TRADITIONAL TRADE;Autoservicio Tradicional;289118,7;REPARTIDOR CBA;1050,08;$;2;GRUPO PEÑAFLOR SA;37,8;0;Contado;15/4/2026 10:56;;Smirnoff;Standard (S);No definido;;;Vodka;PEÑAFLOR GRUPO OBJETIVO;;;20032;GRIBAUDO ESTEBAN;Gescom;;;True;154361;0;Lista General;Autoservicio Tradicional - P;12483;14/4/2026;BD-003;VILLAFAÑE MARIANO
30044;LINIERS 183;SAN FRANCISCO;14/4/2026;15/4/2026;14/4/2026;FAC-A0001-00042356;Venta;Empresa;35105;24;39468,49;47756,88;YAQIN XU;;15,00%;8;ALVAREZ VANESA  KAFF;8030;SMF ICE RED BERRIE LAT 4X6X473;1644,52;3607;;TRADITIONAL TRADE;Autoservicio Tradicional;35530,56;REPARTIDOR CBA;290,21;$;2;GRUPO PEÑAFLOR SA;11,352;0;Contado;15/4/2026 10:56;;Smirnoff Ice Flavours;RTD (s);No definido;;;RTD (S);PEÑAFLOR GRUPO OBJETIVO;;;20032;GRIBAUDO ESTEBAN;Gescom;;;True;154361;0;Lista General;Autoservicio Tradicional - P;12483;14/4/2026;BD-003;VILLAFAÑE MARIANO
30044;LINIERS 183;SAN FRANCISCO;14/4/2026;15/4/2026;14/4/2026;FAC-A0001-00042356;Venta;Empresa;35104;24;39468,49;47756,88;YAQIN XU;;15,00%;8;ALVAREZ VANESA  KAFF;8030;SMF ICE GREENAPPLE LAT 4X6X473;1644,52;3607;;TRADITIONAL TRADE;Autoservicio Tradicional;35530,56;REPARTIDOR CBA;290,21;$;2;GRUPO PEÑAFLOR SA;11,352;0;Contado;15/4/2026 10:56;;Smirnoff Ice Flavours;RTD (s);No definido;;;RTD (S);PEÑAFLOR GRUPO OBJETIVO;;;20032;GRIBAUDO ESTEBAN;Gescom;;;True;154361;0;Lista General;Autoservicio Tradicional - P;12483;14/4/2026;BD-003;VILLAFAÑE MARIANO
30054;CALLE  64 0;FRONTERA;14/4/2026;15/4/2026;14/4/2026;FAC-A0001-00042357;Venta;Empresa;30022;90;535539,78;648003,13;XIAZHANG HUANG;;15,00%;8;ALVAREZ VANESA  KAFF;8050;SMIRNOFF RASPBERRY DO 6X700;5950,44;3607;;TRADITIONAL TRADE;Autoservicio Tradicional;481864,5;REPARTIDOR CBA;1050,08;$;2;GRUPO PEÑAFLOR SA;63;0;Contado;15/4/2026 10:56;;Smirnoff;Standard (S);No definido;;;Vodka;PEÑAFLOR GRUPO OBJETIVO;;;20032;GRIBAUDO ESTEBAN;Gescom;;;True;154363;0;Lista General;Autoservicio Tradicional - P;12483;14/4/2026;BD-003;VILLAFAÑE MARIANO
30054;CALLE  64 0;FRONTERA;14/4/2026;15/4/2026;14/4/2026;FAC-A0001-00042357;Venta;Empresa;30020;54;321323,87;388801,88;XIAZHANG HUANG;;15,00%;8;ALVAREZ VANESA  KAFF;8050;SMIRNOFF GREEN APPLE DO 6X700;5950,44;3607;;TRADITIONAL TRADE;Autoservicio Tradicional;289118,7;REPARTIDOR CBA;1050,08;$;2;GRUPO PEÑAFLOR SA;37,8;0;Contado;15/4/2026 10:56;;Smirnoff;Standard (S);No definido;;;Vodka;PEÑAFLOR GRUPO OBJETIVO;;;20032;GRIBAUDO ESTEBAN;Gescom;;;True;154363;0;Lista General;Autoservicio Tradicional - P;12483;14/4/2026;BD-003;VILLAFAÑE MARIANO
30054;CALLE  64 0;FRONTERA;14/4/2026;15/4/2026;14/4/2026;FAC-A0001-00042357;Venta;Empresa;35105;24;39468,49;47756,88;XIAZHANG HUANG;;15,00%;8;ALVAREZ VANESA  KAFF;8050;SMF ICE RED BERRIE LAT 4X6X473;1644,52;3607;;TRADITIONAL TRADE;Autoservicio Tradicional;35530,56;REPARTIDOR CBA;290,21;$;2;GRUPO PEÑAFLOR SA;11,352;0;Contado;15/4/2026 10:56;;Smirnoff Ice Flavours;RTD (s);No definido;;;RTD (S);PEÑAFLOR GRUPO OBJETIVO;;;20032;GRIBAUDO ESTEBAN;Gescom;;;True;154363;0;Lista General;Autoservicio Tradicional - P;12483;14/4/2026;BD-003;VILLAFAÑE MARIANO
30054;CALLE  64 0;FRONTERA;14/4/2026;15/4/2026;14/4/2026;FAC-A0001-00042357;Venta;Empresa;35104;24;39468,49;47756,88;XIAZHANG HUANG;;15,00%;8;ALVAREZ VANESA  KAFF;8050;SMF ICE GREENAPPLE LAT 4X6X473;1644,52;3607;;TRADITIONAL TRADE;Autoservicio Tradicional;35530,56;REPARTIDOR CBA;290,21;$;2;GRUPO PEÑAFLOR SA;11,352;0;Contado;15/4/2026 10:56;;Smirnoff Ice Flavours;RTD (s);No definido;;;RTD (S);PEÑAFLOR GRUPO OBJETIVO;;;20032;GRIBAUDO ESTEBAN;Gescom;;;True;154363;0;Lista General;Autoservicio Tradicional - P;12483;14/4/2026;BD-003;VILLAFAÑE MARIANO
30061;DR. DIEGO MONTOYA 801;LAS VARILLAS;14/4/2026;15/4/2026;14/4/2026;FAC-A0001-00042358;Venta;Empresa;30022;90;535539,78;648003,13;GIACOMO GABRIEL RAMON;;15,00%;8;ALVAREZ VANESA  KAFF;8010;SMIRNOFF RASPBERRY DO 6X700;5950,44;3607;;TRADITIONAL TRADE;Autoservicio Tradicional;481864,5;REPARTIDOR CBA;1050,08;$;2;GRUPO PEÑAFLOR SA;63;0;Contado;15/4/2026 10:56;;Smirnoff;Standard (S);No definido;;;Vodka;PEÑAFLOR GRUPO OBJETIVO;;;20032;GRIBAUDO ESTEBAN;Gescom;;;True;154364;0;Lista General;Autoservicio Tradicional - P;12483;14/4/2026;BD-003;VILLAFAÑE MARIANO
30061;DR. DIEGO MONTOYA 801;LAS VARILLAS;14/4/2026;15/4/2026;14/4/2026;FAC-A0001-00042358;Venta;Empresa;30020;54;321323,87;388801,88;GIACOMO GABRIEL RAMON;;15,00%;8;ALVAREZ VANESA  KAFF;8010;SMIRNOFF GREEN APPLE DO 6X700;5950,44;3607;;TRADITIONAL TRADE;Autoservicio Tradicional;289118,7;REPARTIDOR CBA;1050,08;$;2;GRUPO PEÑAFLOR SA;37,8;0;Contado;15/4/2026 10:56;;Smirnoff;Standard (S);No definido;;;Vodka;PEÑAFLOR GRUPO OBJETIVO;;;20032;GRIBAUDO ESTEBAN;Gescom;;;True;154364;0;Lista General;Autoservicio Tradicional - P;12483;14/4/2026;BD-003;VILLAFAÑE MARIANO
30061;DR. DIEGO MONTOYA 801;LAS VARILLAS;14/4/2026;15/4/2026;14/4/2026;FAC-A0001-00042358;Venta;Empresa;35105;24;39468,49;47756,88;GIACOMO GABRIEL RAMON;;15,00%;8;ALVAREZ VANESA  KAFF;8010;SMF ICE RED BERRIE LAT 4X6X473;1644,52;3607;;TRADITIONAL TRADE;Autoservicio Tradicional;35530,56;REPARTIDOR CBA;290,21;$;2;GRUPO PEÑAFLOR SA;11,352;0;Contado;15/4/2026 10:56;;Smirnoff Ice Flavours;RTD (s);No definido;;;RTD (S);PEÑAFLOR GRUPO OBJETIVO;;;20032;GRIBAUDO ESTEBAN;Gescom;;;True;154364;0;Lista General;Autoservicio Tradicional - P;12483;14/4/2026;BD-003;VILLAFAÑE MARIANO
30061;DR. DIEGO MONTOYA 801;LAS VARILLAS;14/4/2026;15/4/2026;14/4/2026;FAC-A0001-00042358;Venta;Empresa;35104;24;39468,49;47756,88;GIACOMO GABRIEL RAMON;;15,00%;8;ALVAREZ VANESA  KAFF;8010;SMF ICE GREENAPPLE LAT 4X6X473;1644,52;3607;;TRADITIONAL TRADE;Autoservicio Tradicional;35530,56;REPARTIDOR CBA;290,21;$;2;GRUPO PEÑAFLOR SA;11,352;0;Contado;15/4/2026 10:56;;Smirnoff Ice Flavours;RTD (s);No definido;;;RTD (S);PEÑAFLOR GRUPO OBJETIVO;;;20032;GRIBAUDO ESTEBAN;Gescom;;;True;154364;0;Lista General;Autoservicio Tradicional - P;12483;14/4/2026;BD-003;VILLAFAÑE MARIANO
30063;MANUEL BELGRANO 370;LAS VARILLAS;14/4/2026;15/4/2026;14/4/2026;FAC-A0001-00042359;Venta;Empresa;30022;90;535539,78;648003,13;YINGYING CHEN (SUP. SAN VICENTE);;15,00%;8;ALVAREZ VANESA  KAFF;8010;SMIRNOFF RASPBERRY DO 6X700;5950,44;3607;;TRADITIONAL TRADE;Autoservicio Tradicional;481864,5;REPARTIDOR CBA;1050,08;$;2;GRUPO PEÑAFLOR SA;63;0;Contado;15/4/2026 10:56;;Smirnoff;Standard (S);No definido;;;Vodka;PEÑAFLOR GRUPO OBJETIVO;;;20032;GRIBAUDO ESTEBAN;Gescom;;;True;154365;0;Lista General;Autoservicio Tradicional - P;12483;14/4/2026;BD-003;VILLAFAÑE MARIANO
30063;MANUEL BELGRANO 370;LAS VARILLAS;14/4/2026;15/4/2026;14/4/2026;FAC-A0001-00042359;Venta;Empresa;30020;54;321323,87;388801,88;YINGYING CHEN (SUP. SAN VICENTE);;15,00%;8;ALVAREZ VANESA  KAFF;8010;SMIRNOFF GREEN APPLE DO 6X700;5950,44;3607;;TRADITIONAL TRADE;Autoservicio Tradicional;289118,7;REPARTIDOR CBA;1050,08;$;2;GRUPO PEÑAFLOR SA;37,8;0;Contado;15/4/2026 10:56;;Smirnoff;Standard (S);No definido;;;Vodka;PEÑAFLOR GRUPO OBJETIVO;;;20032;GRIBAUDO ESTEBAN;Gescom;;;True;154365;0;Lista General;Autoservicio Tradicional - P;12483;14/4/2026;BD-003;VILLAFAÑE MARIANO
30063;MANUEL BELGRANO 370;LAS VARILLAS;14/4/2026;15/4/2026;14/4/2026;FAC-A0001-00042359;Venta;Empresa;35105;24;39468,49;47756,88;YINGYING CHEN (SUP. SAN VICENTE);;15,00%;8;ALVAREZ VANESA  KAFF;8010;SMF ICE RED BERRIE LAT 4X6X473;1644,52;3607;;TRADITIONAL TRADE;Autoservicio Tradicional;35530,56;REPARTIDOR CBA;290,21;$;2;GRUPO PEÑAFLOR SA;11,352;0;Contado;15/4/2026 10:56;;Smirnoff Ice Flavours;RTD (s);No definido;;;RTD (S);PEÑAFLOR GRUPO OBJETIVO;;;20032;GRIBAUDO ESTEBAN;Gescom;;;True;154365;0;Lista General;Autoservicio Tradicional - P;12483;14/4/2026;BD-003;VILLAFAÑE MARIANO
30063;MANUEL BELGRANO 370;LAS VARILLAS;14/4/2026;15/4/2026;14/4/2026;FAC-A0001-00042359;Venta;Empresa;35104;24;39468,49;47756,88;YINGYING CHEN (SUP. SAN VICENTE);;15,00%;8;ALVAREZ VANESA  KAFF;8010;SMF ICE GREENAPPLE LAT 4X6X473;1644,52;3607;;TRADITIONAL TRADE;Autoservicio Tradicional;35530,56;REPARTIDOR CBA;290,21;$;2;GRUPO PEÑAFLOR SA;11,352;0;Contado;15/4/2026 10:56;;Smirnoff Ice Flavours;RTD (s);No definido;;;RTD (S);PEÑAFLOR GRUPO OBJETIVO;;;20032;GRIBAUDO ESTEBAN;Gescom;;;True;154365;0;Lista General;Autoservicio Tradicional - P;12483;14/4/2026;BD-003;VILLAFAÑE MARIANO
30069;ALBERDI 278 0;LAS VARILLAS;14/4/2026;15/4/2026;14/4/2026;FAC-A0001-00042360;Venta;Empresa;30022;90;535539,78;648003,13;DIAZ LUCIANO;;15,00%;8;ALVAREZ VANESA  KAFF;8010;SMIRNOFF RASPBERRY DO 6X700;5950,44;3607;;TRADITIONAL TRADE;Autoservicio Tradicional;481864,5;REPARTIDOR CBA;1050,08;$;2;GRUPO PEÑAFLOR SA;63;0;Contado;15/4/2026 10:56;;Smirnoff;Standard (S);No definido;;;Vodka;PEÑAFLOR GRUPO OBJETIVO;;;20032;GRIBAUDO ESTEBAN;Gescom;;;True;154366;0;Lista General;Autoservicio Tradicional - P;12483;14/4/2026;BD-003;VILLAFAÑE MARIANO
30069;ALBERDI 278 0;LAS VARILLAS;14/4/2026;15/4/2026;14/4/2026;FAC-A0001-00042360;Venta;Empresa;30020;54;321323,87;388801,88;DIAZ LUCIANO;;15,00%;8;ALVAREZ VANESA  KAFF;8010;SMIRNOFF GREEN APPLE DO 6X700;5950,44;3607;;TRADITIONAL TRADE;Autoservicio Tradicional;289118,7;REPARTIDOR CBA;1050,08;$;2;GRUPO PEÑAFLOR SA;37,8;0;Contado;15/4/2026 10:56;;Smirnoff;Standard (S);No definido;;;Vodka;PEÑAFLOR GRUPO OBJETIVO;;;20032;GRIBAUDO ESTEBAN;Gescom;;;True;154366;0;Lista General;Autoservicio Tradicional - P;12483;14/4/2026;BD-003;VILLAFAÑE MARIANO
30069;ALBERDI 278 0;LAS VARILLAS;14/4/2026;15/4/2026;14/4/2026;FAC-A0001-00042360;Venta;Empresa;35105;24;39468,49;47756,88;DIAZ LUCIANO;;15,00%;8;ALVAREZ VANESA  KAFF;8010;SMF ICE RED BERRIE LAT 4X6X473;1644,52;3607;;TRADITIONAL TRADE;Autoservicio Tradicional;35530,56;REPARTIDOR CBA;290,21;$;2;GRUPO PEÑAFLOR SA;11,352;0;Contado;15/4/2026 10:56;;Smirnoff Ice Flavours;RTD (s);No definido;;;RTD (S);PEÑAFLOR GRUPO OBJETIVO;;;20032;GRIBAUDO ESTEBAN;Gescom;;;True;154366;0;Lista General;Autoservicio Tradicional - P;12483;14/4/2026;BD-003;VILLAFAÑE MARIANO
30069;ALBERDI 278 0;LAS VARILLAS;14/4/2026;15/4/2026;14/4/2026;FAC-A0001-00042360;Venta;Empresa;35104;24;39468,49;47756,88;DIAZ LUCIANO;;15,00%;8;ALVAREZ VANESA  KAFF;8010;SMF ICE GREENAPPLE LAT 4X6X473;1644,52;3607;;TRADITIONAL TRADE;Autoservicio Tradicional;35530,56;REPARTIDOR CBA;290,21;$;2;GRUPO PEÑAFLOR SA;11,352;0;Contado;15/4/2026 10:56;;Smirnoff Ice Flavours;RTD (s);No definido;;;RTD (S);PEÑAFLOR GRUPO OBJETIVO;;;20032;GRIBAUDO ESTEBAN;Gescom;;;True;154366;0;Lista General;Autoservicio Tradicional - P;12483;14/4/2026;BD-003;VILLAFAÑE MARIANO
390;INDEPENDENCIA 1211;San Francisco;14/4/2026;15/4/2026;14/4/2026;FAC-A0001-00042361;Venta;Empresa;30022;90;535539,78;648003,13;MIRANDA SEBASTIAN LEONARDO;;15,00%;8;ALVAREZ VANESA  KAFF;8040;SMIRNOFF RASPBERRY DO 6X700;5950,44;3607;;TRADITIONAL TRADE;Autoservicio Tradicional;481864,5;REPARTIDOR CBA;1050,08;$;2;GRUPO PEÑAFLOR SA;63;0;Contado;15/4/2026 10:56;;Smirnoff;Standard (S);No definido;;;Vodka;PEÑAFLOR GRUPO OBJETIVO;;;20032;GRIBAUDO ESTEBAN;Gescom;;;True;154368;0;Lista General;Autoservicio Tradicional - C;12483;14/4/2026;BD-003;VILLAFAÑE MARIANO
390;INDEPENDENCIA 1211;San Francisco;14/4/2026;15/4/2026;14/4/2026;FAC-A0001-00042361;Venta;Empresa;30020;54;321323,87;388801,88;MIRANDA SEBASTIAN LEONARDO;;15,00%;8;ALVAREZ VANESA  KAFF;8040;SMIRNOFF GREEN APPLE DO 6X700;5950,44;3607;;TRADITIONAL TRADE;Autoservicio Tradicional;289118,7;REPARTIDOR CBA;1050,08;$;2;GRUPO PEÑAFLOR SA;37,8;0;Contado;15/4/2026 10:56;;Smirnoff;Standard (S);No definido;;;Vodka;PEÑAFLOR GRUPO OBJETIVO;;;20032;GRIBAUDO ESTEBAN;Gescom;;;True;154368;0;Lista General;Autoservicio Tradicional - C;12483;14/4/2026;BD-003;VILLAFAÑE MARIANO
390;INDEPENDENCIA 1211;San Francisco;14/4/2026;15/4/2026;14/4/2026;FAC-A0001-00042361;Venta;Empresa;35105;24;39468,49;47756,88;MIRANDA SEBASTIAN LEONARDO;;15,00%;8;ALVAREZ VANESA  KAFF;8040;SMF ICE RED BERRIE LAT 4X6X473;1644,52;3607;;TRADITIONAL TRADE;Autoservicio Tradicional;35530,56;REPARTIDOR CBA;290,21;$;2;GRUPO PEÑAFLOR SA;11,352;0;Contado;15/4/2026 10:56;;Smirnoff Ice Flavours;RTD (s);No definido;;;RTD (S);PEÑAFLOR GRUPO OBJETIVO;;;20032;GRIBAUDO ESTEBAN;Gescom;;;True;154368;0;Lista General;Autoservicio Tradicional - C;12483;14/4/2026;BD-003;VILLAFAÑE MARIANO
390;INDEPENDENCIA 1211;San Francisco;14/4/2026;15/4/2026;14/4/2026;FAC-A0001-00042361;Venta;Empresa;35104;24;39468,49;47756,88;MIRANDA SEBASTIAN LEONARDO;;15,00%;8;ALVAREZ VANESA  KAFF;8040;SMF ICE GREENAPPLE LAT 4X6X473;1644,52;3607;;TRADITIONAL TRADE;Autoservicio Tradicional;35530,56;REPARTIDOR CBA;290,21;$;2;GRUPO PEÑAFLOR SA;11,352;0;Contado;15/4/2026 10:56;;Smirnoff Ice Flavours;RTD (s);No definido;;;RTD (S);PEÑAFLOR GRUPO OBJETIVO;;;20032;GRIBAUDO ESTEBAN;Gescom;;;True;154368;0;Lista General;Autoservicio Tradicional - C;12483;14/4/2026;BD-003;VILLAFAÑE MARIANO
519;BV. ROCA 2950;SAN FRANCISCO;14/4/2026;15/4/2026;14/4/2026;FAC-A0001-00042362;Venta;Empresa;30022;90;535539,78;648003,13;WENZHI LI;;15,00%;8;ALVAREZ VANESA  KAFF;8020;SMIRNOFF RASPBERRY DO 6X700;5950,44;3607;;TRADITIONAL TRADE;Autoservicio Tradicional;481864,5;REPARTIDOR CBA;1050,08;$;2;GRUPO PEÑAFLOR SA;63;0;Contado;15/4/2026 10:56;;Smirnoff;Standard (S);No definido;;;Vodka;PEÑAFLOR GRUPO OBJETIVO;;;20032;GRIBAUDO ESTEBAN;Gescom;;;True;154369;0;Lista General;Autoservicio Tradicional - P;12483;14/4/2026;BD-003;VILLAFAÑE MARIANO
519;BV. ROCA 2950;SAN FRANCISCO;14/4/2026;15/4/2026;14/4/2026;FAC-A0001-00042362;Venta;Empresa;30020;54;321323,87;388801,88;WENZHI LI;;15,00%;8;ALVAREZ VANESA  KAFF;8020;SMIRNOFF GREEN APPLE DO 6X700;5950,44;3607;;TRADITIONAL TRADE;Autoservicio Tradicional;289118,7;REPARTIDOR CBA;1050,08;$;2;GRUPO PEÑAFLOR SA;37,8;0;Contado;15/4/2026 10:56;;Smirnoff;Standard (S);No definido;;;Vodka;PEÑAFLOR GRUPO OBJETIVO;;;20032;GRIBAUDO ESTEBAN;Gescom;;;True;154369;0;Lista General;Autoservicio Tradicional - P;12483;14/4/2026;BD-003;VILLAFAÑE MARIANO
519;BV. ROCA 2950;SAN FRANCISCO;14/4/2026;15/4/2026;14/4/2026;FAC-A0001-00042362;Venta;Empresa;35105;24;39468,49;47756,88;WENZHI LI;;15,00%;8;ALVAREZ VANESA  KAFF;8020;SMF ICE RED BERRIE LAT 4X6X473;1644,52;3607;;TRADITIONAL TRADE;Autoservicio Tradicional;35530,56;REPARTIDOR CBA;290,21;$;2;GRUPO PEÑAFLOR SA;11,352;0;Contado;15/4/2026 10:56;;Smirnoff Ice Flavours;RTD (s);No definido;;;RTD (S);PEÑAFLOR GRUPO OBJETIVO;;;20032;GRIBAUDO ESTEBAN;Gescom;;;True;154369;0;Lista General;Autoservicio Tradicional - P;12483;14/4/2026;BD-003;VILLAFAÑE MARIANO
519;BV. ROCA 2950;SAN FRANCISCO;14/4/2026;15/4/2026;14/4/2026;FAC-A0001-00042362;Venta;Empresa;35104;24;39468,49;47756,88;WENZHI LI;;15,00%;8;ALVAREZ VANESA  KAFF;8020;SMF ICE GREENAPPLE LAT 4X6X473;1644,52;3607;;TRADITIONAL TRADE;Autoservicio Tradicional;35530,56;REPARTIDOR CBA;290,21;$;2;GRUPO PEÑAFLOR SA;11,352;0;Contado;15/4/2026 10:56;;Smirnoff Ice Flavours;RTD (s);No definido;;;RTD (S);PEÑAFLOR GRUPO OBJETIVO;;;20032;GRIBAUDO ESTEBAN;Gescom;;;True;154369;0;Lista General;Autoservicio Tradicional - P;12483;14/4/2026;BD-003;VILLAFAÑE MARIANO
538;9 DE SEPTIEMBRE 359;San Francisco;14/4/2026;15/4/2026;14/4/2026;FAC-A0001-00042363;Venta;Empresa;30022;90;535539,78;648003,13;ZHAO JIAHUI;;15,00%;8;ALVAREZ VANESA  KAFF;8030;SMIRNOFF RASPBERRY DO 6X700;5950,44;3607;;TRADITIONAL TRADE;Autoservicio Tradicional;481864,5;REPARTIDOR CBA;1050,08;$;2;GRUPO PEÑAFLOR SA;63;0;Contado;15/4/2026 10:56;;Smirnoff;Standard (S);No definido;;;Vodka;PEÑAFLOR GRUPO OBJETIVO;;;20032;GRIBAUDO ESTEBAN;Gescom;;;True;154370;0;Lista General;Autoservicio Tradicional - C;12483;14/4/2026;BD-003;VILLAFAÑE MARIANO
538;9 DE SEPTIEMBRE 359;San Francisco;14/4/2026;15/4/2026;14/4/2026;FAC-A0001-00042363;Venta;Empresa;30020;54;321323,87;388801,88;ZHAO JIAHUI;;15,00%;8;ALVAREZ VANESA  KAFF;8030;SMIRNOFF GREEN APPLE DO 6X700;5950,44;3607;;TRADITIONAL TRADE;Autoservicio Tradicional;289118,7;REPARTIDOR CBA;1050,08;$;2;GRUPO PEÑAFLOR SA;37,8;0;Contado;15/4/2026 10:56;;Smirnoff;Standard (S);No definido;;;Vodka;PEÑAFLOR GRUPO OBJETIVO;;;20032;GRIBAUDO ESTEBAN;Gescom;;;True;154370;0;Lista General;Autoservicio Tradicional - C;12483;14/4/2026;BD-003;VILLAFAÑE MARIANO
538;9 DE SEPTIEMBRE 359;San Francisco;14/4/2026;15/4/2026;14/4/2026;FAC-A0001-00042363;Venta;Empresa;35105;24;39468,49;47756,88;ZHAO JIAHUI;;15,00%;8;ALVAREZ VANESA  KAFF;8030;SMF ICE RED BERRIE LAT 4X6X473;1644,52;3607;;TRADITIONAL TRADE;Autoservicio Tradicional;35530,56;REPARTIDOR CBA;290,21;$;2;GRUPO PEÑAFLOR SA;11,352;0;Contado;15/4/2026 10:56;;Smirnoff Ice Flavours;RTD (s);No definido;;;RTD (S);PEÑAFLOR GRUPO OBJETIVO;;;20032;GRIBAUDO ESTEBAN;Gescom;;;True;154370;0;Lista General;Autoservicio Tradicional - C;12483;14/4/2026;BD-003;VILLAFAÑE MARIANO
538;9 DE SEPTIEMBRE 359;San Francisco;14/4/2026;15/4/2026;14/4/2026;FAC-A0001-00042363;Venta;Empresa;35104;24;39468,49;47756,88;ZHAO JIAHUI;;15,00%;8;ALVAREZ VANESA  KAFF;8030;SMF ICE GREENAPPLE LAT 4X6X473;1644,52;3607;;TRADITIONAL TRADE;Autoservicio Tradicional;35530,56;REPARTIDOR CBA;290,21;$;2;GRUPO PEÑAFLOR SA;11,352;0;Contado;15/4/2026 10:56;;Smirnoff Ice Flavours;RTD (s);No definido;;;RTD (S);PEÑAFLOR GRUPO OBJETIVO;;;20032;GRIBAUDO ESTEBAN;Gescom;;;True;154370;0;Lista General;Autoservicio Tradicional - C;12483;14/4/2026;BD-003;VILLAFAÑE MARIANO
615;Rivadavia Esq. Independen 0;LAS VARILLAS;14/4/2026;15/4/2026;14/4/2026;FAC-A0001-00042364;Venta;Empresa;30022;90;535539,78;648003,13;LI WENFANG  (SUC. PLAZA);;15,00%;8;ALVAREZ VANESA  KAFF;8010;SMIRNOFF RASPBERRY DO 6X700;5950,44;3607;;TRADITIONAL TRADE;Autoservicio Tradicional;481864,5;REPARTIDOR CBA;1050,08;$;2;GRUPO PEÑAFLOR SA;63;0;Contado;15/4/2026 10:56;;Smirnoff;Standard (S);No definido;;;Vodka;PEÑAFLOR GRUPO OBJETIVO;;;20032;GRIBAUDO ESTEBAN;Gescom;;;True;154372;0;Lista General;Autoservicio Tradicional - P;12483;14/4/2026;BD-003;VILLAFAÑE MARIANO
615;Rivadavia Esq. Independen 0;LAS VARILLAS;14/4/2026;15/4/2026;14/4/2026;FAC-A0001-00042364;Venta;Empresa;30020;54;321323,87;388801,88;LI WENFANG  (SUC. PLAZA);;15,00%;8;ALVAREZ VANESA  KAFF;8010;SMIRNOFF GREEN APPLE DO 6X700;5950,44;3607;;TRADITIONAL TRADE;Autoservicio Tradicional;289118,7;REPARTIDOR CBA;1050,08;$;2;GRUPO PEÑAFLOR SA;37,8;0;Contado;15/4/2026 10:56;;Smirnoff;Standard (S);No definido;;;Vodka;PEÑAFLOR GRUPO OBJETIVO;;;20032;GRIBAUDO ESTEBAN;Gescom;;;True;154372;0;Lista General;Autoservicio Tradicional - P;12483;14/4/2026;BD-003;VILLAFAÑE MARIANO
615;Rivadavia Esq. Independen 0;LAS VARILLAS;14/4/2026;15/4/2026;14/4/2026;FAC-A0001-00042364;Venta;Empresa;35105;24;39468,49;47756,88;LI WENFANG  (SUC. PLAZA);;15,00%;8;ALVAREZ VANESA  KAFF;8010;SMF ICE RED BERRIE LAT 4X6X473;1644,52;3607;;TRADITIONAL TRADE;Autoservicio Tradicional;35530,56;REPARTIDOR CBA;290,21;$;2;GRUPO PEÑAFLOR SA;11,352;0;Contado;15/4/2026 10:56;;Smirnoff Ice Flavours;RTD (s);No definido;;;RTD (S);PEÑAFLOR GRUPO OBJETIVO;;;20032;GRIBAUDO ESTEBAN;Gescom;;;True;154372;0;Lista General;Autoservicio Tradicional - P;12483;14/4/2026;BD-003;VILLAFAÑE MARIANO
615;Rivadavia Esq. Independen 0;LAS VARILLAS;14/4/2026;15/4/2026;14/4/2026;FAC-A0001-00042364;Venta;Empresa;35104;24;39468,49;47756,88;LI WENFANG  (SUC. PLAZA);;15,00%;8;ALVAREZ VANESA  KAFF;8010;SMF ICE GREENAPPLE LAT 4X6X473;1644,52;3607;;TRADITIONAL TRADE;Autoservicio Tradicional;35530,56;REPARTIDOR CBA;290,21;$;2;GRUPO PEÑAFLOR SA;11,352;0;Contado;15/4/2026 10:56;;Smirnoff Ice Flavours;RTD (s);No definido;;;RTD (S);PEÑAFLOR GRUPO OBJETIVO;;;20032;GRIBAUDO ESTEBAN;Gescom;;;True;154372;0;Lista General;Autoservicio Tradicional - P;12483;14/4/2026;BD-003;VILLAFAÑE MARIANO
626;BARTOLOME MITRE 297;LAS VARILLAS;14/4/2026;15/4/2026;14/4/2026;FAC-A0001-00042365;Venta;Empresa;30022;90;535539,78;648003,13;CUIZA MARINO ROLANDO ;;15,00%;8;ALVAREZ VANESA  KAFF;8010;SMIRNOFF RASPBERRY DO 6X700;5950,44;3607;;TRADITIONAL TRADE;Autoservicio Tradicional;481864,5;REPARTIDOR CBA;1050,08;$;2;GRUPO PEÑAFLOR SA;63;0;Contado;15/4/2026 10:56;;Smirnoff;Standard (S);No definido;;;Vodka;PEÑAFLOR GRUPO OBJETIVO;;;20032;GRIBAUDO ESTEBAN;Gescom;;;True;154373;0;Lista General;Autoservicio Tradicional - P;12483;14/4/2026;BD-003;VILLAFAÑE MARIANO
626;BARTOLOME MITRE 297;LAS VARILLAS;14/4/2026;15/4/2026;14/4/2026;FAC-A0001-00042365;Venta;Empresa;30020;54;321323,87;388801,88;CUIZA MARINO ROLANDO ;;15,00%;8;ALVAREZ VANESA  KAFF;8010;SMIRNOFF GREEN APPLE DO 6X700;5950,44;3607;;TRADITIONAL TRADE;Autoservicio Tradicional;289118,7;REPARTIDOR CBA;1050,08;$;2;GRUPO PEÑAFLOR SA;37,8;0;Contado;15/4/2026 10:56;;Smirnoff;Standard (S);No definido;;;Vodka;PEÑAFLOR GRUPO OBJETIVO;;;20032;GRIBAUDO ESTEBAN;Gescom;;;True;154373;0;Lista General;Autoservicio Tradicional - P;12483;14/4/2026;BD-003;VILLAFAÑE MARIANO
626;BARTOLOME MITRE 297;LAS VARILLAS;14/4/2026;15/4/2026;14/4/2026;FAC-A0001-00042365;Venta;Empresa;35105;24;39468,49;47756,88;CUIZA MARINO ROLANDO ;;15,00%;8;ALVAREZ VANESA  KAFF;8010;SMF ICE RED BERRIE LAT 4X6X473;1644,52;3607;;TRADITIONAL TRADE;Autoservicio Tradicional;35530,56;REPARTIDOR CBA;290,21;$;2;GRUPO PEÑAFLOR SA;11,352;0;Contado;15/4/2026 10:56;;Smirnoff Ice Flavours;RTD (s);No definido;;;RTD (S);PEÑAFLOR GRUPO OBJETIVO;;;20032;GRIBAUDO ESTEBAN;Gescom;;;True;154373;0;Lista General;Autoservicio Tradicional - P;12483;14/4/2026;BD-003;VILLAFAÑE MARIANO
626;BARTOLOME MITRE 297;LAS VARILLAS;14/4/2026;15/4/2026;14/4/2026;FAC-A0001-00042365;Venta;Empresa;35104;24;39468,49;47756,88;CUIZA MARINO ROLANDO ;;15,00%;8;ALVAREZ VANESA  KAFF;8010;SMF ICE GREENAPPLE LAT 4X6X473;1644,52;3607;;TRADITIONAL TRADE;Autoservicio Tradicional;35530,56;REPARTIDOR CBA;290,21;$;2;GRUPO PEÑAFLOR SA;11,352;0;Contado;15/4/2026 10:56;;Smirnoff Ice Flavours;RTD (s);No definido;;;RTD (S);PEÑAFLOR GRUPO OBJETIVO;;;20032;GRIBAUDO ESTEBAN;Gescom;;;True;154373;0;Lista General;Autoservicio Tradicional - P;12483;14/4/2026;BD-003;VILLAFAÑE MARIANO
652;BUENOS AIRES 70;LAS VARILLAS;14/4/2026;15/4/2026;14/4/2026;FAC-B0001-00011832;Venta;Empresa;30022;90;535539,78;648003,13;YAN JINQING;;15,00%;8;ALVAREZ VANESA  KAFF;8010;SMIRNOFF RASPBERRY DO 6X700;5950,44;3606;;TRADITIONAL TRADE;Autoservicio Tradicional;481864,5;REPARTIDOR CBA;1050,08;$;2;GRUPO PEÑAFLOR SA;63;0;Contado;15/4/2026 10:56;;Smirnoff;Standard (S);No definido;;;Vodka;PEÑAFLOR GRUPO OBJETIVO;;;20032;GRIBAUDO ESTEBAN;Gescom;;;True;154374;0;Lista General;Autoservicio Tradicional - P;12482;14/4/2026;2;LESCANO FRANCO DARIO
652;BUENOS AIRES 70;LAS VARILLAS;14/4/2026;15/4/2026;14/4/2026;FAC-B0001-00011832;Venta;Empresa;30020;54;321323,87;388801,88;YAN JINQING;;15,00%;8;ALVAREZ VANESA  KAFF;8010;SMIRNOFF GREEN APPLE DO 6X700;5950,44;3606;;TRADITIONAL TRADE;Autoservicio Tradicional;289118,7;REPARTIDOR CBA;1050,08;$;2;GRUPO PEÑAFLOR SA;37,8;0;Contado;15/4/2026 10:56;;Smirnoff;Standard (S);No definido;;;Vodka;PEÑAFLOR GRUPO OBJETIVO;;;20032;GRIBAUDO ESTEBAN;Gescom;;;True;154374;0;Lista General;Autoservicio Tradicional - P;12482;14/4/2026;2;LESCANO FRANCO DARIO
652;BUENOS AIRES 70;LAS VARILLAS;14/4/2026;15/4/2026;14/4/2026;FAC-B0001-00011832;Venta;Empresa;35105;24;39468,49;47756,88;YAN JINQING;;15,00%;8;ALVAREZ VANESA  KAFF;8010;SMF ICE RED BERRIE LAT 4X6X473;1644,52;3606;;TRADITIONAL TRADE;Autoservicio Tradicional;35530,56;REPARTIDOR CBA;290,21;$;2;GRUPO PEÑAFLOR SA;11,352;0;Contado;15/4/2026 10:56;;Smirnoff Ice Flavours;RTD (s);No definido;;;RTD (S);PEÑAFLOR GRUPO OBJETIVO;;;20032;GRIBAUDO ESTEBAN;Gescom;;;True;154374;0;Lista General;Autoservicio Tradicional - P;12482;14/4/2026;2;LESCANO FRANCO DARIO
652;BUENOS AIRES 70;LAS VARILLAS;14/4/2026;15/4/2026;14/4/2026;FAC-B0001-00011832;Venta;Empresa;35104;24;39468,49;47756,88;YAN JINQING;;15,00%;8;ALVAREZ VANESA  KAFF;8010;SMF ICE GREENAPPLE LAT 4X6X473;1644,52;3606;;TRADITIONAL TRADE;Autoservicio Tradicional;35530,56;REPARTIDOR CBA;290,21;$;2;GRUPO PEÑAFLOR SA;11,352;0;Contado;15/4/2026 10:56;;Smirnoff Ice Flavours;RTD (s);No definido;;;RTD (S);PEÑAFLOR GRUPO OBJETIVO;;;20032;GRIBAUDO ESTEBAN;Gescom;;;True;154374;0;Lista General;Autoservicio Tradicional - P;12482;14/4/2026;2;LESCANO FRANCO DARIO
7219;CORDOBA 859;SAN FRANCISCO;14/4/2026;15/4/2026;14/4/2026;FAC-A0001-00042366;Venta;Empresa;30022;90;535539,78;648003,13;YUMEI HUANG ;;15,00%;8;ALVAREZ VANESA  KAFF;8020;SMIRNOFF RASPBERRY DO 6X700;5950,44;3606;;TRADITIONAL TRADE;Autoservicio Tradicional;481864,5;REPARTIDOR CBA;1050,08;$;2;GRUPO PEÑAFLOR SA;63;0;Contado;15/4/2026 10:56;;Smirnoff;Standard (S);No definido;;;Vodka;PEÑAFLOR GRUPO OBJETIVO;;;20032;GRIBAUDO ESTEBAN;Gescom;;;True;154375;0;Lista General;Autoservicio Tradicional - P;12482;14/4/2026;2;LESCANO FRANCO DARIO
7219;CORDOBA 859;SAN FRANCISCO;14/4/2026;15/4/2026;14/4/2026;FAC-A0001-00042366;Venta;Empresa;30020;54;321323,87;388801,88;YUMEI HUANG ;;15,00%;8;ALVAREZ VANESA  KAFF;8020;SMIRNOFF GREEN APPLE DO 6X700;5950,44;3606;;TRADITIONAL TRADE;Autoservicio Tradicional;289118,7;REPARTIDOR CBA;1050,08;$;2;GRUPO PEÑAFLOR SA;37,8;0;Contado;15/4/2026 10:56;;Smirnoff;Standard (S);No definido;;;Vodka;PEÑAFLOR GRUPO OBJETIVO;;;20032;GRIBAUDO ESTEBAN;Gescom;;;True;154375;0;Lista General;Autoservicio Tradicional - P;12482;14/4/2026;2;LESCANO FRANCO DARIO
7219;CORDOBA 859;SAN FRANCISCO;14/4/2026;15/4/2026;14/4/2026;FAC-A0001-00042366;Venta;Empresa;35105;24;39468,49;47756,88;YUMEI HUANG ;;15,00%;8;ALVAREZ VANESA  KAFF;8020;SMF ICE RED BERRIE LAT 4X6X473;1644,52;3606;;TRADITIONAL TRADE;Autoservicio Tradicional;35530,56;REPARTIDOR CBA;290,21;$;2;GRUPO PEÑAFLOR SA;11,352;0;Contado;15/4/2026 10:56;;Smirnoff Ice Flavours;RTD (s);No definido;;;RTD (S);PEÑAFLOR GRUPO OBJETIVO;;;20032;GRIBAUDO ESTEBAN;Gescom;;;True;154375;0;Lista General;Autoservicio Tradicional - P;12482;14/4/2026;2;LESCANO FRANCO DARIO
7219;CORDOBA 859;SAN FRANCISCO;14/4/2026;15/4/2026;14/4/2026;FAC-A0001-00042366;Venta;Empresa;35104;24;39468,49;47756,88;YUMEI HUANG ;;15,00%;8;ALVAREZ VANESA  KAFF;8020;SMF ICE GREENAPPLE LAT 4X6X473;1644,52;3606;;TRADITIONAL TRADE;Autoservicio Tradicional;35530,56;REPARTIDOR CBA;290,21;$;2;GRUPO PEÑAFLOR SA;11,352;0;Contado;15/4/2026 10:56;;Smirnoff Ice Flavours;RTD (s);No definido;;;RTD (S);PEÑAFLOR GRUPO OBJETIVO;;;20032;GRIBAUDO ESTEBAN;Gescom;;;True;154375;0;Lista General;Autoservicio Tradicional - P;12482;14/4/2026;2;LESCANO FRANCO DARIO
736;RIVADAVIA 440;LAS VARILLAS;14/4/2026;15/4/2026;14/4/2026;FAC-A0001-00042367;Venta;Empresa;30022;90;535539,78;648003,13;MARTINEZ CATRIEL;;15,00%;8;ALVAREZ VANESA  KAFF;8010;SMIRNOFF RASPBERRY DO 6X700;5950,44;3606;;TRADITIONAL TRADE;Autoservicio Tradicional;481864,5;REPARTIDOR CBA;1050,08;$;2;GRUPO PEÑAFLOR SA;63;0;Contado;15/4/2026 10:56;;Smirnoff;Standard (S);No definido;;;Vodka;PEÑAFLOR GRUPO OBJETIVO;;;20032;GRIBAUDO ESTEBAN;Gescom;;;True;154378;0;Lista General;Autoservicio Tradicional - P;12482;14/4/2026;2;LESCANO FRANCO DARIO
736;RIVADAVIA 440;LAS VARILLAS;14/4/2026;15/4/2026;14/4/2026;FAC-A0001-00042367;Venta;Empresa;30020;54;321323,87;388801,88;MARTINEZ CATRIEL;;15,00%;8;ALVAREZ VANESA  KAFF;8010;SMIRNOFF GREEN APPLE DO 6X700;5950,44;3606;;TRADITIONAL TRADE;Autoservicio Tradicional;289118,7;REPARTIDOR CBA;1050,08;$;2;GRUPO PEÑAFLOR SA;37,8;0;Contado;15/4/2026 10:56;;Smirnoff;Standard (S);No definido;;;Vodka;PEÑAFLOR GRUPO OBJETIVO;;;20032;GRIBAUDO ESTEBAN;Gescom;;;True;154378;0;Lista General;Autoservicio Tradicional - P;12482;14/4/2026;2;LESCANO FRANCO DARIO
736;RIVADAVIA 440;LAS VARILLAS;14/4/2026;15/4/2026;14/4/2026;FAC-A0001-00042367;Venta;Empresa;35105;24;39468,49;47756,88;MARTINEZ CATRIEL;;15,00%;8;ALVAREZ VANESA  KAFF;8010;SMF ICE RED BERRIE LAT 4X6X473;1644,52;3606;;TRADITIONAL TRADE;Autoservicio Tradicional;35530,56;REPARTIDOR CBA;290,21;$;2;GRUPO PEÑAFLOR SA;11,352;0;Contado;15/4/2026 10:56;;Smirnoff Ice Flavours;RTD (s);No definido;;;RTD (S);PEÑAFLOR GRUPO OBJETIVO;;;20032;GRIBAUDO ESTEBAN;Gescom;;;True;154378;0;Lista General;Autoservicio Tradicional - P;12482;14/4/2026;2;LESCANO FRANCO DARIO
736;RIVADAVIA 440;LAS VARILLAS;14/4/2026;15/4/2026;14/4/2026;FAC-A0001-00042367;Venta;Empresa;35104;24;39468,49;47756,88;MARTINEZ CATRIEL;;15,00%;8;ALVAREZ VANESA  KAFF;8010;SMF ICE GREENAPPLE LAT 4X6X473;1644,52;3606;;TRADITIONAL TRADE;Autoservicio Tradicional;35530,56;REPARTIDOR CBA;290,21;$;2;GRUPO PEÑAFLOR SA;11,352;0;Contado;15/4/2026 10:56;;Smirnoff Ice Flavours;RTD (s);No definido;;;RTD (S);PEÑAFLOR GRUPO OBJETIVO;;;20032;GRIBAUDO ESTEBAN;Gescom;;;True;154378;0;Lista General;Autoservicio Tradicional - P;12482;14/4/2026;2;LESCANO FRANCO DARIO
826;AVELLANEDA 258;LAS VARILLAS;14/4/2026;15/4/2026;14/4/2026;FAC-A0001-00042368;Venta;Empresa;30022;90;535539,78;648003,13;MARTINEZ RODRIGO ;;15,00%;8;ALVAREZ VANESA  KAFF;8010;SMIRNOFF RASPBERRY DO 6X700;5950,44;3606;;TRADITIONAL TRADE;Autoservicio Tradicional;481864,5;REPARTIDOR CBA;1050,08;$;2;GRUPO PEÑAFLOR SA;63;0;Contado;15/4/2026 10:56;;Smirnoff;Standard (S);No definido;;;Vodka;PEÑAFLOR GRUPO OBJETIVO;;;20032;GRIBAUDO ESTEBAN;Gescom;;;True;154379;0;Lista General;Autoservicio Tradicional - P;12482;14/4/2026;2;LESCANO FRANCO DARIO
826;AVELLANEDA 258;LAS VARILLAS;14/4/2026;15/4/2026;14/4/2026;FAC-A0001-00042368;Venta;Empresa;30020;54;321323,87;388801,88;MARTINEZ RODRIGO ;;15,00%;8;ALVAREZ VANESA  KAFF;8010;SMIRNOFF GREEN APPLE DO 6X700;5950,44;3606;;TRADITIONAL TRADE;Autoservicio Tradicional;289118,7;REPARTIDOR CBA;1050,08;$;2;GRUPO PEÑAFLOR SA;37,8;0;Contado;15/4/2026 10:56;;Smirnoff;Standard (S);No definido;;;Vodka;PEÑAFLOR GRUPO OBJETIVO;;;20032;GRIBAUDO ESTEBAN;Gescom;;;True;154379;0;Lista General;Autoservicio Tradicional - P;12482;14/4/2026;2;LESCANO FRANCO DARIO
826;AVELLANEDA 258;LAS VARILLAS;14/4/2026;15/4/2026;14/4/2026;FAC-A0001-00042368;Venta;Empresa;35105;24;39468,49;47756,88;MARTINEZ RODRIGO ;;15,00%;8;ALVAREZ VANESA  KAFF;8010;SMF ICE RED BERRIE LAT 4X6X473;1644,52;3606;;TRADITIONAL TRADE;Autoservicio Tradicional;35530,56;REPARTIDOR CBA;290,21;$;2;GRUPO PEÑAFLOR SA;11,352;0;Contado;15/4/2026 10:56;;Smirnoff Ice Flavours;RTD (s);No definido;;;RTD (S);PEÑAFLOR GRUPO OBJETIVO;;;20032;GRIBAUDO ESTEBAN;Gescom;;;True;154379;0;Lista General;Autoservicio Tradicional - P;12482;14/4/2026;2;LESCANO FRANCO DARIO
826;AVELLANEDA 258;LAS VARILLAS;14/4/2026;15/4/2026;14/4/2026;FAC-A0001-00042368;Venta;Empresa;35104;24;39468,49;47756,88;MARTINEZ RODRIGO ;;15,00%;8;ALVAREZ VANESA  KAFF;8010;SMF ICE GREENAPPLE LAT 4X6X473;1644,52;3606;;TRADITIONAL TRADE;Autoservicio Tradicional;35530,56;REPARTIDOR CBA;290,21;$;2;GRUPO PEÑAFLOR SA;11,352;0;Contado;15/4/2026 10:56;;Smirnoff Ice Flavours;RTD (s);No definido;;;RTD (S);PEÑAFLOR GRUPO OBJETIVO;;;20032;GRIBAUDO ESTEBAN;Gescom;;;True;154379;0;Lista General;Autoservicio Tradicional - P;12482;14/4/2026;2;LESCANO FRANCO DARIO
185;BV.BELGRANO 1267;MORTEROS;14/4/2026;15/4/2026;14/4/2026;FAC-A0001-00042369;Venta;Empresa;30022;90;535539,78;648003,13;ARGUELLO ALFONSINA LAURA ;;15,00%;4;GRIBAUDO ANGEL;4020;SMIRNOFF RASPBERRY DO 6X700;5950,44;3606;;TRADITIONAL TRADE;Autoservicio Tradicional;481864,5;REPARTIDOR CBA;1050,08;$;2;GRUPO PEÑAFLOR SA;63;0;Contado;15/4/2026 10:56;;Smirnoff;Standard (S);No definido;;;Vodka;PEÑAFLOR GRUPO OBJETIVO;;;20032;GRIBAUDO ESTEBAN;Gescom;;;True;154380;0;Lista General;Autoservicio Tradicional - C;12482;14/4/2026;2;LESCANO FRANCO DARIO
185;BV.BELGRANO 1267;MORTEROS;14/4/2026;15/4/2026;14/4/2026;FAC-A0001-00042369;Venta;Empresa;30020;54;321323,87;388801,88;ARGUELLO ALFONSINA LAURA ;;15,00%;4;GRIBAUDO ANGEL;4020;SMIRNOFF GREEN APPLE DO 6X700;5950,44;3606;;TRADITIONAL TRADE;Autoservicio Tradicional;289118,7;REPARTIDOR CBA;1050,08;$;2;GRUPO PEÑAFLOR SA;37,8;0;Contado;15/4/2026 10:56;;Smirnoff;Standard (S);No definido;;;Vodka;PEÑAFLOR GRUPO OBJETIVO;;;20032;GRIBAUDO ESTEBAN;Gescom;;;True;154380;0;Lista General;Autoservicio Tradicional - C;12482;14/4/2026;2;LESCANO FRANCO DARIO
185;BV.BELGRANO 1267;MORTEROS;14/4/2026;15/4/2026;14/4/2026;FAC-A0001-00042369;Venta;Empresa;35105;24;39468,49;47756,88;ARGUELLO ALFONSINA LAURA ;;15,00%;4;GRIBAUDO ANGEL;4020;SMF ICE RED BERRIE LAT 4X6X473;1644,52;3606;;TRADITIONAL TRADE;Autoservicio Tradicional;35530,56;REPARTIDOR CBA;290,21;$;2;GRUPO PEÑAFLOR SA;11,352;0;Contado;15/4/2026 10:56;;Smirnoff Ice Flavours;RTD (s);No definido;;;RTD (S);PEÑAFLOR GRUPO OBJETIVO;;;20032;GRIBAUDO ESTEBAN;Gescom;;;True;154380;0;Lista General;Autoservicio Tradicional - C;12482;14/4/2026;2;LESCANO FRANCO DARIO
185;BV.BELGRANO 1267;MORTEROS;14/4/2026;15/4/2026;14/4/2026;FAC-A0001-00042369;Venta;Empresa;35104;24;39468,49;47756,88;ARGUELLO ALFONSINA LAURA ;;15,00%;4;GRIBAUDO ANGEL;4020;SMF ICE GREENAPPLE LAT 4X6X473;1644,52;3606;;TRADITIONAL TRADE;Autoservicio Tradicional;35530,56;REPARTIDOR CBA;290,21;$;2;GRUPO PEÑAFLOR SA;11,352;0;Contado;15/4/2026 10:56;;Smirnoff Ice Flavours;RTD (s);No definido;;;RTD (S);PEÑAFLOR GRUPO OBJETIVO;;;20032;GRIBAUDO ESTEBAN;Gescom;;;True;154380;0;Lista General;Autoservicio Tradicional - C;12482;14/4/2026;2;LESCANO FRANCO DARIO
222;PELLEGRINI 566;MORTEROS;14/4/2026;15/4/2026;14/4/2026;FAC-A0001-00042370;Venta;Empresa;30022;90;535539,78;648003,13;COMBA PAOLA ANDREA;;15,00%;4;GRIBAUDO ANGEL;4020;SMIRNOFF RASPBERRY DO 6X700;5950,44;3606;;TRADITIONAL TRADE;Autoservicio Tradicional;481864,5;REPARTIDOR CBA;1050,08;$;2;GRUPO PEÑAFLOR SA;63;0;Contado;15/4/2026 10:56;;Smirnoff;Standard (S);No definido;;;Vodka;PEÑAFLOR GRUPO OBJETIVO;;;20032;GRIBAUDO ESTEBAN;Gescom;;;True;154381;0;Lista General;Autoservicio Tradicional - P;12482;14/4/2026;2;LESCANO FRANCO DARIO
222;PELLEGRINI 566;MORTEROS;14/4/2026;15/4/2026;14/4/2026;FAC-A0001-00042370;Venta;Empresa;30020;54;321323,87;388801,88;COMBA PAOLA ANDREA;;15,00%;4;GRIBAUDO ANGEL;4020;SMIRNOFF GREEN APPLE DO 6X700;5950,44;3606;;TRADITIONAL TRADE;Autoservicio Tradicional;289118,7;REPARTIDOR CBA;1050,08;$;2;GRUPO PEÑAFLOR SA;37,8;0;Contado;15/4/2026 10:56;;Smirnoff;Standard (S);No definido;;;Vodka;PEÑAFLOR GRUPO OBJETIVO;;;20032;GRIBAUDO ESTEBAN;Gescom;;;True;154381;0;Lista General;Autoservicio Tradicional - P;12482;14/4/2026;2;LESCANO FRANCO DARIO
222;PELLEGRINI 566;MORTEROS;14/4/2026;15/4/2026;14/4/2026;FAC-A0001-00042370;Venta;Empresa;35105;24;39468,49;47756,88;COMBA PAOLA ANDREA;;15,00%;4;GRIBAUDO ANGEL;4020;SMF ICE RED BERRIE LAT 4X6X473;1644,52;3606;;TRADITIONAL TRADE;Autoservicio Tradicional;35530,56;REPARTIDOR CBA;290,21;$;2;GRUPO PEÑAFLOR SA;11,352;0;Contado;15/4/2026 10:56;;Smirnoff Ice Flavours;RTD (s);No definido;;;RTD (S);PEÑAFLOR GRUPO OBJETIVO;;;20032;GRIBAUDO ESTEBAN;Gescom;;;True;154381;0;Lista General;Autoservicio Tradicional - P;12482;14/4/2026;2;LESCANO FRANCO DARIO
222;PELLEGRINI 566;MORTEROS;14/4/2026;15/4/2026;14/4/2026;FAC-A0001-00042370;Venta;Empresa;35104;24;39468,49;47756,88;COMBA PAOLA ANDREA;;15,00%;4;GRIBAUDO ANGEL;4020;SMF ICE GREENAPPLE LAT 4X6X473;1644,52;3606;;TRADITIONAL TRADE;Autoservicio Tradicional;35530,56;REPARTIDOR CBA;290,21;$;2;GRUPO PEÑAFLOR SA;11,352;0;Contado;15/4/2026 10:56;;Smirnoff Ice Flavours;RTD (s);No definido;;;RTD (S);PEÑAFLOR GRUPO OBJETIVO;;;20032;GRIBAUDO ESTEBAN;Gescom;;;True;154381;0;Lista General;Autoservicio Tradicional - P;12482;14/4/2026;2;LESCANO FRANCO DARIO
378;ITUZAINGO 982;MORTEROS;14/4/2026;15/4/2026;14/4/2026;FAC-A0001-00042371;Venta;Empresa;30022;90;535539,78;648003,13;VILLEGAS CUENCA RAFAEL ;;15,00%;4;GRIBAUDO ANGEL;4020;SMIRNOFF RASPBERRY DO 6X700;5950,44;3606;;TRADITIONAL TRADE;Autoservicio Tradicional;481864,5;REPARTIDOR CBA;1050,08;$;2;GRUPO PEÑAFLOR SA;63;0;Contado;15/4/2026 10:56;;Smirnoff;Standard (S);No definido;;;Vodka;PEÑAFLOR GRUPO OBJETIVO;;;20032;GRIBAUDO ESTEBAN;Gescom;;;True;154382;0;Lista General;Autoservicio Tradicional - P;12482;14/4/2026;2;LESCANO FRANCO DARIO
378;ITUZAINGO 982;MORTEROS;14/4/2026;15/4/2026;14/4/2026;FAC-A0001-00042371;Venta;Empresa;30020;54;321323,87;388801,88;VILLEGAS CUENCA RAFAEL ;;15,00%;4;GRIBAUDO ANGEL;4020;SMIRNOFF GREEN APPLE DO 6X700;5950,44;3606;;TRADITIONAL TRADE;Autoservicio Tradicional;289118,7;REPARTIDOR CBA;1050,08;$;2;GRUPO PEÑAFLOR SA;37,8;0;Contado;15/4/2026 10:56;;Smirnoff;Standard (S);No definido;;;Vodka;PEÑAFLOR GRUPO OBJETIVO;;;20032;GRIBAUDO ESTEBAN;Gescom;;;True;154382;0;Lista General;Autoservicio Tradicional - P;12482;14/4/2026;2;LESCANO FRANCO DARIO
378;ITUZAINGO 982;MORTEROS;14/4/2026;15/4/2026;14/4/2026;FAC-A0001-00042371;Venta;Empresa;35105;24;39468,49;47756,88;VILLEGAS CUENCA RAFAEL ;;15,00%;4;GRIBAUDO ANGEL;4020;SMF ICE RED BERRIE LAT 4X6X473;1644,52;3606;;TRADITIONAL TRADE;Autoservicio Tradicional;35530,56;REPARTIDOR CBA;290,21;$;2;GRUPO PEÑAFLOR SA;11,352;0;Contado;15/4/2026 10:56;;Smirnoff Ice Flavours;RTD (s);No definido;;;RTD (S);PEÑAFLOR GRUPO OBJETIVO;;;20032;GRIBAUDO ESTEBAN;Gescom;;;True;154382;0;Lista General;Autoservicio Tradicional - P;12482;14/4/2026;2;LESCANO FRANCO DARIO
378;ITUZAINGO 982;MORTEROS;14/4/2026;15/4/2026;14/4/2026;FAC-A0001-00042371;Venta;Empresa;35104;24;39468,49;47756,88;VILLEGAS CUENCA RAFAEL ;;15,00%;4;GRIBAUDO ANGEL;4020;SMF ICE GREENAPPLE LAT 4X6X473;1644,52;3606;;TRADITIONAL TRADE;Autoservicio Tradicional;35530,56;REPARTIDOR CBA;290,21;$;2;GRUPO PEÑAFLOR SA;11,352;0;Contado;15/4/2026 10:56;;Smirnoff Ice Flavours;RTD (s);No definido;;;RTD (S);PEÑAFLOR GRUPO OBJETIVO;;;20032;GRIBAUDO ESTEBAN;Gescom;;;True;154382;0;Lista General;Autoservicio Tradicional - P;12482;14/4/2026;2;LESCANO FRANCO DARIO
120;ALBERDI 365;MORTEROS;14/4/2026;15/4/2026;14/4/2026;FAC-A0001-00042372;Venta;Empresa;30022;90;535539,78;648003,13;VACHETTA ALEJANDRO JORGE;;15,00%;4;GRIBAUDO ANGEL;4020;SMIRNOFF RASPBERRY DO 6X700;5950,44;3606;;TRADITIONAL TRADE;Autoservicio Tradicional;481864,5;REPARTIDOR CBA;1050,08;$;2;GRUPO PEÑAFLOR SA;63;0;Contado;15/4/2026 10:56;;Smirnoff;Standard (S);No definido;;;Vodka;PEÑAFLOR GRUPO OBJETIVO;;;20032;GRIBAUDO ESTEBAN;Gescom;;;True;154385;0;Lista General;Autoservicio Tradicional - A;12482;14/4/2026;2;LESCANO FRANCO DARIO
120;ALBERDI 365;MORTEROS;14/4/2026;15/4/2026;14/4/2026;FAC-A0001-00042372;Venta;Empresa;30020;54;321323,87;388801,88;VACHETTA ALEJANDRO JORGE;;15,00%;4;GRIBAUDO ANGEL;4020;SMIRNOFF GREEN APPLE DO 6X700;5950,44;3606;;TRADITIONAL TRADE;Autoservicio Tradicional;289118,7;REPARTIDOR CBA;1050,08;$;2;GRUPO PEÑAFLOR SA;37,8;0;Contado;15/4/2026 10:56;;Smirnoff;Standard (S);No definido;;;Vodka;PEÑAFLOR GRUPO OBJETIVO;;;20032;GRIBAUDO ESTEBAN;Gescom;;;True;154385;0;Lista General;Autoservicio Tradicional - A;12482;14/4/2026;2;LESCANO FRANCO DARIO
120;ALBERDI 365;MORTEROS;14/4/2026;15/4/2026;14/4/2026;FAC-A0001-00042372;Venta;Empresa;35105;24;39468,49;47756,88;VACHETTA ALEJANDRO JORGE;;15,00%;4;GRIBAUDO ANGEL;4020;SMF ICE RED BERRIE LAT 4X6X473;1644,52;3606;;TRADITIONAL TRADE;Autoservicio Tradicional;35530,56;REPARTIDOR CBA;290,21;$;2;GRUPO PEÑAFLOR SA;11,352;0;Contado;15/4/2026 10:56;;Smirnoff Ice Flavours;RTD (s);No definido;;;RTD (S);PEÑAFLOR GRUPO OBJETIVO;;;20032;GRIBAUDO ESTEBAN;Gescom;;;True;154385;0;Lista General;Autoservicio Tradicional - A;12482;14/4/2026;2;LESCANO FRANCO DARIO
120;ALBERDI 365;MORTEROS;14/4/2026;15/4/2026;14/4/2026;FAC-A0001-00042372;Venta;Empresa;35104;24;39468,49;47756,88;VACHETTA ALEJANDRO JORGE;;15,00%;4;GRIBAUDO ANGEL;4020;SMF ICE GREENAPPLE LAT 4X6X473;1644,52;3606;;TRADITIONAL TRADE;Autoservicio Tradicional;35530,56;REPARTIDOR CBA;290,21;$;2;GRUPO PEÑAFLOR SA;11,352;0;Contado;15/4/2026 10:56;;Smirnoff Ice Flavours;RTD (s);No definido;;;RTD (S);PEÑAFLOR GRUPO OBJETIVO;;;20032;GRIBAUDO ESTEBAN;Gescom;;;True;154385;0;Lista General;Autoservicio Tradicional - A;12482;14/4/2026;2;LESCANO FRANCO DARIO
819;MAIPU ESQ. PELLEGRINI 1;MORTEROS;14/4/2026;15/4/2026;14/4/2026;FAC-B0001-00011833;Venta;Empresa;30022;90;535539,78;648003,13;ALEGRE MABEL;;15,00%;4;GRIBAUDO ANGEL;4020;SMIRNOFF RASPBERRY DO 6X700;5950,44;3606;;TRADITIONAL TRADE;Autoservicio Tradicional;481864,5;REPARTIDOR CBA;1050,08;$;2;GRUPO PEÑAFLOR SA;63;0;Contado;15/4/2026 10:56;;Smirnoff;Standard (S);No definido;;;Vodka;PEÑAFLOR GRUPO OBJETIVO;;;20032;GRIBAUDO ESTEBAN;Gescom;;;True;154384;0;Lista General;Autoservicio Tradicional - B;12482;14/4/2026;2;LESCANO FRANCO DARIO
819;MAIPU ESQ. PELLEGRINI 1;MORTEROS;14/4/2026;15/4/2026;14/4/2026;FAC-B0001-00011833;Venta;Empresa;30020;54;321323,87;388801,88;ALEGRE MABEL;;15,00%;4;GRIBAUDO ANGEL;4020;SMIRNOFF GREEN APPLE DO 6X700;5950,44;3606;;TRADITIONAL TRADE;Autoservicio Tradicional;289118,7;REPARTIDOR CBA;1050,08;$;2;GRUPO PEÑAFLOR SA;37,8;0;Contado;15/4/2026 10:56;;Smirnoff;Standard (S);No definido;;;Vodka;PEÑAFLOR GRUPO OBJETIVO;;;20032;GRIBAUDO ESTEBAN;Gescom;;;True;154384;0;Lista General;Autoservicio Tradicional - B;12482;14/4/2026;2;LESCANO FRANCO DARIO
819;MAIPU ESQ. PELLEGRINI 1;MORTEROS;14/4/2026;15/4/2026;14/4/2026;FAC-B0001-00011833;Venta;Empresa;35105;24;39468,49;47756,88;ALEGRE MABEL;;15,00%;4;GRIBAUDO ANGEL;4020;SMF ICE RED BERRIE LAT 4X6X473;1644,52;3606;;TRADITIONAL TRADE;Autoservicio Tradicional;35530,56;REPARTIDOR CBA;290,21;$;2;GRUPO PEÑAFLOR SA;11,352;0;Contado;15/4/2026 10:56;;Smirnoff Ice Flavours;RTD (s);No definido;;;RTD (S);PEÑAFLOR GRUPO OBJETIVO;;;20032;GRIBAUDO ESTEBAN;Gescom;;;True;154384;0;Lista General;Autoservicio Tradicional - B;12482;14/4/2026;2;LESCANO FRANCO DARIO
819;MAIPU ESQ. PELLEGRINI 1;MORTEROS;14/4/2026;15/4/2026;14/4/2026;FAC-B0001-00011833;Venta;Empresa;35104;24;39468,49;47756,88;ALEGRE MABEL;;15,00%;4;GRIBAUDO ANGEL;4020;SMF ICE GREENAPPLE LAT 4X6X473;1644,52;3606;;TRADITIONAL TRADE;Autoservicio Tradicional;35530,56;REPARTIDOR CBA;290,21;$;2;GRUPO PEÑAFLOR SA;11,352;0;Contado;15/4/2026 10:56;;Smirnoff Ice Flavours;RTD (s);No definido;;;RTD (S);PEÑAFLOR GRUPO OBJETIVO;;;20032;GRIBAUDO ESTEBAN;Gescom;;;True;154384;0;Lista General;Autoservicio Tradicional - B;12482;14/4/2026;2;LESCANO FRANCO DARIO
1254;BV FRONDIZZI - BRASIL 0;Morteros;14/4/2026;15/4/2026;14/4/2026;FAC-A0001-00042373;Venta;Empresa;30022;90;535539,78;648003,13;VACHETTA ALEJANDRO JORGE-SUC;;15,00%;4;GRIBAUDO ANGEL;4020;SMIRNOFF RASPBERRY DO 6X700;5950,44;3606;;TRADITIONAL TRADE;Autoservicio Tradicional;481864,5;REPARTIDOR CBA;1050,08;$;2;GRUPO PEÑAFLOR SA;63;0;Contado;15/4/2026 10:56;;Smirnoff;Standard (S);No definido;;;Vodka;PEÑAFLOR GRUPO OBJETIVO;;;20032;GRIBAUDO ESTEBAN;Gescom;;;True;154386;0;Lista General;Autoservicio Tradicional - B;12482;14/4/2026;2;LESCANO FRANCO DARIO
1254;BV FRONDIZZI - BRASIL 0;Morteros;14/4/2026;15/4/2026;14/4/2026;FAC-A0001-00042373;Venta;Empresa;30020;54;321323,87;388801,88;VACHETTA ALEJANDRO JORGE-SUC;;15,00%;4;GRIBAUDO ANGEL;4020;SMIRNOFF GREEN APPLE DO 6X700;5950,44;3606;;TRADITIONAL TRADE;Autoservicio Tradicional;289118,7;REPARTIDOR CBA;1050,08;$;2;GRUPO PEÑAFLOR SA;37,8;0;Contado;15/4/2026 10:56;;Smirnoff;Standard (S);No definido;;;Vodka;PEÑAFLOR GRUPO OBJETIVO;;;20032;GRIBAUDO ESTEBAN;Gescom;;;True;154386;0;Lista General;Autoservicio Tradicional - B;12482;14/4/2026;2;LESCANO FRANCO DARIO
1254;BV FRONDIZZI - BRASIL 0;Morteros;14/4/2026;15/4/2026;14/4/2026;FAC-A0001-00042373;Venta;Empresa;35105;24;39468,49;47756,88;VACHETTA ALEJANDRO JORGE-SUC;;15,00%;4;GRIBAUDO ANGEL;4020;SMF ICE RED BERRIE LAT 4X6X473;1644,52;3606;;TRADITIONAL TRADE;Autoservicio Tradicional;35530,56;REPARTIDOR CBA;290,21;$;2;GRUPO PEÑAFLOR SA;11,352;0;Contado;15/4/2026 10:56;;Smirnoff Ice Flavours;RTD (s);No definido;;;RTD (S);PEÑAFLOR GRUPO OBJETIVO;;;20032;GRIBAUDO ESTEBAN;Gescom;;;True;154386;0;Lista General;Autoservicio Tradicional - B;12482;14/4/2026;2;LESCANO FRANCO DARIO
1254;BV FRONDIZZI - BRASIL 0;Morteros;14/4/2026;15/4/2026;14/4/2026;FAC-A0001-00042373;Venta;Empresa;35104;24;39468,49;47756,88;VACHETTA ALEJANDRO JORGE-SUC;;15,00%;4;GRIBAUDO ANGEL;4020;SMF ICE GREENAPPLE LAT 4X6X473;1644,52;3606;;TRADITIONAL TRADE;Autoservicio Tradicional;35530,56;REPARTIDOR CBA;290,21;$;2;GRUPO PEÑAFLOR SA;11,352;0;Contado;15/4/2026 10:56;;Smirnoff Ice Flavours;RTD (s);No definido;;;RTD (S);PEÑAFLOR GRUPO OBJETIVO;;;20032;GRIBAUDO ESTEBAN;Gescom;;;True;154386;0;Lista General;Autoservicio Tradicional - B;12482;14/4/2026;2;LESCANO FRANCO DARIO
62;SEEBER ESQ LAS HERAS 0;BRINKMANN;14/4/2026;15/4/2026;14/4/2026;FAC-A0001-00042374;Venta;Empresa;30022;90;535539,78;648003,13;GRUPO DIOS BACO EN FORMACION S.A.;;15,00%;4;GRIBAUDO ANGEL;4030;SMIRNOFF RASPBERRY DO 6X700;5950,44;3606;;TRADITIONAL TRADE;Autoservicio Tradicional;481864,5;REPARTIDOR CBA;1050,08;$;2;GRUPO PEÑAFLOR SA;63;0;Contado;15/4/2026 10:56;;Smirnoff;Standard (S);No definido;;;Vodka;PEÑAFLOR GRUPO OBJETIVO;;;20032;GRIBAUDO ESTEBAN;Gescom;;;True;154387;0;Lista General;Autoservicio Tradicional - C;12482;14/4/2026;2;LESCANO FRANCO DARIO
62;SEEBER ESQ LAS HERAS 0;BRINKMANN;14/4/2026;15/4/2026;14/4/2026;FAC-A0001-00042374;Venta;Empresa;30020;54;321323,87;388801,88;GRUPO DIOS BACO EN FORMACION S.A.;;15,00%;4;GRIBAUDO ANGEL;4030;SMIRNOFF GREEN APPLE DO 6X700;5950,44;3606;;TRADITIONAL TRADE;Autoservicio Tradicional;289118,7;REPARTIDOR CBA;1050,08;$;2;GRUPO PEÑAFLOR SA;37,8;0;Contado;15/4/2026 10:56;;Smirnoff;Standard (S);No definido;;;Vodka;PEÑAFLOR GRUPO OBJETIVO;;;20032;GRIBAUDO ESTEBAN;Gescom;;;True;154387;0;Lista General;Autoservicio Tradicional - C;12482;14/4/2026;2;LESCANO FRANCO DARIO
62;SEEBER ESQ LAS HERAS 0;BRINKMANN;14/4/2026;15/4/2026;14/4/2026;FAC-A0001-00042374;Venta;Empresa;35105;24;39468,49;47756,88;GRUPO DIOS BACO EN FORMACION S.A.;;15,00%;4;GRIBAUDO ANGEL;4030;SMF ICE RED BERRIE LAT 4X6X473;1644,52;3606;;TRADITIONAL TRADE;Autoservicio Tradicional;35530,56;REPARTIDOR CBA;290,21;$;2;GRUPO PEÑAFLOR SA;11,352;0;Contado;15/4/2026 10:56;;Smirnoff Ice Flavours;RTD (s);No definido;;;RTD (S);PEÑAFLOR GRUPO OBJETIVO;;;20032;GRIBAUDO ESTEBAN;Gescom;;;True;154387;0;Lista General;Autoservicio Tradicional - C;12482;14/4/2026;2;LESCANO FRANCO DARIO
62;SEEBER ESQ LAS HERAS 0;BRINKMANN;14/4/2026;15/4/2026;14/4/2026;FAC-A0001-00042374;Venta;Empresa;35104;24;39468,49;47756,88;GRUPO DIOS BACO EN FORMACION S.A.;;15,00%;4;GRIBAUDO ANGEL;4030;SMF ICE GREENAPPLE LAT 4X6X473;1644,52;3606;;TRADITIONAL TRADE;Autoservicio Tradicional;35530,56;REPARTIDOR CBA;290,21;$;2;GRUPO PEÑAFLOR SA;11,352;0;Contado;15/4/2026 10:56;;Smirnoff Ice Flavours;RTD (s);No definido;;;RTD (S);PEÑAFLOR GRUPO OBJETIVO;;;20032;GRIBAUDO ESTEBAN;Gescom;;;True;154387;0;Lista General;Autoservicio Tradicional - C;12482;14/4/2026;2;LESCANO FRANCO DARIO
176;ALICIA MORO DE JUSTO 68;BRINKMANN;14/4/2026;15/4/2026;14/4/2026;FAC-A0001-00042375;Venta;Empresa;30022;90;535539,78;648003,13;GUAN LILING;;15,00%;4;GRIBAUDO ANGEL;4030;SMIRNOFF RASPBERRY DO 6X700;5950,44;3606;;TRADITIONAL TRADE;Autoservicio Tradicional;481864,5;REPARTIDOR CBA;1050,08;$;2;GRUPO PEÑAFLOR SA;63;0;Contado;15/4/2026 10:56;;Smirnoff;Standard (S);No definido;;;Vodka;PEÑAFLOR GRUPO OBJETIVO;;;20032;GRIBAUDO ESTEBAN;Gescom;;;True;154388;0;Lista General;Autoservicio Tradicional - B;12482;14/4/2026;2;LESCANO FRANCO DARIO
176;ALICIA MORO DE JUSTO 68;BRINKMANN;14/4/2026;15/4/2026;14/4/2026;FAC-A0001-00042375;Venta;Empresa;30020;54;321323,87;388801,88;GUAN LILING;;15,00%;4;GRIBAUDO ANGEL;4030;SMIRNOFF GREEN APPLE DO 6X700;5950,44;3606;;TRADITIONAL TRADE;Autoservicio Tradicional;289118,7;REPARTIDOR CBA;1050,08;$;2;GRUPO PEÑAFLOR SA;37,8;0;Contado;15/4/2026 10:56;;Smirnoff;Standard (S);No definido;;;Vodka;PEÑAFLOR GRUPO OBJETIVO;;;20032;GRIBAUDO ESTEBAN;Gescom;;;True;154388;0;Lista General;Autoservicio Tradicional - B;12482;14/4/2026;2;LESCANO FRANCO DARIO
176;ALICIA MORO DE JUSTO 68;BRINKMANN;14/4/2026;15/4/2026;14/4/2026;FAC-A0001-00042375;Venta;Empresa;35105;24;39468,49;47756,88;GUAN LILING;;15,00%;4;GRIBAUDO ANGEL;4030;SMF ICE RED BERRIE LAT 4X6X473;1644,52;3606;;TRADITIONAL TRADE;Autoservicio Tradicional;35530,56;REPARTIDOR CBA;290,21;$;2;GRUPO PEÑAFLOR SA;11,352;0;Contado;15/4/2026 10:56;;Smirnoff Ice Flavours;RTD (s);No definido;;;RTD (S);PEÑAFLOR GRUPO OBJETIVO;;;20032;GRIBAUDO ESTEBAN;Gescom;;;True;154388;0;Lista General;Autoservicio Tradicional - B;12482;14/4/2026;2;LESCANO FRANCO DARIO
176;ALICIA MORO DE JUSTO 68;BRINKMANN;14/4/2026;15/4/2026;14/4/2026;FAC-A0001-00042375;Venta;Empresa;35104;24;39468,49;47756,88;GUAN LILING;;15,00%;4;GRIBAUDO ANGEL;4030;SMF ICE GREENAPPLE LAT 4X6X473;1644,52;3606;;TRADITIONAL TRADE;Autoservicio Tradicional;35530,56;REPARTIDOR CBA;290,21;$;2;GRUPO PEÑAFLOR SA;11,352;0;Contado;15/4/2026 10:56;;Smirnoff Ice Flavours;RTD (s);No definido;;;RTD (S);PEÑAFLOR GRUPO OBJETIVO;;;20032;GRIBAUDO ESTEBAN;Gescom;;;True;154388;0;Lista General;Autoservicio Tradicional - B;12482;14/4/2026;2;LESCANO FRANCO DARIO
206;SARMIENTO 593;BRINKMANN;14/4/2026;15/4/2026;14/4/2026;FAC-A0001-00042376;Venta;Empresa;30022;90;535539,78;648003,13;BIDERBOST JOSE MARIA;;15,00%;4;GRIBAUDO ANGEL;4030;SMIRNOFF RASPBERRY DO 6X700;5950,44;3606;;TRADITIONAL TRADE;Autoservicio Tradicional;481864,5;REPARTIDOR CBA;1050,08;$;2;GRUPO PEÑAFLOR SA;63;0;Contado;15/4/2026 10:56;;Smirnoff;Standard (S);No definido;;;Vodka;PEÑAFLOR GRUPO OBJETIVO;;;20032;GRIBAUDO ESTEBAN;Gescom;;;True;154389;0;Lista General;Autoservicio Tradicional - C;12482;14/4/2026;2;LESCANO FRANCO DARIO
206;SARMIENTO 593;BRINKMANN;14/4/2026;15/4/2026;14/4/2026;FAC-A0001-00042376;Venta;Empresa;30020;54;321323,87;388801,88;BIDERBOST JOSE MARIA;;15,00%;4;GRIBAUDO ANGEL;4030;SMIRNOFF GREEN APPLE DO 6X700;5950,44;3606;;TRADITIONAL TRADE;Autoservicio Tradicional;289118,7;REPARTIDOR CBA;1050,08;$;2;GRUPO PEÑAFLOR SA;37,8;0;Contado;15/4/2026 10:56;;Smirnoff;Standard (S);No definido;;;Vodka;PEÑAFLOR GRUPO OBJETIVO;;;20032;GRIBAUDO ESTEBAN;Gescom;;;True;154389;0;Lista General;Autoservicio Tradicional - C;12482;14/4/2026;2;LESCANO FRANCO DARIO
206;SARMIENTO 593;BRINKMANN;14/4/2026;15/4/2026;14/4/2026;FAC-A0001-00042376;Venta;Empresa;35105;24;39468,49;47756,88;BIDERBOST JOSE MARIA;;15,00%;4;GRIBAUDO ANGEL;4030;SMF ICE RED BERRIE LAT 4X6X473;1644,52;3606;;TRADITIONAL TRADE;Autoservicio Tradicional;35530,56;REPARTIDOR CBA;290,21;$;2;GRUPO PEÑAFLOR SA;11,352;0;Contado;15/4/2026 10:56;;Smirnoff Ice Flavours;RTD (s);No definido;;;RTD (S);PEÑAFLOR GRUPO OBJETIVO;;;20032;GRIBAUDO ESTEBAN;Gescom;;;True;154389;0;Lista General;Autoservicio Tradicional - C;12482;14/4/2026;2;LESCANO FRANCO DARIO
206;SARMIENTO 593;BRINKMANN;14/4/2026;15/4/2026;14/4/2026;FAC-A0001-00042376;Venta;Empresa;35104;24;39468,49;47756,88;BIDERBOST JOSE MARIA;;15,00%;4;GRIBAUDO ANGEL;4030;SMF ICE GREENAPPLE LAT 4X6X473;1644,52;3606;;TRADITIONAL TRADE;Autoservicio Tradicional;35530,56;REPARTIDOR CBA;290,21;$;2;GRUPO PEÑAFLOR SA;11,352;0;Contado;15/4/2026 10:56;;Smirnoff Ice Flavours;RTD (s);No definido;;;RTD (S);PEÑAFLOR GRUPO OBJETIVO;;;20032;GRIBAUDO ESTEBAN;Gescom;;;True;154389;0;Lista General;Autoservicio Tradicional - C;12482;14/4/2026;2;LESCANO FRANCO DARIO
260;LAS HERAS 671;BRINKMANN;14/4/2026;15/4/2026;14/4/2026;FAC-A0001-00042377;Venta;Empresa;30022;90;535539,78;648003,13;SUPER LAS HERAS S.A.S.;;15,00%;4;GRIBAUDO ANGEL;4030;SMIRNOFF RASPBERRY DO 6X700;5950,44;3606;;TRADITIONAL TRADE;Autoservicio Tradicional;481864,5;REPARTIDOR CBA;1050,08;$;2;GRUPO PEÑAFLOR SA;63;0;Contado;15/4/2026 10:56;;Smirnoff;Standard (S);No definido;;;Vodka;PEÑAFLOR GRUPO OBJETIVO;;;20032;GRIBAUDO ESTEBAN;Gescom;;;True;154390;0;Lista General;Autoservicio Tradicional - C;12482;14/4/2026;2;LESCANO FRANCO DARIO
260;LAS HERAS 671;BRINKMANN;14/4/2026;15/4/2026;14/4/2026;FAC-A0001-00042377;Venta;Empresa;30020;54;321323,87;388801,88;SUPER LAS HERAS S.A.S.;;15,00%;4;GRIBAUDO ANGEL;4030;SMIRNOFF GREEN APPLE DO 6X700;5950,44;3606;;TRADITIONAL TRADE;Autoservicio Tradicional;289118,7;REPARTIDOR CBA;1050,08;$;2;GRUPO PEÑAFLOR SA;37,8;0;Contado;15/4/2026 10:56;;Smirnoff;Standard (S);No definido;;;Vodka;PEÑAFLOR GRUPO OBJETIVO;;;20032;GRIBAUDO ESTEBAN;Gescom;;;True;154390;0;Lista General;Autoservicio Tradicional - C;12482;14/4/2026;2;LESCANO FRANCO DARIO
260;LAS HERAS 671;BRINKMANN;14/4/2026;15/4/2026;14/4/2026;FAC-A0001-00042377;Venta;Empresa;35105;24;39468,49;47756,88;SUPER LAS HERAS S.A.S.;;15,00%;4;GRIBAUDO ANGEL;4030;SMF ICE RED BERRIE LAT 4X6X473;1644,52;3606;;TRADITIONAL TRADE;Autoservicio Tradicional;35530,56;REPARTIDOR CBA;290,21;$;2;GRUPO PEÑAFLOR SA;11,352;0;Contado;15/4/2026 10:56;;Smirnoff Ice Flavours;RTD (s);No definido;;;RTD (S);PEÑAFLOR GRUPO OBJETIVO;;;20032;GRIBAUDO ESTEBAN;Gescom;;;True;154390;0;Lista General;Autoservicio Tradicional - C;12482;14/4/2026;2;LESCANO FRANCO DARIO
260;LAS HERAS 671;BRINKMANN;14/4/2026;15/4/2026;14/4/2026;FAC-A0001-00042377;Venta;Empresa;35104;24;39468,49;47756,88;SUPER LAS HERAS S.A.S.;;15,00%;4;GRIBAUDO ANGEL;4030;SMF ICE GREENAPPLE LAT 4X6X473;1644,52;3606;;TRADITIONAL TRADE;Autoservicio Tradicional;35530,56;REPARTIDOR CBA;290,21;$;2;GRUPO PEÑAFLOR SA;11,352;0;Contado;15/4/2026 10:56;;Smirnoff Ice Flavours;RTD (s);No definido;;;RTD (S);PEÑAFLOR GRUPO OBJETIVO;;;20032;GRIBAUDO ESTEBAN;Gescom;;;True;154390;0;Lista General;Autoservicio Tradicional - C;12482;14/4/2026;2;LESCANO FRANCO DARIO
2646;SARMIENTO 823;LA PARA;14/4/2026;15/4/2026;14/4/2026;FAC-B0001-00011834;Venta;Empresa;30022;90;535539,78;648003,13;MUTUAL DE SOCIEDAD CULTURAL SUC LP;;15,00%;6;PEYRONEL ANDREA;6030;SMIRNOFF RASPBERRY DO 6X700;5950,44;3606;;TRADITIONAL TRADE;Autoservicio Tradicional;481864,5;REPARTIDOR CBA;1050,08;$;2;GRUPO PEÑAFLOR SA;63;0;Contado;15/4/2026 10:56;;Smirnoff;Standard (S);No definido;;;Vodka;PEÑAFLOR GRUPO OBJETIVO;;;20032;GRIBAUDO ESTEBAN;Gescom;;;True;154391;0;Lista General;Autoservicio Tradicional - C;12482;14/4/2026;2;LESCANO FRANCO DARIO
2646;SARMIENTO 823;LA PARA;14/4/2026;15/4/2026;14/4/2026;FAC-B0001-00011834;Venta;Empresa;30020;54;321323,87;388801,88;MUTUAL DE SOCIEDAD CULTURAL SUC LP;;15,00%;6;PEYRONEL ANDREA;6030;SMIRNOFF GREEN APPLE DO 6X700;5950,44;3606;;TRADITIONAL TRADE;Autoservicio Tradicional;289118,7;REPARTIDOR CBA;1050,08;$;2;GRUPO PEÑAFLOR SA;37,8;0;Contado;15/4/2026 10:56;;Smirnoff;Standard (S);No definido;;;Vodka;PEÑAFLOR GRUPO OBJETIVO;;;20032;GRIBAUDO ESTEBAN;Gescom;;;True;154391;0;Lista General;Autoservicio Tradicional - C;12482;14/4/2026;2;LESCANO FRANCO DARIO
2646;SARMIENTO 823;LA PARA;14/4/2026;15/4/2026;14/4/2026;FAC-B0001-00011834;Venta;Empresa;35105;24;39468,49;47756,88;MUTUAL DE SOCIEDAD CULTURAL SUC LP;;15,00%;6;PEYRONEL ANDREA;6030;SMF ICE RED BERRIE LAT 4X6X473;1644,52;3606;;TRADITIONAL TRADE;Autoservicio Tradicional;35530,56;REPARTIDOR CBA;290,21;$;2;GRUPO PEÑAFLOR SA;11,352;0;Contado;15/4/2026 10:56;;Smirnoff Ice Flavours;RTD (s);No definido;;;RTD (S);PEÑAFLOR GRUPO OBJETIVO;;;20032;GRIBAUDO ESTEBAN;Gescom;;;True;154391;0;Lista General;Autoservicio Tradicional - C;12482;14/4/2026;2;LESCANO FRANCO DARIO
2646;SARMIENTO 823;LA PARA;14/4/2026;15/4/2026;14/4/2026;FAC-B0001-00011834;Venta;Empresa;35104;24;39468,49;47756,88;MUTUAL DE SOCIEDAD CULTURAL SUC LP;;15,00%;6;PEYRONEL ANDREA;6030;SMF ICE GREENAPPLE LAT 4X6X473;1644,52;3606;;TRADITIONAL TRADE;Autoservicio Tradicional;35530,56;REPARTIDOR CBA;290,21;$;2;GRUPO PEÑAFLOR SA;11,352;0;Contado;15/4/2026 10:56;;Smirnoff Ice Flavours;RTD (s);No definido;;;RTD (S);PEÑAFLOR GRUPO OBJETIVO;;;20032;GRIBAUDO ESTEBAN;Gescom;;;True;154391;0;Lista General;Autoservicio Tradicional - C;12482;14/4/2026;2;LESCANO FRANCO DARIO
2647;ALMAFUERTE 48;BALNEARIA;14/4/2026;15/4/2026;14/4/2026;FAC-B0001-00011835;Venta;Empresa;30022;90;535539,78;648003,13;ASOCIACION MUTUAL LIBERTAD BALNEARIA;;15,00%;6;PEYRONEL ANDREA;6031;SMIRNOFF RASPBERRY DO 6X700;5950,44;3606;;TRADITIONAL TRADE;Autoservicio Tradicional;481864,5;REPARTIDOR CBA;1050,08;$;2;GRUPO PEÑAFLOR SA;63;0;Contado;15/4/2026 10:56;;Smirnoff;Standard (S);No definido;;;Vodka;PEÑAFLOR GRUPO OBJETIVO;;;20032;GRIBAUDO ESTEBAN;Gescom;;;True;154392;0;Lista General;Autoservicio Tradicional - C;12482;14/4/2026;2;LESCANO FRANCO DARIO
2647;ALMAFUERTE 48;BALNEARIA;14/4/2026;15/4/2026;14/4/2026;FAC-B0001-00011835;Venta;Empresa;30020;54;321323,87;388801,88;ASOCIACION MUTUAL LIBERTAD BALNEARIA;;15,00%;6;PEYRONEL ANDREA;6031;SMIRNOFF GREEN APPLE DO 6X700;5950,44;3606;;TRADITIONAL TRADE;Autoservicio Tradicional;289118,7;REPARTIDOR CBA;1050,08;$;2;GRUPO PEÑAFLOR SA;37,8;0;Contado;15/4/2026 10:56;;Smirnoff;Standard (S);No definido;;;Vodka;PEÑAFLOR GRUPO OBJETIVO;;;20032;GRIBAUDO ESTEBAN;Gescom;;;True;154392;0;Lista General;Autoservicio Tradicional - C;12482;14/4/2026;2;LESCANO FRANCO DARIO
2647;ALMAFUERTE 48;BALNEARIA;14/4/2026;15/4/2026;14/4/2026;FAC-B0001-00011835;Venta;Empresa;35105;24;39468,49;47756,88;ASOCIACION MUTUAL LIBERTAD BALNEARIA;;15,00%;6;PEYRONEL ANDREA;6031;SMF ICE RED BERRIE LAT 4X6X473;1644,52;3606;;TRADITIONAL TRADE;Autoservicio Tradicional;35530,56;REPARTIDOR CBA;290,21;$;2;GRUPO PEÑAFLOR SA;11,352;0;Contado;15/4/2026 10:56;;Smirnoff Ice Flavours;RTD (s);No definido;;;RTD (S);PEÑAFLOR GRUPO OBJETIVO;;;20032;GRIBAUDO ESTEBAN;Gescom;;;True;154392;0;Lista General;Autoservicio Tradicional - C;12482;14/4/2026;2;LESCANO FRANCO DARIO
2647;ALMAFUERTE 48;BALNEARIA;14/4/2026;15/4/2026;14/4/2026;FAC-B0001-00011835;Venta;Empresa;35104;24;39468,49;47756,88;ASOCIACION MUTUAL LIBERTAD BALNEARIA;;15,00%;6;PEYRONEL ANDREA;6031;SMF ICE GREENAPPLE LAT 4X6X473;1644,52;3606;;TRADITIONAL TRADE;Autoservicio Tradicional;35530,56;REPARTIDOR CBA;290,21;$;2;GRUPO PEÑAFLOR SA;11,352;0;Contado;15/4/2026 10:56;;Smirnoff Ice Flavours;RTD (s);No definido;;;RTD (S);PEÑAFLOR GRUPO OBJETIVO;;;20032;GRIBAUDO ESTEBAN;Gescom;;;True;154392;0;Lista General;Autoservicio Tradicional - C;12482;14/4/2026;2;LESCANO FRANCO DARIO
2693;SARMIENTO 257;MARULL;14/4/2026;15/4/2026;14/4/2026;FAC-A0001-00042378;Venta;Empresa;30022;90;535539,78;648003,13;FISSORE LORENA;;15,00%;6;PEYRONEL ANDREA;6031;SMIRNOFF RASPBERRY DO 6X700;5950,44;3606;;TRADITIONAL TRADE;Autoservicio Tradicional;481864,5;REPARTIDOR CBA;1050,08;$;2;GRUPO PEÑAFLOR SA;63;0;Contado;15/4/2026 10:56;;Smirnoff;Standard (S);No definido;;;Vodka;PEÑAFLOR GRUPO OBJETIVO;;;20032;GRIBAUDO ESTEBAN;Gescom;;;True;154393;0;Lista General;Autoservicio Tradicional - B;12482;14/4/2026;2;LESCANO FRANCO DARIO
2693;SARMIENTO 257;MARULL;14/4/2026;15/4/2026;14/4/2026;FAC-A0001-00042378;Venta;Empresa;30020;54;321323,87;388801,88;FISSORE LORENA;;15,00%;6;PEYRONEL ANDREA;6031;SMIRNOFF GREEN APPLE DO 6X700;5950,44;3606;;TRADITIONAL TRADE;Autoservicio Tradicional;289118,7;REPARTIDOR CBA;1050,08;$;2;GRUPO PEÑAFLOR SA;37,8;0;Contado;15/4/2026 10:56;;Smirnoff;Standard (S);No definido;;;Vodka;PEÑAFLOR GRUPO OBJETIVO;;;20032;GRIBAUDO ESTEBAN;Gescom;;;True;154393;0;Lista General;Autoservicio Tradicional - B;12482;14/4/2026;2;LESCANO FRANCO DARIO
2693;SARMIENTO 257;MARULL;14/4/2026;15/4/2026;14/4/2026;FAC-A0001-00042378;Venta;Empresa;35105;24;39468,49;47756,88;FISSORE LORENA;;15,00%;6;PEYRONEL ANDREA;6031;SMF ICE RED BERRIE LAT 4X6X473;1644,52;3606;;TRADITIONAL TRADE;Autoservicio Tradicional;35530,56;REPARTIDOR CBA;290,21;$;2;GRUPO PEÑAFLOR SA;11,352;0;Contado;15/4/2026 10:56;;Smirnoff Ice Flavours;RTD (s);No definido;;;RTD (S);PEÑAFLOR GRUPO OBJETIVO;;;20032;GRIBAUDO ESTEBAN;Gescom;;;True;154393;0;Lista General;Autoservicio Tradicional - B;12482;14/4/2026;2;LESCANO FRANCO DARIO
2693;SARMIENTO 257;MARULL;14/4/2026;15/4/2026;14/4/2026;FAC-A0001-00042378;Venta;Empresa;35104;24;39468,49;47756,88;FISSORE LORENA;;15,00%;6;PEYRONEL ANDREA;6031;SMF ICE GREENAPPLE LAT 4X6X473;1644,52;3606;;TRADITIONAL TRADE;Autoservicio Tradicional;35530,56;REPARTIDOR CBA;290,21;$;2;GRUPO PEÑAFLOR SA;11,352;0;Contado;15/4/2026 10:56;;Smirnoff Ice Flavours;RTD (s);No definido;;;RTD (S);PEÑAFLOR GRUPO OBJETIVO;;;20032;GRIBAUDO ESTEBAN;Gescom;;;True;154393;0;Lista General;Autoservicio Tradicional - B;12482;14/4/2026;2;LESCANO FRANCO DARIO
932;SARMIENTO 195;MIRAMAR;14/4/2026;15/4/2026;14/4/2026;FAC-A0001-00042379;Venta;Empresa;30022;90;535539,78;648003,13;LAGLAIVE SUSANA NOEMI ;;15,00%;6;PEYRONEL ANDREA;6040;SMIRNOFF RASPBERRY DO 6X700;5950,44;3606;;TRADITIONAL TRADE;Autoservicio Tradicional;481864,5;REPARTIDOR CBA;1050,08;$;2;GRUPO PEÑAFLOR SA;63;0;Contado;15/4/2026 10:56;;Smirnoff;Standard (S);No definido;;;Vodka;PEÑAFLOR GRUPO OBJETIVO;;;20032;GRIBAUDO ESTEBAN;Gescom;;;True;154394;0;Lista General;Autoservicio Tradicional - A;12482;14/4/2026;2;LESCANO FRANCO DARIO
932;SARMIENTO 195;MIRAMAR;14/4/2026;15/4/2026;14/4/2026;FAC-A0001-00042379;Venta;Empresa;30020;54;321323,87;388801,88;LAGLAIVE SUSANA NOEMI ;;15,00%;6;PEYRONEL ANDREA;6040;SMIRNOFF GREEN APPLE DO 6X700;5950,44;3606;;TRADITIONAL TRADE;Autoservicio Tradicional;289118,7;REPARTIDOR CBA;1050,08;$;2;GRUPO PEÑAFLOR SA;37,8;0;Contado;15/4/2026 10:56;;Smirnoff;Standard (S);No definido;;;Vodka;PEÑAFLOR GRUPO OBJETIVO;;;20032;GRIBAUDO ESTEBAN;Gescom;;;True;154394;0;Lista General;Autoservicio Tradicional - A;12482;14/4/2026;2;LESCANO FRANCO DARIO
932;SARMIENTO 195;MIRAMAR;14/4/2026;15/4/2026;14/4/2026;FAC-A0001-00042379;Venta;Empresa;35105;24;39468,49;47756,88;LAGLAIVE SUSANA NOEMI ;;15,00%;6;PEYRONEL ANDREA;6040;SMF ICE RED BERRIE LAT 4X6X473;1644,52;3606;;TRADITIONAL TRADE;Autoservicio Tradicional;35530,56;REPARTIDOR CBA;290,21;$;2;GRUPO PEÑAFLOR SA;11,352;0;Contado;15/4/2026 10:56;;Smirnoff Ice Flavours;RTD (s);No definido;;;RTD (S);PEÑAFLOR GRUPO OBJETIVO;;;20032;GRIBAUDO ESTEBAN;Gescom;;;True;154394;0;Lista General;Autoservicio Tradicional - A;12482;14/4/2026;2;LESCANO FRANCO DARIO
932;SARMIENTO 195;MIRAMAR;14/4/2026;15/4/2026;14/4/2026;FAC-A0001-00042379;Venta;Empresa;35104;24;39468,49;47756,88;LAGLAIVE SUSANA NOEMI ;;15,00%;6;PEYRONEL ANDREA;6040;SMF ICE GREENAPPLE LAT 4X6X473;1644,52;3606;;TRADITIONAL TRADE;Autoservicio Tradicional;35530,56;REPARTIDOR CBA;290,21;$;2;GRUPO PEÑAFLOR SA;11,352;0;Contado;15/4/2026 10:56;;Smirnoff Ice Flavours;RTD (s);No definido;;;RTD (S);PEÑAFLOR GRUPO OBJETIVO;;;20032;GRIBAUDO ESTEBAN;Gescom;;;True;154394;0;Lista General;Autoservicio Tradicional - A;12482;14/4/2026;2;LESCANO FRANCO DARIO
2602;VELEZ SARSFIELD 400;MIRAMAR;14/4/2026;15/4/2026;14/4/2026;FAC-A0001-00042380;Venta;Empresa;30022;90;535539,78;648003,13;BRESSO JULIO NORBERTO Y BR.;;15,00%;6;PEYRONEL ANDREA;6040;SMIRNOFF RASPBERRY DO 6X700;5950,44;3606;;TRADITIONAL TRADE;Autoservicio Tradicional;481864,5;REPARTIDOR CBA;1050,08;$;2;GRUPO PEÑAFLOR SA;63;0;Contado;15/4/2026 10:56;;Smirnoff;Standard (S);No definido;;;Vodka;PEÑAFLOR GRUPO OBJETIVO;;;20032;GRIBAUDO ESTEBAN;Gescom;;;True;154395;0;Lista General;Autoservicio Tradicional - A;12482;14/4/2026;2;LESCANO FRANCO DARIO
2602;VELEZ SARSFIELD 400;MIRAMAR;14/4/2026;15/4/2026;14/4/2026;FAC-A0001-00042380;Venta;Empresa;30020;54;321323,87;388801,88;BRESSO JULIO NORBERTO Y BR.;;15,00%;6;PEYRONEL ANDREA;6040;SMIRNOFF GREEN APPLE DO 6X700;5950,44;3606;;TRADITIONAL TRADE;Autoservicio Tradicional;289118,7;REPARTIDOR CBA;1050,08;$;2;GRUPO PEÑAFLOR SA;37,8;0;Contado;15/4/2026 10:56;;Smirnoff;Standard (S);No definido;;;Vodka;PEÑAFLOR GRUPO OBJETIVO;;;20032;GRIBAUDO ESTEBAN;Gescom;;;True;154395;0;Lista General;Autoservicio Tradicional - A;12482;14/4/2026;2;LESCANO FRANCO DARIO
2602;VELEZ SARSFIELD 400;MIRAMAR;14/4/2026;15/4/2026;14/4/2026;FAC-A0001-00042380;Venta;Empresa;35105;24;39468,49;47756,88;BRESSO JULIO NORBERTO Y BR.;;15,00%;6;PEYRONEL ANDREA;6040;SMF ICE RED BERRIE LAT 4X6X473;1644,52;3606;;TRADITIONAL TRADE;Autoservicio Tradicional;35530,56;REPARTIDOR CBA;290,21;$;2;GRUPO PEÑAFLOR SA;11,352;0;Contado;15/4/2026 10:56;;Smirnoff Ice Flavours;RTD (s);No definido;;;RTD (S);PEÑAFLOR GRUPO OBJETIVO;;;20032;GRIBAUDO ESTEBAN;Gescom;;;True;154395;0;Lista General;Autoservicio Tradicional - A;12482;14/4/2026;2;LESCANO FRANCO DARIO
2602;VELEZ SARSFIELD 400;MIRAMAR;14/4/2026;15/4/2026;14/4/2026;FAC-A0001-00042380;Venta;Empresa;35104;24;39468,49;47756,88;BRESSO JULIO NORBERTO Y BR.;;15,00%;6;PEYRONEL ANDREA;6040;SMF ICE GREENAPPLE LAT 4X6X473;1644,52;3606;;TRADITIONAL TRADE;Autoservicio Tradicional;35530,56;REPARTIDOR CBA;290,21;$;2;GRUPO PEÑAFLOR SA;11,352;0;Contado;15/4/2026 10:56;;Smirnoff Ice Flavours;RTD (s);No definido;;;RTD (S);PEÑAFLOR GRUPO OBJETIVO;;;20032;GRIBAUDO ESTEBAN;Gescom;;;True;154395;0;Lista General;Autoservicio Tradicional - A;12482;14/4/2026;2;LESCANO FRANCO DARIO
3166;LOS FREZNOS 534;MIRAMAR;14/4/2026;15/4/2026;14/4/2026;FAC-A0001-00042381;Venta;Empresa;30022;90;535539,78;648003,13;CUELLO DANIEL ANTONIO;;15,00%;6;PEYRONEL ANDREA;6040;SMIRNOFF RASPBERRY DO 6X700;5950,44;3606;;TRADITIONAL TRADE;Autoservicio Tradicional;481864,5;REPARTIDOR CBA;1050,08;$;2;GRUPO PEÑAFLOR SA;63;0;Contado;15/4/2026 10:56;;Smirnoff;Standard (S);No definido;;;Vodka;PEÑAFLOR GRUPO OBJETIVO;;;20032;GRIBAUDO ESTEBAN;Gescom;;;True;154396;0;Lista General;Autoservicio Tradicional - C;12482;14/4/2026;2;LESCANO FRANCO DARIO
3166;LOS FREZNOS 534;MIRAMAR;14/4/2026;15/4/2026;14/4/2026;FAC-A0001-00042381;Venta;Empresa;30020;54;321323,87;388801,88;CUELLO DANIEL ANTONIO;;15,00%;6;PEYRONEL ANDREA;6040;SMIRNOFF GREEN APPLE DO 6X700;5950,44;3606;;TRADITIONAL TRADE;Autoservicio Tradicional;289118,7;REPARTIDOR CBA;1050,08;$;2;GRUPO PEÑAFLOR SA;37,8;0;Contado;15/4/2026 10:56;;Smirnoff;Standard (S);No definido;;;Vodka;PEÑAFLOR GRUPO OBJETIVO;;;20032;GRIBAUDO ESTEBAN;Gescom;;;True;154396;0;Lista General;Autoservicio Tradicional - C;12482;14/4/2026;2;LESCANO FRANCO DARIO
3166;LOS FREZNOS 534;MIRAMAR;14/4/2026;15/4/2026;14/4/2026;FAC-A0001-00042381;Venta;Empresa;35105;24;39468,49;47756,88;CUELLO DANIEL ANTONIO;;15,00%;6;PEYRONEL ANDREA;6040;SMF ICE RED BERRIE LAT 4X6X473;1644,52;3606;;TRADITIONAL TRADE;Autoservicio Tradicional;35530,56;REPARTIDOR CBA;290,21;$;2;GRUPO PEÑAFLOR SA;11,352;0;Contado;15/4/2026 10:56;;Smirnoff Ice Flavours;RTD (s);No definido;;;RTD (S);PEÑAFLOR GRUPO OBJETIVO;;;20032;GRIBAUDO ESTEBAN;Gescom;;;True;154396;0;Lista General;Autoservicio Tradicional - C;12482;14/4/2026;2;LESCANO FRANCO DARIO
3166;LOS FREZNOS 534;MIRAMAR;14/4/2026;15/4/2026;14/4/2026;FAC-A0001-00042381;Venta;Empresa;35104;24;39468,49;47756,88;CUELLO DANIEL ANTONIO;;15,00%;6;PEYRONEL ANDREA;6040;SMF ICE GREENAPPLE LAT 4X6X473;1644,52;3606;;TRADITIONAL TRADE;Autoservicio Tradicional;35530,56;REPARTIDOR CBA;290,21;$;2;GRUPO PEÑAFLOR SA;11,352;0;Contado;15/4/2026 10:56;;Smirnoff Ice Flavours;RTD (s);No definido;;;RTD (S);PEÑAFLOR GRUPO OBJETIVO;;;20032;GRIBAUDO ESTEBAN;Gescom;;;True;154396;0;Lista General;Autoservicio Tradicional - C;12482;14/4/2026;2;LESCANO FRANCO DARIO
3520;SUC CHIPION 0;BALNEARIA;14/4/2026;15/4/2026;14/4/2026;FAC-A0001-00042382;Venta;Empresa;30022;90;535539,78;648003,13;GAIDO SRL;;15,00%;6;PEYRONEL ANDREA;6040;SMIRNOFF RASPBERRY DO 6X700;5950,44;3606;;TRADITIONAL TRADE;Autoservicio Tradicional;481864,5;REPARTIDOR CBA;1050,08;$;2;GRUPO PEÑAFLOR SA;63;0;Contado;15/4/2026 10:56;;Smirnoff;Standard (S);No definido;;;Vodka;PEÑAFLOR GRUPO OBJETIVO;;;20032;GRIBAUDO ESTEBAN;Gescom;;;True;154398;0;Lista General;Autoservicio Tradicional - B;12482;14/4/2026;2;LESCANO FRANCO DARIO
3520;SUC CHIPION 0;BALNEARIA;14/4/2026;15/4/2026;14/4/2026;FAC-A0001-00042382;Venta;Empresa;30020;54;321323,87;388801,88;GAIDO SRL;;15,00%;6;PEYRONEL ANDREA;6040;SMIRNOFF GREEN APPLE DO 6X700;5950,44;3606;;TRADITIONAL TRADE;Autoservicio Tradicional;289118,7;REPARTIDOR CBA;1050,08;$;2;GRUPO PEÑAFLOR SA;37,8;0;Contado;15/4/2026 10:56;;Smirnoff;Standard (S);No definido;;;Vodka;PEÑAFLOR GRUPO OBJETIVO;;;20032;GRIBAUDO ESTEBAN;Gescom;;;True;154398;0;Lista General;Autoservicio Tradicional - B;12482;14/4/2026;2;LESCANO FRANCO DARIO
3520;SUC CHIPION 0;BALNEARIA;14/4/2026;15/4/2026;14/4/2026;FAC-A0001-00042382;Venta;Empresa;35105;24;39468,49;47756,88;GAIDO SRL;;15,00%;6;PEYRONEL ANDREA;6040;SMF ICE RED BERRIE LAT 4X6X473;1644,52;3606;;TRADITIONAL TRADE;Autoservicio Tradicional;35530,56;REPARTIDOR CBA;290,21;$;2;GRUPO PEÑAFLOR SA;11,352;0;Contado;15/4/2026 10:56;;Smirnoff Ice Flavours;RTD (s);No definido;;;RTD (S);PEÑAFLOR GRUPO OBJETIVO;;;20032;GRIBAUDO ESTEBAN;Gescom;;;True;154398;0;Lista General;Autoservicio Tradicional - B;12482;14/4/2026;2;LESCANO FRANCO DARIO
3520;SUC CHIPION 0;BALNEARIA;14/4/2026;15/4/2026;14/4/2026;FAC-A0001-00042382;Venta;Empresa;35104;24;39468,49;47756,88;GAIDO SRL;;15,00%;6;PEYRONEL ANDREA;6040;SMF ICE GREENAPPLE LAT 4X6X473;1644,52;3606;;TRADITIONAL TRADE;Autoservicio Tradicional;35530,56;REPARTIDOR CBA;290,21;$;2;GRUPO PEÑAFLOR SA;11,352;0;Contado;15/4/2026 10:56;;Smirnoff Ice Flavours;RTD (s);No definido;;;RTD (S);PEÑAFLOR GRUPO OBJETIVO;;;20032;GRIBAUDO ESTEBAN;Gescom;;;True;154398;0;Lista General;Autoservicio Tradicional - B;12482;14/4/2026;2;LESCANO FRANCO DARIO
2648;COLON 200;BALNEARIA;14/4/2026;15/4/2026;14/4/2026;FAC-A0001-00042383;Venta;Empresa;30022;90;535539,78;648003,13;MENDEZ RAUL;;15,00%;6;PEYRONEL ANDREA;6040;SMIRNOFF RASPBERRY DO 6X700;5950,44;3606;;TRADITIONAL TRADE;Autoservicio Tradicional;481864,5;REPARTIDOR CBA;1050,08;$;2;GRUPO PEÑAFLOR SA;63;0;Contado;15/4/2026 10:56;;Smirnoff;Standard (S);No definido;;;Vodka;PEÑAFLOR GRUPO OBJETIVO;;;20032;GRIBAUDO ESTEBAN;Gescom;;;True;154399;0;Lista General;Autoservicio Tradicional - C;12482;14/4/2026;2;LESCANO FRANCO DARIO
2648;COLON 200;BALNEARIA;14/4/2026;15/4/2026;14/4/2026;FAC-A0001-00042383;Venta;Empresa;30020;54;321323,87;388801,88;MENDEZ RAUL;;15,00%;6;PEYRONEL ANDREA;6040;SMIRNOFF GREEN APPLE DO 6X700;5950,44;3606;;TRADITIONAL TRADE;Autoservicio Tradicional;289118,7;REPARTIDOR CBA;1050,08;$;2;GRUPO PEÑAFLOR SA;37,8;0;Contado;15/4/2026 10:56;;Smirnoff;Standard (S);No definido;;;Vodka;PEÑAFLOR GRUPO OBJETIVO;;;20032;GRIBAUDO ESTEBAN;Gescom;;;True;154399;0;Lista General;Autoservicio Tradicional - C;12482;14/4/2026;2;LESCANO FRANCO DARIO
2648;COLON 200;BALNEARIA;14/4/2026;15/4/2026;14/4/2026;FAC-A0001-00042383;Venta;Empresa;35105;24;39468,49;47756,88;MENDEZ RAUL;;15,00%;6;PEYRONEL ANDREA;6040;SMF ICE RED BERRIE LAT 4X6X473;1644,52;3606;;TRADITIONAL TRADE;Autoservicio Tradicional;35530,56;REPARTIDOR CBA;290,21;$;2;GRUPO PEÑAFLOR SA;11,352;0;Contado;15/4/2026 10:56;;Smirnoff Ice Flavours;RTD (s);No definido;;;RTD (S);PEÑAFLOR GRUPO OBJETIVO;;;20032;GRIBAUDO ESTEBAN;Gescom;;;True;154399;0;Lista General;Autoservicio Tradicional - C;12482;14/4/2026;2;LESCANO FRANCO DARIO
2648;COLON 200;BALNEARIA;14/4/2026;15/4/2026;14/4/2026;FAC-A0001-00042383;Venta;Empresa;35104;24;39468,49;47756,88;MENDEZ RAUL;;15,00%;6;PEYRONEL ANDREA;6040;SMF ICE GREENAPPLE LAT 4X6X473;1644,52;3606;;TRADITIONAL TRADE;Autoservicio Tradicional;35530,56;REPARTIDOR CBA;290,21;$;2;GRUPO PEÑAFLOR SA;11,352;0;Contado;15/4/2026 10:56;;Smirnoff Ice Flavours;RTD (s);No definido;;;RTD (S);PEÑAFLOR GRUPO OBJETIVO;;;20032;GRIBAUDO ESTEBAN;Gescom;;;True;154399;0;Lista General;Autoservicio Tradicional - C;12482;14/4/2026;2;LESCANO FRANCO DARIO
1167;ESQUIU 69;Miramar;14/4/2026;15/4/2026;14/4/2026;FAC-A0001-00042384;Venta;Empresa;30022;90;535539,78;648003,13;CHEN HONGYAN - SUPER MIRAMAR;;15,00%;6;PEYRONEL ANDREA;6040;SMIRNOFF RASPBERRY DO 6X700;5950,44;3606;;TRADITIONAL TRADE;Autoservicio Tradicional;481864,5;REPARTIDOR CBA;1050,08;$;2;GRUPO PEÑAFLOR SA;63;0;Contado;15/4/2026 10:56;;Smirnoff;Standard (S);No definido;;;Vodka;PEÑAFLOR GRUPO OBJETIVO;;;20032;GRIBAUDO ESTEBAN;Gescom;;;True;154400;0;Lista General;Autoservicio Tradicional - C;12482;14/4/2026;2;LESCANO FRANCO DARIO
1167;ESQUIU 69;Miramar;14/4/2026;15/4/2026;14/4/2026;FAC-A0001-00042384;Venta;Empresa;30020;54;321323,87;388801,88;CHEN HONGYAN - SUPER MIRAMAR;;15,00%;6;PEYRONEL ANDREA;6040;SMIRNOFF GREEN APPLE DO 6X700;5950,44;3606;;TRADITIONAL TRADE;Autoservicio Tradicional;289118,7;REPARTIDOR CBA;1050,08;$;2;GRUPO PEÑAFLOR SA;37,8;0;Contado;15/4/2026 10:56;;Smirnoff;Standard (S);No definido;;;Vodka;PEÑAFLOR GRUPO OBJETIVO;;;20032;GRIBAUDO ESTEBAN;Gescom;;;True;154400;0;Lista General;Autoservicio Tradicional - C;12482;14/4/2026;2;LESCANO FRANCO DARIO
1167;ESQUIU 69;Miramar;14/4/2026;15/4/2026;14/4/2026;FAC-A0001-00042384;Venta;Empresa;35105;24;39468,49;47756,88;CHEN HONGYAN - SUPER MIRAMAR;;15,00%;6;PEYRONEL ANDREA;6040;SMF ICE RED BERRIE LAT 4X6X473;1644,52;3606;;TRADITIONAL TRADE;Autoservicio Tradicional;35530,56;REPARTIDOR CBA;290,21;$;2;GRUPO PEÑAFLOR SA;11,352;0;Contado;15/4/2026 10:56;;Smirnoff Ice Flavours;RTD (s);No definido;;;RTD (S);PEÑAFLOR GRUPO OBJETIVO;;;20032;GRIBAUDO ESTEBAN;Gescom;;;True;154400;0;Lista General;Autoservicio Tradicional - C;12482;14/4/2026;2;LESCANO FRANCO DARIO
1167;ESQUIU 69;Miramar;14/4/2026;15/4/2026;14/4/2026;FAC-A0001-00042384;Venta;Empresa;35104;24;39468,49;47756,88;CHEN HONGYAN - SUPER MIRAMAR;;15,00%;6;PEYRONEL ANDREA;6040;SMF ICE GREENAPPLE LAT 4X6X473;1644,52;3606;;TRADITIONAL TRADE;Autoservicio Tradicional;35530,56;REPARTIDOR CBA;290,21;$;2;GRUPO PEÑAFLOR SA;11,352;0;Contado;15/4/2026 10:56;;Smirnoff Ice Flavours;RTD (s);No definido;;;RTD (S);PEÑAFLOR GRUPO OBJETIVO;;;20032;GRIBAUDO ESTEBAN;Gescom;;;True;154400;0;Lista General;Autoservicio Tradicional - C;12482;14/4/2026;2;LESCANO FRANCO DARIO
59;SAN MARTIN 967;SANTA ROSA DE RIO PRIMERO;14/4/2026;15/4/2026;14/4/2026;FAC-B0001-00011836;Venta;Empresa;30022;90;535539,78;648003,13;ASOCIACION MUTUAL CLUB ATENEO JUVENIL ACCION;;15,00%;6;PEYRONEL ANDREA;6050;SMIRNOFF RASPBERRY DO 6X700;5950,44;3606;;TRADITIONAL TRADE;Autoservicio Tradicional;481864,5;REPARTIDOR CBA;1050,08;$;2;GRUPO PEÑAFLOR SA;63;0;Contado;15/4/2026 10:56;;Smirnoff;Standard (S);No definido;;;Vodka;PEÑAFLOR GRUPO OBJETIVO;;;20032;GRIBAUDO ESTEBAN;Gescom;;;True;154401;0;Lista General;Autoservicio Tradicional - C;12482;14/4/2026;2;LESCANO FRANCO DARIO
59;SAN MARTIN 967;SANTA ROSA DE RIO PRIMERO;14/4/2026;15/4/2026;14/4/2026;FAC-B0001-00011836;Venta;Empresa;30020;54;321323,87;388801,88;ASOCIACION MUTUAL CLUB ATENEO JUVENIL ACCION;;15,00%;6;PEYRONEL ANDREA;6050;SMIRNOFF GREEN APPLE DO 6X700;5950,44;3606;;TRADITIONAL TRADE;Autoservicio Tradicional;289118,7;REPARTIDOR CBA;1050,08;$;2;GRUPO PEÑAFLOR SA;37,8;0;Contado;15/4/2026 10:56;;Smirnoff;Standard (S);No definido;;;Vodka;PEÑAFLOR GRUPO OBJETIVO;;;20032;GRIBAUDO ESTEBAN;Gescom;;;True;154401;0;Lista General;Autoservicio Tradicional - C;12482;14/4/2026;2;LESCANO FRANCO DARIO
59;SAN MARTIN 967;SANTA ROSA DE RIO PRIMERO;14/4/2026;15/4/2026;14/4/2026;FAC-B0001-00011836;Venta;Empresa;35105;24;39468,49;47756,88;ASOCIACION MUTUAL CLUB ATENEO JUVENIL ACCION;;15,00%;6;PEYRONEL ANDREA;6050;SMF ICE RED BERRIE LAT 4X6X473;1644,52;3606;;TRADITIONAL TRADE;Autoservicio Tradicional;35530,56;REPARTIDOR CBA;290,21;$;2;GRUPO PEÑAFLOR SA;11,352;0;Contado;15/4/2026 10:56;;Smirnoff Ice Flavours;RTD (s);No definido;;;RTD (S);PEÑAFLOR GRUPO OBJETIVO;;;20032;GRIBAUDO ESTEBAN;Gescom;;;True;154401;0;Lista General;Autoservicio Tradicional - C;12482;14/4/2026;2;LESCANO FRANCO DARIO
59;SAN MARTIN 967;SANTA ROSA DE RIO PRIMERO;14/4/2026;15/4/2026;14/4/2026;FAC-B0001-00011836;Venta;Empresa;35104;24;39468,49;47756,88;ASOCIACION MUTUAL CLUB ATENEO JUVENIL ACCION;;15,00%;6;PEYRONEL ANDREA;6050;SMF ICE GREENAPPLE LAT 4X6X473;1644,52;3606;;TRADITIONAL TRADE;Autoservicio Tradicional;35530,56;REPARTIDOR CBA;290,21;$;2;GRUPO PEÑAFLOR SA;11,352;0;Contado;15/4/2026 10:56;;Smirnoff Ice Flavours;RTD (s);No definido;;;RTD (S);PEÑAFLOR GRUPO OBJETIVO;;;20032;GRIBAUDO ESTEBAN;Gescom;;;True;154401;0;Lista General;Autoservicio Tradicional - C;12482;14/4/2026;2;LESCANO FRANCO DARIO
30014;SAENZ PEÑA 770;SAN FRANCISCO;14/4/2026;15/4/2026;14/4/2026;FAC-A0001-00042385;Venta;Empresa;30022;90;535539,78;648003,13;ALICIA RAQUEL YBAÑEZ;;15,00%;8;ALVAREZ VANESA  KAFF;8030;SMIRNOFF RASPBERRY DO 6X700;5950,44;3607;;TRADITIONAL TRADE;Autoservicio Tradicional;481864,5;REPARTIDOR CBA;1050,08;$;2;GRUPO PEÑAFLOR SA;63;0;Contado;15/4/2026 10:56;;Smirnoff;Standard (S);No definido;;;Vodka;PEÑAFLOR GRUPO OBJETIVO;;;20032;GRIBAUDO ESTEBAN;Gescom;;;True;154355;0;Lista General;Autoservicio Tradicional - P;12483;14/4/2026;BD-003;VILLAFAÑE MARIANO
30014;SAENZ PEÑA 770;SAN FRANCISCO;14/4/2026;15/4/2026;14/4/2026;FAC-A0001-00042385;Venta;Empresa;30020;54;321323,87;388801,88;ALICIA RAQUEL YBAÑEZ;;15,00%;8;ALVAREZ VANESA  KAFF;8030;SMIRNOFF GREEN APPLE DO 6X700;5950,44;3607;;TRADITIONAL TRADE;Autoservicio Tradicional;289118,7;REPARTIDOR CBA;1050,08;$;2;GRUPO PEÑAFLOR SA;37,8;0;Contado;15/4/2026 10:56;;Smirnoff;Standard (S);No definido;;;Vodka;PEÑAFLOR GRUPO OBJETIVO;;;20032;GRIBAUDO ESTEBAN;Gescom;;;True;154355;0;Lista General;Autoservicio Tradicional - P;12483;14/4/2026;BD-003;VILLAFAÑE MARIANO
30014;SAENZ PEÑA 770;SAN FRANCISCO;14/4/2026;15/4/2026;14/4/2026;FAC-A0001-00042385;Venta;Empresa;35105;24;39468,49;47756,88;ALICIA RAQUEL YBAÑEZ;;15,00%;8;ALVAREZ VANESA  KAFF;8030;SMF ICE RED BERRIE LAT 4X6X473;1644,52;3607;;TRADITIONAL TRADE;Autoservicio Tradicional;35530,56;REPARTIDOR CBA;290,21;$;2;GRUPO PEÑAFLOR SA;11,352;0;Contado;15/4/2026 10:56;;Smirnoff Ice Flavours;RTD (s);No definido;;;RTD (S);PEÑAFLOR GRUPO OBJETIVO;;;20032;GRIBAUDO ESTEBAN;Gescom;;;True;154355;0;Lista General;Autoservicio Tradicional - P;12483;14/4/2026;BD-003;VILLAFAÑE MARIANO
30014;SAENZ PEÑA 770;SAN FRANCISCO;14/4/2026;15/4/2026;14/4/2026;FAC-A0001-00042385;Venta;Empresa;35104;24;39468,49;47756,88;ALICIA RAQUEL YBAÑEZ;;15,00%;8;ALVAREZ VANESA  KAFF;8030;SMF ICE GREENAPPLE LAT 4X6X473;1644,52;3607;;TRADITIONAL TRADE;Autoservicio Tradicional;35530,56;REPARTIDOR CBA;290,21;$;2;GRUPO PEÑAFLOR SA;11,352;0;Contado;15/4/2026 10:56;;Smirnoff Ice Flavours;RTD (s);No definido;;;RTD (S);PEÑAFLOR GRUPO OBJETIVO;;;20032;GRIBAUDO ESTEBAN;Gescom;;;True;154355;0;Lista General;Autoservicio Tradicional - P;12483;14/4/2026;BD-003;VILLAFAÑE MARIANO
309;AV. DE LA UNIVERSIDAD 1973;San Francisco;14/4/2026;15/4/2026;14/4/2026;FAC-A0001-00042386;Venta;Empresa;30022;90;535539,78;648003,13;CONIGLIO FERRERO Y MARSILLOU MARTEK S.R.L.;;15,00%;8;ALVAREZ VANESA  KAFF;8040;SMIRNOFF RASPBERRY DO 6X700;5950,44;3607;;TRADITIONAL TRADE;Autoservicio Tradicional;481864,5;REPARTIDOR CBA;1050,08;$;2;GRUPO PEÑAFLOR SA;63;0;Contado;15/4/2026 10:56;;Smirnoff;Standard (S);No definido;;;Vodka;PEÑAFLOR GRUPO OBJETIVO;;;20032;GRIBAUDO ESTEBAN;Gescom;;;True;154367;0;Lista General;Autoservicio Tradicional - C;12483;14/4/2026;BD-003;VILLAFAÑE MARIANO
309;AV. DE LA UNIVERSIDAD 1973;San Francisco;14/4/2026;15/4/2026;14/4/2026;FAC-A0001-00042386;Venta;Empresa;30020;54;321323,87;388801,88;CONIGLIO FERRERO Y MARSILLOU MARTEK S.R.L.;;15,00%;8;ALVAREZ VANESA  KAFF;8040;SMIRNOFF GREEN APPLE DO 6X700;5950,44;3607;;TRADITIONAL TRADE;Autoservicio Tradicional;289118,7;REPARTIDOR CBA;1050,08;$;2;GRUPO PEÑAFLOR SA;37,8;0;Contado;15/4/2026 10:56;;Smirnoff;Standard (S);No definido;;;Vodka;PEÑAFLOR GRUPO OBJETIVO;;;20032;GRIBAUDO ESTEBAN;Gescom;;;True;154367;0;Lista General;Autoservicio Tradicional - C;12483;14/4/2026;BD-003;VILLAFAÑE MARIANO
309;AV. DE LA UNIVERSIDAD 1973;San Francisco;14/4/2026;15/4/2026;14/4/2026;FAC-A0001-00042386;Venta;Empresa;35105;24;39468,49;47756,88;CONIGLIO FERRERO Y MARSILLOU MARTEK S.R.L.;;15,00%;8;ALVAREZ VANESA  KAFF;8040;SMF ICE RED BERRIE LAT 4X6X473;1644,52;3607;;TRADITIONAL TRADE;Autoservicio Tradicional;35530,56;REPARTIDOR CBA;290,21;$;2;GRUPO PEÑAFLOR SA;11,352;0;Contado;15/4/2026 10:56;;Smirnoff Ice Flavours;RTD (s);No definido;;;RTD (S);PEÑAFLOR GRUPO OBJETIVO;;;20032;GRIBAUDO ESTEBAN;Gescom;;;True;154367;0;Lista General;Autoservicio Tradicional - C;12483;14/4/2026;BD-003;VILLAFAÑE MARIANO
309;AV. DE LA UNIVERSIDAD 1973;San Francisco;14/4/2026;15/4/2026;14/4/2026;FAC-A0001-00042386;Venta;Empresa;35104;24;39468,49;47756,88;CONIGLIO FERRERO Y MARSILLOU MARTEK S.R.L.;;15,00%;8;ALVAREZ VANESA  KAFF;8040;SMF ICE GREENAPPLE LAT 4X6X473;1644,52;3607;;TRADITIONAL TRADE;Autoservicio Tradicional;35530,56;REPARTIDOR CBA;290,21;$;2;GRUPO PEÑAFLOR SA;11,352;0;Contado;15/4/2026 10:56;;Smirnoff Ice Flavours;RTD (s);No definido;;;RTD (S);PEÑAFLOR GRUPO OBJETIVO;;;20032;GRIBAUDO ESTEBAN;Gescom;;;True;154367;0;Lista General;Autoservicio Tradicional - C;12483;14/4/2026;BD-003;VILLAFAÑE MARIANO
596;LAS MALVINAS 1232;San Francisco;14/4/2026;15/4/2026;14/4/2026;FAC-A0001-00042387;Venta;Empresa;30022;90;535539,78;648003,13;YBAÑEZ ALICIA RAQUEL;;15,00%;8;ALVAREZ VANESA  KAFF;8040;SMIRNOFF RASPBERRY DO 6X700;5950,44;3611;;TRADITIONAL TRADE;Autoservicio Tradicional;481864,5;REPARTIDOR CBA;1050,08;$;2;GRUPO PEÑAFLOR SA;63;0;Contado;;;Smirnoff;Standard (S);No definido;;;Vodka;PEÑAFLOR GRUPO OBJETIVO;;;20032;GRIBAUDO ESTEBAN;Gescom;;;True;154371;1;Lista General;Autoservicio Tradicional - C;12520;16/4/2026;2;LESCANO FRANCO DARIO
596;LAS MALVINAS 1232;San Francisco;14/4/2026;15/4/2026;14/4/2026;FAC-A0001-00042387;Venta;Empresa;30020;54;321323,87;388801,88;YBAÑEZ ALICIA RAQUEL;;15,00%;8;ALVAREZ VANESA  KAFF;8040;SMIRNOFF GREEN APPLE DO 6X700;5950,44;3611;;TRADITIONAL TRADE;Autoservicio Tradicional;289118,7;REPARTIDOR CBA;1050,08;$;2;GRUPO PEÑAFLOR SA;37,8;0;Contado;;;Smirnoff;Standard (S);No definido;;;Vodka;PEÑAFLOR GRUPO OBJETIVO;;;20032;GRIBAUDO ESTEBAN;Gescom;;;True;154371;1;Lista General;Autoservicio Tradicional - C;12520;16/4/2026;2;LESCANO FRANCO DARIO
596;LAS MALVINAS 1232;San Francisco;14/4/2026;15/4/2026;14/4/2026;FAC-A0001-00042387;Venta;Empresa;35105;24;39468,49;47756,88;YBAÑEZ ALICIA RAQUEL;;15,00%;8;ALVAREZ VANESA  KAFF;8040;SMF ICE RED BERRIE LAT 4X6X473;1644,52;3611;;TRADITIONAL TRADE;Autoservicio Tradicional;35530,56;REPARTIDOR CBA;290,21;$;2;GRUPO PEÑAFLOR SA;11,352;0;Contado;;;Smirnoff Ice Flavours;RTD (s);No definido;;;RTD (S);PEÑAFLOR GRUPO OBJETIVO;;;20032;GRIBAUDO ESTEBAN;Gescom;;;True;154371;1;Lista General;Autoservicio Tradicional - C;12520;16/4/2026;2;LESCANO FRANCO DARIO
596;LAS MALVINAS 1232;San Francisco;14/4/2026;15/4/2026;14/4/2026;FAC-A0001-00042387;Venta;Empresa;35104;24;39468,49;47756,88;YBAÑEZ ALICIA RAQUEL;;15,00%;8;ALVAREZ VANESA  KAFF;8040;SMF ICE GREENAPPLE LAT 4X6X473;1644,52;3611;;TRADITIONAL TRADE;Autoservicio Tradicional;35530,56;REPARTIDOR CBA;290,21;$;2;GRUPO PEÑAFLOR SA;11,352;0;Contado;;;Smirnoff Ice Flavours;RTD (s);No definido;;;RTD (S);PEÑAFLOR GRUPO OBJETIVO;;;20032;GRIBAUDO ESTEBAN;Gescom;;;True;154371;1;Lista General;Autoservicio Tradicional - C;12520;16/4/2026;2;LESCANO FRANCO DARIO
786;AV. CERVANTES 4321;SAN FRANCISCO;15/4/2026;16/4/2026;15/4/2026;FAC-A0006-00061956;Venta;P&P LOGISTICA S.R.L;30009;12;3875648,28;4805803,87;ANSELMI Y CIA SOCIEDAD DE RESPONSABILIDAD LIMITADA;;0,00%;20;DEPOSITO;8020;J WALKER BLUE LABEL 18 6x750;322970,69;3609;;CADENAS REGIONALES (BAR);CADENAS REGIONALES (BAR);2855876,28;BLAS ALMADA;0;$;2;GRUPO PEÑAFLOR SA;9;0;Contado;16/4/2026 16:46;;JW;Super Premium (S);No definido;;;Whisky;PEÑAFLOR GRUPO OBJETIVO;;;;;Gescom;;;True;154498;0;Lista General;CADENAS REGIONALES (BAR) - A;12504;15/4/2026;2;LESCANO FRANCO DARIO
30044;LINIERS 183;SAN FRANCISCO;15/4/2026;16/4/2026;15/4/2026;FAC-A0006-00061961;Venta;P&P LOGISTICA S.R.L;74419;6;28865,32;34927,04;YAQIN XU;;10,00%;8;ALVAREZ VANESA  KAFF;8030;TRAPICHE RESERVA MALBEC 6X750;4810,89;3609;;TRADITIONAL TRADE;Autoservicio Tradicional;24060,42;BLAS ALMADA;534,54;$;2;GRUPO PEÑAFLOR SA;4,5;0;Contado;16/4/2026 16:46;;Trapiche Reserva;Superior;No definido;;;Vinos del Año;PEÑAFLOR GRUPO OBJETIVO;;;20032;GRIBAUDO ESTEBAN;AXUM;;;False;154441;0;Lista General;Autoservicio Tradicional - P;12495;15/4/2026;20000;MOLINA JUAN
30044;LINIERS 183;SAN FRANCISCO;15/4/2026;16/4/2026;15/4/2026;FAC-A0006-00061961;Venta;P&P LOGISTICA S.R.L;80018;6;25888,46;31325,04;YAQIN XU;;10,00%;8;ALVAREZ VANESA  KAFF;8030;COLECCION PRIVADA CAB SAUV 6X750;4314,74;3609;;TRADITIONAL TRADE;Autoservicio Tradicional;21579,06;BLAS ALMADA;479,42;$;2;GRUPO PEÑAFLOR SA;4,5;0;Contado;16/4/2026 16:46;;;-No Definido-;No definido;;;Vinos del Año;Grupo Peñaflor,PEÑAFLOR GRUPO OBJETIVO;;;20032;GRIBAUDO ESTEBAN;AXUM;;;False;154441;0;Lista General;Autoservicio Tradicional - P;12495;15/4/2026;20000;MOLINA JUAN
30044;LINIERS 183;SAN FRANCISCO;15/4/2026;16/4/2026;15/4/2026;FAC-A0006-00061961;Venta;P&P LOGISTICA S.R.L;35105;6;10911,88;13203,37;YAQIN XU;;6,00%;8;ALVAREZ VANESA  KAFF;8030;SMF ICE RED BERRIE LAT 4X6X473;1818,65;3609;;TRADITIONAL TRADE;Autoservicio Tradicional;8882,64;BLAS ALMADA;116,08;$;2;GRUPO PEÑAFLOR SA;2,838;0;Contado;16/4/2026 16:46;;Smirnoff Ice Flavours;RTD (s);No definido;;;RTD (S);PEÑAFLOR GRUPO OBJETIVO;;;20032;GRIBAUDO ESTEBAN;AXUM;;;False;154441;0;Lista General;Autoservicio Tradicional - P;12495;15/4/2026;20000;MOLINA JUAN
30044;LINIERS 183;SAN FRANCISCO;15/4/2026;16/4/2026;15/4/2026;FAC-A0006-00061961;Venta;P&P LOGISTICA S.R.L;30329;6;11992,11;14510,45;YAQIN XU;;6,00%;8;ALVAREZ VANESA  KAFF;8030;ANTARES LATA KOLSCH 6 X 473ML;1998,68;3609;;TRADITIONAL TRADE;Autoservicio Tradicional;12000;BLAS ALMADA;127,58;$;2;GRUPO PEÑAFLOR SA;2,838;0;Contado;16/4/2026 16:46;;;CERVEZA ARTESANAL;No definido;;-No Definido-;CERVEZA ARTESANAL;PEÑAFLOR GRUPO OBJETIVO;;;20032;GRIBAUDO ESTEBAN;AXUM;;;False;154441;0;Lista General;Autoservicio Tradicional - P;12495;15/4/2026;20000;MOLINA JUAN
30044;LINIERS 183;SAN FRANCISCO;15/4/2026;16/4/2026;15/4/2026;FAC-A0006-00061962;Venta;P&P LOGISTICA S.R.L;30020;18;104587,77;129688,83;YAQIN XU;;17,00%;8;ALVAREZ VANESA  KAFF;8030;SMIRNOFF GREEN APPLE DO 6X700;5810,43;3609;;TRADITIONAL TRADE;Autoservicio Tradicional;96372,9;BLAS ALMADA;1190,09;$;2;GRUPO PEÑAFLOR SA;12,6;0;Contado;16/4/2026 16:46;;Smirnoff;Standard (S);No definido;;;Vodka;PEÑAFLOR GRUPO OBJETIVO;;;20032;GRIBAUDO ESTEBAN;AXUM;;;False;154442;0;Lista General;Autoservicio Tradicional - P;12495;15/4/2026;20000;MOLINA JUAN
30044;LINIERS 183;SAN FRANCISCO;15/4/2026;16/4/2026;15/4/2026;FAC-A0006-00061962;Venta;P&P LOGISTICA S.R.L;30135;6;34862,59;43229,61;YAQIN XU;;17,00%;8;ALVAREZ VANESA  KAFF;8030;SMIRNOFF TAMARINDO 6 X 700;5810,43;3609;;TRADITIONAL TRADE;Autoservicio Tradicional;32140,38;BLAS ALMADA;1190,09;$;2;GRUPO PEÑAFLOR SA;0;0;Contado;16/4/2026 16:46;;Smirnoff;Standard (S);No definido;;;Vodka;PEÑAFLOR GRUPO OBJETIVO;;;20032;GRIBAUDO ESTEBAN;AXUM;;;False;154442;0;Lista General;Autoservicio Tradicional - P;12495;15/4/2026;20000;MOLINA JUAN
30014;SAENZ PEÑA 770;SAN FRANCISCO;15/4/2026;16/4/2026;15/4/2026;FAC-A0006-00061964;Venta;P&P LOGISTICA S.R.L;30012;2;45798,5;55416,19;ALICIA RAQUEL YBAÑEZ;;0,00%;8;ALVAREZ VANESA  KAFF;8030;BAILEYS NUEVA BOTELLA 12x750;22899,25;3609;;TRADITIONAL TRADE;Autoservicio Tradicional;32814,48;BLAS ALMADA;0;$;2;GRUPO PEÑAFLOR SA;1,5;0;Contado;16/4/2026 16:46;;Baileys;Premium (S);No definido;;;Licores;PEÑAFLOR GRUPO OBJETIVO;;;20032;GRIBAUDO ESTEBAN;AXUM;;;False;154458;0;Lista General;Autoservicio Tradicional - P;12495;15/4/2026;20000;MOLINA JUAN
30014;SAENZ PEÑA 770;SAN FRANCISCO;15/4/2026;16/4/2026;15/4/2026;FAC-A0006-00061964;Venta;P&P LOGISTICA S.R.L;30129;2;48158,68;58272;ALICIA RAQUEL YBAÑEZ;;0,00%;8;ALVAREZ VANESA  KAFF;8030;BAILEYS SALTED CARAMEL 12X750;24079,34;3609;;TRADITIONAL TRADE;Autoservicio Tradicional;34505,52;BLAS ALMADA;0;$;2;GRUPO PEÑAFLOR SA;1,5;0;Contado;16/4/2026 16:46;;Baileys;Premium (S);No definido;;;Licores;PEÑAFLOR GRUPO OBJETIVO;;;20032;GRIBAUDO ESTEBAN;AXUM;;;False;154458;0;Lista General;Autoservicio Tradicional - P;12495;15/4/2026;20000;MOLINA JUAN
7258;SAN LORENZO 455;SAN FRANCISCO;15/4/2026;16/4/2026;15/4/2026;FAC-A0006-00061965;Venta;P&P LOGISTICA S.R.L;35105;6;11608,38;14046,14;ÑAÑEZ GASTON FEDERICO;;0,00%;3;GAMBINO NADIA;3030;SMF ICE RED BERRIE LAT 4X6X473;1934,73;3609;;TRADITIONAL TRADE;Almacen/Despensa;8882,64;BLAS ALMADA;0;$;2;GRUPO PEÑAFLOR SA;2,838;0;Contado;16/4/2026 16:46;;Smirnoff Ice Flavours;RTD (s);No definido;;;RTD (S);PEÑAFLOR GRUPO OBJETIVO;;;20032;GRIBAUDO ESTEBAN;AXUM;;;False;154459;0;Lista General;Almacen/Despensa - A;12495;15/4/2026;20000;MOLINA JUAN
1368;B° JULIO ROCA-COLON 61;San Francisco;15/4/2026;16/4/2026;15/4/2026;FAC-A0006-00061977;Venta;P&P LOGISTICA S.R.L;30135;6;34862,59;43229,61;GRUPO RONDA S.A.S. S.A.S.;;17,00%;8;ALVAREZ VANESA  KAFF;8030;SMIRNOFF TAMARINDO 6 X 700;5810,43;3609;;ON PREMISE NOCHE;ON PREMISE NOCHE;32140,38;BLAS ALMADA;1190,09;$;2;GRUPO PEÑAFLOR SA;0;0;Contado;16/4/2026 16:46;;Smirnoff;Standard (S);No definido;;;Vodka;PEÑAFLOR GRUPO OBJETIVO;;;20032;GRIBAUDO ESTEBAN;AXUM;;;False;154503;0;Lista General;ON PREMISE NOCHE - C;12504;15/4/2026;2;LESCANO FRANCO DARIO
1368;B° JULIO ROCA-COLON 61;San Francisco;15/4/2026;16/4/2026;15/4/2026;FAC-A0006-00061977;Venta;P&P LOGISTICA S.R.L;30020;18;104587,77;129688,83;GRUPO RONDA S.A.S. S.A.S.;;17,00%;8;ALVAREZ VANESA  KAFF;8030;SMIRNOFF GREEN APPLE DO 6X700;5810,43;3609;;ON PREMISE NOCHE;ON PREMISE NOCHE;96372,9;BLAS ALMADA;1190,09;$;2;GRUPO PEÑAFLOR SA;12,6;0;Contado;16/4/2026 16:46;;Smirnoff;Standard (S);No definido;;;Vodka;PEÑAFLOR GRUPO OBJETIVO;;;20032;GRIBAUDO ESTEBAN;AXUM;;;False;154503;0;Lista General;ON PREMISE NOCHE - C;12504;15/4/2026;2;LESCANO FRANCO DARIO
468;BROWN-MARMOL 1;BRINKMANN;15/4/2026;16/4/2026;15/4/2026;FAC-A0006-00061997;Venta;P&P LOGISTICA S.R.L;30023;3;35420,94;42859,34;SCALERANDI ALAN GABRIEL;;0,00%;4;GRIBAUDO ANGEL;4030;WHITE HORSE DO 12X750;11806,98;3608;;TRADITIONAL TRADE;Autoservicio Tradicional;27103,77;ACOSTA FACUNDO;0;$;2;GRUPO PEÑAFLOR SA;2,25;0;Contado;16/4/2026 16:36;;White Horse;Standard (S);No definido;;;Whisky;PEÑAFLOR GRUPO OBJETIVO;;;20032;GRIBAUDO ESTEBAN;AXUM;;;False;154496;0;Lista General;Autoservicio Tradicional - C;12500;15/4/2026;2;LESCANO FRANCO DARIO
886;Comuna de Giaveno 61;BRINKMANN;15/4/2026;16/4/2026;15/4/2026;FAC-A0006-00062002;Venta;P&P LOGISTICA S.R.L;80004;3;7043,55;8522,7;BUSTOS GERARDO GABRIEL ;;0,00%;4;GRIBAUDO ANGEL;4030;SAN TELMO MALBEC X750;2347,85;3608;;TRADITIONAL TRADE;Almacen/Despensa;5551,35;ACOSTA FACUNDO;0;$;2;GRUPO PEÑAFLOR SA;2,25;0;Contado;16/4/2026 16:36;;;Medio;No definido;;;Vinos del Año;Grupo Peñaflor,PEÑAFLOR GRUPO OBJETIVO;;;20032;GRIBAUDO ESTEBAN;AXUM;;;False;154516;0;Lista General;Almacen/Despensa - P;12503;15/4/2026;20000;MOLINA JUAN
886;Comuna de Giaveno 61;BRINKMANN;15/4/2026;16/4/2026;15/4/2026;FAC-A0006-00062002;Venta;P&P LOGISTICA S.R.L;42102;3;9849,84;11918,31;BUSTOS GERARDO GABRIEL ;;0,00%;4;GRIBAUDO ANGEL;4030;ELEMENTOS MALBEC 6X750 ;3283,28;3608;;TRADITIONAL TRADE;Almacen/Despensa;7019,76;ACOSTA FACUNDO;0;$;2;GRUPO PEÑAFLOR SA;2,25;0;Contado;16/4/2026 16:36;;ELEMENTOS;Alto;No definido;;;Vinos del Año;PEÑAFLOR GRUPO OBJETIVO;;;20032;GRIBAUDO ESTEBAN;AXUM;;;False;154516;0;Lista General;Almacen/Despensa - P;12503;15/4/2026;20000;MOLINA JUAN
886;Comuna de Giaveno 61;BRINKMANN;15/4/2026;16/4/2026;15/4/2026;FAC-A0006-00062002;Venta;P&P LOGISTICA S.R.L;74210;3;11321,55;13699,08;BUSTOS GERARDO GABRIEL ;;0,00%;4;GRIBAUDO ANGEL;4030;ALMA MORA MALBEC 6X750;3773,85;3608;;TRADITIONAL TRADE;Almacen/Despensa;8489,04;ACOSTA FACUNDO;0;$;2;GRUPO PEÑAFLOR SA;2,25;0;Contado;16/4/2026 16:36;;Alma Mora;Alto;No definido;;;Vinos del Año;PEÑAFLOR GRUPO OBJETIVO;;;20032;GRIBAUDO ESTEBAN;AXUM;;;False;154516;0;Lista General;Almacen/Despensa - P;12503;15/4/2026;20000;MOLINA JUAN
886;Comuna de Giaveno 61;BRINKMANN;15/4/2026;16/4/2026;15/4/2026;FAC-A0006-00062002;Venta;P&P LOGISTICA S.R.L;74814;3;9112,35;11025,94;BUSTOS GERARDO GABRIEL ;;0,00%;4;GRIBAUDO ANGEL;4030;CAZADOR MALBEC 6X750;3037,45;3608;;TRADITIONAL TRADE;Almacen/Despensa;6835,98;ACOSTA FACUNDO;0;$;2;GRUPO PEÑAFLOR SA;0;0;Contado;16/4/2026 16:36;;;;;;;;PEÑAFLOR GRUPO OBJETIVO;;;20032;GRIBAUDO ESTEBAN;AXUM;;;False;154516;0;Lista General;Almacen/Despensa - P;12503;15/4/2026;20000;MOLINA JUAN
886;Comuna de Giaveno 61;BRINKMANN;15/4/2026;16/4/2026;15/4/2026;FAC-A0006-00062002;Venta;P&P LOGISTICA S.R.L;74509;3;7922,31;9586;BUSTOS GERARDO GABRIEL ;;0,00%;4;GRIBAUDO ANGEL;4030;F. LAS MORAS BCO DULCE 6X750 ;2640,77;3608;;TRADITIONAL TRADE;Almacen/Despensa;5931,72;ACOSTA FACUNDO;0;$;2;GRUPO PEÑAFLOR SA;2,25;0;Contado;16/4/2026 16:36;;Alaris;Medio Alto;No definido;;;Vinos del Año;PEÑAFLOR GRUPO OBJETIVO;;;20032;GRIBAUDO ESTEBAN;AXUM;;;False;154516;0;Lista General;Almacen/Despensa - P;12503;15/4/2026;20000;MOLINA JUAN
1161;BELGRANO 1289;Arroyito;15/4/2026;16/4/2026;14/4/2026;FAC-A0006-00062009;Venta;P&P LOGISTICA S.R.L;35103;6;10447,54;12641,53;YAKO DRUGSTORE S.A.S.;;10,00%;10;ORTEGA MILAGROS DESIREE;1020;SMIRNOFF ICE LATA 4X6X473;1741,26;3601;;TRADITIONAL TRADE;Almacen/Despensa;8882,64;DELGADO MAYCO JOAQUIN;193,47;$;2;GRUPO PEÑAFLOR SA;2,838;0;Contado;16/4/2026 16:55;;Smirnoff Ice;RTD (s);No definido;;;RTD (S);PEÑAFLOR GRUPO OBJETIVO;;;20032;GRIBAUDO ESTEBAN;AXUM;;;False;154150;0;Lista General;Almacen/Despensa - P;12488;15/4/2026;2;LESCANO FRANCO DARIO
1161;BELGRANO 1289;Arroyito;15/4/2026;16/4/2026;14/4/2026;FAC-A0006-00062009;Venta;P&P LOGISTICA S.R.L;35104;6;11608,38;14046,14;YAKO DRUGSTORE S.A.S.;;0,00%;10;ORTEGA MILAGROS DESIREE;1020;SMF ICE GREENAPPLE LAT 4X6X473;1934,73;3601;;TRADITIONAL TRADE;Almacen/Despensa;8882,64;DELGADO MAYCO JOAQUIN;0;$;2;GRUPO PEÑAFLOR SA;2,838;0;Contado;16/4/2026 16:55;;Smirnoff Ice Flavours;RTD (s);No definido;;;RTD (S);PEÑAFLOR GRUPO OBJETIVO;;;20032;GRIBAUDO ESTEBAN;AXUM;;;False;154150;0;Lista General;Almacen/Despensa - P;12488;15/4/2026;2;LESCANO FRANCO DARIO
1161;BELGRANO 1289;Arroyito;15/4/2026;16/4/2026;14/4/2026;FAC-A0006-00062009;Venta;P&P LOGISTICA S.R.L;35105;6;11608,38;14046,14;YAKO DRUGSTORE S.A.S.;;0,00%;10;ORTEGA MILAGROS DESIREE;1020;SMF ICE RED BERRIE LAT 4X6X473;1934,73;3601;;TRADITIONAL TRADE;Almacen/Despensa;8882,64;DELGADO MAYCO JOAQUIN;0;$;2;GRUPO PEÑAFLOR SA;2,838;0;Contado;16/4/2026 16:55;;Smirnoff Ice Flavours;RTD (s);No definido;;;RTD (S);PEÑAFLOR GRUPO OBJETIVO;;;20032;GRIBAUDO ESTEBAN;AXUM;;;False;154150;0;Lista General;Almacen/Despensa - P;12488;15/4/2026;2;LESCANO FRANCO DARIO
1240;GENERAL  PAZ 1690;Arroyito;15/4/2026;16/4/2026;14/4/2026;FAC-A0006-00062010;Venta;P&P LOGISTICA S.R.L;30020;6;39482,93;47774,35;BARRALE MARIA SOLEDAD;;6,00%;10;ORTEGA MILAGROS DESIREE;1020;SMIRNOFF GREEN APPLE DO 6X700;6580,49;3601;;TRADITIONAL TRADE;Almacen/Despensa;32124,3;DELGADO MAYCO JOAQUIN;420,03;$;2;GRUPO PEÑAFLOR SA;4,2;0;Contado;16/4/2026 16:55;;Smirnoff;Standard (S);No definido;;;Vodka;PEÑAFLOR GRUPO OBJETIVO;;;20032;GRIBAUDO ESTEBAN;AXUM;;;False;154151;0;Lista General;Almacen/Despensa - P;12488;15/4/2026;2;LESCANO FRANCO DARIO
1240;GENERAL  PAZ 1690;Arroyito;15/4/2026;16/4/2026;14/4/2026;FAC-A0006-00062010;Venta;P&P LOGISTICA S.R.L;35105;6;11608,38;14046,14;BARRALE MARIA SOLEDAD;;0,00%;10;ORTEGA MILAGROS DESIREE;1020;SMF ICE RED BERRIE LAT 4X6X473;1934,73;3601;;TRADITIONAL TRADE;Almacen/Despensa;8882,64;DELGADO MAYCO JOAQUIN;0;$;2;GRUPO PEÑAFLOR SA;2,838;0;Contado;16/4/2026 16:55;;Smirnoff Ice Flavours;RTD (s);No definido;;;RTD (S);PEÑAFLOR GRUPO OBJETIVO;;;20032;GRIBAUDO ESTEBAN;AXUM;;;False;154151;0;Lista General;Almacen/Despensa - P;12488;15/4/2026;2;LESCANO FRANCO DARIO
1240;GENERAL  PAZ 1690;Arroyito;15/4/2026;16/4/2026;14/4/2026;FAC-A0006-00062010;Venta;P&P LOGISTICA S.R.L;14619;6;11481,23;13892,28;BARRALE MARIA SOLEDAD;;5,00%;10;ORTEGA MILAGROS DESIREE;1020;FRIZZE BUBBLE MOOD 6X1000;1913,54;3601;;TRADITIONAL TRADE;Almacen/Despensa;9066,42;DELGADO MAYCO JOAQUIN;100,71;$;2;GRUPO PEÑAFLOR SA;0;0;Contado;16/4/2026 16:55;;;;;;;;PEÑAFLOR GRUPO OBJETIVO;;;20032;GRIBAUDO ESTEBAN;AXUM;;;False;154151;0;Lista General;Almacen/Despensa - P;12488;15/4/2026;2;LESCANO FRANCO DARIO
2211;San Martín 652;ARROYITO;15/4/2026;16/4/2026;14/4/2026;FAC-A0006-00062017;Venta;P&P LOGISTICA S.R.L;42102;6;17729,71;21452,95;ZHENG HUIJUAN;;10,00%;10;ORTEGA MILAGROS DESIREE;1020;ELEMENTOS MALBEC 6X750 ;2954,95;3601;;TRADITIONAL TRADE;Autoservicio Tradicional;14039,52;DELGADO MAYCO JOAQUIN;328,33;$;2;GRUPO PEÑAFLOR SA;4,5;0;Contado;16/4/2026 16:55;;ELEMENTOS;Alto;No definido;;;Vinos del Año;PEÑAFLOR GRUPO OBJETIVO;;;20032;GRIBAUDO ESTEBAN;AXUM;;;False;154262;0;Lista General;Autoservicio Tradicional - C;12488;15/4/2026;2;LESCANO FRANCO DARIO
2211;San Martín 652;ARROYITO;15/4/2026;16/4/2026;14/4/2026;FAC-A0006-00062017;Venta;P&P LOGISTICA S.R.L;44395;6;17729,71;21452,95;ZHENG HUIJUAN;;10,00%;10;ORTEGA MILAGROS DESIREE;1020;ELEMENTOS RED BLEND 6 X 750;2954,95;3601;;TRADITIONAL TRADE;Autoservicio Tradicional;14778,42;DELGADO MAYCO JOAQUIN;328,33;$;2;GRUPO PEÑAFLOR SA;0;0;Contado;16/4/2026 16:55;;ELEMENTOS;Alto;;;;Vinos del Año;PEÑAFLOR GRUPO OBJETIVO;;;20032;GRIBAUDO ESTEBAN;AXUM;;;False;154262;0;Lista General;Autoservicio Tradicional - C;12488;15/4/2026;2;LESCANO FRANCO DARIO
2211;San Martín 652;ARROYITO;15/4/2026;16/4/2026;14/4/2026;FAC-A0006-00062017;Venta;P&P LOGISTICA S.R.L;42104;6;17729,71;21452,95;ZHENG HUIJUAN;;10,00%;10;ORTEGA MILAGROS DESIREE;1020;ELEMENTOS TANNAT 6X750 ;2954,95;3601;;TRADITIONAL TRADE;Autoservicio Tradicional;14778,42;DELGADO MAYCO JOAQUIN;328,33;$;2;GRUPO PEÑAFLOR SA;4,5;0;Contado;16/4/2026 16:55;;ELEMENTOS;Alto;No definido;;;Vinos del Año;PEÑAFLOR GRUPO OBJETIVO;;;20032;GRIBAUDO ESTEBAN;AXUM;;;False;154262;0;Lista General;Autoservicio Tradicional - C;12488;15/4/2026;2;LESCANO FRANCO DARIO
2211;San Martín 652;ARROYITO;15/4/2026;16/4/2026;14/4/2026;FAC-A0006-00062017;Venta;P&P LOGISTICA S.R.L;80010;6;16433,98;19885,12;ZHENG HUIJUAN;;10,00%;10;ORTEGA MILAGROS DESIREE;1020;LOS ARBOLES SEL MALBEC 6X750;2739;3601;;TRADITIONAL TRADE;Autoservicio Tradicional;14391,54;DELGADO MAYCO JOAQUIN;304,33;$;2;GRUPO PEÑAFLOR SA;4,5;0;Contado;16/4/2026 16:55;;Los Arboles;Medio Alto;No definido;;;Vinos del Año;Grupo Peñaflor,PEÑAFLOR GRUPO OBJETIVO;;;20032;GRIBAUDO ESTEBAN;AXUM;;;False;154262;0;Lista General;Autoservicio Tradicional - C;12488;15/4/2026;2;LESCANO FRANCO DARIO
2211;San Martín 652;ARROYITO;15/4/2026;16/4/2026;14/4/2026;FAC-A0006-00062018;Venta;P&P LOGISTICA S.R.L;80007;6;16433,98;19885,12;ZHENG HUIJUAN;;10,00%;10;ORTEGA MILAGROS DESIREE;1020;LOS ARBOLES SEL CABERNET 6X750;2739;3601;;TRADITIONAL TRADE;Autoservicio Tradicional;14391,54;DELGADO MAYCO JOAQUIN;304,33;$;2;GRUPO PEÑAFLOR SA;4,5;0;Contado;16/4/2026 16:55;;;Medio Alto;No definido;;;Vinos del Año;PEÑAFLOR GRUPO OBJETIVO;;;20032;GRIBAUDO ESTEBAN;AXUM;;;False;154263;0;Lista General;Autoservicio Tradicional - C;12488;15/4/2026;2;LESCANO FRANCO DARIO
2211;San Martín 652;ARROYITO;15/4/2026;16/4/2026;14/4/2026;FAC-A0006-00062018;Venta;P&P LOGISTICA S.R.L;80089;6;16433,98;19885,12;ZHENG HUIJUAN;;10,00%;10;ORTEGA MILAGROS DESIREE;1020;LOS ARBOLES SEL RED BLEND 6X750;2739;3601;;TRADITIONAL TRADE;Autoservicio Tradicional;14391,54;DELGADO MAYCO JOAQUIN;304,33;$;2;GRUPO PEÑAFLOR SA;4,5;0;Contado;16/4/2026 16:55;;Los Arboles;Premium;No definido;;-No Definido-;Vino de Guarda;PEÑAFLOR GRUPO OBJETIVO;;;20032;GRIBAUDO ESTEBAN;AXUM;;;False;154263;0;Lista General;Autoservicio Tradicional - C;12488;15/4/2026;2;LESCANO FRANCO DARIO
2211;San Martín 652;ARROYITO;15/4/2026;16/4/2026;14/4/2026;FAC-A0006-00062018;Venta;P&P LOGISTICA S.R.L;74748;6;19370,72;23438,57;ZHENG HUIJUAN;;10,00%;10;ORTEGA MILAGROS DESIREE;1020;DADA N°9 CARAMEL 6X750;3228,45;3601;;TRADITIONAL TRADE;Autoservicio Tradicional;16138,2;DELGADO MAYCO JOAQUIN;358,72;$;2;GRUPO PEÑAFLOR SA;0;0;Contado;16/4/2026 16:55;;Dada;Alto;;;-No Definido-;Vinos del Año;PEÑAFLOR GRUPO OBJETIVO;;;20032;GRIBAUDO ESTEBAN;AXUM;;;False;154263;0;Lista General;Autoservicio Tradicional - C;12488;15/4/2026;2;LESCANO FRANCO DARIO
2211;San Martín 652;ARROYITO;15/4/2026;16/4/2026;14/4/2026;FAC-A0006-00062018;Venta;P&P LOGISTICA S.R.L;42373;3;13626,87;16488,52;ZHENG HUIJUAN;;10,00%;10;ORTEGA MILAGROS DESIREE;1020;DON DAVID CABERNET 6X750;4542,29;3601;;TRADITIONAL TRADE;Autoservicio Tradicional;11358,57;DELGADO MAYCO JOAQUIN;504,7;$;2;GRUPO PEÑAFLOR SA;2,25;0;Contado;16/4/2026 16:55;;Don David;Superior;No definido;;;Vinos del Año;PEÑAFLOR GRUPO OBJETIVO;;;20032;GRIBAUDO ESTEBAN;AXUM;;;False;154263;0;Lista General;Autoservicio Tradicional - C;12488;15/4/2026;2;LESCANO FRANCO DARIO
2211;San Martín 652;ARROYITO;15/4/2026;16/4/2026;14/4/2026;FAC-A0006-00062018;Venta;P&P LOGISTICA S.R.L;41682;3;13626,87;16488,52;ZHENG HUIJUAN;;10,00%;10;ORTEGA MILAGROS DESIREE;1020;DON DAVID MALBEC 6X750;4542,29;3601;;TRADITIONAL TRADE;Autoservicio Tradicional;11358,57;DELGADO MAYCO JOAQUIN;504,7;$;2;GRUPO PEÑAFLOR SA;2,25;0;Contado;16/4/2026 16:55;;Don David;Superior;No definido;;;Vinos del Año;PEÑAFLOR GRUPO OBJETIVO;;;20032;GRIBAUDO ESTEBAN;AXUM;;;False;154263;0;Lista General;Autoservicio Tradicional - C;12488;15/4/2026;2;LESCANO FRANCO DARIO
2211;San Martín 652;ARROYITO;15/4/2026;16/4/2026;14/4/2026;FAC-A0006-00062020;Venta;P&P LOGISTICA S.R.L;74210;3;10189,4;12329,17;ZHENG HUIJUAN;;10,00%;10;ORTEGA MILAGROS DESIREE;1020;ALMA MORA MALBEC 6X750;3396,47;3601;;TRADITIONAL TRADE;Autoservicio Tradicional;8489,04;DELGADO MAYCO JOAQUIN;377,39;$;2;GRUPO PEÑAFLOR SA;2,25;0;Contado;16/4/2026 16:55;;Alma Mora;Alto;No definido;;;Vinos del Año;PEÑAFLOR GRUPO OBJETIVO;;;20032;GRIBAUDO ESTEBAN;AXUM;;;False;154265;0;Lista General;Autoservicio Tradicional - C;12488;15/4/2026;2;LESCANO FRANCO DARIO
2211;San Martín 652;ARROYITO;15/4/2026;16/4/2026;14/4/2026;FAC-A0006-00062020;Venta;P&P LOGISTICA S.R.L;74736;3;10189,4;12329,17;ZHENG HUIJUAN;;10,00%;10;ORTEGA MILAGROS DESIREE;1020;ALMA MORA MERLOT 6X750;3396,47;3601;;TRADITIONAL TRADE;Autoservicio Tradicional;8493,3;DELGADO MAYCO JOAQUIN;377,39;$;2;GRUPO PEÑAFLOR SA;0;0;Contado;16/4/2026 16:55;;Finca Las Moras;Alto;No definido;;-No Definido-;Vinos del Año;PEÑAFLOR GRUPO OBJETIVO;;;20032;GRIBAUDO ESTEBAN;AXUM;;;False;154265;0;Lista General;Autoservicio Tradicional - C;12488;15/4/2026;2;LESCANO FRANCO DARIO
2211;San Martín 652;ARROYITO;15/4/2026;16/4/2026;14/4/2026;FAC-A0006-00062020;Venta;P&P LOGISTICA S.R.L;74209;3;10189,75;12329,59;ZHENG HUIJUAN;;10,00%;10;ORTEGA MILAGROS DESIREE;1020;ALMA MORA SYRAH 6X750;3396,58;3601;;TRADITIONAL TRADE;Autoservicio Tradicional;8493,57;DELGADO MAYCO JOAQUIN;377,4;$;2;GRUPO PEÑAFLOR SA;2,25;0;Contado;16/4/2026 16:55;;Alma Mora;Alto;No definido;;;Vinos del Año;PEÑAFLOR GRUPO OBJETIVO;;;20032;GRIBAUDO ESTEBAN;AXUM;;;False;154265;0;Lista General;Autoservicio Tradicional - C;12488;15/4/2026;2;LESCANO FRANCO DARIO
2357;BELGRANO 601;ARROYITO;15/4/2026;16/4/2026;14/4/2026;FAC-A0006-00062021;Venta;P&P LOGISTICA S.R.L;35105;6;10911,88;13203,37;HECTOR IVAN HERNANDEZ;;6,00%;10;ORTEGA MILAGROS DESIREE;1020;SMF ICE RED BERRIE LAT 4X6X473;1818,65;3601;;TRADITIONAL TRADE;Autoservicio Tradicional;8882,64;DELGADO MAYCO JOAQUIN;116,08;$;2;GRUPO PEÑAFLOR SA;2,838;0;Contado;16/4/2026 16:55;;Smirnoff Ice Flavours;RTD (s);No definido;;;RTD (S);PEÑAFLOR GRUPO OBJETIVO;;;20032;GRIBAUDO ESTEBAN;AXUM;;;False;154289;0;Lista General;Autoservicio Tradicional - B;12488;15/4/2026;2;LESCANO FRANCO DARIO
2357;BELGRANO 601;ARROYITO;15/4/2026;16/4/2026;14/4/2026;FAC-A0006-00062021;Venta;P&P LOGISTICA S.R.L;74395;6;19370,72;23438,57;HECTOR IVAN HERNANDEZ;;10,00%;10;ORTEGA MILAGROS DESIREE;1020;DADA FMORAS N°2 6X750 ;3228,45;3601;;TRADITIONAL TRADE;Autoservicio Tradicional;15339;DELGADO MAYCO JOAQUIN;358,72;$;2;GRUPO PEÑAFLOR SA;4,5;0;Contado;16/4/2026 16:55;;Dada;Alto;No definido;;;Vinos del Año;PEÑAFLOR GRUPO OBJETIVO;;;20032;GRIBAUDO ESTEBAN;AXUM;;;False;154289;0;Lista General;Autoservicio Tradicional - B;12488;15/4/2026;2;LESCANO FRANCO DARIO
2357;BELGRANO 601;ARROYITO;15/4/2026;16/4/2026;14/4/2026;FAC-A0006-00062021;Venta;P&P LOGISTICA S.R.L;42376;6;27253,75;32977,03;HECTOR IVAN HERNANDEZ;;10,00%;10;ORTEGA MILAGROS DESIREE;1020;DON DAVID RED BLEND 6X 750;4542,29;3601;;TRADITIONAL TRADE;Autoservicio Tradicional;22717,14;DELGADO MAYCO JOAQUIN;504,7;$;2;GRUPO PEÑAFLOR SA;0;0;Contado;16/4/2026 16:55;;Don David;Superior;;;;Vinos del Año;PEÑAFLOR GRUPO OBJETIVO;;;20032;GRIBAUDO ESTEBAN;AXUM;;;False;154289;0;Lista General;Autoservicio Tradicional - B;12488;15/4/2026;2;LESCANO FRANCO DARIO
2357;BELGRANO 601;ARROYITO;15/4/2026;16/4/2026;14/4/2026;FAC-A0006-00062021;Venta;P&P LOGISTICA S.R.L;35104;6;10911,88;13203,37;HECTOR IVAN HERNANDEZ;;6,00%;10;ORTEGA MILAGROS DESIREE;1020;SMF ICE GREENAPPLE LAT 4X6X473;1818,65;3601;;TRADITIONAL TRADE;Autoservicio Tradicional;8882,64;DELGADO MAYCO JOAQUIN;116,08;$;2;GRUPO PEÑAFLOR SA;2,838;0;Contado;16/4/2026 16:55;;Smirnoff Ice Flavours;RTD (s);No definido;;;RTD (S);PEÑAFLOR GRUPO OBJETIVO;;;20032;GRIBAUDO ESTEBAN;AXUM;;;False;154289;0;Lista General;Autoservicio Tradicional - B;12488;15/4/2026;2;LESCANO FRANCO DARIO
1026;VELEZ SARFIELD-ROQUE SAENZ PEÑA 0;ARROYITO;15/4/2026;16/4/2026;14/4/2026;FAC-A0006-00062027;Venta;P&P LOGISTICA S.R.L;35105;6;11608,38;14046,14;YAKO DRUGSTORE S.A.S.;;0,00%;10;ORTEGA MILAGROS DESIREE;1020;SMF ICE RED BERRIE LAT 4X6X473;1934,73;3601;;TRADITIONAL TRADE;Almacen/Despensa;8882,64;DELGADO MAYCO JOAQUIN;0;$;2;GRUPO PEÑAFLOR SA;2,838;0;Contado;16/4/2026 16:55;;Smirnoff Ice Flavours;RTD (s);No definido;;;RTD (S);PEÑAFLOR GRUPO OBJETIVO;;;20032;GRIBAUDO ESTEBAN;AXUM;;;False;154339;0;Lista General;Almacen/Despensa - P;12488;15/4/2026;2;LESCANO FRANCO DARIO
637;HUMBERTO PRIMO 148;Arroyito;15/4/2026;16/4/2026;15/4/2026;FAC-A0006-00062034;Venta;P&P LOGISTICA S.R.L;30020;6;39482,93;47774,35;ZORGNIOTTI MARIA EMILIA;;6,00%;10;ORTEGA MILAGROS DESIREE;1030;SMIRNOFF GREEN APPLE DO 6X700;6580,49;3601;;TRADITIONAL TRADE;Kiosco/Maxikiosco;32124,3;DELGADO MAYCO JOAQUIN;420,03;$;2;GRUPO PEÑAFLOR SA;4,2;0;Contado;16/4/2026 16:55;;Smirnoff;Standard (S);No definido;;;Vodka;PEÑAFLOR GRUPO OBJETIVO;;;20032;GRIBAUDO ESTEBAN;AXUM;;;False;154461;0;Lista General;Kiosco/Maxikiosco - C;12493;15/4/2026;2;LESCANO FRANCO DARIO
637;HUMBERTO PRIMO 148;Arroyito;15/4/2026;16/4/2026;15/4/2026;FAC-A0006-00062034;Venta;P&P LOGISTICA S.R.L;35104;6;11608,38;14046,14;ZORGNIOTTI MARIA EMILIA;;0,00%;10;ORTEGA MILAGROS DESIREE;1030;SMF ICE GREENAPPLE LAT 4X6X473;1934,73;3601;;TRADITIONAL TRADE;Kiosco/Maxikiosco;8882,64;DELGADO MAYCO JOAQUIN;0;$;2;GRUPO PEÑAFLOR SA;2,838;0;Contado;16/4/2026 16:55;;Smirnoff Ice Flavours;RTD (s);No definido;;;RTD (S);PEÑAFLOR GRUPO OBJETIVO;;;20032;GRIBAUDO ESTEBAN;AXUM;;;False;154461;0;Lista General;Kiosco/Maxikiosco - C;12493;15/4/2026;2;LESCANO FRANCO DARIO
637;HUMBERTO PRIMO 148;Arroyito;15/4/2026;16/4/2026;15/4/2026;FAC-A0006-00062034;Venta;P&P LOGISTICA S.R.L;35105;6;11608,38;14046,14;ZORGNIOTTI MARIA EMILIA;;0,00%;10;ORTEGA MILAGROS DESIREE;1030;SMF ICE RED BERRIE LAT 4X6X473;1934,73;3601;;TRADITIONAL TRADE;Kiosco/Maxikiosco;8882,64;DELGADO MAYCO JOAQUIN;0;$;2;GRUPO PEÑAFLOR SA;2,838;0;Contado;16/4/2026 16:55;;Smirnoff Ice Flavours;RTD (s);No definido;;;RTD (S);PEÑAFLOR GRUPO OBJETIVO;;;20032;GRIBAUDO ESTEBAN;AXUM;;;False;154461;0;Lista General;Kiosco/Maxikiosco - C;12493;15/4/2026;2;LESCANO FRANCO DARIO
2520;ALEM 604;ARROYITO;15/4/2026;16/4/2026;15/4/2026;FAC-A0006-00062038;Venta;P&P LOGISTICA S.R.L;35105;12;23216,76;28092,28;LAS PEKES;;0,00%;10;ORTEGA MILAGROS DESIREE;1030;SMF ICE RED BERRIE LAT 4X6X473;1934,73;3601;;TRADITIONAL TRADE;Almacen/Despensa;17765,28;DELGADO MAYCO JOAQUIN;0;$;2;GRUPO PEÑAFLOR SA;5,676;0;Contado;16/4/2026 16:55;;Smirnoff Ice Flavours;RTD (s);No definido;;;RTD (S);PEÑAFLOR GRUPO OBJETIVO;;;20032;GRIBAUDO ESTEBAN;AXUM;;;False;154534;0;Lista General;Almacen/Despensa - B;12508;15/4/2026;2;LESCANO FRANCO DARIO
2520;ALEM 604;ARROYITO;15/4/2026;16/4/2026;15/4/2026;FAC-A0006-00062038;Venta;P&P LOGISTICA S.R.L;35104;6;11608,38;14046,14;LAS PEKES;;0,00%;10;ORTEGA MILAGROS DESIREE;1030;SMF ICE GREENAPPLE LAT 4X6X473;1934,73;3601;;TRADITIONAL TRADE;Almacen/Despensa;8882,64;DELGADO MAYCO JOAQUIN;0;$;2;GRUPO PEÑAFLOR SA;2,838;0;Contado;16/4/2026 16:55;;Smirnoff Ice Flavours;RTD (s);No definido;;;RTD (S);PEÑAFLOR GRUPO OBJETIVO;;;20032;GRIBAUDO ESTEBAN;AXUM;;;False;154534;0;Lista General;Almacen/Despensa - B;12508;15/4/2026;2;LESCANO FRANCO DARIO
7837;CURA GAUCHO 199;CURA BROCHERO;15/4/2026;15/4/2026;14/4/2026;FAC-A0008-00002449;Venta;P&P LOGISTICA S.R.L;42102;3;8864,86;10726,48;GUZMAN MARIA;;10,00%;7;JOFRE GUILLERMO AGUSTIN;7005;ELEMENTOS MALBEC 6X750 ;2954,95;3610;;TRADITIONAL TRADE;Almacen/Despensa;7019,76;CHOFER VILLA DOLORES BEBIDA;328,33;$;2;GRUPO PEÑAFLOR SA;2,25;0;Contado;;;ELEMENTOS;Alto;No definido;;;Vinos del Año;PEÑAFLOR GRUPO OBJETIVO;;;1002;BENITEZ RAUL;AXUM;;;False;154351;1;Lista General;Almacen/Despensa - B;12479;15/4/2026;BD-003;VILLAFAÑE MARIANO
7837;CURA GAUCHO 199;CURA BROCHERO;15/4/2026;15/4/2026;14/4/2026;FAC-A0008-00002449;Venta;P&P LOGISTICA S.R.L;74210;3;10189,4;12329,17;GUZMAN MARIA;;10,00%;7;JOFRE GUILLERMO AGUSTIN;7005;ALMA MORA MALBEC 6X750;3396,47;3610;;TRADITIONAL TRADE;Almacen/Despensa;8489,04;CHOFER VILLA DOLORES BEBIDA;377,39;$;2;GRUPO PEÑAFLOR SA;2,25;0;Contado;;;Alma Mora;Alto;No definido;;;Vinos del Año;PEÑAFLOR GRUPO OBJETIVO;;;1002;BENITEZ RAUL;AXUM;;;False;154351;1;Lista General;Almacen/Despensa - B;12479;15/4/2026;BD-003;VILLAFAÑE MARIANO
7837;CURA GAUCHO 199;CURA BROCHERO;15/4/2026;15/4/2026;14/4/2026;FAC-A0008-00002449;Venta;P&P LOGISTICA S.R.L;74509;3;7130,08;8627,4;GUZMAN MARIA;;10,00%;7;JOFRE GUILLERMO AGUSTIN;7005;F. LAS MORAS BCO DULCE 6X750 ;2376,69;3610;;TRADITIONAL TRADE;Almacen/Despensa;5931,72;CHOFER VILLA DOLORES BEBIDA;264,08;$;2;GRUPO PEÑAFLOR SA;2,25;0;Contado;;;Alaris;Medio Alto;No definido;;;Vinos del Año;PEÑAFLOR GRUPO OBJETIVO;;;1002;BENITEZ RAUL;AXUM;;;False;154351;1;Lista General;Almacen/Despensa - B;12479;15/4/2026;BD-003;VILLAFAÑE MARIANO
7837;CURA GAUCHO 199;CURA BROCHERO;15/4/2026;15/4/2026;14/4/2026;FAC-A0008-00002449;Venta;P&P LOGISTICA S.R.L;74816;3;8201,12;9923,35;GUZMAN MARIA;;10,00%;7;JOFRE GUILLERMO AGUSTIN;7005;CAZADOR BLANCO DULCE 6X750;2733,71;3610;;TRADITIONAL TRADE;Almacen/Despensa;6835,98;CHOFER VILLA DOLORES BEBIDA;303,75;$;2;GRUPO PEÑAFLOR SA;0;0;Contado;;;;;;;;;PEÑAFLOR GRUPO OBJETIVO;;;1002;BENITEZ RAUL;AXUM;;;False;154351;1;Lista General;Almacen/Despensa - B;12479;15/4/2026;BD-003;VILLAFAÑE MARIANO
7837;CURA GAUCHO 199;CURA BROCHERO;15/4/2026;15/4/2026;14/4/2026;FAC-A0008-00002449;Venta;P&P LOGISTICA S.R.L;74827;3;10189,75;12329,59;GUZMAN MARIA;;10,00%;7;JOFRE GUILLERMO AGUSTIN;7005;ALMA MORA BLANCO DULCE LOW 6X750;3396,58;3610;;TRADITIONAL TRADE;Almacen/Despensa;8493,57;CHOFER VILLA DOLORES BEBIDA;377,4;$;2;GRUPO PEÑAFLOR SA;0;0;Contado;;;;Alto;;;;Vinos del Año;PEÑAFLOR GRUPO OBJETIVO;;;1002;BENITEZ RAUL;AXUM;;;False;154351;1;Lista General;Almacen/Despensa - B;12479;15/4/2026;BD-003;VILLAFAÑE MARIANO
8027;AV BELGRANO 21;CURA BROCHERO;15/4/2026;15/4/2026;14/4/2026;FAC-A0008-00002450;Venta;P&P LOGISTICA S.R.L;74210;3;10189,4;12329,17;BUSTOS LUCIANA 63;;10,00%;7;JOFRE GUILLERMO AGUSTIN;7005;ALMA MORA MALBEC 6X750;3396,47;3610;;TRADITIONAL TRADE;Almacen/Despensa;8489,04;CHOFER VILLA DOLORES BEBIDA;377,39;$;2;GRUPO PEÑAFLOR SA;2,25;0;Contado;;;Alma Mora;Alto;No definido;;;Vinos del Año;PEÑAFLOR GRUPO OBJETIVO;;;1002;BENITEZ RAUL;AXUM;;Revisar Orden;False;154208;1;Lista General;Almacen/Despensa - B;12489;15/4/2026;BD-003;VILLAFAÑE MARIANO
8027;AV BELGRANO 21;CURA BROCHERO;15/4/2026;15/4/2026;14/4/2026;FAC-A0008-00002450;Venta;P&P LOGISTICA S.R.L;74504;3;9685,36;11719,28;BUSTOS LUCIANA 63;;10,00%;7;JOFRE GUILLERMO AGUSTIN;7005;DADA ART MALBEC 6X750;3228,45;3610;;TRADITIONAL TRADE;Almacen/Despensa;8073,15;CHOFER VILLA DOLORES BEBIDA;358,72;$;2;GRUPO PEÑAFLOR SA;2,25;0;Contado;;;Dada;Alto;No definido;;;Vinos del Año;PEÑAFLOR GRUPO OBJETIVO;;;1002;BENITEZ RAUL;AXUM;;Revisar Orden;False;154208;1;Lista General;Almacen/Despensa - B;12489;15/4/2026;BD-003;VILLAFAÑE MARIANO
8027;AV BELGRANO 21;CURA BROCHERO;15/4/2026;15/4/2026;14/4/2026;FAC-A0008-00002450;Venta;P&P LOGISTICA S.R.L;42102;3;8864,86;10726,48;BUSTOS LUCIANA 63;;10,00%;7;JOFRE GUILLERMO AGUSTIN;7005;ELEMENTOS MALBEC 6X750 ;2954,95;3610;;TRADITIONAL TRADE;Almacen/Despensa;7019,76;CHOFER VILLA DOLORES BEBIDA;328,33;$;2;GRUPO PEÑAFLOR SA;2,25;0;Contado;;;ELEMENTOS;Alto;No definido;;;Vinos del Año;PEÑAFLOR GRUPO OBJETIVO;;;1002;BENITEZ RAUL;AXUM;;Revisar Orden;False;154208;1;Lista General;Almacen/Despensa - B;12489;15/4/2026;BD-003;VILLAFAÑE MARIANO
8027;AV BELGRANO 21;CURA BROCHERO;15/4/2026;15/4/2026;14/4/2026;FAC-A0008-00002450;Venta;P&P LOGISTICA S.R.L;72859;3;7130,08;8627,4;BUSTOS LUCIANA 63;;10,00%;7;JOFRE GUILLERMO AGUSTIN;7005;F.LAS MORAS MALBEC 6X750;2376,69;3610;;TRADITIONAL TRADE;Almacen/Despensa;5931,72;CHOFER VILLA DOLORES BEBIDA;264,08;$;2;GRUPO PEÑAFLOR SA;2,25;0;Contado;;;Finca Las Moras;Medio Alto;No definido;;;Vinos del Año;PEÑAFLOR GRUPO OBJETIVO;;;1002;BENITEZ RAUL;AXUM;;Revisar Orden;False;154208;1;Lista General;Almacen/Despensa - B;12489;15/4/2026;BD-003;VILLAFAÑE MARIANO
8027;AV BELGRANO 21;CURA BROCHERO;15/4/2026;15/4/2026;14/4/2026;FAC-A0008-00002450;Venta;P&P LOGISTICA S.R.L;74509;3;7130,08;8627,4;BUSTOS LUCIANA 63;;10,00%;7;JOFRE GUILLERMO AGUSTIN;7005;F. LAS MORAS BCO DULCE 6X750 ;2376,69;3610;;TRADITIONAL TRADE;Almacen/Despensa;5931,72;CHOFER VILLA DOLORES BEBIDA;264,08;$;2;GRUPO PEÑAFLOR SA;2,25;0;Contado;;;Alaris;Medio Alto;No definido;;;Vinos del Año;PEÑAFLOR GRUPO OBJETIVO;;;1002;BENITEZ RAUL;AXUM;;Revisar Orden;False;154208;1;Lista General;Almacen/Despensa - B;12489;15/4/2026;BD-003;VILLAFAÑE MARIANO
8027;AV BELGRANO 21;CURA BROCHERO;15/4/2026;15/4/2026;14/4/2026;FAC-A0008-00002450;Venta;P&P LOGISTICA S.R.L;74395;3;9685,36;11719,28;BUSTOS LUCIANA 63;;10,00%;7;JOFRE GUILLERMO AGUSTIN;7005;DADA FMORAS N°2 6X750 ;3228,45;3610;;TRADITIONAL TRADE;Almacen/Despensa;7669,5;CHOFER VILLA DOLORES BEBIDA;358,72;$;2;GRUPO PEÑAFLOR SA;2,25;0;Contado;;;Dada;Alto;No definido;;;Vinos del Año;PEÑAFLOR GRUPO OBJETIVO;;;1002;BENITEZ RAUL;AXUM;;Revisar Orden;False;154208;1;Lista General;Almacen/Despensa - B;12489;15/4/2026;BD-003;VILLAFAÑE MARIANO
8027;AV BELGRANO 21;CURA BROCHERO;15/4/2026;15/4/2026;14/4/2026;FAC-A0008-00002450;Venta;P&P LOGISTICA S.R.L;30022;12;69725,18;84367,47;BUSTOS LUCIANA 63;;17,00%;7;JOFRE GUILLERMO AGUSTIN;7005;SMIRNOFF RASPBERRY DO 6X700;5810,43;3610;;TRADITIONAL TRADE;Almacen/Despensa;64248,6;CHOFER VILLA DOLORES BEBIDA;1190,09;$;2;GRUPO PEÑAFLOR SA;8,4;0;Contado;;;Smirnoff;Standard (S);No definido;;;Vodka;PEÑAFLOR GRUPO OBJETIVO;;;1002;BENITEZ RAUL;AXUM;;Revisar Orden;False;154208;1;Lista General;Almacen/Despensa - B;12489;15/4/2026;BD-003;VILLAFAÑE MARIANO
8027;AV BELGRANO 21;CURA BROCHERO;15/4/2026;15/4/2026;14/4/2026;FAC-A0008-00002450;Venta;P&P LOGISTICA S.R.L;30020;6;34862,59;42183,73;BUSTOS LUCIANA 63;;17,00%;7;JOFRE GUILLERMO AGUSTIN;7005;SMIRNOFF GREEN APPLE DO 6X700;5810,43;3610;;TRADITIONAL TRADE;Almacen/Despensa;32124,3;CHOFER VILLA DOLORES BEBIDA;1190,09;$;2;GRUPO PEÑAFLOR SA;4,2;0;Contado;;;Smirnoff;Standard (S);No definido;;;Vodka;PEÑAFLOR GRUPO OBJETIVO;;;1002;BENITEZ RAUL;AXUM;;Revisar Orden;False;154208;1;Lista General;Almacen/Despensa - B;12489;15/4/2026;BD-003;VILLAFAÑE MARIANO
8027;AV BELGRANO 21;CURA BROCHERO;15/4/2026;15/4/2026;14/4/2026;FAC-A0008-00002450;Venta;P&P LOGISTICA S.R.L;30135;6;34862,59;42183,73;BUSTOS LUCIANA 63;;17,00%;7;JOFRE GUILLERMO AGUSTIN;7005;SMIRNOFF TAMARINDO 6 X 700;5810,43;3610;;TRADITIONAL TRADE;Almacen/Despensa;32140,38;CHOFER VILLA DOLORES BEBIDA;1190,09;$;2;GRUPO PEÑAFLOR SA;0;0;Contado;;;Smirnoff;Standard (S);No definido;;;Vodka;PEÑAFLOR GRUPO OBJETIVO;;;1002;BENITEZ RAUL;AXUM;;Revisar Orden;False;154208;1;Lista General;Almacen/Despensa - B;12489;15/4/2026;BD-003;VILLAFAÑE MARIANO
8157;JUAN B JUSTO 648 648;VILLA DOLORES;15/4/2026;16/4/2026;15/4/2026;FAC-A0008-00002451;Venta;P&P LOGISTICA S.R.L;42101;3;9258,85;11203,21;CARRERA MONICA CRISTINA ;;6,00%;9;SANCHEZ FERNANDO JAVIER;9005;ELEMENTOS CABSAUV 6X750 ;3086,28;3615;;TRADITIONAL TRADE;Almacen/Despensa;7389,21;CHOFER VILLA DOLORES BEBIDA;197;$;2;GRUPO PEÑAFLOR SA;2,25;0;Contado;;;ELEMENTOS;Alto;No definido;;;Vinos del Año;PEÑAFLOR GRUPO OBJETIVO;;;1002;BENITEZ RAUL;AXUM;;;False;154464;1;Lista General;Almacen/Despensa - B;12511;15/4/2026;BD-003;VILLAFAÑE MARIANO
8157;JUAN B JUSTO 648 648;VILLA DOLORES;15/4/2026;16/4/2026;15/4/2026;FAC-A0008-00002451;Venta;P&P LOGISTICA S.R.L;74395;3;10115,82;12240,14;CARRERA MONICA CRISTINA ;;6,00%;9;SANCHEZ FERNANDO JAVIER;9005;DADA FMORAS N°2 6X750 ;3371,94;3615;;TRADITIONAL TRADE;Almacen/Despensa;7669,5;CHOFER VILLA DOLORES BEBIDA;215,23;$;2;GRUPO PEÑAFLOR SA;2,25;0;Contado;;;Dada;Alto;No definido;;;Vinos del Año;PEÑAFLOR GRUPO OBJETIVO;;;1002;BENITEZ RAUL;AXUM;;;False;154464;1;Lista General;Almacen/Despensa - B;12511;15/4/2026;BD-003;VILLAFAÑE MARIANO
7939;JORGE RECALDE 1853;MINA CLAVERO;15/4/2026;16/4/2026;15/4/2026;FAC-A0008-00002452;Venta;P&P LOGISTICA S.R.L;35105;12;23216,76;28092,28;LACAMORIA MARIA;;0,00%;7;JOFRE GUILLERMO AGUSTIN;7004;SMF ICE RED BERRIE LAT 4X6X473;1934,73;3614;;TRADITIONAL TRADE;Almacen/Despensa;17765,28;CHOFER VILLA DOLORES BEBIDA;0;$;2;GRUPO PEÑAFLOR SA;5,676;0;Contado;;;Smirnoff Ice Flavours;RTD (s);No definido;;;RTD (S);PEÑAFLOR GRUPO OBJETIVO;;;1002;BENITEZ RAUL;AXUM;;;False;154510;1;Lista General;Almacen/Despensa - B;12512;1/1/2000;;
7939;JORGE RECALDE 1853;MINA CLAVERO;15/4/2026;16/4/2026;15/4/2026;FAC-A0008-00002452;Venta;P&P LOGISTICA S.R.L;14583;12;24171;29246,91;LACAMORIA MARIA;;0,00%;7;JOFRE GUILLERMO AGUSTIN;7004;FRIZZE EVOL BLUE NEW X1000;2014,25;3614;;TRADITIONAL TRADE;Almacen/Despensa;18132,84;CHOFER VILLA DOLORES BEBIDA;0;$;2;GRUPO PEÑAFLOR SA;12;0;Contado;;;#¿NOMBRE?;RTD (S);No definido;;;RTD (S);PEÑAFLOR GRUPO OBJETIVO;;;1002;BENITEZ RAUL;AXUM;;;False;154510;1;Lista General;Almacen/Despensa - B;12512;1/1/2000;;
10103;XXXXXXXXXXXXXX 0;LA FRANCIA;15/4/2026;15/4/2026;15/4/2026;FAC-B0006-00013156;Venta;P&P LOGISTICA S.R.L;42102;6;19699,68;23836,61;MOSTRADOR LA FCIA;;0,00%;20;DEPOSITO;99;ELEMENTOS MALBEC 6X750 ;3283,28;;;AWAY FROM HOME;Temporada;14039,52;;0;$;2;GRUPO PEÑAFLOR SA;4,5;0;Contado;15/4/2026 11:40;;ELEMENTOS;Alto;No definido;;;Vinos del Año;PEÑAFLOR GRUPO OBJETIVO;;;;;Gescom;;;True;154493;0;Lista General;Temporada - C;;1/1/2000;;
281;PUEYRREDON 176;BRINKMANN;15/4/2026;16/4/2026;15/4/2026;FAC-B0006-00013160;Venta;P&P LOGISTICA S.R.L;74509;3;7922,31;9586;CALUVA MARISEL DE LOS ANGELES;;0,00%;4;GRIBAUDO ANGEL;4030;F. LAS MORAS BCO DULCE 6X750 ;2640,77;3608;;TRADITIONAL TRADE;Almacen/Despensa;5931,72;ACOSTA FACUNDO;0;$;2;GRUPO PEÑAFLOR SA;2,25;0;Contado;16/4/2026 16:36;;Alaris;Medio Alto;No definido;;;Vinos del Año;PEÑAFLOR GRUPO OBJETIVO;;;20032;GRIBAUDO ESTEBAN;AXUM;;;False;154430;0;Lista General;Almacen/Despensa - A;12491;15/4/2026;20000;MOLINA JUAN
281;PUEYRREDON 176;BRINKMANN;15/4/2026;16/4/2026;15/4/2026;FAC-B0006-00013160;Venta;P&P LOGISTICA S.R.L;74510;3;7922,31;9586;CALUVA MARISEL DE LOS ANGELES;;0,00%;4;GRIBAUDO ANGEL;4030;F. LAS MORAS ROSADO 6X750 ;2640,77;3608;;TRADITIONAL TRADE;Almacen/Despensa;6243,93;ACOSTA FACUNDO;0;$;2;GRUPO PEÑAFLOR SA;2,25;0;Contado;16/4/2026 16:36;;Alaris;Medio Alto;No definido;;;Vinos del Año;PEÑAFLOR GRUPO OBJETIVO;;;20032;GRIBAUDO ESTEBAN;AXUM;;;False;154430;0;Lista General;Almacen/Despensa - A;12491;15/4/2026;20000;MOLINA JUAN
638;JOSE M. ESTRADA 1372;BRINKMANN;15/4/2026;16/4/2026;15/4/2026;FAC-B0006-00013163;Venta;P&P LOGISTICA S.R.L;14590;12;15264,72;18470,31;DALMAU RUBEN DARIO;;0,00%;4;GRIBAUDO ANGEL;4030;TERMIDOR BLANCO 12X1L ;1272,06;3608;;TRADITIONAL TRADE;Almacen/Despensa;24000;ACOSTA FACUNDO;0;$;2;GRUPO PEÑAFLOR SA;12;0;Contado;16/4/2026 16:36;;#¿NOMBRE?;Vinos de Mesa;No definido;;;Vinos de Mesa;PEÑAFLOR GRUPO OBJETIVO;;;20032;GRIBAUDO ESTEBAN;AXUM;;;False;154435;0;Lista General;Almacen/Despensa - A;12491;15/4/2026;20000;MOLINA JUAN
139;ALICIA ROSSI DE COMBA 0;El Fuertecito;15/4/2026;16/4/2026;14/4/2026;FAC-B0006-00013175;Venta;P&P LOGISTICA S.R.L;30022;6;39482,93;47774,35;DALMAZZO FAVIO ALEXIS;;6,00%;10;ORTEGA MILAGROS DESIREE;1020;SMIRNOFF RASPBERRY DO 6X700;6580,49;3601;;TRADITIONAL TRADE;Almacen/Despensa;32124,3;DELGADO MAYCO JOAQUIN;420,03;$;2;GRUPO PEÑAFLOR SA;4,2;0;Contado;16/4/2026 16:55;;Smirnoff;Standard (S);No definido;;;Vodka;PEÑAFLOR GRUPO OBJETIVO;;;20032;GRIBAUDO ESTEBAN;AXUM;;;False;154353;0;Lista General;Almacen/Despensa - B;12488;14/4/2026;2;LESCANO FRANCO DARIO
139;ALICIA ROSSI DE COMBA 0;El Fuertecito;15/4/2026;16/4/2026;14/4/2026;FAC-B0006-00013175;Venta;P&P LOGISTICA S.R.L;30020;3;19741,47;23887,17;DALMAZZO FAVIO ALEXIS;;6,00%;10;ORTEGA MILAGROS DESIREE;1020;SMIRNOFF GREEN APPLE DO 6X700;6580,49;3601;;TRADITIONAL TRADE;Almacen/Despensa;16062,15;DELGADO MAYCO JOAQUIN;420,03;$;2;GRUPO PEÑAFLOR SA;2,1;0;Contado;16/4/2026 16:55;;Smirnoff;Standard (S);No definido;;;Vodka;PEÑAFLOR GRUPO OBJETIVO;;;20032;GRIBAUDO ESTEBAN;AXUM;;;False;154353;0;Lista General;Almacen/Despensa - B;12488;14/4/2026;2;LESCANO FRANCO DARIO
139;ALICIA ROSSI DE COMBA 0;El Fuertecito;15/4/2026;16/4/2026;14/4/2026;FAC-B0006-00013175;Venta;P&P LOGISTICA S.R.L;30131;3;19741,47;23887,17;DALMAZZO FAVIO ALEXIS;;6,00%;10;ORTEGA MILAGROS DESIREE;1020;SMIRNOFF TROPICAL FRUITS 6X700;6580,49;3601;;TRADITIONAL TRADE;Almacen/Despensa;16062,15;DELGADO MAYCO JOAQUIN;420,03;$;2;GRUPO PEÑAFLOR SA;2,1;0;Contado;16/4/2026 16:55;;Smirnoff;Standard (S);No definido;;;Vodka;PEÑAFLOR GRUPO OBJETIVO;;;20032;GRIBAUDO ESTEBAN;AXUM;;;False;154353;0;Lista General;Almacen/Despensa - B;12488;14/4/2026;2;LESCANO FRANCO DARIO
89;AV MARIAN O MORENO ESQ RIVADAVIA 0;Arroyito;15/4/2026;16/4/2026;14/4/2026;FAC-B0006-00013176;Venta;P&P LOGISTICA S.R.L;30022;12;78965,87;95548,7;LUNA JESICA PAOLA;;6,00%;10;ORTEGA MILAGROS DESIREE;1020;SMIRNOFF RASPBERRY DO 6X700;6580,49;3601;;TRADITIONAL TRADE;Kiosco/Maxikiosco;64248,6;DELGADO MAYCO JOAQUIN;420,03;$;2;GRUPO PEÑAFLOR SA;8,4;0;Contado;16/4/2026 16:55;;Smirnoff;Standard (S);No definido;;;Vodka;PEÑAFLOR GRUPO OBJETIVO;;;20032;GRIBAUDO ESTEBAN;AXUM;;;False;154397;0;Lista General;Kiosco/Maxikiosco - P;12490;15/4/2026;20000;MOLINA JUAN
89;AV MARIAN O MORENO ESQ RIVADAVIA 0;Arroyito;15/4/2026;16/4/2026;14/4/2026;FAC-B0006-00013176;Venta;P&P LOGISTICA S.R.L;30020;6;39482,93;47774,35;LUNA JESICA PAOLA;;6,00%;10;ORTEGA MILAGROS DESIREE;1020;SMIRNOFF GREEN APPLE DO 6X700;6580,49;3601;;TRADITIONAL TRADE;Kiosco/Maxikiosco;32124,3;DELGADO MAYCO JOAQUIN;420,03;$;2;GRUPO PEÑAFLOR SA;4,2;0;Contado;16/4/2026 16:55;;Smirnoff;Standard (S);No definido;;;Vodka;PEÑAFLOR GRUPO OBJETIVO;;;20032;GRIBAUDO ESTEBAN;AXUM;;;False;154397;0;Lista General;Kiosco/Maxikiosco - P;12490;15/4/2026;20000;MOLINA JUAN
89;AV MARIAN O MORENO ESQ RIVADAVIA 0;Arroyito;15/4/2026;16/4/2026;14/4/2026;FAC-B0006-00013176;Venta;P&P LOGISTICA S.R.L;30131;6;39482,93;47774,35;LUNA JESICA PAOLA;;6,00%;10;ORTEGA MILAGROS DESIREE;1020;SMIRNOFF TROPICAL FRUITS 6X700;6580,49;3601;;TRADITIONAL TRADE;Kiosco/Maxikiosco;32124,3;DELGADO MAYCO JOAQUIN;420,03;$;2;GRUPO PEÑAFLOR SA;4,2;0;Contado;16/4/2026 16:55;;Smirnoff;Standard (S);No definido;;;Vodka;PEÑAFLOR GRUPO OBJETIVO;;;20032;GRIBAUDO ESTEBAN;AXUM;;;False;154397;0;Lista General;Kiosco/Maxikiosco - P;12490;15/4/2026;20000;MOLINA JUAN
89;AV MARIAN O MORENO ESQ RIVADAVIA 0;Arroyito;15/4/2026;16/4/2026;14/4/2026;FAC-B0006-00013176;Venta;P&P LOGISTICA S.R.L;30134;6;60640,43;73374,93;LUNA JESICA PAOLA;;6,00%;10;ORTEGA MILAGROS DESIREE;1020;GORDON´S PINK GIN 6X700;10106,74;3601;;TRADITIONAL TRADE;Kiosco/Maxikiosco;49363,26;DELGADO MAYCO JOAQUIN;645,11;$;2;GRUPO PEÑAFLOR SA;0;0;Contado;16/4/2026 16:55;;#¿NOMBRE?;Standard (S);No definido;;-No Definido-;Gin;PEÑAFLOR GRUPO OBJETIVO;;;20032;GRIBAUDO ESTEBAN;AXUM;;;False;154397;0;Lista General;Kiosco/Maxikiosco - P;12490;15/4/2026;20000;MOLINA JUAN
89;AV MARIAN O MORENO ESQ RIVADAVIA 0;Arroyito;15/4/2026;16/4/2026;14/4/2026;FAC-B0006-00013176;Venta;P&P LOGISTICA S.R.L;74210;6;21284,51;25754,26;LUNA JESICA PAOLA;;6,00%;10;ORTEGA MILAGROS DESIREE;1020;ALMA MORA MALBEC 6X750;3547,42;3601;;TRADITIONAL TRADE;Kiosco/Maxikiosco;16978,08;DELGADO MAYCO JOAQUIN;226,43;$;2;GRUPO PEÑAFLOR SA;4,5;0;Contado;16/4/2026 16:55;;Alma Mora;Alto;No definido;;;Vinos del Año;PEÑAFLOR GRUPO OBJETIVO;;;20032;GRIBAUDO ESTEBAN;AXUM;;;False;154397;0;Lista General;Kiosco/Maxikiosco - P;12490;15/4/2026;20000;MOLINA JUAN
1098;JOSE QUINTELA 1315;Arroyito;15/4/2026;16/4/2026;15/4/2026;FAC-B0006-00013183;Venta;P&P LOGISTICA S.R.L;74395;3;9685,36;11719,28;LA FAMILIA;;10,00%;10;ORTEGA MILAGROS DESIREE;1030;DADA FMORAS N°2 6X750 ;3228,45;3601;;TRADITIONAL TRADE;Almacen/Despensa;7669,5;DELGADO MAYCO JOAQUIN;358,72;$;2;GRUPO PEÑAFLOR SA;2,25;0;Contado;16/4/2026 16:55;;Dada;Alto;No definido;;;Vinos del Año;PEÑAFLOR GRUPO OBJETIVO;;;20032;GRIBAUDO ESTEBAN;AXUM;;;False;154506;0;Lista General;Almacen/Despensa - B;12502;15/4/2026;20000;MOLINA JUAN
1098;JOSE QUINTELA 1315;Arroyito;15/4/2026;16/4/2026;15/4/2026;FAC-B0006-00013183;Venta;P&P LOGISTICA S.R.L;72859;3;7130,08;8627,4;LA FAMILIA;;10,00%;10;ORTEGA MILAGROS DESIREE;1030;F.LAS MORAS MALBEC 6X750;2376,69;3601;;TRADITIONAL TRADE;Almacen/Despensa;5931,72;DELGADO MAYCO JOAQUIN;264,08;$;2;GRUPO PEÑAFLOR SA;2,25;0;Contado;16/4/2026 16:55;;Finca Las Moras;Medio Alto;No definido;;;Vinos del Año;PEÑAFLOR GRUPO OBJETIVO;;;20032;GRIBAUDO ESTEBAN;AXUM;;;False;154506;0;Lista General;Almacen/Despensa - B;12502;15/4/2026;20000;MOLINA JUAN
1098;JOSE QUINTELA 1315;Arroyito;15/4/2026;16/4/2026;15/4/2026;FAC-B0006-00013183;Venta;P&P LOGISTICA S.R.L;74146;3;13819,66;16721,79;LA FAMILIA;;6,00%;10;ORTEGA MILAGROS DESIREE;1030;FOND CAVE MALBEC 6X750 ;4606,55;3601;;TRADITIONAL TRADE;Almacen/Despensa;11029,08;DELGADO MAYCO JOAQUIN;294,04;$;2;GRUPO PEÑAFLOR SA;2,25;0;Contado;16/4/2026 16:55;;Fond De Cave;Superior;No definido;;;Vinos del Año;PEÑAFLOR GRUPO OBJETIVO;;;20032;GRIBAUDO ESTEBAN;AXUM;;;False;154506;0;Lista General;Almacen/Despensa - B;12502;15/4/2026;20000;MOLINA JUAN
1098;JOSE QUINTELA 1315;Arroyito;15/4/2026;16/4/2026;15/4/2026;FAC-B0006-00013183;Venta;P&P LOGISTICA S.R.L;74840;3;7706,3;9324,62;LA FAMILIA;;6,00%;10;ORTEGA MILAGROS DESIREE;1030;ALARIS D.COSECHA TINTO 6X750;2568,77;3601;;TRADITIONAL TRADE;Almacen/Despensa;6461,37;DELGADO MAYCO JOAQUIN;163,96;$;2;GRUPO PEÑAFLOR SA;0;0;Contado;16/4/2026 16:55;;Alaris;Medio Alto;;;;Vinos del Año;PEÑAFLOR GRUPO OBJETIVO;;;20032;GRIBAUDO ESTEBAN;AXUM;;;False;154506;0;Lista General;Almacen/Despensa - B;12502;15/4/2026;20000;MOLINA JUAN
1098;JOSE QUINTELA 1315;Arroyito;15/4/2026;16/4/2026;15/4/2026;FAC-B0006-00013183;Venta;P&P LOGISTICA S.R.L;35105;6;11608,38;14046,14;LA FAMILIA;;0,00%;10;ORTEGA MILAGROS DESIREE;1030;SMF ICE RED BERRIE LAT 4X6X473;1934,73;3601;;TRADITIONAL TRADE;Almacen/Despensa;8882,64;DELGADO MAYCO JOAQUIN;0;$;2;GRUPO PEÑAFLOR SA;2,838;0;Contado;16/4/2026 16:55;;Smirnoff Ice Flavours;RTD (s);No definido;;;RTD (S);PEÑAFLOR GRUPO OBJETIVO;;;20032;GRIBAUDO ESTEBAN;AXUM;;;False;154506;0;Lista General;Almacen/Despensa - B;12502;15/4/2026;20000;MOLINA JUAN
1098;JOSE QUINTELA 1315;Arroyito;15/4/2026;16/4/2026;15/4/2026;FAC-B0006-00013183;Venta;P&P LOGISTICA S.R.L;35104;6;11608,38;14046,14;LA FAMILIA;;0,00%;10;ORTEGA MILAGROS DESIREE;1030;SMF ICE GREENAPPLE LAT 4X6X473;1934,73;3601;;TRADITIONAL TRADE;Almacen/Despensa;8882,64;DELGADO MAYCO JOAQUIN;0;$;2;GRUPO PEÑAFLOR SA;2,838;0;Contado;16/4/2026 16:55;;Smirnoff Ice Flavours;RTD (s);No definido;;;RTD (S);PEÑAFLOR GRUPO OBJETIVO;;;20032;GRIBAUDO ESTEBAN;AXUM;;;False;154506;0;Lista General;Almacen/Despensa - B;12502;15/4/2026;20000;MOLINA JUAN
269;PEÑALOZA ESQ LAVALLE 0;Arroyito;15/4/2026;16/4/2026;15/4/2026;FAC-B0006-00013184;Venta;P&P LOGISTICA S.R.L;35105;6;11608,38;14046,14;ROMAN GASTON;;0,00%;10;ORTEGA MILAGROS DESIREE;1030;SMF ICE RED BERRIE LAT 4X6X473;1934,73;3601;;TRADITIONAL TRADE;Fiambreria;8882,64;DELGADO MAYCO JOAQUIN;0;$;2;GRUPO PEÑAFLOR SA;2,838;0;Contado;16/4/2026 16:55;;Smirnoff Ice Flavours;RTD (s);No definido;;;RTD (S);PEÑAFLOR GRUPO OBJETIVO;;;20032;GRIBAUDO ESTEBAN;AXUM;;;False;154508;0;Lista General;Fiambreria - B;12502;15/4/2026;20000;MOLINA JUAN
269;PEÑALOZA ESQ LAVALLE 0;Arroyito;15/4/2026;16/4/2026;15/4/2026;FAC-B0006-00013184;Venta;P&P LOGISTICA S.R.L;35104;6;11608,38;14046,14;ROMAN GASTON;;0,00%;10;ORTEGA MILAGROS DESIREE;1030;SMF ICE GREENAPPLE LAT 4X6X473;1934,73;3601;;TRADITIONAL TRADE;Fiambreria;8882,64;DELGADO MAYCO JOAQUIN;0;$;2;GRUPO PEÑAFLOR SA;2,838;0;Contado;16/4/2026 16:55;;Smirnoff Ice Flavours;RTD (s);No definido;;;RTD (S);PEÑAFLOR GRUPO OBJETIVO;;;20032;GRIBAUDO ESTEBAN;AXUM;;;False;154508;0;Lista General;Fiambreria - B;12502;15/4/2026;20000;MOLINA JUAN
269;PEÑALOZA ESQ LAVALLE 0;Arroyito;15/4/2026;16/4/2026;15/4/2026;FAC-B0006-00013184;Venta;P&P LOGISTICA S.R.L;35103;6;10447,54;12641,53;ROMAN GASTON;;10,00%;10;ORTEGA MILAGROS DESIREE;1030;SMIRNOFF ICE LATA 4X6X473;1741,26;3601;;TRADITIONAL TRADE;Fiambreria;8882,64;DELGADO MAYCO JOAQUIN;193,47;$;2;GRUPO PEÑAFLOR SA;2,838;0;Contado;16/4/2026 16:55;;Smirnoff Ice;RTD (s);No definido;;;RTD (S);PEÑAFLOR GRUPO OBJETIVO;;;20032;GRIBAUDO ESTEBAN;AXUM;;;False;154508;0;Lista General;Fiambreria - B;12502;15/4/2026;20000;MOLINA JUAN
1349;URQUIZA ESQ AVELLANEDA 202;Arroyito;15/4/2026;16/4/2026;15/4/2026;FAC-B0006-00013185;Venta;P&P LOGISTICA S.R.L;35105;6;11608,38;14046,14;INZAGHI ALEJANDRA INES;;0,00%;10;ORTEGA MILAGROS DESIREE;1030;SMF ICE RED BERRIE LAT 4X6X473;1934,73;3601;;TRADITIONAL TRADE;Almacen/Despensa;8882,64;DELGADO MAYCO JOAQUIN;0;$;2;GRUPO PEÑAFLOR SA;2,838;0;Contado;16/4/2026 16:55;;Smirnoff Ice Flavours;RTD (s);No definido;;;RTD (S);PEÑAFLOR GRUPO OBJETIVO;;;20032;GRIBAUDO ESTEBAN;AXUM;;;False;154509;0;Lista General;Almacen/Despensa - A;12502;15/4/2026;20000;MOLINA JUAN
2327;ALFONSINA STORNI 1530;ARROYITO;15/4/2026;16/4/2026;15/4/2026;FAC-B0006-00013188;Venta;P&P LOGISTICA S.R.L;14619;6;11481,23;13892,28;CABRERA LAURA;;5,00%;10;ORTEGA MILAGROS DESIREE;1030;FRIZZE BUBBLE MOOD 6X1000;1913,54;3601;;TRADITIONAL TRADE;Almacen/Despensa;9066,42;DELGADO MAYCO JOAQUIN;100,71;$;2;GRUPO PEÑAFLOR SA;0;0;Contado;16/4/2026 16:55;;;;;;;;PEÑAFLOR GRUPO OBJETIVO;;;20032;GRIBAUDO ESTEBAN;AXUM;;Revisar Orden;False;154507;0;Lista General;Almacen/Despensa - B;12510;15/4/2026;2;LESCANO FRANCO DARIO
8053;LAS HERAS 115;CURA BROCHERO;15/4/2026;15/4/2026;14/4/2026;FAC-B0008-00000514;Venta;P&P LOGISTICA S.R.L;74210;6;20378,79;24658,34;IRRAZABAL EDGARDO JOSE ANTONIO;;10,00%;7;JOFRE GUILLERMO AGUSTIN;7005;ALMA MORA MALBEC 6X750;3396,47;3610;;TRADITIONAL TRADE;Autoservicio Tradicional;16978,08;CHOFER VILLA DOLORES BEBIDA;377,39;$;2;GRUPO PEÑAFLOR SA;4,5;0;Contado;;;Alma Mora;Alto;No definido;;;Vinos del Año;PEÑAFLOR GRUPO OBJETIVO;;;1002;BENITEZ RAUL;AXUM;;;False;154193;1;Lista General;Autoservicio Tradicional - B;12469;15/4/2026;BD-003;VILLAFAÑE MARIANO
8053;LAS HERAS 115;CURA BROCHERO;15/4/2026;15/4/2026;14/4/2026;FAC-B0008-00000514;Venta;P&P LOGISTICA S.R.L;35105;6;11608,38;14046,14;IRRAZABAL EDGARDO JOSE ANTONIO;;0,00%;7;JOFRE GUILLERMO AGUSTIN;7005;SMF ICE RED BERRIE LAT 4X6X473;1934,73;3610;;TRADITIONAL TRADE;Autoservicio Tradicional;8882,64;CHOFER VILLA DOLORES BEBIDA;0;$;2;GRUPO PEÑAFLOR SA;2,838;0;Contado;;;Smirnoff Ice Flavours;RTD (s);No definido;;;RTD (S);PEÑAFLOR GRUPO OBJETIVO;;;1002;BENITEZ RAUL;AXUM;;;False;154193;1;Lista General;Autoservicio Tradicional - B;12469;15/4/2026;BD-003;VILLAFAÑE MARIANO
751;BELGRANO ESQ CHAMPAQUI 0;Villa de las Rosas;15/4/2026;14/4/2026;14/4/2026;FAC-B0008-00000515;Venta;P&P LOGISTICA S.R.L;72859;3;7446,97;9010,84;OVIEDO CLAUDIA ALEJANDRA;;6,00%;9;SANCHEZ FERNANDO JAVIER;9005;F.LAS MORAS MALBEC 6X750;2482,32;3604;;TRADITIONAL TRADE;Autoservicio Tradicional;5931,72;CHOFER VILLA DOLORES BEBIDA;158,45;$;2;GRUPO PEÑAFLOR SA;2,25;0;Contado;;;Finca Las Moras;Medio Alto;No definido;;;Vinos del Año;PEÑAFLOR GRUPO OBJETIVO;;;1002;BENITEZ RAUL;AXUM;;;False;154172;1;Lista General;Autoservicio Tradicional - C;12469;15/4/2026;BD-003;VILLAFAÑE MARIANO
751;BELGRANO ESQ CHAMPAQUI 0;Villa de las Rosas;15/4/2026;14/4/2026;14/4/2026;FAC-B0008-00000515;Venta;P&P LOGISTICA S.R.L;80007;3;8582,19;10384,45;OVIEDO CLAUDIA ALEJANDRA;;6,00%;9;SANCHEZ FERNANDO JAVIER;9005;LOS ARBOLES SEL CABERNET 6X750;2860,73;3604;;TRADITIONAL TRADE;Autoservicio Tradicional;7195,77;CHOFER VILLA DOLORES BEBIDA;182,6;$;2;GRUPO PEÑAFLOR SA;2,25;0;Contado;;;;Medio Alto;No definido;;;Vinos del Año;PEÑAFLOR GRUPO OBJETIVO;;;1002;BENITEZ RAUL;AXUM;;;False;154172;1;Lista General;Autoservicio Tradicional - C;12469;15/4/2026;BD-003;VILLAFAÑE MARIANO
751;BELGRANO ESQ CHAMPAQUI 0;Villa de las Rosas;15/4/2026;14/4/2026;14/4/2026;FAC-B0008-00000515;Venta;P&P LOGISTICA S.R.L;71704;3;7706,3;9324,62;OVIEDO CLAUDIA ALEJANDRA;;6,00%;9;SANCHEZ FERNANDO JAVIER;9005;TRAPICHE ALARIS MALBEC 6X750;2568,77;3604;;TRADITIONAL TRADE;Autoservicio Tradicional;6461,37;CHOFER VILLA DOLORES BEBIDA;163,96;$;2;GRUPO PEÑAFLOR SA;2,25;0;Contado;;;Alaris;Medio Alto;No definido;;;Vinos del Año;PEÑAFLOR GRUPO OBJETIVO;;;1002;BENITEZ RAUL;AXUM;;;False;154172;1;Lista General;Autoservicio Tradicional - C;12469;15/4/2026;BD-003;VILLAFAÑE MARIANO
751;BELGRANO ESQ CHAMPAQUI 0;Villa de las Rosas;15/4/2026;14/4/2026;14/4/2026;FAC-B0008-00000515;Venta;P&P LOGISTICA S.R.L;74188;3;7132,43;8630,23;OVIEDO CLAUDIA ALEJANDRA;;13,00%;9;SANCHEZ FERNANDO JAVIER;9005;TRAPICHE ALARIS DULCE COSECHA 6X750;2377,48;3604;;TRADITIONAL TRADE;Autoservicio Tradicional;6138,3;CHOFER VILLA DOLORES BEBIDA;355,25;$;2;GRUPO PEÑAFLOR SA;2,25;0;Contado;;;Alaris;Medio Alto;No definido;;;Vinos del Año;PEÑAFLOR GRUPO OBJETIVO;;;1002;BENITEZ RAUL;AXUM;;;False;154172;1;Lista General;Autoservicio Tradicional - C;12469;15/4/2026;BD-003;VILLAFAÑE MARIANO
751;BELGRANO ESQ CHAMPAQUI 0;Villa de las Rosas;15/4/2026;14/4/2026;14/4/2026;FAC-B0008-00000515;Venta;P&P LOGISTICA S.R.L;74840;3;6968,46;8431,84;OVIEDO CLAUDIA ALEJANDRA;;15,00%;9;SANCHEZ FERNANDO JAVIER;9005;ALARIS D.COSECHA TINTO 6X750;2322,82;3604;;TRADITIONAL TRADE;Autoservicio Tradicional;6461,37;CHOFER VILLA DOLORES BEBIDA;409,91;$;2;GRUPO PEÑAFLOR SA;0;0;Contado;;;Alaris;Medio Alto;;;;Vinos del Año;PEÑAFLOR GRUPO OBJETIVO;;;1002;BENITEZ RAUL;AXUM;;;False;154172;1;Lista General;Autoservicio Tradicional - C;12469;15/4/2026;BD-003;VILLAFAÑE MARIANO
751;BELGRANO ESQ CHAMPAQUI 0;Villa de las Rosas;15/4/2026;14/4/2026;14/4/2026;FAC-B0008-00000515;Venta;P&P LOGISTICA S.R.L;74210;3;10642,26;12877,13;OVIEDO CLAUDIA ALEJANDRA;;6,00%;9;SANCHEZ FERNANDO JAVIER;9005;ALMA MORA MALBEC 6X750;3547,42;3604;;TRADITIONAL TRADE;Autoservicio Tradicional;8489,04;CHOFER VILLA DOLORES BEBIDA;226,43;$;2;GRUPO PEÑAFLOR SA;2,25;0;Contado;;;Alma Mora;Alto;No definido;;;Vinos del Año;PEÑAFLOR GRUPO OBJETIVO;;;1002;BENITEZ RAUL;AXUM;;;False;154172;1;Lista General;Autoservicio Tradicional - C;12469;15/4/2026;BD-003;VILLAFAÑE MARIANO
751;BELGRANO ESQ CHAMPAQUI 0;Villa de las Rosas;15/4/2026;14/4/2026;14/4/2026;FAC-B0008-00000515;Venta;P&P LOGISTICA S.R.L;74208;3;10642,62;12877,57;OVIEDO CLAUDIA ALEJANDRA;;6,00%;9;SANCHEZ FERNANDO JAVIER;9005;ALMA MORA CABSAUV6X750 ;3547,54;3604;;TRADITIONAL TRADE;Autoservicio Tradicional;8493,57;CHOFER VILLA DOLORES BEBIDA;226,44;$;2;GRUPO PEÑAFLOR SA;2,25;0;Contado;;;Alma Mora;Alto;No definido;;;Vinos del Año;PEÑAFLOR GRUPO OBJETIVO;;;1002;BENITEZ RAUL;AXUM;;;False;154172;1;Lista General;Autoservicio Tradicional - C;12469;15/4/2026;BD-003;VILLAFAÑE MARIANO
751;BELGRANO ESQ CHAMPAQUI 0;Villa de las Rosas;15/4/2026;14/4/2026;14/4/2026;FAC-B0008-00000515;Venta;P&P LOGISTICA S.R.L;74209;3;10642,62;12877,57;OVIEDO CLAUDIA ALEJANDRA;;6,00%;9;SANCHEZ FERNANDO JAVIER;9005;ALMA MORA SYRAH 6X750;3547,54;3604;;TRADITIONAL TRADE;Autoservicio Tradicional;8493,57;CHOFER VILLA DOLORES BEBIDA;226,44;$;2;GRUPO PEÑAFLOR SA;2,25;0;Contado;;;Alma Mora;Alto;No definido;;;Vinos del Año;PEÑAFLOR GRUPO OBJETIVO;;;1002;BENITEZ RAUL;AXUM;;;False;154172;1;Lista General;Autoservicio Tradicional - C;12469;15/4/2026;BD-003;VILLAFAÑE MARIANO
751;BELGRANO ESQ CHAMPAQUI 0;Villa de las Rosas;15/4/2026;14/4/2026;14/4/2026;FAC-B0008-00000515;Venta;P&P LOGISTICA S.R.L;42101;3;9258,85;11203,21;OVIEDO CLAUDIA ALEJANDRA;;6,00%;9;SANCHEZ FERNANDO JAVIER;9005;ELEMENTOS CABSAUV 6X750 ;3086,28;3604;;TRADITIONAL TRADE;Autoservicio Tradicional;7389,21;CHOFER VILLA DOLORES BEBIDA;197;$;2;GRUPO PEÑAFLOR SA;2,25;0;Contado;;;ELEMENTOS;Alto;No definido;;;Vinos del Año;PEÑAFLOR GRUPO OBJETIVO;;;1002;BENITEZ RAUL;AXUM;;;False;154172;1;Lista General;Autoservicio Tradicional - C;12469;15/4/2026;BD-003;VILLAFAÑE MARIANO
751;BELGRANO ESQ CHAMPAQUI 0;Villa de las Rosas;15/4/2026;14/4/2026;14/4/2026;FAC-B0008-00000515;Venta;P&P LOGISTICA S.R.L;74146;3;13819,66;16721,79;OVIEDO CLAUDIA ALEJANDRA;;6,00%;9;SANCHEZ FERNANDO JAVIER;9005;FOND CAVE MALBEC 6X750 ;4606,55;3604;;TRADITIONAL TRADE;Autoservicio Tradicional;11029,08;CHOFER VILLA DOLORES BEBIDA;294,04;$;2;GRUPO PEÑAFLOR SA;2,25;0;Contado;;;Fond De Cave;Superior;No definido;;;Vinos del Año;PEÑAFLOR GRUPO OBJETIVO;;;1002;BENITEZ RAUL;AXUM;;;False;154172;1;Lista General;Autoservicio Tradicional - C;12469;15/4/2026;BD-003;VILLAFAÑE MARIANO
751;BELGRANO ESQ CHAMPAQUI 0;Villa de las Rosas;15/4/2026;14/4/2026;14/4/2026;FAC-B0008-00000515;Venta;P&P LOGISTICA S.R.L;74570;3;17222,76;20839,53;OVIEDO CLAUDIA ALEJANDRA;;6,00%;9;SANCHEZ FERNANDO JAVIER;9005;LOS INTOCABLES MALBEC 6X750;5740,92;3604;;TRADITIONAL TRADE;Autoservicio Tradicional;13449,45;CHOFER VILLA DOLORES BEBIDA;366,44;$;2;GRUPO PEÑAFLOR SA;2,25;0;Contado;;;;Premium;No definido;;;Vino de Guarda;PEÑAFLOR GRUPO OBJETIVO;;;1002;BENITEZ RAUL;AXUM;;;False;154172;1;Lista General;Autoservicio Tradicional - C;12469;15/4/2026;BD-003;VILLAFAÑE MARIANO
751;BELGRANO ESQ CHAMPAQUI 0;Villa de las Rosas;15/4/2026;14/4/2026;14/4/2026;FAC-B0008-00000515;Venta;P&P LOGISTICA S.R.L;30023;1;11806,98;14286,45;OVIEDO CLAUDIA ALEJANDRA;;0,00%;9;SANCHEZ FERNANDO JAVIER;9005;WHITE HORSE DO 12X750;11806,98;3604;;TRADITIONAL TRADE;Autoservicio Tradicional;9034,59;CHOFER VILLA DOLORES BEBIDA;0;$;2;GRUPO PEÑAFLOR SA;0,75;0;Contado;;;White Horse;Standard (S);No definido;;;Whisky;PEÑAFLOR GRUPO OBJETIVO;;;1002;BENITEZ RAUL;AXUM;;;False;154172;1;Lista General;Autoservicio Tradicional - C;12469;15/4/2026;BD-003;VILLAFAÑE MARIANO
767;QUEBRACHO S/N 0;Las Chacras;15/4/2026;14/4/2026;14/4/2026;FAC-B0008-00000516;Venta;P&P LOGISTICA S.R.L;74188;6;14264,85;17260,47;RAMIREZ ELSA;;13,00%;9;SANCHEZ FERNANDO JAVIER;9005;TRAPICHE ALARIS DULCE COSECHA 6X750;2377,48;3604;;TRADITIONAL TRADE;Almacen/Despensa;12276,6;CHOFER VILLA DOLORES BEBIDA;355,25;$;2;GRUPO PEÑAFLOR SA;4,5;0;Contado;;;Alaris;Medio Alto;No definido;;;Vinos del Año;PEÑAFLOR GRUPO OBJETIVO;;;1002;BENITEZ RAUL;AXUM;;;False;154230;1;Lista General;Almacen/Despensa - C;12472;14/4/2026;BD-003;VILLAFAÑE MARIANO
767;QUEBRACHO S/N 0;Las Chacras;15/4/2026;14/4/2026;14/4/2026;FAC-B0008-00000516;Venta;P&P LOGISTICA S.R.L;30020;3;19741,47;23887,17;RAMIREZ ELSA;;6,00%;9;SANCHEZ FERNANDO JAVIER;9005;SMIRNOFF GREEN APPLE DO 6X700;6580,49;3604;;TRADITIONAL TRADE;Almacen/Despensa;16062,15;CHOFER VILLA DOLORES BEBIDA;420,03;$;2;GRUPO PEÑAFLOR SA;2,1;0;Contado;;;Smirnoff;Standard (S);No definido;;;Vodka;PEÑAFLOR GRUPO OBJETIVO;;;1002;BENITEZ RAUL;AXUM;;;False;154230;1;Lista General;Almacen/Despensa - C;12472;14/4/2026;BD-003;VILLAFAÑE MARIANO
767;QUEBRACHO S/N 0;Las Chacras;15/4/2026;14/4/2026;14/4/2026;FAC-B0008-00000516;Venta;P&P LOGISTICA S.R.L;30022;3;19741,47;23887,17;RAMIREZ ELSA;;6,00%;9;SANCHEZ FERNANDO JAVIER;9005;SMIRNOFF RASPBERRY DO 6X700;6580,49;3604;;TRADITIONAL TRADE;Almacen/Despensa;16062,15;CHOFER VILLA DOLORES BEBIDA;420,03;$;2;GRUPO PEÑAFLOR SA;2,1;0;Contado;;;Smirnoff;Standard (S);No definido;;;Vodka;PEÑAFLOR GRUPO OBJETIVO;;;1002;BENITEZ RAUL;AXUM;;;False;154230;1;Lista General;Almacen/Despensa - C;12472;14/4/2026;BD-003;VILLAFAÑE MARIANO
1171;25  DE MAYO 2;Villa Dolores;15/4/2026;15/4/2026;15/4/2026;FAC-B0008-00000517;Venta;P&P LOGISTICA S.R.L;30075;3;27683,69;33497,26;JIMENEZ ANGELICA RUTH;;6,00%;9;SANCHEZ FERNANDO JAVIER;9003;GORDON´S GIN 6x700;9227,9;3615;;ALMACENES;ALMACENES;22535,4;CHOFER VILLA DOLORES BEBIDA;589,01;$;2;GRUPO PEÑAFLOR SA;2,1;0;Contado;;;Gordon´s;Standard (S);No definido;;;Gin;PEÑAFLOR GRUPO OBJETIVO;;;1002;BENITEZ RAUL;AXUM;;;False;154494;1;Lista General;ALMACENES - C;12511;15/4/2026;BD-003;VILLAFAÑE MARIANO
1171;25  DE MAYO 2;Villa Dolores;15/4/2026;15/4/2026;15/4/2026;FAC-B0008-00000517;Venta;P&P LOGISTICA S.R.L;30131;3;19741,47;23887,17;JIMENEZ ANGELICA RUTH;;6,00%;9;SANCHEZ FERNANDO JAVIER;9003;SMIRNOFF TROPICAL FRUITS 6X700;6580,49;3615;;ALMACENES;ALMACENES;16062,15;CHOFER VILLA DOLORES BEBIDA;420,03;$;2;GRUPO PEÑAFLOR SA;2,1;0;Contado;;;Smirnoff;Standard (S);No definido;;;Vodka;PEÑAFLOR GRUPO OBJETIVO;;;1002;BENITEZ RAUL;AXUM;;;False;154494;1;Lista General;ALMACENES - C;12511;15/4/2026;BD-003;VILLAFAÑE MARIANO
1171;25  DE MAYO 2;Villa Dolores;15/4/2026;15/4/2026;15/4/2026;FAC-B0008-00000517;Venta;P&P LOGISTICA S.R.L;30019;3;17757,85;21487;JIMENEZ ANGELICA RUTH;;6,00%;9;SANCHEZ FERNANDO JAVIER;9003;SMIRNOFF 21 DO 12X700;5919,28;3615;;ALMACENES;ALMACENES;14455,47;CHOFER VILLA DOLORES BEBIDA;377,83;$;2;GRUPO PEÑAFLOR SA;2,1;0;Contado;;;Smirnoff;Standard (S);No definido;;;Vodka;PEÑAFLOR GRUPO OBJETIVO;;;1002;BENITEZ RAUL;AXUM;;;False;154494;1;Lista General;ALMACENES - C;12511;15/4/2026;BD-003;VILLAFAÑE MARIANO
822;SAN MARTIN S/N 0;MINA CLAVERO;15/4/2026;16/4/2026;15/4/2026;FAC-B0008-00000518;Venta;P&P LOGISTICA S.R.L;14583;6;12085,5;14623,46;CONEJERO GASTON ANDRES ;;0,00%;7;JOFRE GUILLERMO AGUSTIN;7004;FRIZZE EVOL BLUE NEW X1000;2014,25;3614;;TRADITIONAL TRADE;Kiosco/Maxikiosco;9066,42;CHOFER VILLA DOLORES BEBIDA;0;$;2;GRUPO PEÑAFLOR SA;6;0;Contado;;;#¿NOMBRE?;RTD (S);No definido;;;RTD (S);PEÑAFLOR GRUPO OBJETIVO;;;1002;BENITEZ RAUL;AXUM;;;False;154526;1;Lista General;Kiosco/Maxikiosco - B;12512;1/1/2000;;
822;SAN MARTIN S/N 0;MINA CLAVERO;15/4/2026;16/4/2026;15/4/2026;FAC-B0008-00000518;Venta;P&P LOGISTICA S.R.L;35105;12;23216,76;28092,28;CONEJERO GASTON ANDRES ;;0,00%;7;JOFRE GUILLERMO AGUSTIN;7004;SMF ICE RED BERRIE LAT 4X6X473;1934,73;3614;;TRADITIONAL TRADE;Kiosco/Maxikiosco;17765,28;CHOFER VILLA DOLORES BEBIDA;0;$;2;GRUPO PEÑAFLOR SA;5,676;0;Contado;;;Smirnoff Ice Flavours;RTD (s);No definido;;;RTD (S);PEÑAFLOR GRUPO OBJETIVO;;;1002;BENITEZ RAUL;AXUM;;;False;154526;1;Lista General;Kiosco/Maxikiosco - B;12512;1/1/2000;;
8008;PuBLICA S/N-50 MTS DEL PUENTE 218;SAN JAVIER;15/4/2026;9/4/2026;15/4/2026;NCR-A0008-00000250;Devolución por Rechazo;P&P LOGISTICA S.R.L;41682;-3;-14232,51;-17221,34;CALDERON SOLEDAD DEL CARMEN ;SIN STOCK;6,00%;9;SANCHEZ FERNANDO JAVIER;9005;DON DAVID MALBEC 6X750;4744,17;3579;;TRADITIONAL TRADE;Almacen/Despensa;-11358,57;CHOFER VILLA DOLORES BEBIDA;302,82;$;2;GRUPO PEÑAFLOR SA;-2,25;0;Contado;15/4/2026 16:51;;Don David;Superior;No definido;;;Vinos del Año;PEÑAFLOR GRUPO OBJETIVO;;;1002;BENITEZ RAUL;Gescom;FAC-A0008-00002440;;True;154586;0;Lista General;Almacen/Despensa - P;;1/1/2000;;
226;GOBERNADOR VERNTE 530;Villa Cura Brochero;15/4/2026;15/4/2026;14/4/2026;FAC-A0001-00042439;Venta;Empresa;74210;6;19925,93;24110,37;ELISEO DAVID GOMEZ;;12,00%;7;JOFRE GUILLERMO AGUSTIN;7004;ALMA MORA MALBEC 6X750;3320,99;3610;;TRADITIONAL TRADE;Almacen/Despensa;16978,08;CHOFER VILLA DOLORES BEBIDA;452,86;$;2;GRUPO PEÑAFLOR SA;4,5;0;Contado;;;Alma Mora;Alto;No definido;;;Vinos del Año;PEÑAFLOR GRUPO OBJETIVO;;;1002;BENITEZ RAUL;AXUM;;;False;154352;1;Lista General;Almacen/Despensa - C;12479;15/4/2026;BD-003;VILLAFAÑE MARIANO
226;GOBERNADOR VERNTE 530;Villa Cura Brochero;15/4/2026;15/4/2026;14/4/2026;FAC-A0001-00042439;Venta;Empresa;74569;6;19801,18;23959,43;ELISEO DAVID GOMEZ;;8,00%;7;JOFRE GUILLERMO AGUSTIN;7004;DADA N°8 CHOCOLATE 6X750 ;3300,2;3610;;TRADITIONAL TRADE;Almacen/Despensa;16146,3;CHOFER VILLA DOLORES BEBIDA;286,97;$;2;GRUPO PEÑAFLOR SA;4,5;0;Contado;;;Dada;Alto;No definido;;;Vinos del Año;PEÑAFLOR GRUPO OBJETIVO;;;1002;BENITEZ RAUL;AXUM;;;False;154352;1;Lista General;Almacen/Despensa - C;12479;15/4/2026;BD-003;VILLAFAÑE MARIANO
226;GOBERNADOR VERNTE 530;Villa Cura Brochero;15/4/2026;15/4/2026;14/4/2026;FAC-A0001-00042439;Venta;Empresa;74393;6;19801,18;23959,43;ELISEO DAVID GOMEZ;;8,00%;7;JOFRE GUILLERMO AGUSTIN;7004;DADA FMORAS N°1 6X750;3300,2;3610;;TRADITIONAL TRADE;Almacen/Despensa;15339;CHOFER VILLA DOLORES BEBIDA;286,97;$;2;GRUPO PEÑAFLOR SA;4,5;0;Contado;;;Dada;Alto;No definido;;;Vinos del Año;PEÑAFLOR GRUPO OBJETIVO;;;1002;BENITEZ RAUL;AXUM;;;False;154352;1;Lista General;Almacen/Despensa - C;12479;15/4/2026;BD-003;VILLAFAÑE MARIANO
8230;25 DE MAYO 75;VILLA DE LAS ROSAS;15/4/2026;14/4/2026;14/4/2026;FAC-A0001-00042440;Venta;Empresa;80010;18;48206,35;58329,68;ZHUANG XIAYAN 63;;12,00%;9;SANCHEZ FERNANDO JAVIER;9005;LOS ARBOLES SEL MALBEC 6X750;2678,13;3604;;TRADITIONAL TRADE;Autoservicio Tradicional;43174,62;CHOFER VILLA DOLORES BEBIDA;365,2;$;2;GRUPO PEÑAFLOR SA;13,5;0;Contado;;;Los Arboles;Medio Alto;No definido;;;Vinos del Año;Grupo Peñaflor,PEÑAFLOR GRUPO OBJETIVO;;;1002;BENITEZ RAUL;AXUM;;;False;154218;1;Lista General;Autoservicio Tradicional - P;12486;14/4/2026;BD-003;VILLAFAÑE MARIANO
8230;25 DE MAYO 75;VILLA DE LAS ROSAS;15/4/2026;14/4/2026;14/4/2026;FAC-A0001-00042440;Venta;Empresa;80007;3;8034,39;9721,61;ZHUANG XIAYAN 63;;12,00%;9;SANCHEZ FERNANDO JAVIER;9005;LOS ARBOLES SEL CABERNET 6X750;2678,13;3604;;TRADITIONAL TRADE;Autoservicio Tradicional;7195,77;CHOFER VILLA DOLORES BEBIDA;365,2;$;2;GRUPO PEÑAFLOR SA;2,25;0;Contado;;;;Medio Alto;No definido;;;Vinos del Año;PEÑAFLOR GRUPO OBJETIVO;;;1002;BENITEZ RAUL;AXUM;;;False;154218;1;Lista General;Autoservicio Tradicional - P;12486;14/4/2026;BD-003;VILLAFAÑE MARIANO
8230;25 DE MAYO 75;VILLA DE LAS ROSAS;15/4/2026;14/4/2026;14/4/2026;FAC-A0001-00042440;Venta;Empresa;74395;12;37880,52;45835,42;ZHUANG XIAYAN 63;;12,00%;9;SANCHEZ FERNANDO JAVIER;9005;DADA FMORAS N°2 6X750 ;3156,71;3604;;TRADITIONAL TRADE;Autoservicio Tradicional;30678;CHOFER VILLA DOLORES BEBIDA;430,46;$;2;GRUPO PEÑAFLOR SA;9;0;Contado;;;Dada;Alto;No definido;;;Vinos del Año;PEÑAFLOR GRUPO OBJETIVO;;;1002;BENITEZ RAUL;AXUM;;;False;154218;1;Lista General;Autoservicio Tradicional - P;12486;14/4/2026;BD-003;VILLAFAÑE MARIANO
8230;25 DE MAYO 75;VILLA DE LAS ROSAS;15/4/2026;14/4/2026;14/4/2026;FAC-A0001-00042440;Venta;Empresa;74726;3;10166,75;12301,76;ZHUANG XIAYAN 63;;12,00%;9;SANCHEZ FERNANDO JAVIER;9005;ORIGEN BY TRAPICHE MALBEC 6X750;3388,92;3604;;TRADITIONAL TRADE;Autoservicio Tradicional;8667;CHOFER VILLA DOLORES BEBIDA;462,12;$;2;GRUPO PEÑAFLOR SA;2,25;0;Contado;;;Trapiche Reserva;Alto;No definido;-No Definido-;;Vinos del Año;PEÑAFLOR GRUPO OBJETIVO;;;1002;BENITEZ RAUL;AXUM;;;False;154218;1;Lista General;Autoservicio Tradicional - P;12486;14/4/2026;BD-003;VILLAFAÑE MARIANO
8230;25 DE MAYO 75;VILLA DE LAS ROSAS;15/4/2026;14/4/2026;14/4/2026;FAC-A0001-00042440;Venta;Empresa;74146;6;25875,12;31308,89;ZHUANG XIAYAN 63;;12,00%;9;SANCHEZ FERNANDO JAVIER;9005;FOND CAVE MALBEC 6X750 ;4312,52;3604;;TRADITIONAL TRADE;Autoservicio Tradicional;22058,16;CHOFER VILLA DOLORES BEBIDA;588,07;$;2;GRUPO PEÑAFLOR SA;4,5;0;Contado;;;Fond De Cave;Superior;No definido;;;Vinos del Año;PEÑAFLOR GRUPO OBJETIVO;;;1002;BENITEZ RAUL;AXUM;;;False;154218;1;Lista General;Autoservicio Tradicional - P;12486;14/4/2026;BD-003;VILLAFAÑE MARIANO
8230;25 DE MAYO 75;VILLA DE LAS ROSAS;15/4/2026;14/4/2026;14/4/2026;FAC-A0001-00042440;Venta;Empresa;70201;6;25875,12;31308,89;ZHUANG XIAYAN 63;;12,00%;9;SANCHEZ FERNANDO JAVIER;9005;FOND CAVE CABSAU 6X750;4312,52;3604;;TRADITIONAL TRADE;Autoservicio Tradicional;22058,16;CHOFER VILLA DOLORES BEBIDA;588,07;$;2;GRUPO PEÑAFLOR SA;4,5;0;Contado;;;Fond De Cave;Superior;No definido;;;Vinos del Año;PEÑAFLOR GRUPO OBJETIVO;;;1002;BENITEZ RAUL;AXUM;;;False;154218;1;Lista General;Autoservicio Tradicional - P;12486;14/4/2026;BD-003;VILLAFAÑE MARIANO
8230;25 DE MAYO 75;VILLA DE LAS ROSAS;15/4/2026;14/4/2026;14/4/2026;FAC-A0001-00042440;Venta;Empresa;80022;18;74213,6;89798,45;ZHUANG XIAYAN 63;;14,00%;9;SANCHEZ FERNANDO JAVIER;9005;COLECCION PRIVADA MALBEC;4122,98;3604;;TRADITIONAL TRADE;Autoservicio Tradicional;64737,18;CHOFER VILLA DOLORES BEBIDA;671,18;$;2;GRUPO PEÑAFLOR SA;13,5;0;Contado;;;;-No Definido-;No definido;;;Vinos del Año;Grupo Peñaflor,PEÑAFLOR GRUPO OBJETIVO;;;1002;BENITEZ RAUL;AXUM;;;False;154218;1;Lista General;Autoservicio Tradicional - P;12486;14/4/2026;BD-003;VILLAFAÑE MARIANO
8230;25 DE MAYO 75;VILLA DE LAS ROSAS;15/4/2026;14/4/2026;14/4/2026;FAC-A0001-00042440;Venta;Empresa;72867;6;38130,24;46137,58;ZHUANG XIAYAN 63;;6,00%;9;SANCHEZ FERNANDO JAVIER;9005;FOND CAVE RVA MALBEC 6X750;6355,04;3604;;TRADITIONAL TRADE;Autoservicio Tradicional;31343,58;CHOFER VILLA DOLORES BEBIDA;405,64;$;2;GRUPO PEÑAFLOR SA;4,5;0;Contado;;;Fond De Cave;Premium;No definido;;;Vino de Guarda;PEÑAFLOR GRUPO OBJETIVO;;;1002;BENITEZ RAUL;AXUM;;;False;154218;1;Lista General;Autoservicio Tradicional - P;12486;14/4/2026;BD-003;VILLAFAÑE MARIANO
8230;25 DE MAYO 75;VILLA DE LAS ROSAS;15/4/2026;14/4/2026;14/4/2026;FAC-A0001-00042440;Venta;Empresa;74570;6;34445,51;41679,07;ZHUANG XIAYAN 63;;6,00%;9;SANCHEZ FERNANDO JAVIER;9005;LOS INTOCABLES MALBEC 6X750;5740,92;3604;;TRADITIONAL TRADE;Autoservicio Tradicional;26898,9;CHOFER VILLA DOLORES BEBIDA;366,44;$;2;GRUPO PEÑAFLOR SA;4,5;0;Contado;;;;Premium;No definido;;;Vino de Guarda;PEÑAFLOR GRUPO OBJETIVO;;;1002;BENITEZ RAUL;AXUM;;;False;154218;1;Lista General;Autoservicio Tradicional - P;12486;14/4/2026;BD-003;VILLAFAÑE MARIANO
8230;25 DE MAYO 75;VILLA DE LAS ROSAS;15/4/2026;14/4/2026;14/4/2026;FAC-A0001-00042440;Venta;Empresa;30023;12;126098,55;152579,24;ZHUANG XIAYAN 63;;11,00%;9;SANCHEZ FERNANDO JAVIER;9005;WHITE HORSE DO 12X750;10508,21;3604;;TRADITIONAL TRADE;Autoservicio Tradicional;108415,08;CHOFER VILLA DOLORES BEBIDA;1298,77;$;2;GRUPO PEÑAFLOR SA;9;0;Contado;;;White Horse;Standard (S);No definido;;;Whisky;PEÑAFLOR GRUPO OBJETIVO;;;1002;BENITEZ RAUL;AXUM;;;False;154218;1;Lista General;Autoservicio Tradicional - P;12486;14/4/2026;BD-003;VILLAFAÑE MARIANO
8230;25 DE MAYO 75;VILLA DE LAS ROSAS;15/4/2026;14/4/2026;14/4/2026;FAC-A0001-00042440;Venta;Empresa;30003;3;115472,94;139722,25;ZHUANG XIAYAN 63;;6,00%;9;SANCHEZ FERNANDO JAVIER;9005;JW BLACK LABEL 12x750;38490,98;3604;;TRADITIONAL TRADE;Autoservicio Tradicional;89646,93;CHOFER VILLA DOLORES BEBIDA;2456,87;$;2;GRUPO PEÑAFLOR SA;2,25;0;Contado;;;JW;Premium (S);No definido;;;Whisky;PEÑAFLOR GRUPO OBJETIVO;;;1002;BENITEZ RAUL;AXUM;;;False;154218;1;Lista General;Autoservicio Tradicional - P;12486;14/4/2026;BD-003;VILLAFAÑE MARIANO
8230;25 DE MAYO 75;VILLA DE LAS ROSAS;15/4/2026;14/4/2026;14/4/2026;FAC-A0001-00042441;Venta;Empresa;30023;12;126098,55;152579,24;ZHUANG XIAYAN 63;;11,00%;9;SANCHEZ FERNANDO JAVIER;9005;WHITE HORSE DO 12X750;10508,21;3604;;TRADITIONAL TRADE;Autoservicio Tradicional;108415,08;CHOFER VILLA DOLORES BEBIDA;1298,77;$;2;GRUPO PEÑAFLOR SA;9;0;Contado;;;White Horse;Standard (S);No definido;;;Whisky;PEÑAFLOR GRUPO OBJETIVO;;;1002;BENITEZ RAUL;AXUM;;;False;154321;1;Lista General;Autoservicio Tradicional - P;12480;14/4/2026;BD-003;VILLAFAÑE MARIANO
937;AV BELGRANO 331;Villa de las Rosas;15/4/2026;14/4/2026;14/4/2026;FAC-A0001-00042442;Venta;Empresa;30131;12;78965,87;95548,7;CALAMANTE CIRO FELIPE;;6,00%;9;SANCHEZ FERNANDO JAVIER;9005;SMIRNOFF TROPICAL FRUITS 6X700;6580,49;3604;;TRADITIONAL TRADE;Vinoteca;64248,6;CHOFER VILLA DOLORES BEBIDA;420,03;$;2;GRUPO PEÑAFLOR SA;8,4;0;Contado;;;Smirnoff;Standard (S);No definido;;;Vodka;PEÑAFLOR GRUPO OBJETIVO;;;1002;BENITEZ RAUL;AXUM;;;False;154362;1;Lista General;Vinoteca - C;12479;15/4/2026;BD-003;VILLAFAÑE MARIANO
937;AV BELGRANO 331;Villa de las Rosas;15/4/2026;14/4/2026;14/4/2026;FAC-A0001-00042442;Venta;Empresa;30019;6;35515,7;42974;CALAMANTE CIRO FELIPE;;6,00%;9;SANCHEZ FERNANDO JAVIER;9005;SMIRNOFF 21 DO 12X700;5919,28;3604;;TRADITIONAL TRADE;Vinoteca;28910,94;CHOFER VILLA DOLORES BEBIDA;377,83;$;2;GRUPO PEÑAFLOR SA;4,2;0;Contado;;;Smirnoff;Standard (S);No definido;;;Vodka;PEÑAFLOR GRUPO OBJETIVO;;;1002;BENITEZ RAUL;AXUM;;;False;154362;1;Lista General;Vinoteca - C;12479;15/4/2026;BD-003;VILLAFAÑE MARIANO
937;AV BELGRANO 331;Villa de las Rosas;15/4/2026;14/4/2026;14/4/2026;FAC-A0001-00042442;Venta;Empresa;30022;6;39482,93;47774,35;CALAMANTE CIRO FELIPE;;6,00%;9;SANCHEZ FERNANDO JAVIER;9005;SMIRNOFF RASPBERRY DO 6X700;6580,49;3604;;TRADITIONAL TRADE;Vinoteca;32124,3;CHOFER VILLA DOLORES BEBIDA;420,03;$;2;GRUPO PEÑAFLOR SA;4,2;0;Contado;;;Smirnoff;Standard (S);No definido;;;Vodka;PEÑAFLOR GRUPO OBJETIVO;;;1002;BENITEZ RAUL;AXUM;;;False;154362;1;Lista General;Vinoteca - C;12479;15/4/2026;BD-003;VILLAFAÑE MARIANO
937;AV BELGRANO 331;Villa de las Rosas;15/4/2026;14/4/2026;14/4/2026;FAC-A0001-00042442;Venta;Empresa;30023;2;23613,96;28572,89;CALAMANTE CIRO FELIPE;;0,00%;9;SANCHEZ FERNANDO JAVIER;9005;WHITE HORSE DO 12X750;11806,98;3604;;TRADITIONAL TRADE;Vinoteca;18069,18;CHOFER VILLA DOLORES BEBIDA;0;$;2;GRUPO PEÑAFLOR SA;1,5;0;Contado;;;White Horse;Standard (S);No definido;;;Whisky;PEÑAFLOR GRUPO OBJETIVO;;;1002;BENITEZ RAUL;AXUM;;;False;154362;1;Lista General;Vinoteca - C;12479;15/4/2026;BD-003;VILLAFAÑE MARIANO
937;AV BELGRANO 331;Villa de las Rosas;15/4/2026;14/4/2026;14/4/2026;FAC-A0001-00042442;Venta;Empresa;35105;12;23216,76;28092,28;CALAMANTE CIRO FELIPE;;0,00%;9;SANCHEZ FERNANDO JAVIER;9005;SMF ICE RED BERRIE LAT 4X6X473;1934,73;3604;;TRADITIONAL TRADE;Vinoteca;17765,28;CHOFER VILLA DOLORES BEBIDA;0;$;2;GRUPO PEÑAFLOR SA;5,676;0;Contado;;;Smirnoff Ice Flavours;RTD (s);No definido;;;RTD (S);PEÑAFLOR GRUPO OBJETIVO;;;1002;BENITEZ RAUL;AXUM;;;False;154362;1;Lista General;Vinoteca - C;12479;15/4/2026;BD-003;VILLAFAÑE MARIANO
1093;LIBERTADOR URQUIZA 0;La Paz;15/4/2026;14/4/2026;14/4/2026;FAC-A0001-00042443;Venta;Empresa;72859;12;28520,32;34509,58;RAMIREZ LUISINA AINELEN;;10,00%;9;SANCHEZ FERNANDO JAVIER;9004;F.LAS MORAS MALBEC 6X750;2376,69;3604;;TRADITIONAL TRADE;Autoservicio Tradicional;23726,88;CHOFER VILLA DOLORES BEBIDA;264,08;$;2;GRUPO PEÑAFLOR SA;9;0;Contado;;;Finca Las Moras;Medio Alto;No definido;;;Vinos del Año;PEÑAFLOR GRUPO OBJETIVO;;;1002;BENITEZ RAUL;AXUM;;;False;154377;1;Lista General;Autoservicio Tradicional - C;12487;14/4/2026;BD-003;VILLAFAÑE MARIANO
1093;LIBERTADOR URQUIZA 0;La Paz;15/4/2026;14/4/2026;14/4/2026;FAC-A0001-00042443;Venta;Empresa;71704;12;29513,48;35711,32;RAMIREZ LUISINA AINELEN;;10,00%;9;SANCHEZ FERNANDO JAVIER;9004;TRAPICHE ALARIS MALBEC 6X750;2459,46;3604;;TRADITIONAL TRADE;Autoservicio Tradicional;25845,48;CHOFER VILLA DOLORES BEBIDA;273,27;$;2;GRUPO PEÑAFLOR SA;9;0;Contado;;;Alaris;Medio Alto;No definido;;;Vinos del Año;PEÑAFLOR GRUPO OBJETIVO;;;1002;BENITEZ RAUL;AXUM;;;False;154377;1;Lista General;Autoservicio Tradicional - C;12487;14/4/2026;BD-003;VILLAFAÑE MARIANO
1093;LIBERTADOR URQUIZA 0;La Paz;15/4/2026;14/4/2026;14/4/2026;FAC-A0001-00042443;Venta;Empresa;42102;6;17729,71;21452,95;RAMIREZ LUISINA AINELEN;;10,00%;9;SANCHEZ FERNANDO JAVIER;9004;ELEMENTOS MALBEC 6X750 ;2954,95;3604;;TRADITIONAL TRADE;Autoservicio Tradicional;14039,52;CHOFER VILLA DOLORES BEBIDA;328,33;$;2;GRUPO PEÑAFLOR SA;4,5;0;Contado;;;ELEMENTOS;Alto;No definido;;;Vinos del Año;PEÑAFLOR GRUPO OBJETIVO;;;1002;BENITEZ RAUL;AXUM;;;False;154377;1;Lista General;Autoservicio Tradicional - C;12487;14/4/2026;BD-003;VILLAFAÑE MARIANO
1093;LIBERTADOR URQUIZA 0;La Paz;15/4/2026;14/4/2026;14/4/2026;FAC-A0001-00042443;Venta;Empresa;74726;6;20795,62;25162,7;RAMIREZ LUISINA AINELEN;;10,00%;9;SANCHEZ FERNANDO JAVIER;9004;ORIGEN BY TRAPICHE MALBEC 6X750;3465,94;3604;;TRADITIONAL TRADE;Autoservicio Tradicional;17334;CHOFER VILLA DOLORES BEBIDA;385,1;$;2;GRUPO PEÑAFLOR SA;4,5;0;Contado;;;Trapiche Reserva;Alto;No definido;-No Definido-;;Vinos del Año;PEÑAFLOR GRUPO OBJETIVO;;;1002;BENITEZ RAUL;AXUM;;;False;154377;1;Lista General;Autoservicio Tradicional - C;12487;14/4/2026;BD-003;VILLAFAÑE MARIANO
1093;LIBERTADOR URQUIZA 0;La Paz;15/4/2026;14/4/2026;14/4/2026;FAC-A0001-00042443;Venta;Empresa;74721;12;37405,58;45260,76;RAMIREZ LUISINA AINELEN;;10,00%;9;SANCHEZ FERNANDO JAVIER;9004;FAIR FOR LIFE MALBEC 6X750 ;3117,13;3604;;TRADITIONAL TRADE;Autoservicio Tradicional;31179,12;CHOFER VILLA DOLORES BEBIDA;346,35;$;2;GRUPO PEÑAFLOR SA;9;0;Contado;;;FAIR FOR LIFE;Alto;No definido;;;Vinos del Año;PEÑAFLOR GRUPO OBJETIVO;;;1002;BENITEZ RAUL;AXUM;;;False;154377;1;Lista General;Autoservicio Tradicional - C;12487;14/4/2026;BD-003;VILLAFAÑE MARIANO
1093;LIBERTADOR URQUIZA 0;La Paz;15/4/2026;14/4/2026;14/4/2026;FAC-A0001-00042443;Venta;Empresa;74146;12;52926,37;64040,91;RAMIREZ LUISINA AINELEN;;10,00%;9;SANCHEZ FERNANDO JAVIER;9004;FOND CAVE MALBEC 6X750 ;4410,53;3604;;TRADITIONAL TRADE;Autoservicio Tradicional;44116,32;CHOFER VILLA DOLORES BEBIDA;490,06;$;2;GRUPO PEÑAFLOR SA;9;0;Contado;;;Fond De Cave;Superior;No definido;;;Vinos del Año;PEÑAFLOR GRUPO OBJETIVO;;;1002;BENITEZ RAUL;AXUM;;;False;154377;1;Lista General;Autoservicio Tradicional - C;12487;14/4/2026;BD-003;VILLAFAÑE MARIANO
1093;LIBERTADOR URQUIZA 0;La Paz;15/4/2026;14/4/2026;14/4/2026;FAC-A0001-00042443;Venta;Empresa;44296;6;37755,77;45684,49;RAMIREZ LUISINA AINELEN;;10,00%;9;SANCHEZ FERNANDO JAVIER;9004;DON DAVID RESERVA MALBEC X750;6292,63;3604;;TRADITIONAL TRADE;Autoservicio Tradicional;32415,12;CHOFER VILLA DOLORES BEBIDA;699,18;$;2;GRUPO PEÑAFLOR SA;4,5;0;Contado;;;;Premium;No definido;;;Vino de Guarda;PEÑAFLOR GRUPO OBJETIVO;;;1002;BENITEZ RAUL;AXUM;;;False;154377;1;Lista General;Autoservicio Tradicional - C;12487;14/4/2026;BD-003;VILLAFAÑE MARIANO
1093;LIBERTADOR URQUIZA 0;La Paz;15/4/2026;14/4/2026;14/4/2026;FAC-A0001-00042443;Venta;Empresa;74570;6;32979,74;39905,49;RAMIREZ LUISINA AINELEN;;10,00%;9;SANCHEZ FERNANDO JAVIER;9004;LOS INTOCABLES MALBEC 6X750;5496,62;3604;;TRADITIONAL TRADE;Autoservicio Tradicional;26898,9;CHOFER VILLA DOLORES BEBIDA;610,74;$;2;GRUPO PEÑAFLOR SA;4,5;0;Contado;;;;Premium;No definido;;;Vino de Guarda;PEÑAFLOR GRUPO OBJETIVO;;;1002;BENITEZ RAUL;AXUM;;;False;154377;1;Lista General;Autoservicio Tradicional - C;12487;14/4/2026;BD-003;VILLAFAÑE MARIANO
937;AV BELGRANO 331;Villa de las Rosas;15/4/2026;14/4/2026;14/4/2026;FAC-A0001-00042444;Venta;Empresa;74815;6;15491;18744,1;CALAMANTE CIRO FELIPE;;15,00%;9;SANCHEZ FERNANDO JAVIER;9005;CAZADOR CAB. SAU 6X750;2581,83;3604;;TRADITIONAL TRADE;Vinoteca;13671,96;CHOFER VILLA DOLORES BEBIDA;455,62;$;2;GRUPO PEÑAFLOR SA;0;0;Contado;;;;;;;;;PEÑAFLOR GRUPO OBJETIVO;;;1002;BENITEZ RAUL;AXUM;;;False;154383;1;Lista General;Vinoteca - C;12479;14/4/2026;BD-003;VILLAFAÑE MARIANO
1062;25 DE MAYO ESQ RIVADAVIA 0;ARROYITO;15/4/2026;16/4/2026;14/4/2026;FAC-A0001-00042445;Venta;Empresa;30022;24;139450,36;168734,93;PAEZ IVANA BELEN;;17,00%;10;ORTEGA MILAGROS DESIREE;1020;SMIRNOFF RASPBERRY DO 6X700;5810,43;3601;;TRADITIONAL TRADE;Kiosco/Maxikiosco;128497,2;DELGADO MAYCO JOAQUIN;1190,09;$;2;GRUPO PEÑAFLOR SA;16,8;0;Contado;16/4/2026 16:55;;Smirnoff;Standard (S);No definido;;;Vodka;PEÑAFLOR GRUPO OBJETIVO;;;20032;GRIBAUDO ESTEBAN;AXUM;;;False;154169;0;Lista General;Kiosco/Maxikiosco - A;12488;15/4/2026;2;LESCANO FRANCO DARIO
1062;25 DE MAYO ESQ RIVADAVIA 0;ARROYITO;15/4/2026;16/4/2026;14/4/2026;FAC-A0001-00042445;Venta;Empresa;30020;12;69725,18;84367,47;PAEZ IVANA BELEN;;17,00%;10;ORTEGA MILAGROS DESIREE;1020;SMIRNOFF GREEN APPLE DO 6X700;5810,43;3601;;TRADITIONAL TRADE;Kiosco/Maxikiosco;64248,6;DELGADO MAYCO JOAQUIN;1190,09;$;2;GRUPO PEÑAFLOR SA;8,4;0;Contado;16/4/2026 16:55;;Smirnoff;Standard (S);No definido;;;Vodka;PEÑAFLOR GRUPO OBJETIVO;;;20032;GRIBAUDO ESTEBAN;AXUM;;;False;154169;0;Lista General;Kiosco/Maxikiosco - A;12488;15/4/2026;2;LESCANO FRANCO DARIO
1062;25 DE MAYO ESQ RIVADAVIA 0;ARROYITO;15/4/2026;16/4/2026;14/4/2026;FAC-A0001-00042445;Venta;Empresa;30135;12;69725,18;84367,47;PAEZ IVANA BELEN;;17,00%;10;ORTEGA MILAGROS DESIREE;1020;SMIRNOFF TAMARINDO 6 X 700;5810,43;3601;;TRADITIONAL TRADE;Kiosco/Maxikiosco;64280,76;DELGADO MAYCO JOAQUIN;1190,09;$;2;GRUPO PEÑAFLOR SA;0;0;Contado;16/4/2026 16:55;;Smirnoff;Standard (S);No definido;;;Vodka;PEÑAFLOR GRUPO OBJETIVO;;;20032;GRIBAUDO ESTEBAN;AXUM;;;False;154169;0;Lista General;Kiosco/Maxikiosco - A;12488;15/4/2026;2;LESCANO FRANCO DARIO
190;MARIANO MORENO 1536;Arroyito;15/4/2026;16/4/2026;14/4/2026;FAC-B0001-00011846;Venta;Empresa;30022;24;139450,36;168734,93;PIOVANO JENNIFER;;17,00%;10;ORTEGA MILAGROS DESIREE;1020;SMIRNOFF RASPBERRY DO 6X700;5810,43;3601;;TRADITIONAL TRADE;Kiosco/Maxikiosco;128497,2;DELGADO MAYCO JOAQUIN;1190,09;$;2;GRUPO PEÑAFLOR SA;16,8;0;Contado;16/4/2026 16:55;;Smirnoff;Standard (S);No definido;;;Vodka;PEÑAFLOR GRUPO OBJETIVO;;;20032;GRIBAUDO ESTEBAN;AXUM;;;False;154170;0;Lista General;Kiosco/Maxikiosco - P;12488;15/4/2026;2;LESCANO FRANCO DARIO
190;MARIANO MORENO 1536;Arroyito;15/4/2026;16/4/2026;14/4/2026;FAC-B0001-00011846;Venta;Empresa;30020;12;69725,18;84367,47;PIOVANO JENNIFER;;17,00%;10;ORTEGA MILAGROS DESIREE;1020;SMIRNOFF GREEN APPLE DO 6X700;5810,43;3601;;TRADITIONAL TRADE;Kiosco/Maxikiosco;64248,6;DELGADO MAYCO JOAQUIN;1190,09;$;2;GRUPO PEÑAFLOR SA;8,4;0;Contado;16/4/2026 16:55;;Smirnoff;Standard (S);No definido;;;Vodka;PEÑAFLOR GRUPO OBJETIVO;;;20032;GRIBAUDO ESTEBAN;AXUM;;;False;154170;0;Lista General;Kiosco/Maxikiosco - P;12488;15/4/2026;2;LESCANO FRANCO DARIO
190;MARIANO MORENO 1536;Arroyito;15/4/2026;16/4/2026;14/4/2026;FAC-B0001-00011846;Venta;Empresa;30135;12;69725,18;84367,47;PIOVANO JENNIFER;;17,00%;10;ORTEGA MILAGROS DESIREE;1020;SMIRNOFF TAMARINDO 6 X 700;5810,43;3601;;TRADITIONAL TRADE;Kiosco/Maxikiosco;64280,76;DELGADO MAYCO JOAQUIN;1190,09;$;2;GRUPO PEÑAFLOR SA;0;0;Contado;16/4/2026 16:55;;Smirnoff;Standard (S);No definido;;;Vodka;PEÑAFLOR GRUPO OBJETIVO;;;20032;GRIBAUDO ESTEBAN;AXUM;;;False;154170;0;Lista General;Kiosco/Maxikiosco - P;12488;15/4/2026;2;LESCANO FRANCO DARIO
2332;RIVADAVIA 355;ARROYITO;15/4/2026;16/4/2026;14/4/2026;FAC-A0001-00042446;Venta;Empresa;30020;12;78965,87;95548,7;TONINI MARISA ELIZABETH;;6,00%;10;ORTEGA MILAGROS DESIREE;1020;SMIRNOFF GREEN APPLE DO 6X700;6580,49;3601;;TRADITIONAL TRADE;Almacen/Despensa;64248,6;DELGADO MAYCO JOAQUIN;420,03;$;2;GRUPO PEÑAFLOR SA;8,4;0;Contado;16/4/2026 16:55;;Smirnoff;Standard (S);No definido;;;Vodka;PEÑAFLOR GRUPO OBJETIVO;;;20032;GRIBAUDO ESTEBAN;AXUM;;;False;154340;0;Lista General;Almacen/Despensa - C;12488;15/4/2026;2;LESCANO FRANCO DARIO
2332;RIVADAVIA 355;ARROYITO;15/4/2026;16/4/2026;14/4/2026;FAC-A0001-00042446;Venta;Empresa;30131;12;78965,87;95548,7;TONINI MARISA ELIZABETH;;6,00%;10;ORTEGA MILAGROS DESIREE;1020;SMIRNOFF TROPICAL FRUITS 6X700;6580,49;3601;;TRADITIONAL TRADE;Almacen/Despensa;64248,6;DELGADO MAYCO JOAQUIN;420,03;$;2;GRUPO PEÑAFLOR SA;8,4;0;Contado;16/4/2026 16:55;;Smirnoff;Standard (S);No definido;;;Vodka;PEÑAFLOR GRUPO OBJETIVO;;;20032;GRIBAUDO ESTEBAN;AXUM;;;False;154340;0;Lista General;Almacen/Despensa - C;12488;15/4/2026;2;LESCANO FRANCO DARIO
2332;RIVADAVIA 355;ARROYITO;15/4/2026;16/4/2026;14/4/2026;FAC-A0001-00042446;Venta;Empresa;35105;6;11608,38;14046,14;TONINI MARISA ELIZABETH;;0,00%;10;ORTEGA MILAGROS DESIREE;1020;SMF ICE RED BERRIE LAT 4X6X473;1934,73;3601;;TRADITIONAL TRADE;Almacen/Despensa;8882,64;DELGADO MAYCO JOAQUIN;0;$;2;GRUPO PEÑAFLOR SA;2,838;0;Contado;16/4/2026 16:55;;Smirnoff Ice Flavours;RTD (s);No definido;;;RTD (S);PEÑAFLOR GRUPO OBJETIVO;;;20032;GRIBAUDO ESTEBAN;AXUM;;;False;154340;0;Lista General;Almacen/Despensa - C;12488;15/4/2026;2;LESCANO FRANCO DARIO
1178;BV CORDOBA 249;La Francia;15/4/2026;16/4/2026;15/4/2026;FAC-A0001-00042447;Venta;Empresa;74394;6;18294,57;22136,43;WANG JINHUA;;15,00%;2;LUDUEÑA JULIANA;2041;DADA FMORAS N°3 6X750;3049,09;3616;;TRADITIONAL TRADE;Autoservicio Tradicional;16146,3;REPARTIDOR CBA;538,08;$;2;GRUPO PEÑAFLOR SA;4,5;0;Contado;16/4/2026 15:40;;Dada;Alto;No definido;;;Vinos del Año;PEÑAFLOR GRUPO OBJETIVO;;;20032;GRIBAUDO ESTEBAN;Gescom;;;True;154536;0;Lista General;Autoservicio Tradicional - P;12515;15/4/2026;2;LESCANO FRANCO DARIO
1178;BV CORDOBA 249;La Francia;15/4/2026;16/4/2026;15/4/2026;FAC-A0001-00042447;Venta;Empresa;74569;12;36589,13;44272,85;WANG JINHUA;;15,00%;2;LUDUEÑA JULIANA;2041;DADA N°8 CHOCOLATE 6X750 ;3049,09;3616;;TRADITIONAL TRADE;Autoservicio Tradicional;32292,6;REPARTIDOR CBA;538,08;$;2;GRUPO PEÑAFLOR SA;9;0;Contado;16/4/2026 15:40;;Dada;Alto;No definido;;;Vinos del Año;PEÑAFLOR GRUPO OBJETIVO;;;20032;GRIBAUDO ESTEBAN;Gescom;;;True;154536;0;Lista General;Autoservicio Tradicional - P;12515;15/4/2026;2;LESCANO FRANCO DARIO
1178;BV CORDOBA 249;La Francia;15/4/2026;16/4/2026;15/4/2026;FAC-A0001-00042447;Venta;Empresa;42102;24;66978,91;81044,48;WANG JINHUA;;15,00%;2;LUDUEÑA JULIANA;2041;ELEMENTOS MALBEC 6X750 ;2790,79;3616;;TRADITIONAL TRADE;Autoservicio Tradicional;56158,08;REPARTIDOR CBA;492,49;$;2;GRUPO PEÑAFLOR SA;18;0;Contado;16/4/2026 15:40;;ELEMENTOS;Alto;No definido;;;Vinos del Año;PEÑAFLOR GRUPO OBJETIVO;;;20032;GRIBAUDO ESTEBAN;Gescom;;;True;154536;0;Lista General;Autoservicio Tradicional - P;12515;15/4/2026;2;LESCANO FRANCO DARIO
1178;BV CORDOBA 249;La Francia;15/4/2026;16/4/2026;15/4/2026;FAC-A0001-00042447;Venta;Empresa;42105;24;66978,91;81044,48;WANG JINHUA;;15,00%;2;LUDUEÑA JULIANA;2041;ELEMENTOS TORRONTES 6X750 ;2790,79;3616;;TRADITIONAL TRADE;Autoservicio Tradicional;59113,68;REPARTIDOR CBA;492,49;$;2;GRUPO PEÑAFLOR SA;18;0;Contado;16/4/2026 15:40;;ELEMENTOS;Alto;No definido;;;Vinos del Año;PEÑAFLOR GRUPO OBJETIVO;;;20032;GRIBAUDO ESTEBAN;Gescom;;;True;154536;0;Lista General;Autoservicio Tradicional - P;12515;15/4/2026;2;LESCANO FRANCO DARIO
1178;BV CORDOBA 249;La Francia;15/4/2026;16/4/2026;15/4/2026;FAC-A0001-00042447;Venta;Empresa;35104;24;39468,49;47756,88;WANG JINHUA;;15,00%;2;LUDUEÑA JULIANA;2041;SMF ICE GREENAPPLE LAT 4X6X473;1644,52;3616;;TRADITIONAL TRADE;Autoservicio Tradicional;35530,56;REPARTIDOR CBA;290,21;$;2;GRUPO PEÑAFLOR SA;11,352;0;Contado;16/4/2026 15:40;;Smirnoff Ice Flavours;RTD (s);No definido;;;RTD (S);PEÑAFLOR GRUPO OBJETIVO;;;20032;GRIBAUDO ESTEBAN;Gescom;;;True;154536;0;Lista General;Autoservicio Tradicional - P;12515;15/4/2026;2;LESCANO FRANCO DARIO
1178;BV CORDOBA 249;La Francia;15/4/2026;16/4/2026;15/4/2026;FAC-A0001-00042447;Venta;Empresa;35105;24;39468,49;47756,88;WANG JINHUA;;15,00%;2;LUDUEÑA JULIANA;2041;SMF ICE RED BERRIE LAT 4X6X473;1644,52;3616;;TRADITIONAL TRADE;Autoservicio Tradicional;35530,56;REPARTIDOR CBA;290,21;$;2;GRUPO PEÑAFLOR SA;11,352;0;Contado;16/4/2026 15:40;;Smirnoff Ice Flavours;RTD (s);No definido;;;RTD (S);PEÑAFLOR GRUPO OBJETIVO;;;20032;GRIBAUDO ESTEBAN;Gescom;;;True;154536;0;Lista General;Autoservicio Tradicional - P;12515;15/4/2026;2;LESCANO FRANCO DARIO
2809;SAN MARTIN 230;EL TIO;15/4/2026;16/4/2026;15/4/2026;FAC-A0001-00042448;Venta;Empresa;74394;6;18294,57;22136,43;COOP.TAMB.LAS CAÑITAS LTDA.SUC;;15,00%;2;LUDUEÑA JULIANA;2040;DADA FMORAS N°3 6X750;3049,09;3616;;TRADITIONAL TRADE;Autoservicio Tradicional;16146,3;REPARTIDOR CBA;538,08;$;2;GRUPO PEÑAFLOR SA;4,5;0;Contado;16/4/2026 15:40;;Dada;Alto;No definido;;;Vinos del Año;PEÑAFLOR GRUPO OBJETIVO;;;20032;GRIBAUDO ESTEBAN;Gescom;;;True;154554;0;Lista General;Autoservicio Tradicional - C;12515;15/4/2026;2;LESCANO FRANCO DARIO
2809;SAN MARTIN 230;EL TIO;15/4/2026;16/4/2026;15/4/2026;FAC-A0001-00042448;Venta;Empresa;74569;12;36589,13;44272,85;COOP.TAMB.LAS CAÑITAS LTDA.SUC;;15,00%;2;LUDUEÑA JULIANA;2040;DADA N°8 CHOCOLATE 6X750 ;3049,09;3616;;TRADITIONAL TRADE;Autoservicio Tradicional;32292,6;REPARTIDOR CBA;538,08;$;2;GRUPO PEÑAFLOR SA;9;0;Contado;16/4/2026 15:40;;Dada;Alto;No definido;;;Vinos del Año;PEÑAFLOR GRUPO OBJETIVO;;;20032;GRIBAUDO ESTEBAN;Gescom;;;True;154554;0;Lista General;Autoservicio Tradicional - C;12515;15/4/2026;2;LESCANO FRANCO DARIO
2809;SAN MARTIN 230;EL TIO;15/4/2026;16/4/2026;15/4/2026;FAC-A0001-00042448;Venta;Empresa;42102;24;66978,91;81044,48;COOP.TAMB.LAS CAÑITAS LTDA.SUC;;15,00%;2;LUDUEÑA JULIANA;2040;ELEMENTOS MALBEC 6X750 ;2790,79;3616;;TRADITIONAL TRADE;Autoservicio Tradicional;56158,08;REPARTIDOR CBA;492,49;$;2;GRUPO PEÑAFLOR SA;18;0;Contado;16/4/2026 15:40;;ELEMENTOS;Alto;No definido;;;Vinos del Año;PEÑAFLOR GRUPO OBJETIVO;;;20032;GRIBAUDO ESTEBAN;Gescom;;;True;154554;0;Lista General;Autoservicio Tradicional - C;12515;15/4/2026;2;LESCANO FRANCO DARIO
2809;SAN MARTIN 230;EL TIO;15/4/2026;16/4/2026;15/4/2026;FAC-A0001-00042448;Venta;Empresa;42105;24;66978,91;81044,48;COOP.TAMB.LAS CAÑITAS LTDA.SUC;;15,00%;2;LUDUEÑA JULIANA;2040;ELEMENTOS TORRONTES 6X750 ;2790,79;3616;;TRADITIONAL TRADE;Autoservicio Tradicional;59113,68;REPARTIDOR CBA;492,49;$;2;GRUPO PEÑAFLOR SA;18;0;Contado;16/4/2026 15:40;;ELEMENTOS;Alto;No definido;;;Vinos del Año;PEÑAFLOR GRUPO OBJETIVO;;;20032;GRIBAUDO ESTEBAN;Gescom;;;True;154554;0;Lista General;Autoservicio Tradicional - C;12515;15/4/2026;2;LESCANO FRANCO DARIO
2809;SAN MARTIN 230;EL TIO;15/4/2026;16/4/2026;15/4/2026;FAC-A0001-00042448;Venta;Empresa;35105;24;39468,49;47756,88;COOP.TAMB.LAS CAÑITAS LTDA.SUC;;15,00%;2;LUDUEÑA JULIANA;2040;SMF ICE RED BERRIE LAT 4X6X473;1644,52;3616;;TRADITIONAL TRADE;Autoservicio Tradicional;35530,56;REPARTIDOR CBA;290,21;$;2;GRUPO PEÑAFLOR SA;11,352;0;Contado;16/4/2026 15:40;;Smirnoff Ice Flavours;RTD (s);No definido;;;RTD (S);PEÑAFLOR GRUPO OBJETIVO;;;20032;GRIBAUDO ESTEBAN;Gescom;;;True;154554;0;Lista General;Autoservicio Tradicional - C;12515;15/4/2026;2;LESCANO FRANCO DARIO
2809;SAN MARTIN 230;EL TIO;15/4/2026;16/4/2026;15/4/2026;FAC-A0001-00042448;Venta;Empresa;35104;24;39468,49;47756,88;COOP.TAMB.LAS CAÑITAS LTDA.SUC;;15,00%;2;LUDUEÑA JULIANA;2040;SMF ICE GREENAPPLE LAT 4X6X473;1644,52;3616;;TRADITIONAL TRADE;Autoservicio Tradicional;35530,56;REPARTIDOR CBA;290,21;$;2;GRUPO PEÑAFLOR SA;11,352;0;Contado;16/4/2026 15:40;;Smirnoff Ice Flavours;RTD (s);No definido;;;RTD (S);PEÑAFLOR GRUPO OBJETIVO;;;20032;GRIBAUDO ESTEBAN;Gescom;;;True;154554;0;Lista General;Autoservicio Tradicional - C;12515;15/4/2026;2;LESCANO FRANCO DARIO
3327;SAN MARTIN 275;DEVOTO;15/4/2026;16/4/2026;15/4/2026;FAC-A0001-00042449;Venta;Empresa;74394;6;18294,57;22136,43;WU DEWANG;;15,00%;2;LUDUEÑA JULIANA;2050;DADA FMORAS N°3 6X750;3049,09;3616;;TRADITIONAL TRADE;Autoservicio Tradicional;16146,3;REPARTIDOR CBA;538,08;$;2;GRUPO PEÑAFLOR SA;4,5;0;Contado;16/4/2026 15:40;;Dada;Alto;No definido;;;Vinos del Año;PEÑAFLOR GRUPO OBJETIVO;;;20032;GRIBAUDO ESTEBAN;Gescom;;;True;154555;0;Lista General;Autoservicio Tradicional - B;12515;15/4/2026;2;LESCANO FRANCO DARIO
3327;SAN MARTIN 275;DEVOTO;15/4/2026;16/4/2026;15/4/2026;FAC-A0001-00042449;Venta;Empresa;74569;12;36589,13;44272,85;WU DEWANG;;15,00%;2;LUDUEÑA JULIANA;2050;DADA N°8 CHOCOLATE 6X750 ;3049,09;3616;;TRADITIONAL TRADE;Autoservicio Tradicional;32292,6;REPARTIDOR CBA;538,08;$;2;GRUPO PEÑAFLOR SA;9;0;Contado;16/4/2026 15:40;;Dada;Alto;No definido;;;Vinos del Año;PEÑAFLOR GRUPO OBJETIVO;;;20032;GRIBAUDO ESTEBAN;Gescom;;;True;154555;0;Lista General;Autoservicio Tradicional - B;12515;15/4/2026;2;LESCANO FRANCO DARIO
3327;SAN MARTIN 275;DEVOTO;15/4/2026;16/4/2026;15/4/2026;FAC-A0001-00042449;Venta;Empresa;42102;24;66978,91;81044,48;WU DEWANG;;15,00%;2;LUDUEÑA JULIANA;2050;ELEMENTOS MALBEC 6X750 ;2790,79;3616;;TRADITIONAL TRADE;Autoservicio Tradicional;56158,08;REPARTIDOR CBA;492,49;$;2;GRUPO PEÑAFLOR SA;18;0;Contado;16/4/2026 15:40;;ELEMENTOS;Alto;No definido;;;Vinos del Año;PEÑAFLOR GRUPO OBJETIVO;;;20032;GRIBAUDO ESTEBAN;Gescom;;;True;154555;0;Lista General;Autoservicio Tradicional - B;12515;15/4/2026;2;LESCANO FRANCO DARIO
3327;SAN MARTIN 275;DEVOTO;15/4/2026;16/4/2026;15/4/2026;FAC-A0001-00042449;Venta;Empresa;42105;24;66978,91;81044,48;WU DEWANG;;15,00%;2;LUDUEÑA JULIANA;2050;ELEMENTOS TORRONTES 6X750 ;2790,79;3616;;TRADITIONAL TRADE;Autoservicio Tradicional;59113,68;REPARTIDOR CBA;492,49;$;2;GRUPO PEÑAFLOR SA;18;0;Contado;16/4/2026 15:40;;ELEMENTOS;Alto;No definido;;;Vinos del Año;PEÑAFLOR GRUPO OBJETIVO;;;20032;GRIBAUDO ESTEBAN;Gescom;;;True;154555;0;Lista General;Autoservicio Tradicional - B;12515;15/4/2026;2;LESCANO FRANCO DARIO
3327;SAN MARTIN 275;DEVOTO;15/4/2026;16/4/2026;15/4/2026;FAC-A0001-00042449;Venta;Empresa;35105;24;39468,49;47756,88;WU DEWANG;;15,00%;2;LUDUEÑA JULIANA;2050;SMF ICE RED BERRIE LAT 4X6X473;1644,52;3616;;TRADITIONAL TRADE;Autoservicio Tradicional;35530,56;REPARTIDOR CBA;290,21;$;2;GRUPO PEÑAFLOR SA;11,352;0;Contado;16/4/2026 15:40;;Smirnoff Ice Flavours;RTD (s);No definido;;;RTD (S);PEÑAFLOR GRUPO OBJETIVO;;;20032;GRIBAUDO ESTEBAN;Gescom;;;True;154555;0;Lista General;Autoservicio Tradicional - B;12515;15/4/2026;2;LESCANO FRANCO DARIO
3327;SAN MARTIN 275;DEVOTO;15/4/2026;16/4/2026;15/4/2026;FAC-A0001-00042449;Venta;Empresa;35104;24;39468,49;47756,88;WU DEWANG;;15,00%;2;LUDUEÑA JULIANA;2050;SMF ICE GREENAPPLE LAT 4X6X473;1644,52;3616;;TRADITIONAL TRADE;Autoservicio Tradicional;35530,56;REPARTIDOR CBA;290,21;$;2;GRUPO PEÑAFLOR SA;11,352;0;Contado;16/4/2026 15:40;;Smirnoff Ice Flavours;RTD (s);No definido;;;RTD (S);PEÑAFLOR GRUPO OBJETIVO;;;20032;GRIBAUDO ESTEBAN;Gescom;;;True;154555;0;Lista General;Autoservicio Tradicional - B;12515;15/4/2026;2;LESCANO FRANCO DARIO
829;PERON ESQ. CORDOBA 0;DEVOTO;15/4/2026;16/4/2026;15/4/2026;FAC-A0001-00042450;Venta;Empresa;74394;6;18294,57;22136,43;EL GURY SRL;;15,00%;2;LUDUEÑA JULIANA;2050;DADA FMORAS N°3 6X750;3049,09;3616;;TRADITIONAL TRADE;Autoservicio Tradicional;16146,3;REPARTIDOR CBA;538,08;$;2;GRUPO PEÑAFLOR SA;4,5;0;Contado;16/4/2026 15:40;;Dada;Alto;No definido;;;Vinos del Año;PEÑAFLOR GRUPO OBJETIVO;;;20032;GRIBAUDO ESTEBAN;Gescom;;;True;154556;0;Lista General;Autoservicio Tradicional - B;12515;15/4/2026;2;LESCANO FRANCO DARIO
829;PERON ESQ. CORDOBA 0;DEVOTO;15/4/2026;16/4/2026;15/4/2026;FAC-A0001-00042450;Venta;Empresa;74569;12;36589,13;44272,85;EL GURY SRL;;15,00%;2;LUDUEÑA JULIANA;2050;DADA N°8 CHOCOLATE 6X750 ;3049,09;3616;;TRADITIONAL TRADE;Autoservicio Tradicional;32292,6;REPARTIDOR CBA;538,08;$;2;GRUPO PEÑAFLOR SA;9;0;Contado;16/4/2026 15:40;;Dada;Alto;No definido;;;Vinos del Año;PEÑAFLOR GRUPO OBJETIVO;;;20032;GRIBAUDO ESTEBAN;Gescom;;;True;154556;0;Lista General;Autoservicio Tradicional - B;12515;15/4/2026;2;LESCANO FRANCO DARIO
829;PERON ESQ. CORDOBA 0;DEVOTO;15/4/2026;16/4/2026;15/4/2026;FAC-A0001-00042450;Venta;Empresa;42102;24;66978,91;81044,48;EL GURY SRL;;15,00%;2;LUDUEÑA JULIANA;2050;ELEMENTOS MALBEC 6X750 ;2790,79;3616;;TRADITIONAL TRADE;Autoservicio Tradicional;56158,08;REPARTIDOR CBA;492,49;$;2;GRUPO PEÑAFLOR SA;18;0;Contado;16/4/2026 15:40;;ELEMENTOS;Alto;No definido;;;Vinos del Año;PEÑAFLOR GRUPO OBJETIVO;;;20032;GRIBAUDO ESTEBAN;Gescom;;;True;154556;0;Lista General;Autoservicio Tradicional - B;12515;15/4/2026;2;LESCANO FRANCO DARIO
829;PERON ESQ. CORDOBA 0;DEVOTO;15/4/2026;16/4/2026;15/4/2026;FAC-A0001-00042450;Venta;Empresa;42105;24;66978,91;81044,48;EL GURY SRL;;15,00%;2;LUDUEÑA JULIANA;2050;ELEMENTOS TORRONTES 6X750 ;2790,79;3616;;TRADITIONAL TRADE;Autoservicio Tradicional;59113,68;REPARTIDOR CBA;492,49;$;2;GRUPO PEÑAFLOR SA;18;0;Contado;16/4/2026 15:40;;ELEMENTOS;Alto;No definido;;;Vinos del Año;PEÑAFLOR GRUPO OBJETIVO;;;20032;GRIBAUDO ESTEBAN;Gescom;;;True;154556;0;Lista General;Autoservicio Tradicional - B;12515;15/4/2026;2;LESCANO FRANCO DARIO
829;PERON ESQ. CORDOBA 0;DEVOTO;15/4/2026;16/4/2026;15/4/2026;FAC-A0001-00042450;Venta;Empresa;35104;24;39468,49;47756,88;EL GURY SRL;;15,00%;2;LUDUEÑA JULIANA;2050;SMF ICE GREENAPPLE LAT 4X6X473;1644,52;3616;;TRADITIONAL TRADE;Autoservicio Tradicional;35530,56;REPARTIDOR CBA;290,21;$;2;GRUPO PEÑAFLOR SA;11,352;0;Contado;16/4/2026 15:40;;Smirnoff Ice Flavours;RTD (s);No definido;;;RTD (S);PEÑAFLOR GRUPO OBJETIVO;;;20032;GRIBAUDO ESTEBAN;Gescom;;;True;154556;0;Lista General;Autoservicio Tradicional - B;12515;15/4/2026;2;LESCANO FRANCO DARIO
829;PERON ESQ. CORDOBA 0;DEVOTO;15/4/2026;16/4/2026;15/4/2026;FAC-A0001-00042450;Venta;Empresa;35105;24;39468,49;47756,88;EL GURY SRL;;15,00%;2;LUDUEÑA JULIANA;2050;SMF ICE RED BERRIE LAT 4X6X473;1644,52;3616;;TRADITIONAL TRADE;Autoservicio Tradicional;35530,56;REPARTIDOR CBA;290,21;$;2;GRUPO PEÑAFLOR SA;11,352;0;Contado;16/4/2026 15:40;;Smirnoff Ice Flavours;RTD (s);No definido;;;RTD (S);PEÑAFLOR GRUPO OBJETIVO;;;20032;GRIBAUDO ESTEBAN;Gescom;;;True;154556;0;Lista General;Autoservicio Tradicional - B;12515;15/4/2026;2;LESCANO FRANCO DARIO
997;AV DE MAYO 665;COLONIA SAN BARTOLOME;15/4/2026;16/4/2026;15/4/2026;FAC-B0001-00011847;Venta;Empresa;74394;6;18294,57;22136,43;SOCIEDAD COSMOPOLITA DE SOCORROS  MUTUOS;;15,00%;2;LUDUEÑA JULIANA;2041;DADA FMORAS N°3 6X750;3049,09;3616;;TRADITIONAL TRADE;Autoservicio Tradicional;16146,3;REPARTIDOR CBA;538,08;$;2;GRUPO PEÑAFLOR SA;4,5;0;Contado;16/4/2026 15:40;;Dada;Alto;No definido;;;Vinos del Año;PEÑAFLOR GRUPO OBJETIVO;;;20032;GRIBAUDO ESTEBAN;Gescom;;;True;154557;0;Lista General;Autoservicio Tradicional - C;12515;15/4/2026;2;LESCANO FRANCO DARIO
997;AV DE MAYO 665;COLONIA SAN BARTOLOME;15/4/2026;16/4/2026;15/4/2026;FAC-B0001-00011847;Venta;Empresa;74569;12;36589,13;44272,85;SOCIEDAD COSMOPOLITA DE SOCORROS  MUTUOS;;15,00%;2;LUDUEÑA JULIANA;2041;DADA N°8 CHOCOLATE 6X750 ;3049,09;3616;;TRADITIONAL TRADE;Autoservicio Tradicional;32292,6;REPARTIDOR CBA;538,08;$;2;GRUPO PEÑAFLOR SA;9;0;Contado;16/4/2026 15:40;;Dada;Alto;No definido;;;Vinos del Año;PEÑAFLOR GRUPO OBJETIVO;;;20032;GRIBAUDO ESTEBAN;Gescom;;;True;154557;0;Lista General;Autoservicio Tradicional - C;12515;15/4/2026;2;LESCANO FRANCO DARIO
997;AV DE MAYO 665;COLONIA SAN BARTOLOME;15/4/2026;16/4/2026;15/4/2026;FAC-B0001-00011847;Venta;Empresa;42102;24;66978,91;81044,48;SOCIEDAD COSMOPOLITA DE SOCORROS  MUTUOS;;15,00%;2;LUDUEÑA JULIANA;2041;ELEMENTOS MALBEC 6X750 ;2790,79;3616;;TRADITIONAL TRADE;Autoservicio Tradicional;56158,08;REPARTIDOR CBA;492,49;$;2;GRUPO PEÑAFLOR SA;18;0;Contado;16/4/2026 15:40;;ELEMENTOS;Alto;No definido;;;Vinos del Año;PEÑAFLOR GRUPO OBJETIVO;;;20032;GRIBAUDO ESTEBAN;Gescom;;;True;154557;0;Lista General;Autoservicio Tradicional - C;12515;15/4/2026;2;LESCANO FRANCO DARIO
997;AV DE MAYO 665;COLONIA SAN BARTOLOME;15/4/2026;16/4/2026;15/4/2026;FAC-B0001-00011847;Venta;Empresa;42105;24;66978,91;81044,48;SOCIEDAD COSMOPOLITA DE SOCORROS  MUTUOS;;15,00%;2;LUDUEÑA JULIANA;2041;ELEMENTOS TORRONTES 6X750 ;2790,79;3616;;TRADITIONAL TRADE;Autoservicio Tradicional;59113,68;REPARTIDOR CBA;492,49;$;2;GRUPO PEÑAFLOR SA;18;0;Contado;16/4/2026 15:40;;ELEMENTOS;Alto;No definido;;;Vinos del Año;PEÑAFLOR GRUPO OBJETIVO;;;20032;GRIBAUDO ESTEBAN;Gescom;;;True;154557;0;Lista General;Autoservicio Tradicional - C;12515;15/4/2026;2;LESCANO FRANCO DARIO
997;AV DE MAYO 665;COLONIA SAN BARTOLOME;15/4/2026;16/4/2026;15/4/2026;FAC-B0001-00011847;Venta;Empresa;35105;24;39468,49;47756,88;SOCIEDAD COSMOPOLITA DE SOCORROS  MUTUOS;;15,00%;2;LUDUEÑA JULIANA;2041;SMF ICE RED BERRIE LAT 4X6X473;1644,52;3616;;TRADITIONAL TRADE;Autoservicio Tradicional;35530,56;REPARTIDOR CBA;290,21;$;2;GRUPO PEÑAFLOR SA;11,352;0;Contado;16/4/2026 15:40;;Smirnoff Ice Flavours;RTD (s);No definido;;;RTD (S);PEÑAFLOR GRUPO OBJETIVO;;;20032;GRIBAUDO ESTEBAN;Gescom;;;True;154557;0;Lista General;Autoservicio Tradicional - C;12515;15/4/2026;2;LESCANO FRANCO DARIO
997;AV DE MAYO 665;COLONIA SAN BARTOLOME;15/4/2026;16/4/2026;15/4/2026;FAC-B0001-00011847;Venta;Empresa;35104;24;39468,49;47756,88;SOCIEDAD COSMOPOLITA DE SOCORROS  MUTUOS;;15,00%;2;LUDUEÑA JULIANA;2041;SMF ICE GREENAPPLE LAT 4X6X473;1644,52;3616;;TRADITIONAL TRADE;Autoservicio Tradicional;35530,56;REPARTIDOR CBA;290,21;$;2;GRUPO PEÑAFLOR SA;11,352;0;Contado;16/4/2026 15:40;;Smirnoff Ice Flavours;RTD (s);No definido;;;RTD (S);PEÑAFLOR GRUPO OBJETIVO;;;20032;GRIBAUDO ESTEBAN;Gescom;;;True;154557;0;Lista General;Autoservicio Tradicional - C;12515;15/4/2026;2;LESCANO FRANCO DARIO
289;INTENDENTE ZAMPOL 475;BRINKMANN;15/4/2026;16/4/2026;15/4/2026;FAC-A0001-00042451;Venta;Empresa;74394;6;18294,57;22136,43;ITEGA SA;;15,00%;4;GRIBAUDO ANGEL;4030;DADA FMORAS N°3 6X750;3049,09;3616;;TRADITIONAL TRADE;Autoservicio Tradicional;16146,3;REPARTIDOR CBA;538,08;$;2;GRUPO PEÑAFLOR SA;4,5;0;Contado;16/4/2026 15:40;;Dada;Alto;No definido;;;Vinos del Año;PEÑAFLOR GRUPO OBJETIVO;;;20032;GRIBAUDO ESTEBAN;Gescom;;;True;154558;0;Lista General;Autoservicio Tradicional - P;12515;15/4/2026;2;LESCANO FRANCO DARIO
289;INTENDENTE ZAMPOL 475;BRINKMANN;15/4/2026;16/4/2026;15/4/2026;FAC-A0001-00042451;Venta;Empresa;74569;12;36589,13;44272,85;ITEGA SA;;15,00%;4;GRIBAUDO ANGEL;4030;DADA N°8 CHOCOLATE 6X750 ;3049,09;3616;;TRADITIONAL TRADE;Autoservicio Tradicional;32292,6;REPARTIDOR CBA;538,08;$;2;GRUPO PEÑAFLOR SA;9;0;Contado;16/4/2026 15:40;;Dada;Alto;No definido;;;Vinos del Año;PEÑAFLOR GRUPO OBJETIVO;;;20032;GRIBAUDO ESTEBAN;Gescom;;;True;154558;0;Lista General;Autoservicio Tradicional - P;12515;15/4/2026;2;LESCANO FRANCO DARIO
289;INTENDENTE ZAMPOL 475;BRINKMANN;15/4/2026;16/4/2026;15/4/2026;FAC-A0001-00042451;Venta;Empresa;42102;24;66978,91;81044,48;ITEGA SA;;15,00%;4;GRIBAUDO ANGEL;4030;ELEMENTOS MALBEC 6X750 ;2790,79;3616;;TRADITIONAL TRADE;Autoservicio Tradicional;56158,08;REPARTIDOR CBA;492,49;$;2;GRUPO PEÑAFLOR SA;18;0;Contado;16/4/2026 15:40;;ELEMENTOS;Alto;No definido;;;Vinos del Año;PEÑAFLOR GRUPO OBJETIVO;;;20032;GRIBAUDO ESTEBAN;Gescom;;;True;154558;0;Lista General;Autoservicio Tradicional - P;12515;15/4/2026;2;LESCANO FRANCO DARIO
289;INTENDENTE ZAMPOL 475;BRINKMANN;15/4/2026;16/4/2026;15/4/2026;FAC-A0001-00042451;Venta;Empresa;42105;24;66978,91;81044,48;ITEGA SA;;15,00%;4;GRIBAUDO ANGEL;4030;ELEMENTOS TORRONTES 6X750 ;2790,79;3616;;TRADITIONAL TRADE;Autoservicio Tradicional;59113,68;REPARTIDOR CBA;492,49;$;2;GRUPO PEÑAFLOR SA;18;0;Contado;16/4/2026 15:40;;ELEMENTOS;Alto;No definido;;;Vinos del Año;PEÑAFLOR GRUPO OBJETIVO;;;20032;GRIBAUDO ESTEBAN;Gescom;;;True;154558;0;Lista General;Autoservicio Tradicional - P;12515;15/4/2026;2;LESCANO FRANCO DARIO
289;INTENDENTE ZAMPOL 475;BRINKMANN;15/4/2026;16/4/2026;15/4/2026;FAC-A0001-00042451;Venta;Empresa;35105;24;39468,49;47756,88;ITEGA SA;;15,00%;4;GRIBAUDO ANGEL;4030;SMF ICE RED BERRIE LAT 4X6X473;1644,52;3616;;TRADITIONAL TRADE;Autoservicio Tradicional;35530,56;REPARTIDOR CBA;290,21;$;2;GRUPO PEÑAFLOR SA;11,352;0;Contado;16/4/2026 15:40;;Smirnoff Ice Flavours;RTD (s);No definido;;;RTD (S);PEÑAFLOR GRUPO OBJETIVO;;;20032;GRIBAUDO ESTEBAN;Gescom;;;True;154558;0;Lista General;Autoservicio Tradicional - P;12515;15/4/2026;2;LESCANO FRANCO DARIO
289;INTENDENTE ZAMPOL 475;BRINKMANN;15/4/2026;16/4/2026;15/4/2026;FAC-A0001-00042451;Venta;Empresa;35104;24;39468,49;47756,88;ITEGA SA;;15,00%;4;GRIBAUDO ANGEL;4030;SMF ICE GREENAPPLE LAT 4X6X473;1644,52;3616;;TRADITIONAL TRADE;Autoservicio Tradicional;35530,56;REPARTIDOR CBA;290,21;$;2;GRUPO PEÑAFLOR SA;11,352;0;Contado;16/4/2026 15:40;;Smirnoff Ice Flavours;RTD (s);No definido;;;RTD (S);PEÑAFLOR GRUPO OBJETIVO;;;20032;GRIBAUDO ESTEBAN;Gescom;;;True;154558;0;Lista General;Autoservicio Tradicional - P;12515;15/4/2026;2;LESCANO FRANCO DARIO
1223;CORDOBA 315;Brinkmann;15/4/2026;16/4/2026;15/4/2026;FAC-A0001-00042452;Venta;Empresa;74394;6;18294,57;22136,43;TORRES RODRIGUEZ FELIX PASTOR;;15,00%;4;GRIBAUDO ANGEL;4030;DADA FMORAS N°3 6X750;3049,09;3616;;TRADITIONAL TRADE;Autoservicio Tradicional;16146,3;REPARTIDOR CBA;538,08;$;2;GRUPO PEÑAFLOR SA;4,5;0;Contado;16/4/2026 15:40;;Dada;Alto;No definido;;;Vinos del Año;PEÑAFLOR GRUPO OBJETIVO;;;20032;GRIBAUDO ESTEBAN;Gescom;;;True;154559;0;Lista General;Autoservicio Tradicional - P;12515;15/4/2026;2;LESCANO FRANCO DARIO
1223;CORDOBA 315;Brinkmann;15/4/2026;16/4/2026;15/4/2026;FAC-A0001-00042452;Venta;Empresa;74569;12;36589,13;44272,85;TORRES RODRIGUEZ FELIX PASTOR;;15,00%;4;GRIBAUDO ANGEL;4030;DADA N°8 CHOCOLATE 6X750 ;3049,09;3616;;TRADITIONAL TRADE;Autoservicio Tradicional;32292,6;REPARTIDOR CBA;538,08;$;2;GRUPO PEÑAFLOR SA;9;0;Contado;16/4/2026 15:40;;Dada;Alto;No definido;;;Vinos del Año;PEÑAFLOR GRUPO OBJETIVO;;;20032;GRIBAUDO ESTEBAN;Gescom;;;True;154559;0;Lista General;Autoservicio Tradicional - P;12515;15/4/2026;2;LESCANO FRANCO DARIO
1223;CORDOBA 315;Brinkmann;15/4/2026;16/4/2026;15/4/2026;FAC-A0001-00042452;Venta;Empresa;42102;24;66978,91;81044,48;TORRES RODRIGUEZ FELIX PASTOR;;15,00%;4;GRIBAUDO ANGEL;4030;ELEMENTOS MALBEC 6X750 ;2790,79;3616;;TRADITIONAL TRADE;Autoservicio Tradicional;56158,08;REPARTIDOR CBA;492,49;$;2;GRUPO PEÑAFLOR SA;18;0;Contado;16/4/2026 15:40;;ELEMENTOS;Alto;No definido;;;Vinos del Año;PEÑAFLOR GRUPO OBJETIVO;;;20032;GRIBAUDO ESTEBAN;Gescom;;;True;154559;0;Lista General;Autoservicio Tradicional - P;12515;15/4/2026;2;LESCANO FRANCO DARIO
1223;CORDOBA 315;Brinkmann;15/4/2026;16/4/2026;15/4/2026;FAC-A0001-00042452;Venta;Empresa;42105;24;66978,91;81044,48;TORRES RODRIGUEZ FELIX PASTOR;;15,00%;4;GRIBAUDO ANGEL;4030;ELEMENTOS TORRONTES 6X750 ;2790,79;3616;;TRADITIONAL TRADE;Autoservicio Tradicional;59113,68;REPARTIDOR CBA;492,49;$;2;GRUPO PEÑAFLOR SA;18;0;Contado;16/4/2026 15:40;;ELEMENTOS;Alto;No definido;;;Vinos del Año;PEÑAFLOR GRUPO OBJETIVO;;;20032;GRIBAUDO ESTEBAN;Gescom;;;True;154559;0;Lista General;Autoservicio Tradicional - P;12515;15/4/2026;2;LESCANO FRANCO DARIO
1223;CORDOBA 315;Brinkmann;15/4/2026;16/4/2026;15/4/2026;FAC-A0001-00042452;Venta;Empresa;35105;24;39468,49;47756,88;TORRES RODRIGUEZ FELIX PASTOR;;15,00%;4;GRIBAUDO ANGEL;4030;SMF ICE RED BERRIE LAT 4X6X473;1644,52;3616;;TRADITIONAL TRADE;Autoservicio Tradicional;35530,56;REPARTIDOR CBA;290,21;$;2;GRUPO PEÑAFLOR SA;11,352;0;Contado;16/4/2026 15:40;;Smirnoff Ice Flavours;RTD (s);No definido;;;RTD (S);PEÑAFLOR GRUPO OBJETIVO;;;20032;GRIBAUDO ESTEBAN;Gescom;;;True;154559;0;Lista General;Autoservicio Tradicional - P;12515;15/4/2026;2;LESCANO FRANCO DARIO
1223;CORDOBA 315;Brinkmann;15/4/2026;16/4/2026;15/4/2026;FAC-A0001-00042452;Venta;Empresa;35104;24;39468,49;47756,88;TORRES RODRIGUEZ FELIX PASTOR;;15,00%;4;GRIBAUDO ANGEL;4030;SMF ICE GREENAPPLE LAT 4X6X473;1644,52;3616;;TRADITIONAL TRADE;Autoservicio Tradicional;35530,56;REPARTIDOR CBA;290,21;$;2;GRUPO PEÑAFLOR SA;11,352;0;Contado;16/4/2026 15:40;;Smirnoff Ice Flavours;RTD (s);No definido;;;RTD (S);PEÑAFLOR GRUPO OBJETIVO;;;20032;GRIBAUDO ESTEBAN;Gescom;;;True;154559;0;Lista General;Autoservicio Tradicional - P;12515;15/4/2026;2;LESCANO FRANCO DARIO
2799;25 DE MAYO 297;Porteña;15/4/2026;16/4/2026;15/4/2026;FAC-A0001-00042453;Venta;Empresa;74394;6;18294,57;22136,43;CHEN JINHUA;;15,00%;4;GRIBAUDO ANGEL;4040;DADA FMORAS N°3 6X750;3049,09;3616;;TRADITIONAL TRADE;Autoservicio Tradicional;16146,3;REPARTIDOR CBA;538,08;$;2;GRUPO PEÑAFLOR SA;4,5;0;Contado;16/4/2026 15:40;;Dada;Alto;No definido;;;Vinos del Año;PEÑAFLOR GRUPO OBJETIVO;;;20032;GRIBAUDO ESTEBAN;Gescom;;;True;154560;0;Lista General;Autoservicio Tradicional - B;12515;15/4/2026;2;LESCANO FRANCO DARIO
2799;25 DE MAYO 297;Porteña;15/4/2026;16/4/2026;15/4/2026;FAC-A0001-00042453;Venta;Empresa;74569;12;36589,13;44272,85;CHEN JINHUA;;15,00%;4;GRIBAUDO ANGEL;4040;DADA N°8 CHOCOLATE 6X750 ;3049,09;3616;;TRADITIONAL TRADE;Autoservicio Tradicional;32292,6;REPARTIDOR CBA;538,08;$;2;GRUPO PEÑAFLOR SA;9;0;Contado;16/4/2026 15:40;;Dada;Alto;No definido;;;Vinos del Año;PEÑAFLOR GRUPO OBJETIVO;;;20032;GRIBAUDO ESTEBAN;Gescom;;;True;154560;0;Lista General;Autoservicio Tradicional - B;12515;15/4/2026;2;LESCANO FRANCO DARIO
2799;25 DE MAYO 297;Porteña;15/4/2026;16/4/2026;15/4/2026;FAC-A0001-00042453;Venta;Empresa;42102;24;66978,91;81044,48;CHEN JINHUA;;15,00%;4;GRIBAUDO ANGEL;4040;ELEMENTOS MALBEC 6X750 ;2790,79;3616;;TRADITIONAL TRADE;Autoservicio Tradicional;56158,08;REPARTIDOR CBA;492,49;$;2;GRUPO PEÑAFLOR SA;18;0;Contado;16/4/2026 15:40;;ELEMENTOS;Alto;No definido;;;Vinos del Año;PEÑAFLOR GRUPO OBJETIVO;;;20032;GRIBAUDO ESTEBAN;Gescom;;;True;154560;0;Lista General;Autoservicio Tradicional - B;12515;15/4/2026;2;LESCANO FRANCO DARIO
2799;25 DE MAYO 297;Porteña;15/4/2026;16/4/2026;15/4/2026;FAC-A0001-00042453;Venta;Empresa;42105;24;66978,91;81044,48;CHEN JINHUA;;15,00%;4;GRIBAUDO ANGEL;4040;ELEMENTOS TORRONTES 6X750 ;2790,79;3616;;TRADITIONAL TRADE;Autoservicio Tradicional;59113,68;REPARTIDOR CBA;492,49;$;2;GRUPO PEÑAFLOR SA;18;0;Contado;16/4/2026 15:40;;ELEMENTOS;Alto;No definido;;;Vinos del Año;PEÑAFLOR GRUPO OBJETIVO;;;20032;GRIBAUDO ESTEBAN;Gescom;;;True;154560;0;Lista General;Autoservicio Tradicional - B;12515;15/4/2026;2;LESCANO FRANCO DARIO
2799;25 DE MAYO 297;Porteña;15/4/2026;16/4/2026;15/4/2026;FAC-A0001-00042453;Venta;Empresa;35105;24;39468,49;47756,88;CHEN JINHUA;;15,00%;4;GRIBAUDO ANGEL;4040;SMF ICE RED BERRIE LAT 4X6X473;1644,52;3616;;TRADITIONAL TRADE;Autoservicio Tradicional;35530,56;REPARTIDOR CBA;290,21;$;2;GRUPO PEÑAFLOR SA;11,352;0;Contado;16/4/2026 15:40;;Smirnoff Ice Flavours;RTD (s);No definido;;;RTD (S);PEÑAFLOR GRUPO OBJETIVO;;;20032;GRIBAUDO ESTEBAN;Gescom;;;True;154560;0;Lista General;Autoservicio Tradicional - B;12515;15/4/2026;2;LESCANO FRANCO DARIO
2799;25 DE MAYO 297;Porteña;15/4/2026;16/4/2026;15/4/2026;FAC-A0001-00042453;Venta;Empresa;35104;24;39468,49;47756,88;CHEN JINHUA;;15,00%;4;GRIBAUDO ANGEL;4040;SMF ICE GREENAPPLE LAT 4X6X473;1644,52;3616;;TRADITIONAL TRADE;Autoservicio Tradicional;35530,56;REPARTIDOR CBA;290,21;$;2;GRUPO PEÑAFLOR SA;11,352;0;Contado;16/4/2026 15:40;;Smirnoff Ice Flavours;RTD (s);No definido;;;RTD (S);PEÑAFLOR GRUPO OBJETIVO;;;20032;GRIBAUDO ESTEBAN;Gescom;;;True;154560;0;Lista General;Autoservicio Tradicional - B;12515;15/4/2026;2;LESCANO FRANCO DARIO
4457;25 DE MAYO 736;PORTE„A;15/4/2026;16/4/2026;15/4/2026;FAC-A0001-00042454;Venta;Empresa;74394;6;18294,57;22136,43;FERRARIS HUGO RUBY;;15,00%;4;GRIBAUDO ANGEL;4040;DADA FMORAS N°3 6X750;3049,09;3616;;TRADITIONAL TRADE;Autoservicio Tradicional;16146,3;REPARTIDOR CBA;538,08;$;2;GRUPO PEÑAFLOR SA;4,5;0;Contado;16/4/2026 15:40;;Dada;Alto;No definido;;;Vinos del Año;PEÑAFLOR GRUPO OBJETIVO;;;20032;GRIBAUDO ESTEBAN;Gescom;;;True;154561;0;Lista General;Autoservicio Tradicional - C;12515;15/4/2026;2;LESCANO FRANCO DARIO
4457;25 DE MAYO 736;PORTE„A;15/4/2026;16/4/2026;15/4/2026;FAC-A0001-00042454;Venta;Empresa;74569;12;36589,13;44272,85;FERRARIS HUGO RUBY;;15,00%;4;GRIBAUDO ANGEL;4040;DADA N°8 CHOCOLATE 6X750 ;3049,09;3616;;TRADITIONAL TRADE;Autoservicio Tradicional;32292,6;REPARTIDOR CBA;538,08;$;2;GRUPO PEÑAFLOR SA;9;0;Contado;16/4/2026 15:40;;Dada;Alto;No definido;;;Vinos del Año;PEÑAFLOR GRUPO OBJETIVO;;;20032;GRIBAUDO ESTEBAN;Gescom;;;True;154561;0;Lista General;Autoservicio Tradicional - C;12515;15/4/2026;2;LESCANO FRANCO DARIO
4457;25 DE MAYO 736;PORTE„A;15/4/2026;16/4/2026;15/4/2026;FAC-A0001-00042454;Venta;Empresa;42102;24;66978,91;81044,48;FERRARIS HUGO RUBY;;15,00%;4;GRIBAUDO ANGEL;4040;ELEMENTOS MALBEC 6X750 ;2790,79;3616;;TRADITIONAL TRADE;Autoservicio Tradicional;56158,08;REPARTIDOR CBA;492,49;$;2;GRUPO PEÑAFLOR SA;18;0;Contado;16/4/2026 15:40;;ELEMENTOS;Alto;No definido;;;Vinos del Año;PEÑAFLOR GRUPO OBJETIVO;;;20032;GRIBAUDO ESTEBAN;Gescom;;;True;154561;0;Lista General;Autoservicio Tradicional - C;12515;15/4/2026;2;LESCANO FRANCO DARIO
4457;25 DE MAYO 736;PORTE„A;15/4/2026;16/4/2026;15/4/2026;FAC-A0001-00042454;Venta;Empresa;42105;24;66978,91;81044,48;FERRARIS HUGO RUBY;;15,00%;4;GRIBAUDO ANGEL;4040;ELEMENTOS TORRONTES 6X750 ;2790,79;3616;;TRADITIONAL TRADE;Autoservicio Tradicional;59113,68;REPARTIDOR CBA;492,49;$;2;GRUPO PEÑAFLOR SA;18;0;Contado;16/4/2026 15:40;;ELEMENTOS;Alto;No definido;;;Vinos del Año;PEÑAFLOR GRUPO OBJETIVO;;;20032;GRIBAUDO ESTEBAN;Gescom;;;True;154561;0;Lista General;Autoservicio Tradicional - C;12515;15/4/2026;2;LESCANO FRANCO DARIO
356;GRAL.ROCA-SARMIENTO 1;FREYRE;15/4/2026;16/4/2026;15/4/2026;FAC-A0001-00042455;Venta;Empresa;74394;6;18294,57;22136,43;ASOC.MUT.AFIL ATILRA FREYRE;;15,00%;4;GRIBAUDO ANGEL;4050;DADA FMORAS N°3 6X750;3049,09;3616;;TRADITIONAL TRADE;Autoservicio Tradicional;16146,3;REPARTIDOR CBA;538,08;$;2;GRUPO PEÑAFLOR SA;4,5;0;Contado;16/4/2026 15:40;;Dada;Alto;No definido;;;Vinos del Año;PEÑAFLOR GRUPO OBJETIVO;;;20032;GRIBAUDO ESTEBAN;Gescom;;;True;154564;0;Lista General;Autoservicio Tradicional - C;12515;15/4/2026;2;LESCANO FRANCO DARIO
356;GRAL.ROCA-SARMIENTO 1;FREYRE;15/4/2026;16/4/2026;15/4/2026;FAC-A0001-00042455;Venta;Empresa;74569;12;36589,13;44272,85;ASOC.MUT.AFIL ATILRA FREYRE;;15,00%;4;GRIBAUDO ANGEL;4050;DADA N°8 CHOCOLATE 6X750 ;3049,09;3616;;TRADITIONAL TRADE;Autoservicio Tradicional;32292,6;REPARTIDOR CBA;538,08;$;2;GRUPO PEÑAFLOR SA;9;0;Contado;16/4/2026 15:40;;Dada;Alto;No definido;;;Vinos del Año;PEÑAFLOR GRUPO OBJETIVO;;;20032;GRIBAUDO ESTEBAN;Gescom;;;True;154564;0;Lista General;Autoservicio Tradicional - C;12515;15/4/2026;2;LESCANO FRANCO DARIO
356;GRAL.ROCA-SARMIENTO 1;FREYRE;15/4/2026;16/4/2026;15/4/2026;FAC-A0001-00042455;Venta;Empresa;42102;24;66978,91;81044,48;ASOC.MUT.AFIL ATILRA FREYRE;;15,00%;4;GRIBAUDO ANGEL;4050;ELEMENTOS MALBEC 6X750 ;2790,79;3616;;TRADITIONAL TRADE;Autoservicio Tradicional;56158,08;REPARTIDOR CBA;492,49;$;2;GRUPO PEÑAFLOR SA;18;0;Contado;16/4/2026 15:40;;ELEMENTOS;Alto;No definido;;;Vinos del Año;PEÑAFLOR GRUPO OBJETIVO;;;20032;GRIBAUDO ESTEBAN;Gescom;;;True;154564;0;Lista General;Autoservicio Tradicional - C;12515;15/4/2026;2;LESCANO FRANCO DARIO
356;GRAL.ROCA-SARMIENTO 1;FREYRE;15/4/2026;16/4/2026;15/4/2026;FAC-A0001-00042455;Venta;Empresa;42105;24;66978,91;81044,48;ASOC.MUT.AFIL ATILRA FREYRE;;15,00%;4;GRIBAUDO ANGEL;4050;ELEMENTOS TORRONTES 6X750 ;2790,79;3616;;TRADITIONAL TRADE;Autoservicio Tradicional;59113,68;REPARTIDOR CBA;492,49;$;2;GRUPO PEÑAFLOR SA;18;0;Contado;16/4/2026 15:40;;ELEMENTOS;Alto;No definido;;;Vinos del Año;PEÑAFLOR GRUPO OBJETIVO;;;20032;GRIBAUDO ESTEBAN;Gescom;;;True;154564;0;Lista General;Autoservicio Tradicional - C;12515;15/4/2026;2;LESCANO FRANCO DARIO
439;25 DE MAYO 459;FREYRE;15/4/2026;16/4/2026;15/4/2026;FAC-A0001-00042456;Venta;Empresa;74394;6;18294,57;22136,43;SUPERVEINTINUEVE S.R.L.;;15,00%;4;GRIBAUDO ANGEL;4050;DADA FMORAS N°3 6X750;3049,09;3616;;TRADITIONAL TRADE;Autoservicio Tradicional;16146,3;REPARTIDOR CBA;538,08;$;2;GRUPO PEÑAFLOR SA;4,5;0;Contado;16/4/2026 15:40;;Dada;Alto;No definido;;;Vinos del Año;PEÑAFLOR GRUPO OBJETIVO;;;20032;GRIBAUDO ESTEBAN;Gescom;;;True;154565;0;Lista General;Autoservicio Tradicional - B;12515;15/4/2026;2;LESCANO FRANCO DARIO
439;25 DE MAYO 459;FREYRE;15/4/2026;16/4/2026;15/4/2026;FAC-A0001-00042456;Venta;Empresa;74569;12;36589,13;44272,85;SUPERVEINTINUEVE S.R.L.;;15,00%;4;GRIBAUDO ANGEL;4050;DADA N°8 CHOCOLATE 6X750 ;3049,09;3616;;TRADITIONAL TRADE;Autoservicio Tradicional;32292,6;REPARTIDOR CBA;538,08;$;2;GRUPO PEÑAFLOR SA;9;0;Contado;16/4/2026 15:40;;Dada;Alto;No definido;;;Vinos del Año;PEÑAFLOR GRUPO OBJETIVO;;;20032;GRIBAUDO ESTEBAN;Gescom;;;True;154565;0;Lista General;Autoservicio Tradicional - B;12515;15/4/2026;2;LESCANO FRANCO DARIO
439;25 DE MAYO 459;FREYRE;15/4/2026;16/4/2026;15/4/2026;FAC-A0001-00042456;Venta;Empresa;42102;24;66978,91;81044,48;SUPERVEINTINUEVE S.R.L.;;15,00%;4;GRIBAUDO ANGEL;4050;ELEMENTOS MALBEC 6X750 ;2790,79;3616;;TRADITIONAL TRADE;Autoservicio Tradicional;56158,08;REPARTIDOR CBA;492,49;$;2;GRUPO PEÑAFLOR SA;18;0;Contado;16/4/2026 15:40;;ELEMENTOS;Alto;No definido;;;Vinos del Año;PEÑAFLOR GRUPO OBJETIVO;;;20032;GRIBAUDO ESTEBAN;Gescom;;;True;154565;0;Lista General;Autoservicio Tradicional - B;12515;15/4/2026;2;LESCANO FRANCO DARIO
439;25 DE MAYO 459;FREYRE;15/4/2026;16/4/2026;15/4/2026;FAC-A0001-00042456;Venta;Empresa;42105;24;66978,91;81044,48;SUPERVEINTINUEVE S.R.L.;;15,00%;4;GRIBAUDO ANGEL;4050;ELEMENTOS TORRONTES 6X750 ;2790,79;3616;;TRADITIONAL TRADE;Autoservicio Tradicional;59113,68;REPARTIDOR CBA;492,49;$;2;GRUPO PEÑAFLOR SA;18;0;Contado;16/4/2026 15:40;;ELEMENTOS;Alto;No definido;;;Vinos del Año;PEÑAFLOR GRUPO OBJETIVO;;;20032;GRIBAUDO ESTEBAN;Gescom;;;True;154565;0;Lista General;Autoservicio Tradicional - B;12515;15/4/2026;2;LESCANO FRANCO DARIO
1294;AZCUENAGA 46;Freyre;15/4/2026;16/4/2026;15/4/2026;FAC-A0001-00042457;Venta;Empresa;74394;6;18294,57;22136,43;FRANCO DISTRIBUCIONES S.R.L;;15,00%;4;GRIBAUDO ANGEL;4050;DADA FMORAS N°3 6X750;3049,09;3616;;TRADITIONAL TRADE;Autoservicio Tradicional;16146,3;REPARTIDOR CBA;538,08;$;2;GRUPO PEÑAFLOR SA;4,5;0;Contado;16/4/2026 15:40;;Dada;Alto;No definido;;;Vinos del Año;PEÑAFLOR GRUPO OBJETIVO;;;20032;GRIBAUDO ESTEBAN;Gescom;;;True;154566;0;Lista General;Autoservicio Tradicional - P;12515;15/4/2026;2;LESCANO FRANCO DARIO
1294;AZCUENAGA 46;Freyre;15/4/2026;16/4/2026;15/4/2026;FAC-A0001-00042457;Venta;Empresa;74569;12;36589,13;44272,85;FRANCO DISTRIBUCIONES S.R.L;;15,00%;4;GRIBAUDO ANGEL;4050;DADA N°8 CHOCOLATE 6X750 ;3049,09;3616;;TRADITIONAL TRADE;Autoservicio Tradicional;32292,6;REPARTIDOR CBA;538,08;$;2;GRUPO PEÑAFLOR SA;9;0;Contado;16/4/2026 15:40;;Dada;Alto;No definido;;;Vinos del Año;PEÑAFLOR GRUPO OBJETIVO;;;20032;GRIBAUDO ESTEBAN;Gescom;;;True;154566;0;Lista General;Autoservicio Tradicional - P;12515;15/4/2026;2;LESCANO FRANCO DARIO
1294;AZCUENAGA 46;Freyre;15/4/2026;16/4/2026;15/4/2026;FAC-A0001-00042457;Venta;Empresa;42102;24;66978,91;81044,48;FRANCO DISTRIBUCIONES S.R.L;;15,00%;4;GRIBAUDO ANGEL;4050;ELEMENTOS MALBEC 6X750 ;2790,79;3616;;TRADITIONAL TRADE;Autoservicio Tradicional;56158,08;REPARTIDOR CBA;492,49;$;2;GRUPO PEÑAFLOR SA;18;0;Contado;16/4/2026 15:40;;ELEMENTOS;Alto;No definido;;;Vinos del Año;PEÑAFLOR GRUPO OBJETIVO;;;20032;GRIBAUDO ESTEBAN;Gescom;;;True;154566;0;Lista General;Autoservicio Tradicional - P;12515;15/4/2026;2;LESCANO FRANCO DARIO
1294;AZCUENAGA 46;Freyre;15/4/2026;16/4/2026;15/4/2026;FAC-A0001-00042457;Venta;Empresa;42105;24;66978,91;81044,48;FRANCO DISTRIBUCIONES S.R.L;;15,00%;4;GRIBAUDO ANGEL;4050;ELEMENTOS TORRONTES 6X750 ;2790,79;3616;;TRADITIONAL TRADE;Autoservicio Tradicional;59113,68;REPARTIDOR CBA;492,49;$;2;GRUPO PEÑAFLOR SA;18;0;Contado;16/4/2026 15:40;;ELEMENTOS;Alto;No definido;;;Vinos del Año;PEÑAFLOR GRUPO OBJETIVO;;;20032;GRIBAUDO ESTEBAN;Gescom;;;True;154566;0;Lista General;Autoservicio Tradicional - P;12515;15/4/2026;2;LESCANO FRANCO DARIO
210;GRAL.PAZ ESQ. RIOBAMBA 1;MORTEROS;15/4/2026;16/4/2026;15/4/2026;FAC-A0001-00042458;Venta;Empresa;74394;6;18294,57;22136,43;MAINARDI MATIAS;;15,00%;4;GRIBAUDO ANGEL;4060;DADA FMORAS N°3 6X750;3049,09;3616;;TRADITIONAL TRADE;Autoservicio Tradicional;16146,3;REPARTIDOR CBA;538,08;$;2;GRUPO PEÑAFLOR SA;4,5;0;Contado;16/4/2026 15:40;;Dada;Alto;No definido;;;Vinos del Año;PEÑAFLOR GRUPO OBJETIVO;;;20032;GRIBAUDO ESTEBAN;Gescom;;;True;154567;0;Lista General;Autoservicio Tradicional - B;12515;15/4/2026;2;LESCANO FRANCO DARIO
210;GRAL.PAZ ESQ. RIOBAMBA 1;MORTEROS;15/4/2026;16/4/2026;15/4/2026;FAC-A0001-00042458;Venta;Empresa;74569;12;36589,13;44272,85;MAINARDI MATIAS;;15,00%;4;GRIBAUDO ANGEL;4060;DADA N°8 CHOCOLATE 6X750 ;3049,09;3616;;TRADITIONAL TRADE;Autoservicio Tradicional;32292,6;REPARTIDOR CBA;538,08;$;2;GRUPO PEÑAFLOR SA;9;0;Contado;16/4/2026 15:40;;Dada;Alto;No definido;;;Vinos del Año;PEÑAFLOR GRUPO OBJETIVO;;;20032;GRIBAUDO ESTEBAN;Gescom;;;True;154567;0;Lista General;Autoservicio Tradicional - B;12515;15/4/2026;2;LESCANO FRANCO DARIO
210;GRAL.PAZ ESQ. RIOBAMBA 1;MORTEROS;15/4/2026;16/4/2026;15/4/2026;FAC-A0001-00042458;Venta;Empresa;42102;24;66978,91;81044,48;MAINARDI MATIAS;;15,00%;4;GRIBAUDO ANGEL;4060;ELEMENTOS MALBEC 6X750 ;2790,79;3616;;TRADITIONAL TRADE;Autoservicio Tradicional;56158,08;REPARTIDOR CBA;492,49;$;2;GRUPO PEÑAFLOR SA;18;0;Contado;16/4/2026 15:40;;ELEMENTOS;Alto;No definido;;;Vinos del Año;PEÑAFLOR GRUPO OBJETIVO;;;20032;GRIBAUDO ESTEBAN;Gescom;;;True;154567;0;Lista General;Autoservicio Tradicional - B;12515;15/4/2026;2;LESCANO FRANCO DARIO
210;GRAL.PAZ ESQ. RIOBAMBA 1;MORTEROS;15/4/2026;16/4/2026;15/4/2026;FAC-A0001-00042458;Venta;Empresa;42105;24;66978,91;81044,48;MAINARDI MATIAS;;15,00%;4;GRIBAUDO ANGEL;4060;ELEMENTOS TORRONTES 6X750 ;2790,79;3616;;TRADITIONAL TRADE;Autoservicio Tradicional;59113,68;REPARTIDOR CBA;492,49;$;2;GRUPO PEÑAFLOR SA;18;0;Contado;16/4/2026 15:40;;ELEMENTOS;Alto;No definido;;;Vinos del Año;PEÑAFLOR GRUPO OBJETIVO;;;20032;GRIBAUDO ESTEBAN;Gescom;;;True;154567;0;Lista General;Autoservicio Tradicional - B;12515;15/4/2026;2;LESCANO FRANCO DARIO
748;SARMIENTO 80;MORTEROS;15/4/2026;16/4/2026;15/4/2026;FAC-A0001-00042459;Venta;Empresa;74394;6;18294,57;22136,43;MALANO MERCEDES;;15,00%;4;GRIBAUDO ANGEL;4060;DADA FMORAS N°3 6X750;3049,09;3616;;TRADITIONAL TRADE;Autoservicio Tradicional;16146,3;REPARTIDOR CBA;538,08;$;2;GRUPO PEÑAFLOR SA;4,5;0;Contado;16/4/2026 15:40;;Dada;Alto;No definido;;;Vinos del Año;PEÑAFLOR GRUPO OBJETIVO;;;20032;GRIBAUDO ESTEBAN;Gescom;;;True;154568;0;Lista General;Autoservicio Tradicional - B;12515;15/4/2026;2;LESCANO FRANCO DARIO
748;SARMIENTO 80;MORTEROS;15/4/2026;16/4/2026;15/4/2026;FAC-A0001-00042459;Venta;Empresa;74569;12;36589,13;44272,85;MALANO MERCEDES;;15,00%;4;GRIBAUDO ANGEL;4060;DADA N°8 CHOCOLATE 6X750 ;3049,09;3616;;TRADITIONAL TRADE;Autoservicio Tradicional;32292,6;REPARTIDOR CBA;538,08;$;2;GRUPO PEÑAFLOR SA;9;0;Contado;16/4/2026 15:40;;Dada;Alto;No definido;;;Vinos del Año;PEÑAFLOR GRUPO OBJETIVO;;;20032;GRIBAUDO ESTEBAN;Gescom;;;True;154568;0;Lista General;Autoservicio Tradicional - B;12515;15/4/2026;2;LESCANO FRANCO DARIO
748;SARMIENTO 80;MORTEROS;15/4/2026;16/4/2026;15/4/2026;FAC-A0001-00042459;Venta;Empresa;42102;24;66978,91;81044,48;MALANO MERCEDES;;15,00%;4;GRIBAUDO ANGEL;4060;ELEMENTOS MALBEC 6X750 ;2790,79;3616;;TRADITIONAL TRADE;Autoservicio Tradicional;56158,08;REPARTIDOR CBA;492,49;$;2;GRUPO PEÑAFLOR SA;18;0;Contado;16/4/2026 15:40;;ELEMENTOS;Alto;No definido;;;Vinos del Año;PEÑAFLOR GRUPO OBJETIVO;;;20032;GRIBAUDO ESTEBAN;Gescom;;;True;154568;0;Lista General;Autoservicio Tradicional - B;12515;15/4/2026;2;LESCANO FRANCO DARIO
748;SARMIENTO 80;MORTEROS;15/4/2026;16/4/2026;15/4/2026;FAC-A0001-00042459;Venta;Empresa;42105;24;66978,91;81044,48;MALANO MERCEDES;;15,00%;4;GRIBAUDO ANGEL;4060;ELEMENTOS TORRONTES 6X750 ;2790,79;3616;;TRADITIONAL TRADE;Autoservicio Tradicional;59113,68;REPARTIDOR CBA;492,49;$;2;GRUPO PEÑAFLOR SA;18;0;Contado;16/4/2026 15:40;;ELEMENTOS;Alto;No definido;;;Vinos del Año;PEÑAFLOR GRUPO OBJETIVO;;;20032;GRIBAUDO ESTEBAN;Gescom;;;True;154568;0;Lista General;Autoservicio Tradicional - B;12515;15/4/2026;2;LESCANO FRANCO DARIO
22;RIO BAMBA 337;MORTEROS;15/4/2026;16/4/2026;15/4/2026;FAC-A0001-00042460;Venta;Empresa;74394;6;18294,57;22136,43;MACHADO DANIELA;;15,00%;4;GRIBAUDO ANGEL;4060;DADA FMORAS N°3 6X750;3049,09;3616;;TRADITIONAL TRADE;Autoservicio Tradicional;16146,3;REPARTIDOR CBA;538,08;$;2;GRUPO PEÑAFLOR SA;4,5;0;Contado;16/4/2026 15:40;;Dada;Alto;No definido;;;Vinos del Año;PEÑAFLOR GRUPO OBJETIVO;;;20032;GRIBAUDO ESTEBAN;Gescom;;;True;154569;0;Lista General;Autoservicio Tradicional - P;12515;15/4/2026;2;LESCANO FRANCO DARIO
22;RIO BAMBA 337;MORTEROS;15/4/2026;16/4/2026;15/4/2026;FAC-A0001-00042460;Venta;Empresa;74569;12;36589,13;44272,85;MACHADO DANIELA;;15,00%;4;GRIBAUDO ANGEL;4060;DADA N°8 CHOCOLATE 6X750 ;3049,09;3616;;TRADITIONAL TRADE;Autoservicio Tradicional;32292,6;REPARTIDOR CBA;538,08;$;2;GRUPO PEÑAFLOR SA;9;0;Contado;16/4/2026 15:40;;Dada;Alto;No definido;;;Vinos del Año;PEÑAFLOR GRUPO OBJETIVO;;;20032;GRIBAUDO ESTEBAN;Gescom;;;True;154569;0;Lista General;Autoservicio Tradicional - P;12515;15/4/2026;2;LESCANO FRANCO DARIO
22;RIO BAMBA 337;MORTEROS;15/4/2026;16/4/2026;15/4/2026;FAC-A0001-00042460;Venta;Empresa;42102;24;66978,91;81044,48;MACHADO DANIELA;;15,00%;4;GRIBAUDO ANGEL;4060;ELEMENTOS MALBEC 6X750 ;2790,79;3616;;TRADITIONAL TRADE;Autoservicio Tradicional;56158,08;REPARTIDOR CBA;492,49;$;2;GRUPO PEÑAFLOR SA;18;0;Contado;16/4/2026 15:40;;ELEMENTOS;Alto;No definido;;;Vinos del Año;PEÑAFLOR GRUPO OBJETIVO;;;20032;GRIBAUDO ESTEBAN;Gescom;;;True;154569;0;Lista General;Autoservicio Tradicional - P;12515;15/4/2026;2;LESCANO FRANCO DARIO
22;RIO BAMBA 337;MORTEROS;15/4/2026;16/4/2026;15/4/2026;FAC-A0001-00042460;Venta;Empresa;42105;24;66978,91;81044,48;MACHADO DANIELA;;15,00%;4;GRIBAUDO ANGEL;4060;ELEMENTOS TORRONTES 6X750 ;2790,79;3616;;TRADITIONAL TRADE;Autoservicio Tradicional;59113,68;REPARTIDOR CBA;492,49;$;2;GRUPO PEÑAFLOR SA;18;0;Contado;16/4/2026 15:40;;ELEMENTOS;Alto;No definido;;;Vinos del Año;PEÑAFLOR GRUPO OBJETIVO;;;20032;GRIBAUDO ESTEBAN;Gescom;;;True;154569;0;Lista General;Autoservicio Tradicional - P;12515;15/4/2026;2;LESCANO FRANCO DARIO
3521;SUCURSAL BALNEARIA 5;BALNEARIA;15/4/2026;16/4/2026;15/4/2026;FAC-A0001-00042461;Venta;Empresa;74394;6;18294,57;22136,43;DELFIN S.A.;;15,00%;6;PEYRONEL ANDREA;6031;DADA FMORAS N°3 6X750;3049,09;3616;;TRADITIONAL TRADE;Autoservicio Tradicional;16146,3;REPARTIDOR CBA;538,08;$;2;GRUPO PEÑAFLOR SA;4,5;0;Contado;16/4/2026 15:40;;Dada;Alto;No definido;;;Vinos del Año;PEÑAFLOR GRUPO OBJETIVO;;;20032;GRIBAUDO ESTEBAN;Gescom;;;True;154570;0;Lista General;Autoservicio Tradicional - P;12515;15/4/2026;2;LESCANO FRANCO DARIO
3521;SUCURSAL BALNEARIA 5;BALNEARIA;15/4/2026;16/4/2026;15/4/2026;FAC-A0001-00042461;Venta;Empresa;74569;12;36589,13;44272,85;DELFIN S.A.;;15,00%;6;PEYRONEL ANDREA;6031;DADA N°8 CHOCOLATE 6X750 ;3049,09;3616;;TRADITIONAL TRADE;Autoservicio Tradicional;32292,6;REPARTIDOR CBA;538,08;$;2;GRUPO PEÑAFLOR SA;9;0;Contado;16/4/2026 15:40;;Dada;Alto;No definido;;;Vinos del Año;PEÑAFLOR GRUPO OBJETIVO;;;20032;GRIBAUDO ESTEBAN;Gescom;;;True;154570;0;Lista General;Autoservicio Tradicional - P;12515;15/4/2026;2;LESCANO FRANCO DARIO
3521;SUCURSAL BALNEARIA 5;BALNEARIA;15/4/2026;16/4/2026;15/4/2026;FAC-A0001-00042461;Venta;Empresa;42102;24;66978,91;81044,48;DELFIN S.A.;;15,00%;6;PEYRONEL ANDREA;6031;ELEMENTOS MALBEC 6X750 ;2790,79;3616;;TRADITIONAL TRADE;Autoservicio Tradicional;56158,08;REPARTIDOR CBA;492,49;$;2;GRUPO PEÑAFLOR SA;18;0;Contado;16/4/2026 15:40;;ELEMENTOS;Alto;No definido;;;Vinos del Año;PEÑAFLOR GRUPO OBJETIVO;;;20032;GRIBAUDO ESTEBAN;Gescom;;;True;154570;0;Lista General;Autoservicio Tradicional - P;12515;15/4/2026;2;LESCANO FRANCO DARIO
3521;SUCURSAL BALNEARIA 5;BALNEARIA;15/4/2026;16/4/2026;15/4/2026;FAC-A0001-00042461;Venta;Empresa;42105;24;66978,91;81044,48;DELFIN S.A.;;15,00%;6;PEYRONEL ANDREA;6031;ELEMENTOS TORRONTES 6X750 ;2790,79;3616;;TRADITIONAL TRADE;Autoservicio Tradicional;59113,68;REPARTIDOR CBA;492,49;$;2;GRUPO PEÑAFLOR SA;18;0;Contado;16/4/2026 15:40;;ELEMENTOS;Alto;No definido;;;Vinos del Año;PEÑAFLOR GRUPO OBJETIVO;;;20032;GRIBAUDO ESTEBAN;Gescom;;;True;154570;0;Lista General;Autoservicio Tradicional - P;12515;15/4/2026;2;LESCANO FRANCO DARIO
299;JOSE HERNANDEZ 301;RIO PRIMERO;15/4/2026;16/4/2026;15/4/2026;FAC-A0001-00042462;Venta;Empresa;74394;6;18294,57;22136,43;SUBELZA LIMA EFRAIN;;15,00%;6;PEYRONEL ANDREA;6050;DADA FMORAS N°3 6X750;3049,09;3616;;TRADITIONAL TRADE;Autoservicio Tradicional;16146,3;REPARTIDOR CBA;538,08;$;2;GRUPO PEÑAFLOR SA;4,5;0;Contado;16/4/2026 15:40;;Dada;Alto;No definido;;;Vinos del Año;PEÑAFLOR GRUPO OBJETIVO;;;20032;GRIBAUDO ESTEBAN;Gescom;;;True;154571;0;Lista General;Autoservicio Tradicional - B;12515;15/4/2026;2;LESCANO FRANCO DARIO
299;JOSE HERNANDEZ 301;RIO PRIMERO;15/4/2026;16/4/2026;15/4/2026;FAC-A0001-00042462;Venta;Empresa;74569;12;36589,13;44272,85;SUBELZA LIMA EFRAIN;;15,00%;6;PEYRONEL ANDREA;6050;DADA N°8 CHOCOLATE 6X750 ;3049,09;3616;;TRADITIONAL TRADE;Autoservicio Tradicional;32292,6;REPARTIDOR CBA;538,08;$;2;GRUPO PEÑAFLOR SA;9;0;Contado;16/4/2026 15:40;;Dada;Alto;No definido;;;Vinos del Año;PEÑAFLOR GRUPO OBJETIVO;;;20032;GRIBAUDO ESTEBAN;Gescom;;;True;154571;0;Lista General;Autoservicio Tradicional - B;12515;15/4/2026;2;LESCANO FRANCO DARIO
299;JOSE HERNANDEZ 301;RIO PRIMERO;15/4/2026;16/4/2026;15/4/2026;FAC-A0001-00042462;Venta;Empresa;42102;24;66978,91;81044,48;SUBELZA LIMA EFRAIN;;15,00%;6;PEYRONEL ANDREA;6050;ELEMENTOS MALBEC 6X750 ;2790,79;3616;;TRADITIONAL TRADE;Autoservicio Tradicional;56158,08;REPARTIDOR CBA;492,49;$;2;GRUPO PEÑAFLOR SA;18;0;Contado;16/4/2026 15:40;;ELEMENTOS;Alto;No definido;;;Vinos del Año;PEÑAFLOR GRUPO OBJETIVO;;;20032;GRIBAUDO ESTEBAN;Gescom;;;True;154571;0;Lista General;Autoservicio Tradicional - B;12515;15/4/2026;2;LESCANO FRANCO DARIO
299;JOSE HERNANDEZ 301;RIO PRIMERO;15/4/2026;16/4/2026;15/4/2026;FAC-A0001-00042462;Venta;Empresa;42105;24;66978,91;81044,48;SUBELZA LIMA EFRAIN;;15,00%;6;PEYRONEL ANDREA;6050;ELEMENTOS TORRONTES 6X750 ;2790,79;3616;;TRADITIONAL TRADE;Autoservicio Tradicional;59113,68;REPARTIDOR CBA;492,49;$;2;GRUPO PEÑAFLOR SA;18;0;Contado;16/4/2026 15:40;;ELEMENTOS;Alto;No definido;;;Vinos del Año;PEÑAFLOR GRUPO OBJETIVO;;;20032;GRIBAUDO ESTEBAN;Gescom;;;True;154571;0;Lista General;Autoservicio Tradicional - B;12515;15/4/2026;2;LESCANO FRANCO DARIO
1370;BV 9 DE JULIO -ESQ ENF DE MALVINAS 0;Freyre;15/4/2026;16/4/2026;15/4/2026;FAC-A0001-00042463;Venta;Empresa;74394;6;18294,57;22136,43;PEANO SEBASTIAN-MERCADO 9 LA FREYRE;;15,00%;4;GRIBAUDO ANGEL;4050;DADA FMORAS N°3 6X750;3049,09;3616;;TRADITIONAL TRADE;Autoservicio Tradicional;16146,3;REPARTIDOR CBA;538,08;$;2;GRUPO PEÑAFLOR SA;4,5;0;Contado;16/4/2026 15:40;;Dada;Alto;No definido;;;Vinos del Año;PEÑAFLOR GRUPO OBJETIVO;;;20032;GRIBAUDO ESTEBAN;Gescom;;;True;154573;0;Lista General;Autoservicio Tradicional - C;12515;15/4/2026;2;LESCANO FRANCO DARIO
1370;BV 9 DE JULIO -ESQ ENF DE MALVINAS 0;Freyre;15/4/2026;16/4/2026;15/4/2026;FAC-A0001-00042463;Venta;Empresa;74569;12;36589,13;44272,85;PEANO SEBASTIAN-MERCADO 9 LA FREYRE;;15,00%;4;GRIBAUDO ANGEL;4050;DADA N°8 CHOCOLATE 6X750 ;3049,09;3616;;TRADITIONAL TRADE;Autoservicio Tradicional;32292,6;REPARTIDOR CBA;538,08;$;2;GRUPO PEÑAFLOR SA;9;0;Contado;16/4/2026 15:40;;Dada;Alto;No definido;;;Vinos del Año;PEÑAFLOR GRUPO OBJETIVO;;;20032;GRIBAUDO ESTEBAN;Gescom;;;True;154573;0;Lista General;Autoservicio Tradicional - C;12515;15/4/2026;2;LESCANO FRANCO DARIO
1370;BV 9 DE JULIO -ESQ ENF DE MALVINAS 0;Freyre;15/4/2026;16/4/2026;15/4/2026;FAC-A0001-00042463;Venta;Empresa;42102;24;66978,91;81044,48;PEANO SEBASTIAN-MERCADO 9 LA FREYRE;;15,00%;4;GRIBAUDO ANGEL;4050;ELEMENTOS MALBEC 6X750 ;2790,79;3616;;TRADITIONAL TRADE;Autoservicio Tradicional;56158,08;REPARTIDOR CBA;492,49;$;2;GRUPO PEÑAFLOR SA;18;0;Contado;16/4/2026 15:40;;ELEMENTOS;Alto;No definido;;;Vinos del Año;PEÑAFLOR GRUPO OBJETIVO;;;20032;GRIBAUDO ESTEBAN;Gescom;;;True;154573;0;Lista General;Autoservicio Tradicional - C;12515;15/4/2026;2;LESCANO FRANCO DARIO
1370;BV 9 DE JULIO -ESQ ENF DE MALVINAS 0;Freyre;15/4/2026;16/4/2026;15/4/2026;FAC-A0001-00042463;Venta;Empresa;42105;24;66978,91;81044,48;PEANO SEBASTIAN-MERCADO 9 LA FREYRE;;15,00%;4;GRIBAUDO ANGEL;4050;ELEMENTOS TORRONTES 6X750 ;2790,79;3616;;TRADITIONAL TRADE;Autoservicio Tradicional;59113,68;REPARTIDOR CBA;492,49;$;2;GRUPO PEÑAFLOR SA;18;0;Contado;16/4/2026 15:40;;ELEMENTOS;Alto;No definido;;;Vinos del Año;PEÑAFLOR GRUPO OBJETIVO;;;20032;GRIBAUDO ESTEBAN;Gescom;;;True;154573;0;Lista General;Autoservicio Tradicional - C;12515;15/4/2026;2;LESCANO FRANCO DARIO
30044;LINIERS 183;SAN FRANCISCO;15/4/2026;16/4/2026;15/4/2026;FAC-A0001-00042464;Venta;Empresa;74569;12;36589,13;44272,85;YAQIN XU;;15,00%;8;ALVAREZ VANESA  KAFF;8030;DADA N°8 CHOCOLATE 6X750 ;3049,09;3616;;TRADITIONAL TRADE;Autoservicio Tradicional;32292,6;REPARTIDOR CBA;538,08;$;2;GRUPO PEÑAFLOR SA;9;0;Contado;16/4/2026 15:40;;Dada;Alto;No definido;;;Vinos del Año;PEÑAFLOR GRUPO OBJETIVO;;;20032;GRIBAUDO ESTEBAN;Gescom;;;True;154574;0;Lista General;Autoservicio Tradicional - P;12515;15/4/2026;2;LESCANO FRANCO DARIO
30044;LINIERS 183;SAN FRANCISCO;15/4/2026;16/4/2026;15/4/2026;FAC-A0001-00042464;Venta;Empresa;42105;24;66978,91;81044,48;YAQIN XU;;15,00%;8;ALVAREZ VANESA  KAFF;8030;ELEMENTOS TORRONTES 6X750 ;2790,79;3616;;TRADITIONAL TRADE;Autoservicio Tradicional;59113,68;REPARTIDOR CBA;492,49;$;2;GRUPO PEÑAFLOR SA;18;0;Contado;16/4/2026 15:40;;ELEMENTOS;Alto;No definido;;;Vinos del Año;PEÑAFLOR GRUPO OBJETIVO;;;20032;GRIBAUDO ESTEBAN;Gescom;;;True;154574;0;Lista General;Autoservicio Tradicional - P;12515;15/4/2026;2;LESCANO FRANCO DARIO
30044;LINIERS 183;SAN FRANCISCO;15/4/2026;16/4/2026;15/4/2026;FAC-A0001-00042464;Venta;Empresa;42102;24;66978,91;81044,48;YAQIN XU;;15,00%;8;ALVAREZ VANESA  KAFF;8030;ELEMENTOS MALBEC 6X750 ;2790,79;3616;;TRADITIONAL TRADE;Autoservicio Tradicional;56158,08;REPARTIDOR CBA;492,49;$;2;GRUPO PEÑAFLOR SA;18;0;Contado;16/4/2026 15:40;;ELEMENTOS;Alto;No definido;;;Vinos del Año;PEÑAFLOR GRUPO OBJETIVO;;;20032;GRIBAUDO ESTEBAN;Gescom;;;True;154574;0;Lista General;Autoservicio Tradicional - P;12515;15/4/2026;2;LESCANO FRANCO DARIO
30054;CALLE  64 0;FRONTERA;15/4/2026;16/4/2026;15/4/2026;FAC-A0001-00042465;Venta;Empresa;74569;24;73178,27;88545,7;XIAZHANG HUANG;;15,00%;8;ALVAREZ VANESA  KAFF;8050;DADA N°8 CHOCOLATE 6X750 ;3049,09;3616;;TRADITIONAL TRADE;Autoservicio Tradicional;64585,2;REPARTIDOR CBA;538,08;$;2;GRUPO PEÑAFLOR SA;18;0;Contado;16/4/2026 15:40;;Dada;Alto;No definido;;;Vinos del Año;PEÑAFLOR GRUPO OBJETIVO;;;20032;GRIBAUDO ESTEBAN;Gescom;;;True;154575;0;Lista General;Autoservicio Tradicional - P;12515;15/4/2026;2;LESCANO FRANCO DARIO
30061;DR. DIEGO MONTOYA 801;LAS VARILLAS;15/4/2026;16/4/2026;15/4/2026;FAC-A0001-00042466;Venta;Empresa;74569;24;73178,27;88545,7;GIACOMO GABRIEL RAMON;;15,00%;8;ALVAREZ VANESA  KAFF;8010;DADA N°8 CHOCOLATE 6X750 ;3049,09;3616;;TRADITIONAL TRADE;Autoservicio Tradicional;64585,2;REPARTIDOR CBA;538,08;$;2;GRUPO PEÑAFLOR SA;18;0;Contado;16/4/2026 15:40;;Dada;Alto;No definido;;;Vinos del Año;PEÑAFLOR GRUPO OBJETIVO;;;20032;GRIBAUDO ESTEBAN;Gescom;;;True;154576;0;Lista General;Autoservicio Tradicional - P;12515;15/4/2026;2;LESCANO FRANCO DARIO
30063;MANUEL BELGRANO 370;LAS VARILLAS;15/4/2026;16/4/2026;15/4/2026;FAC-A0001-00042467;Venta;Empresa;74569;24;73178,27;88545,7;YINGYING CHEN (SUP. SAN VICENTE);;15,00%;8;ALVAREZ VANESA  KAFF;8010;DADA N°8 CHOCOLATE 6X750 ;3049,09;3616;;TRADITIONAL TRADE;Autoservicio Tradicional;64585,2;REPARTIDOR CBA;538,08;$;2;GRUPO PEÑAFLOR SA;18;0;Contado;16/4/2026 15:40;;Dada;Alto;No definido;;;Vinos del Año;PEÑAFLOR GRUPO OBJETIVO;;;20032;GRIBAUDO ESTEBAN;Gescom;;;True;154577;0;Lista General;Autoservicio Tradicional - P;12515;15/4/2026;2;LESCANO FRANCO DARIO
30069;ALBERDI 278 0;LAS VARILLAS;15/4/2026;16/4/2026;15/4/2026;FAC-A0001-00042468;Venta;Empresa;74569;24;73178,27;88545,7;DIAZ LUCIANO;;15,00%;8;ALVAREZ VANESA  KAFF;8010;DADA N°8 CHOCOLATE 6X750 ;3049,09;3616;;TRADITIONAL TRADE;Autoservicio Tradicional;64585,2;REPARTIDOR CBA;538,08;$;2;GRUPO PEÑAFLOR SA;18;0;Contado;16/4/2026 15:40;;Dada;Alto;No definido;;;Vinos del Año;PEÑAFLOR GRUPO OBJETIVO;;;20032;GRIBAUDO ESTEBAN;Gescom;;;True;154578;0;Lista General;Autoservicio Tradicional - P;12515;15/4/2026;2;LESCANO FRANCO DARIO
390;INDEPENDENCIA 1211;San Francisco;15/4/2026;16/4/2026;15/4/2026;FAC-A0001-00042469;Venta;Empresa;74569;24;73178,27;88545,7;MIRANDA SEBASTIAN LEONARDO;;15,00%;8;ALVAREZ VANESA  KAFF;8040;DADA N°8 CHOCOLATE 6X750 ;3049,09;3616;;TRADITIONAL TRADE;Autoservicio Tradicional;64585,2;REPARTIDOR CBA;538,08;$;2;GRUPO PEÑAFLOR SA;18;0;Contado;16/4/2026 15:40;;Dada;Alto;No definido;;;Vinos del Año;PEÑAFLOR GRUPO OBJETIVO;;;20032;GRIBAUDO ESTEBAN;Gescom;;;True;154580;0;Lista General;Autoservicio Tradicional - C;12515;15/4/2026;2;LESCANO FRANCO DARIO
519;BV. ROCA 2950;SAN FRANCISCO;15/4/2026;16/4/2026;15/4/2026;FAC-A0001-00042470;Venta;Empresa;74569;24;73178,27;88545,7;WENZHI LI;;15,00%;8;ALVAREZ VANESA  KAFF;8020;DADA N°8 CHOCOLATE 6X750 ;3049,09;3616;;TRADITIONAL TRADE;Autoservicio Tradicional;64585,2;REPARTIDOR CBA;538,08;$;2;GRUPO PEÑAFLOR SA;18;0;Contado;16/4/2026 15:40;;Dada;Alto;No definido;;;Vinos del Año;PEÑAFLOR GRUPO OBJETIVO;;;20032;GRIBAUDO ESTEBAN;Gescom;;;True;154581;0;Lista General;Autoservicio Tradicional - P;12515;15/4/2026;2;LESCANO FRANCO DARIO
2689;MITRE 458;ARROYITO;15/4/2026;16/4/2026;15/4/2026;FAC-A0001-00042471;Venta;Empresa;74394;6;18294,57;22136,43;GEREDIN ALEJANDRA FABIOLA;;15,00%;2;LUDUEÑA JULIANA;2020;DADA FMORAS N°3 6X750;3049,09;3616;;TRADITIONAL TRADE;Autoservicio Tradicional;16146,3;REPARTIDOR CBA;538,08;$;2;GRUPO PEÑAFLOR SA;4,5;0;Contado;16/4/2026 15:40;;Dada;Alto;No definido;;;Vinos del Año;PEÑAFLOR GRUPO OBJETIVO;;;20032;GRIBAUDO ESTEBAN;Gescom;;;True;154552;0;Lista General;Autoservicio Tradicional - C;12515;15/4/2026;2;LESCANO FRANCO DARIO
2689;MITRE 458;ARROYITO;15/4/2026;16/4/2026;15/4/2026;FAC-A0001-00042471;Venta;Empresa;74569;12;36589,13;44272,85;GEREDIN ALEJANDRA FABIOLA;;15,00%;2;LUDUEÑA JULIANA;2020;DADA N°8 CHOCOLATE 6X750 ;3049,09;3616;;TRADITIONAL TRADE;Autoservicio Tradicional;32292,6;REPARTIDOR CBA;538,08;$;2;GRUPO PEÑAFLOR SA;9;0;Contado;16/4/2026 15:40;;Dada;Alto;No definido;;;Vinos del Año;PEÑAFLOR GRUPO OBJETIVO;;;20032;GRIBAUDO ESTEBAN;Gescom;;;True;154552;0;Lista General;Autoservicio Tradicional - C;12515;15/4/2026;2;LESCANO FRANCO DARIO
2689;MITRE 458;ARROYITO;15/4/2026;16/4/2026;15/4/2026;FAC-A0001-00042471;Venta;Empresa;42102;24;66978,91;81044,48;GEREDIN ALEJANDRA FABIOLA;;15,00%;2;LUDUEÑA JULIANA;2020;ELEMENTOS MALBEC 6X750 ;2790,79;3616;;TRADITIONAL TRADE;Autoservicio Tradicional;56158,08;REPARTIDOR CBA;492,49;$;2;GRUPO PEÑAFLOR SA;18;0;Contado;16/4/2026 15:40;;ELEMENTOS;Alto;No definido;;;Vinos del Año;PEÑAFLOR GRUPO OBJETIVO;;;20032;GRIBAUDO ESTEBAN;Gescom;;;True;154552;0;Lista General;Autoservicio Tradicional - C;12515;15/4/2026;2;LESCANO FRANCO DARIO
2689;MITRE 458;ARROYITO;15/4/2026;16/4/2026;15/4/2026;FAC-A0001-00042471;Venta;Empresa;42105;24;66978,91;81044,48;GEREDIN ALEJANDRA FABIOLA;;15,00%;2;LUDUEÑA JULIANA;2020;ELEMENTOS TORRONTES 6X750 ;2790,79;3616;;TRADITIONAL TRADE;Autoservicio Tradicional;59113,68;REPARTIDOR CBA;492,49;$;2;GRUPO PEÑAFLOR SA;18;0;Contado;16/4/2026 15:40;;ELEMENTOS;Alto;No definido;;;Vinos del Año;PEÑAFLOR GRUPO OBJETIVO;;;20032;GRIBAUDO ESTEBAN;Gescom;;;True;154552;0;Lista General;Autoservicio Tradicional - C;12515;15/4/2026;2;LESCANO FRANCO DARIO
2689;MITRE 458;ARROYITO;15/4/2026;16/4/2026;15/4/2026;FAC-A0001-00042471;Venta;Empresa;35104;24;39468,49;47756,88;GEREDIN ALEJANDRA FABIOLA;;15,00%;2;LUDUEÑA JULIANA;2020;SMF ICE GREENAPPLE LAT 4X6X473;1644,52;3616;;TRADITIONAL TRADE;Autoservicio Tradicional;35530,56;REPARTIDOR CBA;290,21;$;2;GRUPO PEÑAFLOR SA;11,352;0;Contado;16/4/2026 15:40;;Smirnoff Ice Flavours;RTD (s);No definido;;;RTD (S);PEÑAFLOR GRUPO OBJETIVO;;;20032;GRIBAUDO ESTEBAN;Gescom;;;True;154552;0;Lista General;Autoservicio Tradicional - C;12515;15/4/2026;2;LESCANO FRANCO DARIO
2689;MITRE 458;ARROYITO;15/4/2026;16/4/2026;15/4/2026;FAC-A0001-00042471;Venta;Empresa;35105;24;39468,49;47756,88;GEREDIN ALEJANDRA FABIOLA;;15,00%;2;LUDUEÑA JULIANA;2020;SMF ICE RED BERRIE LAT 4X6X473;1644,52;3616;;TRADITIONAL TRADE;Autoservicio Tradicional;35530,56;REPARTIDOR CBA;290,21;$;2;GRUPO PEÑAFLOR SA;11,352;0;Contado;16/4/2026 15:40;;Smirnoff Ice Flavours;RTD (s);No definido;;;RTD (S);PEÑAFLOR GRUPO OBJETIVO;;;20032;GRIBAUDO ESTEBAN;Gescom;;;True;154552;0;Lista General;Autoservicio Tradicional - C;12515;15/4/2026;2;LESCANO FRANCO DARIO
2796;AV. GRAL URQUIZA 235;LA FRANCIA;15/4/2026;16/4/2026;15/4/2026;FAC-A0001-00042472;Venta;Empresa;74394;6;18294,57;22136,43;DALMASSO MARTIN ALEJANDRO;;15,00%;2;LUDUEÑA JULIANA;2041;DADA FMORAS N°3 6X750;3049,09;3616;;TRADITIONAL TRADE;Autoservicio Tradicional;16146,3;REPARTIDOR CBA;538,08;$;2;GRUPO PEÑAFLOR SA;4,5;0;Contado;16/4/2026 15:40;;Dada;Alto;No definido;;;Vinos del Año;PEÑAFLOR GRUPO OBJETIVO;;;20032;GRIBAUDO ESTEBAN;Gescom;;;True;154553;0;Lista General;Autoservicio Tradicional - B;12515;15/4/2026;2;LESCANO FRANCO DARIO
2796;AV. GRAL URQUIZA 235;LA FRANCIA;15/4/2026;16/4/2026;15/4/2026;FAC-A0001-00042472;Venta;Empresa;74569;12;36589,13;44272,85;DALMASSO MARTIN ALEJANDRO;;15,00%;2;LUDUEÑA JULIANA;2041;DADA N°8 CHOCOLATE 6X750 ;3049,09;3616;;TRADITIONAL TRADE;Autoservicio Tradicional;32292,6;REPARTIDOR CBA;538,08;$;2;GRUPO PEÑAFLOR SA;9;0;Contado;16/4/2026 15:40;;Dada;Alto;No definido;;;Vinos del Año;PEÑAFLOR GRUPO OBJETIVO;;;20032;GRIBAUDO ESTEBAN;Gescom;;;True;154553;0;Lista General;Autoservicio Tradicional - B;12515;15/4/2026;2;LESCANO FRANCO DARIO
2796;AV. GRAL URQUIZA 235;LA FRANCIA;15/4/2026;16/4/2026;15/4/2026;FAC-A0001-00042472;Venta;Empresa;42102;24;66978,91;81044,48;DALMASSO MARTIN ALEJANDRO;;15,00%;2;LUDUEÑA JULIANA;2041;ELEMENTOS MALBEC 6X750 ;2790,79;3616;;TRADITIONAL TRADE;Autoservicio Tradicional;56158,08;REPARTIDOR CBA;492,49;$;2;GRUPO PEÑAFLOR SA;18;0;Contado;16/4/2026 15:40;;ELEMENTOS;Alto;No definido;;;Vinos del Año;PEÑAFLOR GRUPO OBJETIVO;;;20032;GRIBAUDO ESTEBAN;Gescom;;;True;154553;0;Lista General;Autoservicio Tradicional - B;12515;15/4/2026;2;LESCANO FRANCO DARIO
2796;AV. GRAL URQUIZA 235;LA FRANCIA;15/4/2026;16/4/2026;15/4/2026;FAC-A0001-00042472;Venta;Empresa;42105;24;66978,91;81044,48;DALMASSO MARTIN ALEJANDRO;;15,00%;2;LUDUEÑA JULIANA;2041;ELEMENTOS TORRONTES 6X750 ;2790,79;3616;;TRADITIONAL TRADE;Autoservicio Tradicional;59113,68;REPARTIDOR CBA;492,49;$;2;GRUPO PEÑAFLOR SA;18;0;Contado;16/4/2026 15:40;;ELEMENTOS;Alto;No definido;;;Vinos del Año;PEÑAFLOR GRUPO OBJETIVO;;;20032;GRIBAUDO ESTEBAN;Gescom;;;True;154553;0;Lista General;Autoservicio Tradicional - B;12515;15/4/2026;2;LESCANO FRANCO DARIO
2796;AV. GRAL URQUIZA 235;LA FRANCIA;15/4/2026;16/4/2026;15/4/2026;FAC-A0001-00042472;Venta;Empresa;35105;24;39468,49;47756,88;DALMASSO MARTIN ALEJANDRO;;15,00%;2;LUDUEÑA JULIANA;2041;SMF ICE RED BERRIE LAT 4X6X473;1644,52;3616;;TRADITIONAL TRADE;Autoservicio Tradicional;35530,56;REPARTIDOR CBA;290,21;$;2;GRUPO PEÑAFLOR SA;11,352;0;Contado;16/4/2026 15:40;;Smirnoff Ice Flavours;RTD (s);No definido;;;RTD (S);PEÑAFLOR GRUPO OBJETIVO;;;20032;GRIBAUDO ESTEBAN;Gescom;;;True;154553;0;Lista General;Autoservicio Tradicional - B;12515;15/4/2026;2;LESCANO FRANCO DARIO
2796;AV. GRAL URQUIZA 235;LA FRANCIA;15/4/2026;16/4/2026;15/4/2026;FAC-A0001-00042472;Venta;Empresa;35104;24;39468,49;47756,88;DALMASSO MARTIN ALEJANDRO;;15,00%;2;LUDUEÑA JULIANA;2041;SMF ICE GREENAPPLE LAT 4X6X473;1644,52;3616;;TRADITIONAL TRADE;Autoservicio Tradicional;35530,56;REPARTIDOR CBA;290,21;$;2;GRUPO PEÑAFLOR SA;11,352;0;Contado;16/4/2026 15:40;;Smirnoff Ice Flavours;RTD (s);No definido;;;RTD (S);PEÑAFLOR GRUPO OBJETIVO;;;20032;GRIBAUDO ESTEBAN;Gescom;;;True;154553;0;Lista General;Autoservicio Tradicional - B;12515;15/4/2026;2;LESCANO FRANCO DARIO
4467;SAN MARTIN 462;PORTE„A;15/4/2026;16/4/2026;15/4/2026;FAC-A0001-00042473;Venta;Empresa;74394;6;18294,57;22136,43;COOP. AGRIC. CONSUMO;;15,00%;4;GRIBAUDO ANGEL;4040;DADA FMORAS N°3 6X750;3049,09;3616;;TRADITIONAL TRADE;Autoservicio Tradicional;16146,3;REPARTIDOR CBA;538,08;$;2;GRUPO PEÑAFLOR SA;4,5;0;Contado;16/4/2026 15:40;;Dada;Alto;No definido;;;Vinos del Año;PEÑAFLOR GRUPO OBJETIVO;;;20032;GRIBAUDO ESTEBAN;Gescom;;;True;154562;0;Lista General;Autoservicio Tradicional - A;12515;15/4/2026;2;LESCANO FRANCO DARIO
4467;SAN MARTIN 462;PORTE„A;15/4/2026;16/4/2026;15/4/2026;FAC-A0001-00042473;Venta;Empresa;74569;12;36589,13;44272,85;COOP. AGRIC. CONSUMO;;15,00%;4;GRIBAUDO ANGEL;4040;DADA N°8 CHOCOLATE 6X750 ;3049,09;3616;;TRADITIONAL TRADE;Autoservicio Tradicional;32292,6;REPARTIDOR CBA;538,08;$;2;GRUPO PEÑAFLOR SA;9;0;Contado;16/4/2026 15:40;;Dada;Alto;No definido;;;Vinos del Año;PEÑAFLOR GRUPO OBJETIVO;;;20032;GRIBAUDO ESTEBAN;Gescom;;;True;154562;0;Lista General;Autoservicio Tradicional - A;12515;15/4/2026;2;LESCANO FRANCO DARIO
4467;SAN MARTIN 462;PORTE„A;15/4/2026;16/4/2026;15/4/2026;FAC-A0001-00042473;Venta;Empresa;42102;24;66978,91;81044,48;COOP. AGRIC. CONSUMO;;15,00%;4;GRIBAUDO ANGEL;4040;ELEMENTOS MALBEC 6X750 ;2790,79;3616;;TRADITIONAL TRADE;Autoservicio Tradicional;56158,08;REPARTIDOR CBA;492,49;$;2;GRUPO PEÑAFLOR SA;18;0;Contado;16/4/2026 15:40;;ELEMENTOS;Alto;No definido;;;Vinos del Año;PEÑAFLOR GRUPO OBJETIVO;;;20032;GRIBAUDO ESTEBAN;Gescom;;;True;154562;0;Lista General;Autoservicio Tradicional - A;12515;15/4/2026;2;LESCANO FRANCO DARIO
4467;SAN MARTIN 462;PORTE„A;15/4/2026;16/4/2026;15/4/2026;FAC-A0001-00042473;Venta;Empresa;42105;24;66978,91;81044,48;COOP. AGRIC. CONSUMO;;15,00%;4;GRIBAUDO ANGEL;4040;ELEMENTOS TORRONTES 6X750 ;2790,79;3616;;TRADITIONAL TRADE;Autoservicio Tradicional;59113,68;REPARTIDOR CBA;492,49;$;2;GRUPO PEÑAFLOR SA;18;0;Contado;16/4/2026 15:40;;ELEMENTOS;Alto;No definido;;;Vinos del Año;PEÑAFLOR GRUPO OBJETIVO;;;20032;GRIBAUDO ESTEBAN;Gescom;;;True;154562;0;Lista General;Autoservicio Tradicional - A;12515;15/4/2026;2;LESCANO FRANCO DARIO
4467;SAN MARTIN 462;PORTE„A;15/4/2026;16/4/2026;15/4/2026;FAC-A0001-00042474;Venta;Empresa;74394;6;18294,57;22136,43;COOP. AGRIC. CONSUMO;;15,00%;4;GRIBAUDO ANGEL;4040;DADA FMORAS N°3 6X750;3049,09;3616;;TRADITIONAL TRADE;Autoservicio Tradicional;16146,3;REPARTIDOR CBA;538,08;$;2;GRUPO PEÑAFLOR SA;4,5;0;Contado;16/4/2026 15:40;;Dada;Alto;No definido;;;Vinos del Año;PEÑAFLOR GRUPO OBJETIVO;;;20032;GRIBAUDO ESTEBAN;Gescom;;;True;154563;0;Lista General;Autoservicio Tradicional - A;12515;15/4/2026;2;LESCANO FRANCO DARIO
4467;SAN MARTIN 462;PORTE„A;15/4/2026;16/4/2026;15/4/2026;FAC-A0001-00042474;Venta;Empresa;74569;12;36589,13;44272,85;COOP. AGRIC. CONSUMO;;15,00%;4;GRIBAUDO ANGEL;4040;DADA N°8 CHOCOLATE 6X750 ;3049,09;3616;;TRADITIONAL TRADE;Autoservicio Tradicional;32292,6;REPARTIDOR CBA;538,08;$;2;GRUPO PEÑAFLOR SA;9;0;Contado;16/4/2026 15:40;;Dada;Alto;No definido;;;Vinos del Año;PEÑAFLOR GRUPO OBJETIVO;;;20032;GRIBAUDO ESTEBAN;Gescom;;;True;154563;0;Lista General;Autoservicio Tradicional - A;12515;15/4/2026;2;LESCANO FRANCO DARIO
4467;SAN MARTIN 462;PORTE„A;15/4/2026;16/4/2026;15/4/2026;FAC-A0001-00042474;Venta;Empresa;42102;24;66978,91;81044,48;COOP. AGRIC. CONSUMO;;15,00%;4;GRIBAUDO ANGEL;4040;ELEMENTOS MALBEC 6X750 ;2790,79;3616;;TRADITIONAL TRADE;Autoservicio Tradicional;56158,08;REPARTIDOR CBA;492,49;$;2;GRUPO PEÑAFLOR SA;18;0;Contado;16/4/2026 15:40;;ELEMENTOS;Alto;No definido;;;Vinos del Año;PEÑAFLOR GRUPO OBJETIVO;;;20032;GRIBAUDO ESTEBAN;Gescom;;;True;154563;0;Lista General;Autoservicio Tradicional - A;12515;15/4/2026;2;LESCANO FRANCO DARIO
4467;SAN MARTIN 462;PORTE„A;15/4/2026;16/4/2026;15/4/2026;FAC-A0001-00042474;Venta;Empresa;42105;24;66978,91;81044,48;COOP. AGRIC. CONSUMO;;15,00%;4;GRIBAUDO ANGEL;4040;ELEMENTOS TORRONTES 6X750 ;2790,79;3616;;TRADITIONAL TRADE;Autoservicio Tradicional;59113,68;REPARTIDOR CBA;492,49;$;2;GRUPO PEÑAFLOR SA;18;0;Contado;16/4/2026 15:40;;ELEMENTOS;Alto;No definido;;;Vinos del Año;PEÑAFLOR GRUPO OBJETIVO;;;20032;GRIBAUDO ESTEBAN;Gescom;;;True;154563;0;Lista General;Autoservicio Tradicional - A;12515;15/4/2026;2;LESCANO FRANCO DARIO
2420;SAN MARTIN 124;RIO PRIMERO;15/4/2026;16/4/2026;15/4/2026;FAC-B0001-00011848;Venta;Empresa;74394;6;18294,57;22136,43;ASOCIACION MUTUAL DE AYUDA ENTRE ASOCIADOS Y ADHER;;15,00%;6;PEYRONEL ANDREA;6050;DADA FMORAS N°3 6X750;3049,09;3616;;TRADITIONAL TRADE;Autoservicio Tradicional;16146,3;REPARTIDOR CBA;538,08;$;2;GRUPO PEÑAFLOR SA;4,5;0;Contado;16/4/2026 15:40;;Dada;Alto;No definido;;;Vinos del Año;PEÑAFLOR GRUPO OBJETIVO;;;20032;GRIBAUDO ESTEBAN;Gescom;;;True;154572;0;Lista General;Autoservicio Tradicional - C;12515;15/4/2026;2;LESCANO FRANCO DARIO
2420;SAN MARTIN 124;RIO PRIMERO;15/4/2026;16/4/2026;15/4/2026;FAC-B0001-00011848;Venta;Empresa;74569;12;36589,13;44272,85;ASOCIACION MUTUAL DE AYUDA ENTRE ASOCIADOS Y ADHER;;15,00%;6;PEYRONEL ANDREA;6050;DADA N°8 CHOCOLATE 6X750 ;3049,09;3616;;TRADITIONAL TRADE;Autoservicio Tradicional;32292,6;REPARTIDOR CBA;538,08;$;2;GRUPO PEÑAFLOR SA;9;0;Contado;16/4/2026 15:40;;Dada;Alto;No definido;;;Vinos del Año;PEÑAFLOR GRUPO OBJETIVO;;;20032;GRIBAUDO ESTEBAN;Gescom;;;True;154572;0;Lista General;Autoservicio Tradicional - C;12515;15/4/2026;2;LESCANO FRANCO DARIO
2420;SAN MARTIN 124;RIO PRIMERO;15/4/2026;16/4/2026;15/4/2026;FAC-B0001-00011848;Venta;Empresa;42102;24;66978,91;81044,48;ASOCIACION MUTUAL DE AYUDA ENTRE ASOCIADOS Y ADHER;;15,00%;6;PEYRONEL ANDREA;6050;ELEMENTOS MALBEC 6X750 ;2790,79;3616;;TRADITIONAL TRADE;Autoservicio Tradicional;56158,08;REPARTIDOR CBA;492,49;$;2;GRUPO PEÑAFLOR SA;18;0;Contado;16/4/2026 15:40;;ELEMENTOS;Alto;No definido;;;Vinos del Año;PEÑAFLOR GRUPO OBJETIVO;;;20032;GRIBAUDO ESTEBAN;Gescom;;;True;154572;0;Lista General;Autoservicio Tradicional - C;12515;15/4/2026;2;LESCANO FRANCO DARIO
2420;SAN MARTIN 124;RIO PRIMERO;15/4/2026;16/4/2026;15/4/2026;FAC-B0001-00011848;Venta;Empresa;42105;24;66978,91;81044,48;ASOCIACION MUTUAL DE AYUDA ENTRE ASOCIADOS Y ADHER;;15,00%;6;PEYRONEL ANDREA;6050;ELEMENTOS TORRONTES 6X750 ;2790,79;3616;;TRADITIONAL TRADE;Autoservicio Tradicional;59113,68;REPARTIDOR CBA;492,49;$;2;GRUPO PEÑAFLOR SA;18;0;Contado;16/4/2026 15:40;;ELEMENTOS;Alto;No definido;;;Vinos del Año;PEÑAFLOR GRUPO OBJETIVO;;;20032;GRIBAUDO ESTEBAN;Gescom;;;True;154572;0;Lista General;Autoservicio Tradicional - C;12515;15/4/2026;2;LESCANO FRANCO DARIO
309;AV. DE LA UNIVERSIDAD 1973;San Francisco;15/4/2026;16/4/2026;15/4/2026;FAC-A0001-00042475;Venta;Empresa;74569;24;73178,27;88545,7;CONIGLIO FERRERO Y MARSILLOU MARTEK S.R.L.;;15,00%;8;ALVAREZ VANESA  KAFF;8040;DADA N°8 CHOCOLATE 6X750 ;3049,09;3616;;TRADITIONAL TRADE;Autoservicio Tradicional;64585,2;REPARTIDOR CBA;538,08;$;2;GRUPO PEÑAFLOR SA;18;0;Contado;16/4/2026 15:40;;Dada;Alto;No definido;;;Vinos del Año;PEÑAFLOR GRUPO OBJETIVO;;;20032;GRIBAUDO ESTEBAN;Gescom;;;True;154579;0;Lista General;Autoservicio Tradicional - C;12515;15/4/2026;2;LESCANO FRANCO DARIO
123;ESTEBAN LARCO 736;DEVOTO;15/4/2026;16/4/2026;15/4/2026;FAC-A0001-00042476;Venta;Empresa;74394;6;18294,57;22136,43;"COOPERATIVA DE TAMBEROS, AGRICOLA GANADERA ""EL TRA";;15,00%;2;LUDUEÑA JULIANA;2050;DADA FMORAS N°3 6X750;3049,09;3616;;TRADITIONAL TRADE;Autoservicio Tradicional;16146,3;REPARTIDOR CBA;538,08;$;2;GRUPO PEÑAFLOR SA;4,5;0;Contado;16/4/2026 15:40;;Dada;Alto;No definido;;;Vinos del Año;PEÑAFLOR GRUPO OBJETIVO;;;20032;GRIBAUDO ESTEBAN;Gescom;;;True;154537;0;Lista General;Autoservicio Tradicional - C;12515;15/4/2026;2;LESCANO FRANCO DARIO
123;ESTEBAN LARCO 736;DEVOTO;15/4/2026;16/4/2026;15/4/2026;FAC-A0001-00042476;Venta;Empresa;74569;12;36589,13;44272,85;"COOPERATIVA DE TAMBEROS, AGRICOLA GANADERA ""EL TRA";;15,00%;2;LUDUEÑA JULIANA;2050;DADA N°8 CHOCOLATE 6X750 ;3049,09;3616;;TRADITIONAL TRADE;Autoservicio Tradicional;32292,6;REPARTIDOR CBA;538,08;$;2;GRUPO PEÑAFLOR SA;9;0;Contado;16/4/2026 15:40;;Dada;Alto;No definido;;;Vinos del Año;PEÑAFLOR GRUPO OBJETIVO;;;20032;GRIBAUDO ESTEBAN;Gescom;;;True;154537;0;Lista General;Autoservicio Tradicional - C;12515;15/4/2026;2;LESCANO FRANCO DARIO
123;ESTEBAN LARCO 736;DEVOTO;15/4/2026;16/4/2026;15/4/2026;FAC-A0001-00042476;Venta;Empresa;42102;24;66978,91;81044,48;"COOPERATIVA DE TAMBEROS, AGRICOLA GANADERA ""EL TRA";;15,00%;2;LUDUEÑA JULIANA;2050;ELEMENTOS MALBEC 6X750 ;2790,79;3616;;TRADITIONAL TRADE;Autoservicio Tradicional;56158,08;REPARTIDOR CBA;492,49;$;2;GRUPO PEÑAFLOR SA;18;0;Contado;16/4/2026 15:40;;ELEMENTOS;Alto;No definido;;;Vinos del Año;PEÑAFLOR GRUPO OBJETIVO;;;20032;GRIBAUDO ESTEBAN;Gescom;;;True;154537;0;Lista General;Autoservicio Tradicional - C;12515;15/4/2026;2;LESCANO FRANCO DARIO
123;ESTEBAN LARCO 736;DEVOTO;15/4/2026;16/4/2026;15/4/2026;FAC-A0001-00042476;Venta;Empresa;42105;24;66978,91;81044,48;"COOPERATIVA DE TAMBEROS, AGRICOLA GANADERA ""EL TRA";;15,00%;2;LUDUEÑA JULIANA;2050;ELEMENTOS TORRONTES 6X750 ;2790,79;3616;;TRADITIONAL TRADE;Autoservicio Tradicional;59113,68;REPARTIDOR CBA;492,49;$;2;GRUPO PEÑAFLOR SA;18;0;Contado;16/4/2026 15:40;;ELEMENTOS;Alto;No definido;;;Vinos del Año;PEÑAFLOR GRUPO OBJETIVO;;;20032;GRIBAUDO ESTEBAN;Gescom;;;True;154537;0;Lista General;Autoservicio Tradicional - C;12515;15/4/2026;2;LESCANO FRANCO DARIO
123;ESTEBAN LARCO 736;DEVOTO;15/4/2026;16/4/2026;15/4/2026;FAC-A0001-00042476;Venta;Empresa;35104;24;39468,49;47756,88;"COOPERATIVA DE TAMBEROS, AGRICOLA GANADERA ""EL TRA";;15,00%;2;LUDUEÑA JULIANA;2050;SMF ICE GREENAPPLE LAT 4X6X473;1644,52;3616;;TRADITIONAL TRADE;Autoservicio Tradicional;35530,56;REPARTIDOR CBA;290,21;$;2;GRUPO PEÑAFLOR SA;11,352;0;Contado;16/4/2026 15:40;;Smirnoff Ice Flavours;RTD (s);No definido;;;RTD (S);PEÑAFLOR GRUPO OBJETIVO;;;20032;GRIBAUDO ESTEBAN;Gescom;;;True;154537;0;Lista General;Autoservicio Tradicional - C;12515;15/4/2026;2;LESCANO FRANCO DARIO
123;ESTEBAN LARCO 736;DEVOTO;15/4/2026;16/4/2026;15/4/2026;FAC-A0001-00042476;Venta;Empresa;35105;24;39468,49;47756,88;"COOPERATIVA DE TAMBEROS, AGRICOLA GANADERA ""EL TRA";;15,00%;2;LUDUEÑA JULIANA;2050;SMF ICE RED BERRIE LAT 4X6X473;1644,52;3616;;TRADITIONAL TRADE;Autoservicio Tradicional;35530,56;REPARTIDOR CBA;290,21;$;2;GRUPO PEÑAFLOR SA;11,352;0;Contado;16/4/2026 15:40;;Smirnoff Ice Flavours;RTD (s);No definido;;;RTD (S);PEÑAFLOR GRUPO OBJETIVO;;;20032;GRIBAUDO ESTEBAN;Gescom;;;True;154537;0;Lista General;Autoservicio Tradicional - C;12515;15/4/2026;2;LESCANO FRANCO DARIO
1288;AV MANUEL SERRA 1863;Arroyito;15/4/2026;16/4/2026;15/4/2026;FAC-A0001-00042477;Venta;Empresa;74394;6;18294,57;22136,43;LIN AGUSTIN;;15,00%;2;LUDUEÑA JULIANA;2030;DADA FMORAS N°3 6X750;3049,09;3616;;TRADITIONAL TRADE;Autoservicio Tradicional;16146,3;REPARTIDOR CBA;538,08;$;2;GRUPO PEÑAFLOR SA;4,5;0;Contado;16/4/2026 15:40;;Dada;Alto;No definido;;;Vinos del Año;PEÑAFLOR GRUPO OBJETIVO;;;20032;GRIBAUDO ESTEBAN;Gescom;;;True;154538;0;Lista General;Autoservicio Tradicional - A;12515;15/4/2026;2;LESCANO FRANCO DARIO
1288;AV MANUEL SERRA 1863;Arroyito;15/4/2026;16/4/2026;15/4/2026;FAC-A0001-00042477;Venta;Empresa;74569;12;36589,13;44272,85;LIN AGUSTIN;;15,00%;2;LUDUEÑA JULIANA;2030;DADA N°8 CHOCOLATE 6X750 ;3049,09;3616;;TRADITIONAL TRADE;Autoservicio Tradicional;32292,6;REPARTIDOR CBA;538,08;$;2;GRUPO PEÑAFLOR SA;9;0;Contado;16/4/2026 15:40;;Dada;Alto;No definido;;;Vinos del Año;PEÑAFLOR GRUPO OBJETIVO;;;20032;GRIBAUDO ESTEBAN;Gescom;;;True;154538;0;Lista General;Autoservicio Tradicional - A;12515;15/4/2026;2;LESCANO FRANCO DARIO
1288;AV MANUEL SERRA 1863;Arroyito;15/4/2026;16/4/2026;15/4/2026;FAC-A0001-00042477;Venta;Empresa;42102;24;66978,91;81044,48;LIN AGUSTIN;;15,00%;2;LUDUEÑA JULIANA;2030;ELEMENTOS MALBEC 6X750 ;2790,79;3616;;TRADITIONAL TRADE;Autoservicio Tradicional;56158,08;REPARTIDOR CBA;492,49;$;2;GRUPO PEÑAFLOR SA;18;0;Contado;16/4/2026 15:40;;ELEMENTOS;Alto;No definido;;;Vinos del Año;PEÑAFLOR GRUPO OBJETIVO;;;20032;GRIBAUDO ESTEBAN;Gescom;;;True;154538;0;Lista General;Autoservicio Tradicional - A;12515;15/4/2026;2;LESCANO FRANCO DARIO
1288;AV MANUEL SERRA 1863;Arroyito;15/4/2026;16/4/2026;15/4/2026;FAC-A0001-00042477;Venta;Empresa;42105;24;66978,91;81044,48;LIN AGUSTIN;;15,00%;2;LUDUEÑA JULIANA;2030;ELEMENTOS TORRONTES 6X750 ;2790,79;3616;;TRADITIONAL TRADE;Autoservicio Tradicional;59113,68;REPARTIDOR CBA;492,49;$;2;GRUPO PEÑAFLOR SA;18;0;Contado;16/4/2026 15:40;;ELEMENTOS;Alto;No definido;;;Vinos del Año;PEÑAFLOR GRUPO OBJETIVO;;;20032;GRIBAUDO ESTEBAN;Gescom;;;True;154538;0;Lista General;Autoservicio Tradicional - A;12515;15/4/2026;2;LESCANO FRANCO DARIO
1288;AV MANUEL SERRA 1863;Arroyito;15/4/2026;16/4/2026;15/4/2026;FAC-A0001-00042477;Venta;Empresa;35104;24;39468,49;47756,88;LIN AGUSTIN;;15,00%;2;LUDUEÑA JULIANA;2030;SMF ICE GREENAPPLE LAT 4X6X473;1644,52;3616;;TRADITIONAL TRADE;Autoservicio Tradicional;35530,56;REPARTIDOR CBA;290,21;$;2;GRUPO PEÑAFLOR SA;11,352;0;Contado;16/4/2026 15:40;;Smirnoff Ice Flavours;RTD (s);No definido;;;RTD (S);PEÑAFLOR GRUPO OBJETIVO;;;20032;GRIBAUDO ESTEBAN;Gescom;;;True;154538;0;Lista General;Autoservicio Tradicional - A;12515;15/4/2026;2;LESCANO FRANCO DARIO
1288;AV MANUEL SERRA 1863;Arroyito;15/4/2026;16/4/2026;15/4/2026;FAC-A0001-00042477;Venta;Empresa;35105;24;39468,49;47756,88;LIN AGUSTIN;;15,00%;2;LUDUEÑA JULIANA;2030;SMF ICE RED BERRIE LAT 4X6X473;1644,52;3616;;TRADITIONAL TRADE;Autoservicio Tradicional;35530,56;REPARTIDOR CBA;290,21;$;2;GRUPO PEÑAFLOR SA;11,352;0;Contado;16/4/2026 15:40;;Smirnoff Ice Flavours;RTD (s);No definido;;;RTD (S);PEÑAFLOR GRUPO OBJETIVO;;;20032;GRIBAUDO ESTEBAN;Gescom;;;True;154538;0;Lista General;Autoservicio Tradicional - A;12515;15/4/2026;2;LESCANO FRANCO DARIO
1352;RIVADAVIA 260;La Francia;15/4/2026;16/4/2026;15/4/2026;FAC-A0001-00042478;Venta;Empresa;74394;6;18294,57;22136,43;FERRERO DANIEL GERMAN  Y FERREROS JUAN JOSE;;15,00%;2;LUDUEÑA JULIANA;2041;DADA FMORAS N°3 6X750;3049,09;3616;;TRADITIONAL TRADE;Autoservicio Tradicional;16146,3;REPARTIDOR CBA;538,08;$;2;GRUPO PEÑAFLOR SA;4,5;0;Contado;16/4/2026 15:40;;Dada;Alto;No definido;;;Vinos del Año;PEÑAFLOR GRUPO OBJETIVO;;;20032;GRIBAUDO ESTEBAN;Gescom;;;True;154539;0;Lista General;Autoservicio Tradicional - B;12515;15/4/2026;2;LESCANO FRANCO DARIO
1352;RIVADAVIA 260;La Francia;15/4/2026;16/4/2026;15/4/2026;FAC-A0001-00042478;Venta;Empresa;74569;12;36589,13;44272,85;FERRERO DANIEL GERMAN  Y FERREROS JUAN JOSE;;15,00%;2;LUDUEÑA JULIANA;2041;DADA N°8 CHOCOLATE 6X750 ;3049,09;3616;;TRADITIONAL TRADE;Autoservicio Tradicional;32292,6;REPARTIDOR CBA;538,08;$;2;GRUPO PEÑAFLOR SA;9;0;Contado;16/4/2026 15:40;;Dada;Alto;No definido;;;Vinos del Año;PEÑAFLOR GRUPO OBJETIVO;;;20032;GRIBAUDO ESTEBAN;Gescom;;;True;154539;0;Lista General;Autoservicio Tradicional - B;12515;15/4/2026;2;LESCANO FRANCO DARIO
1352;RIVADAVIA 260;La Francia;15/4/2026;16/4/2026;15/4/2026;FAC-A0001-00042478;Venta;Empresa;42102;24;66978,91;81044,48;FERRERO DANIEL GERMAN  Y FERREROS JUAN JOSE;;15,00%;2;LUDUEÑA JULIANA;2041;ELEMENTOS MALBEC 6X750 ;2790,79;3616;;TRADITIONAL TRADE;Autoservicio Tradicional;56158,08;REPARTIDOR CBA;492,49;$;2;GRUPO PEÑAFLOR SA;18;0;Contado;16/4/2026 15:40;;ELEMENTOS;Alto;No definido;;;Vinos del Año;PEÑAFLOR GRUPO OBJETIVO;;;20032;GRIBAUDO ESTEBAN;Gescom;;;True;154539;0;Lista General;Autoservicio Tradicional - B;12515;15/4/2026;2;LESCANO FRANCO DARIO
1352;RIVADAVIA 260;La Francia;15/4/2026;16/4/2026;15/4/2026;FAC-A0001-00042478;Venta;Empresa;42105;24;66978,91;81044,48;FERRERO DANIEL GERMAN  Y FERREROS JUAN JOSE;;15,00%;2;LUDUEÑA JULIANA;2041;ELEMENTOS TORRONTES 6X750 ;2790,79;3616;;TRADITIONAL TRADE;Autoservicio Tradicional;59113,68;REPARTIDOR CBA;492,49;$;2;GRUPO PEÑAFLOR SA;18;0;Contado;16/4/2026 15:40;;ELEMENTOS;Alto;No definido;;;Vinos del Año;PEÑAFLOR GRUPO OBJETIVO;;;20032;GRIBAUDO ESTEBAN;Gescom;;;True;154539;0;Lista General;Autoservicio Tradicional - B;12515;15/4/2026;2;LESCANO FRANCO DARIO
1352;RIVADAVIA 260;La Francia;15/4/2026;16/4/2026;15/4/2026;FAC-A0001-00042478;Venta;Empresa;35105;24;39468,49;47756,88;FERRERO DANIEL GERMAN  Y FERREROS JUAN JOSE;;15,00%;2;LUDUEÑA JULIANA;2041;SMF ICE RED BERRIE LAT 4X6X473;1644,52;3616;;TRADITIONAL TRADE;Autoservicio Tradicional;35530,56;REPARTIDOR CBA;290,21;$;2;GRUPO PEÑAFLOR SA;11,352;0;Contado;16/4/2026 15:40;;Smirnoff Ice Flavours;RTD (s);No definido;;;RTD (S);PEÑAFLOR GRUPO OBJETIVO;;;20032;GRIBAUDO ESTEBAN;Gescom;;;True;154539;0;Lista General;Autoservicio Tradicional - B;12515;15/4/2026;2;LESCANO FRANCO DARIO
1352;RIVADAVIA 260;La Francia;15/4/2026;16/4/2026;15/4/2026;FAC-A0001-00042478;Venta;Empresa;35104;24;39468,49;47756,88;FERRERO DANIEL GERMAN  Y FERREROS JUAN JOSE;;15,00%;2;LUDUEÑA JULIANA;2041;SMF ICE GREENAPPLE LAT 4X6X473;1644,52;3616;;TRADITIONAL TRADE;Autoservicio Tradicional;35530,56;REPARTIDOR CBA;290,21;$;2;GRUPO PEÑAFLOR SA;11,352;0;Contado;16/4/2026 15:40;;Smirnoff Ice Flavours;RTD (s);No definido;;;RTD (S);PEÑAFLOR GRUPO OBJETIVO;;;20032;GRIBAUDO ESTEBAN;Gescom;;;True;154539;0;Lista General;Autoservicio Tradicional - B;12515;15/4/2026;2;LESCANO FRANCO DARIO
2083;CARLOS PONTIN 534;ARROYITO;15/4/2026;16/4/2026;15/4/2026;FAC-A0001-00042479;Venta;Empresa;74394;6;18294,57;22136,43;WENG LIHUA;;15,00%;2;LUDUEÑA JULIANA;2010;DADA FMORAS N°3 6X750;3049,09;3616;;TRADITIONAL TRADE;Autoservicio Tradicional;16146,3;REPARTIDOR CBA;538,08;$;2;GRUPO PEÑAFLOR SA;4,5;0;Contado;16/4/2026 15:40;;Dada;Alto;No definido;;;Vinos del Año;PEÑAFLOR GRUPO OBJETIVO;;;20032;GRIBAUDO ESTEBAN;Gescom;;;True;154540;0;Lista General;Autoservicio Tradicional - C;12515;15/4/2026;2;LESCANO FRANCO DARIO
2083;CARLOS PONTIN 534;ARROYITO;15/4/2026;16/4/2026;15/4/2026;FAC-A0001-00042479;Venta;Empresa;74569;12;36589,13;44272,85;WENG LIHUA;;15,00%;2;LUDUEÑA JULIANA;2010;DADA N°8 CHOCOLATE 6X750 ;3049,09;3616;;TRADITIONAL TRADE;Autoservicio Tradicional;32292,6;REPARTIDOR CBA;538,08;$;2;GRUPO PEÑAFLOR SA;9;0;Contado;16/4/2026 15:40;;Dada;Alto;No definido;;;Vinos del Año;PEÑAFLOR GRUPO OBJETIVO;;;20032;GRIBAUDO ESTEBAN;Gescom;;;True;154540;0;Lista General;Autoservicio Tradicional - C;12515;15/4/2026;2;LESCANO FRANCO DARIO
2083;CARLOS PONTIN 534;ARROYITO;15/4/2026;16/4/2026;15/4/2026;FAC-A0001-00042479;Venta;Empresa;42102;24;66978,91;81044,48;WENG LIHUA;;15,00%;2;LUDUEÑA JULIANA;2010;ELEMENTOS MALBEC 6X750 ;2790,79;3616;;TRADITIONAL TRADE;Autoservicio Tradicional;56158,08;REPARTIDOR CBA;492,49;$;2;GRUPO PEÑAFLOR SA;18;0;Contado;16/4/2026 15:40;;ELEMENTOS;Alto;No definido;;;Vinos del Año;PEÑAFLOR GRUPO OBJETIVO;;;20032;GRIBAUDO ESTEBAN;Gescom;;;True;154540;0;Lista General;Autoservicio Tradicional - C;12515;15/4/2026;2;LESCANO FRANCO DARIO
2083;CARLOS PONTIN 534;ARROYITO;15/4/2026;16/4/2026;15/4/2026;FAC-A0001-00042479;Venta;Empresa;42105;24;66978,91;81044,48;WENG LIHUA;;15,00%;2;LUDUEÑA JULIANA;2010;ELEMENTOS TORRONTES 6X750 ;2790,79;3616;;TRADITIONAL TRADE;Autoservicio Tradicional;59113,68;REPARTIDOR CBA;492,49;$;2;GRUPO PEÑAFLOR SA;18;0;Contado;16/4/2026 15:40;;ELEMENTOS;Alto;No definido;;;Vinos del Año;PEÑAFLOR GRUPO OBJETIVO;;;20032;GRIBAUDO ESTEBAN;Gescom;;;True;154540;0;Lista General;Autoservicio Tradicional - C;12515;15/4/2026;2;LESCANO FRANCO DARIO
2083;CARLOS PONTIN 534;ARROYITO;15/4/2026;16/4/2026;15/4/2026;FAC-A0001-00042479;Venta;Empresa;35104;24;39468,49;47756,88;WENG LIHUA;;15,00%;2;LUDUEÑA JULIANA;2010;SMF ICE GREENAPPLE LAT 4X6X473;1644,52;3616;;TRADITIONAL TRADE;Autoservicio Tradicional;35530,56;REPARTIDOR CBA;290,21;$;2;GRUPO PEÑAFLOR SA;11,352;0;Contado;16/4/2026 15:40;;Smirnoff Ice Flavours;RTD (s);No definido;;;RTD (S);PEÑAFLOR GRUPO OBJETIVO;;;20032;GRIBAUDO ESTEBAN;Gescom;;;True;154540;0;Lista General;Autoservicio Tradicional - C;12515;15/4/2026;2;LESCANO FRANCO DARIO
2083;CARLOS PONTIN 534;ARROYITO;15/4/2026;16/4/2026;15/4/2026;FAC-A0001-00042479;Venta;Empresa;35105;24;39468,49;47756,88;WENG LIHUA;;15,00%;2;LUDUEÑA JULIANA;2010;SMF ICE RED BERRIE LAT 4X6X473;1644,52;3616;;TRADITIONAL TRADE;Autoservicio Tradicional;35530,56;REPARTIDOR CBA;290,21;$;2;GRUPO PEÑAFLOR SA;11,352;0;Contado;16/4/2026 15:40;;Smirnoff Ice Flavours;RTD (s);No definido;;;RTD (S);PEÑAFLOR GRUPO OBJETIVO;;;20032;GRIBAUDO ESTEBAN;Gescom;;;True;154540;0;Lista General;Autoservicio Tradicional - C;12515;15/4/2026;2;LESCANO FRANCO DARIO
2109;9 DE JULIO 45;TRANSITO;15/4/2026;16/4/2026;15/4/2026;FAC-A0001-00042480;Venta;Empresa;74394;6;18294,57;22136,43;BENEDETTI EDUARDO;;15,00%;2;LUDUEÑA JULIANA;2051;DADA FMORAS N°3 6X750;3049,09;3616;;TRADITIONAL TRADE;Autoservicio Tradicional;16146,3;REPARTIDOR CBA;538,08;$;2;GRUPO PEÑAFLOR SA;4,5;0;Contado;16/4/2026 15:40;;Dada;Alto;No definido;;;Vinos del Año;PEÑAFLOR GRUPO OBJETIVO;;;20032;GRIBAUDO ESTEBAN;Gescom;;;True;154541;0;Lista General;Autoservicio Tradicional - C;12515;15/4/2026;2;LESCANO FRANCO DARIO
2109;9 DE JULIO 45;TRANSITO;15/4/2026;16/4/2026;15/4/2026;FAC-A0001-00042480;Venta;Empresa;74569;12;36589,13;44272,85;BENEDETTI EDUARDO;;15,00%;2;LUDUEÑA JULIANA;2051;DADA N°8 CHOCOLATE 6X750 ;3049,09;3616;;TRADITIONAL TRADE;Autoservicio Tradicional;32292,6;REPARTIDOR CBA;538,08;$;2;GRUPO PEÑAFLOR SA;9;0;Contado;16/4/2026 15:40;;Dada;Alto;No definido;;;Vinos del Año;PEÑAFLOR GRUPO OBJETIVO;;;20032;GRIBAUDO ESTEBAN;Gescom;;;True;154541;0;Lista General;Autoservicio Tradicional - C;12515;15/4/2026;2;LESCANO FRANCO DARIO
2109;9 DE JULIO 45;TRANSITO;15/4/2026;16/4/2026;15/4/2026;FAC-A0001-00042480;Venta;Empresa;42102;24;66978,91;81044,48;BENEDETTI EDUARDO;;15,00%;2;LUDUEÑA JULIANA;2051;ELEMENTOS MALBEC 6X750 ;2790,79;3616;;TRADITIONAL TRADE;Autoservicio Tradicional;56158,08;REPARTIDOR CBA;492,49;$;2;GRUPO PEÑAFLOR SA;18;0;Contado;16/4/2026 15:40;;ELEMENTOS;Alto;No definido;;;Vinos del Año;PEÑAFLOR GRUPO OBJETIVO;;;20032;GRIBAUDO ESTEBAN;Gescom;;;True;154541;0;Lista General;Autoservicio Tradicional - C;12515;15/4/2026;2;LESCANO FRANCO DARIO
2109;9 DE JULIO 45;TRANSITO;15/4/2026;16/4/2026;15/4/2026;FAC-A0001-00042480;Venta;Empresa;42105;24;66978,91;81044,48;BENEDETTI EDUARDO;;15,00%;2;LUDUEÑA JULIANA;2051;ELEMENTOS TORRONTES 6X750 ;2790,79;3616;;TRADITIONAL TRADE;Autoservicio Tradicional;59113,68;REPARTIDOR CBA;492,49;$;2;GRUPO PEÑAFLOR SA;18;0;Contado;16/4/2026 15:40;;ELEMENTOS;Alto;No definido;;;Vinos del Año;PEÑAFLOR GRUPO OBJETIVO;;;20032;GRIBAUDO ESTEBAN;Gescom;;;True;154541;0;Lista General;Autoservicio Tradicional - C;12515;15/4/2026;2;LESCANO FRANCO DARIO
2109;9 DE JULIO 45;TRANSITO;15/4/2026;16/4/2026;15/4/2026;FAC-A0001-00042480;Venta;Empresa;35104;24;39468,49;47756,88;BENEDETTI EDUARDO;;15,00%;2;LUDUEÑA JULIANA;2051;SMF ICE GREENAPPLE LAT 4X6X473;1644,52;3616;;TRADITIONAL TRADE;Autoservicio Tradicional;35530,56;REPARTIDOR CBA;290,21;$;2;GRUPO PEÑAFLOR SA;11,352;0;Contado;16/4/2026 15:40;;Smirnoff Ice Flavours;RTD (s);No definido;;;RTD (S);PEÑAFLOR GRUPO OBJETIVO;;;20032;GRIBAUDO ESTEBAN;Gescom;;;True;154541;0;Lista General;Autoservicio Tradicional - C;12515;15/4/2026;2;LESCANO FRANCO DARIO
2109;9 DE JULIO 45;TRANSITO;15/4/2026;16/4/2026;15/4/2026;FAC-A0001-00042480;Venta;Empresa;35105;24;39468,49;47756,88;BENEDETTI EDUARDO;;15,00%;2;LUDUEÑA JULIANA;2051;SMF ICE RED BERRIE LAT 4X6X473;1644,52;3616;;TRADITIONAL TRADE;Autoservicio Tradicional;35530,56;REPARTIDOR CBA;290,21;$;2;GRUPO PEÑAFLOR SA;11,352;0;Contado;16/4/2026 15:40;;Smirnoff Ice Flavours;RTD (s);No definido;;;RTD (S);PEÑAFLOR GRUPO OBJETIVO;;;20032;GRIBAUDO ESTEBAN;Gescom;;;True;154541;0;Lista General;Autoservicio Tradicional - C;12515;15/4/2026;2;LESCANO FRANCO DARIO
2211;San Martín 652;ARROYITO;15/4/2026;16/4/2026;15/4/2026;FAC-A0001-00042481;Venta;Empresa;74394;6;18294,57;22136,43;ZHENG HUIJUAN;;15,00%;2;LUDUEÑA JULIANA;2020;DADA FMORAS N°3 6X750;3049,09;3616;Venta modificada el 2026-04-15 16:26:45;TRADITIONAL TRADE;Autoservicio Tradicional;16146,3;REPARTIDOR CBA;538,08;$;2;GRUPO PEÑAFLOR SA;4,5;0;Contado;16/4/2026 15:40;;Dada;Alto;No definido;;;Vinos del Año;PEÑAFLOR GRUPO OBJETIVO;;;20032;GRIBAUDO ESTEBAN;Gescom;;;True;154542;0;Lista General;Autoservicio Tradicional - C;12516;15/4/2026;2;LESCANO FRANCO DARIO
2211;San Martín 652;ARROYITO;15/4/2026;16/4/2026;15/4/2026;FAC-A0001-00042481;Venta;Empresa;42102;24;66978,91;81044,48;ZHENG HUIJUAN;;15,00%;2;LUDUEÑA JULIANA;2020;ELEMENTOS MALBEC 6X750 ;2790,79;3616;Venta modificada el 2026-04-15 16:26:45;TRADITIONAL TRADE;Autoservicio Tradicional;56158,08;REPARTIDOR CBA;492,49;$;2;GRUPO PEÑAFLOR SA;18;0;Contado;16/4/2026 15:40;;ELEMENTOS;Alto;No definido;;;Vinos del Año;PEÑAFLOR GRUPO OBJETIVO;;;20032;GRIBAUDO ESTEBAN;Gescom;;;True;154542;0;Lista General;Autoservicio Tradicional - C;12516;15/4/2026;2;LESCANO FRANCO DARIO
2211;San Martín 652;ARROYITO;15/4/2026;16/4/2026;15/4/2026;FAC-A0001-00042481;Venta;Empresa;42105;24;66978,91;81044,48;ZHENG HUIJUAN;;15,00%;2;LUDUEÑA JULIANA;2020;ELEMENTOS TORRONTES 6X750 ;2790,79;3616;Venta modificada el 2026-04-15 16:26:45;TRADITIONAL TRADE;Autoservicio Tradicional;59113,68;REPARTIDOR CBA;492,49;$;2;GRUPO PEÑAFLOR SA;18;0;Contado;16/4/2026 15:40;;ELEMENTOS;Alto;No definido;;;Vinos del Año;PEÑAFLOR GRUPO OBJETIVO;;;20032;GRIBAUDO ESTEBAN;Gescom;;;True;154542;0;Lista General;Autoservicio Tradicional - C;12516;15/4/2026;2;LESCANO FRANCO DARIO
2211;San Martín 652;ARROYITO;15/4/2026;16/4/2026;15/4/2026;FAC-A0001-00042481;Venta;Empresa;35104;24;39468,49;47756,88;ZHENG HUIJUAN;;15,00%;2;LUDUEÑA JULIANA;2020;SMF ICE GREENAPPLE LAT 4X6X473;1644,52;3616;Venta modificada el 2026-04-15 16:26:45;TRADITIONAL TRADE;Autoservicio Tradicional;35530,56;REPARTIDOR CBA;290,21;$;2;GRUPO PEÑAFLOR SA;11,352;0;Contado;16/4/2026 15:40;;Smirnoff Ice Flavours;RTD (s);No definido;;;RTD (S);PEÑAFLOR GRUPO OBJETIVO;;;20032;GRIBAUDO ESTEBAN;Gescom;;;True;154542;0;Lista General;Autoservicio Tradicional - C;12516;15/4/2026;2;LESCANO FRANCO DARIO
2211;San Martín 652;ARROYITO;15/4/2026;16/4/2026;15/4/2026;FAC-A0001-00042481;Venta;Empresa;35105;24;39468,49;47756,88;ZHENG HUIJUAN;;15,00%;2;LUDUEÑA JULIANA;2020;SMF ICE RED BERRIE LAT 4X6X473;1644,52;3616;Venta modificada el 2026-04-15 16:26:45;TRADITIONAL TRADE;Autoservicio Tradicional;35530,56;REPARTIDOR CBA;290,21;$;2;GRUPO PEÑAFLOR SA;11,352;0;Contado;16/4/2026 15:40;;Smirnoff Ice Flavours;RTD (s);No definido;;;RTD (S);PEÑAFLOR GRUPO OBJETIVO;;;20032;GRIBAUDO ESTEBAN;Gescom;;;True;154542;0;Lista General;Autoservicio Tradicional - C;12516;15/4/2026;2;LESCANO FRANCO DARIO
2331;AV. ARTURO ILLIA 1142;ARROYITO;15/4/2026;16/4/2026;15/4/2026;FAC-B0001-00011849;Venta;Empresa;74394;6;18294,57;22136,43;SHI JINCHUI;;15,00%;2;LUDUEÑA JULIANA;2010;DADA FMORAS N°3 6X750;3049,09;3616;Venta modificada el 2026-04-15 16:27:04;TRADITIONAL TRADE;Autoservicio Tradicional;16146,3;REPARTIDOR CBA;538,08;$;2;GRUPO PEÑAFLOR SA;4,5;0;Contado;16/4/2026 15:40;;Dada;Alto;No definido;;;Vinos del Año;PEÑAFLOR GRUPO OBJETIVO;;;20032;GRIBAUDO ESTEBAN;Gescom;;;True;154543;0;Lista General;Autoservicio Tradicional - C;12516;15/4/2026;2;LESCANO FRANCO DARIO
2331;AV. ARTURO ILLIA 1142;ARROYITO;15/4/2026;16/4/2026;15/4/2026;FAC-B0001-00011849;Venta;Empresa;42102;24;66978,91;81044,48;SHI JINCHUI;;15,00%;2;LUDUEÑA JULIANA;2010;ELEMENTOS MALBEC 6X750 ;2790,79;3616;Venta modificada el 2026-04-15 16:27:04;TRADITIONAL TRADE;Autoservicio Tradicional;56158,08;REPARTIDOR CBA;492,49;$;2;GRUPO PEÑAFLOR SA;18;0;Contado;16/4/2026 15:40;;ELEMENTOS;Alto;No definido;;;Vinos del Año;PEÑAFLOR GRUPO OBJETIVO;;;20032;GRIBAUDO ESTEBAN;Gescom;;;True;154543;0;Lista General;Autoservicio Tradicional - C;12516;15/4/2026;2;LESCANO FRANCO DARIO
2331;AV. ARTURO ILLIA 1142;ARROYITO;15/4/2026;16/4/2026;15/4/2026;FAC-B0001-00011849;Venta;Empresa;42105;24;66978,91;81044,48;SHI JINCHUI;;15,00%;2;LUDUEÑA JULIANA;2010;ELEMENTOS TORRONTES 6X750 ;2790,79;3616;Venta modificada el 2026-04-15 16:27:04;TRADITIONAL TRADE;Autoservicio Tradicional;59113,68;REPARTIDOR CBA;492,49;$;2;GRUPO PEÑAFLOR SA;18;0;Contado;16/4/2026 15:40;;ELEMENTOS;Alto;No definido;;;Vinos del Año;PEÑAFLOR GRUPO OBJETIVO;;;20032;GRIBAUDO ESTEBAN;Gescom;;;True;154543;0;Lista General;Autoservicio Tradicional - C;12516;15/4/2026;2;LESCANO FRANCO DARIO
2331;AV. ARTURO ILLIA 1142;ARROYITO;15/4/2026;16/4/2026;15/4/2026;FAC-B0001-00011849;Venta;Empresa;35104;24;39468,49;47756,88;SHI JINCHUI;;15,00%;2;LUDUEÑA JULIANA;2010;SMF ICE GREENAPPLE LAT 4X6X473;1644,52;3616;Venta modificada el 2026-04-15 16:27:04;TRADITIONAL TRADE;Autoservicio Tradicional;35530,56;REPARTIDOR CBA;290,21;$;2;GRUPO PEÑAFLOR SA;11,352;0;Contado;16/4/2026 15:40;;Smirnoff Ice Flavours;RTD (s);No definido;;;RTD (S);PEÑAFLOR GRUPO OBJETIVO;;;20032;GRIBAUDO ESTEBAN;Gescom;;;True;154543;0;Lista General;Autoservicio Tradicional - C;12516;15/4/2026;2;LESCANO FRANCO DARIO
2331;AV. ARTURO ILLIA 1142;ARROYITO;15/4/2026;16/4/2026;15/4/2026;FAC-B0001-00011849;Venta;Empresa;35105;24;39468,49;47756,88;SHI JINCHUI;;15,00%;2;LUDUEÑA JULIANA;2010;SMF ICE RED BERRIE LAT 4X6X473;1644,52;3616;Venta modificada el 2026-04-15 16:27:04;TRADITIONAL TRADE;Autoservicio Tradicional;35530,56;REPARTIDOR CBA;290,21;$;2;GRUPO PEÑAFLOR SA;11,352;0;Contado;16/4/2026 15:40;;Smirnoff Ice Flavours;RTD (s);No definido;;;RTD (S);PEÑAFLOR GRUPO OBJETIVO;;;20032;GRIBAUDO ESTEBAN;Gescom;;;True;154543;0;Lista General;Autoservicio Tradicional - C;12516;15/4/2026;2;LESCANO FRANCO DARIO
2353;COLON 150;TRANSITO;15/4/2026;16/4/2026;15/4/2026;FAC-A0001-00042482;Venta;Empresa;74394;6;18294,57;22136,43;HONG CINTHIA;;15,00%;2;LUDUEÑA JULIANA;2051;DADA FMORAS N°3 6X750;3049,09;3616;Venta modificada el 2026-04-15 16:27:19;TRADITIONAL TRADE;Autoservicio Tradicional;16146,3;REPARTIDOR CBA;538,08;$;2;GRUPO PEÑAFLOR SA;4,5;0;Contado;16/4/2026 15:40;;Dada;Alto;No definido;;;Vinos del Año;PEÑAFLOR GRUPO OBJETIVO;;;20032;GRIBAUDO ESTEBAN;Gescom;;;True;154545;0;Lista General;Autoservicio Tradicional - C;12516;15/4/2026;2;LESCANO FRANCO DARIO
2353;COLON 150;TRANSITO;15/4/2026;16/4/2026;15/4/2026;FAC-A0001-00042482;Venta;Empresa;42102;24;66978,91;81044,48;HONG CINTHIA;;15,00%;2;LUDUEÑA JULIANA;2051;ELEMENTOS MALBEC 6X750 ;2790,79;3616;Venta modificada el 2026-04-15 16:27:19;TRADITIONAL TRADE;Autoservicio Tradicional;56158,08;REPARTIDOR CBA;492,49;$;2;GRUPO PEÑAFLOR SA;18;0;Contado;16/4/2026 15:40;;ELEMENTOS;Alto;No definido;;;Vinos del Año;PEÑAFLOR GRUPO OBJETIVO;;;20032;GRIBAUDO ESTEBAN;Gescom;;;True;154545;0;Lista General;Autoservicio Tradicional - C;12516;15/4/2026;2;LESCANO FRANCO DARIO
2353;COLON 150;TRANSITO;15/4/2026;16/4/2026;15/4/2026;FAC-A0001-00042482;Venta;Empresa;42105;24;66978,91;81044,48;HONG CINTHIA;;15,00%;2;LUDUEÑA JULIANA;2051;ELEMENTOS TORRONTES 6X750 ;2790,79;3616;Venta modificada el 2026-04-15 16:27:19;TRADITIONAL TRADE;Autoservicio Tradicional;59113,68;REPARTIDOR CBA;492,49;$;2;GRUPO PEÑAFLOR SA;18;0;Contado;16/4/2026 15:40;;ELEMENTOS;Alto;No definido;;;Vinos del Año;PEÑAFLOR GRUPO OBJETIVO;;;20032;GRIBAUDO ESTEBAN;Gescom;;;True;154545;0;Lista General;Autoservicio Tradicional - C;12516;15/4/2026;2;LESCANO FRANCO DARIO
2353;COLON 150;TRANSITO;15/4/2026;16/4/2026;15/4/2026;FAC-A0001-00042482;Venta;Empresa;35104;24;39468,49;47756,88;HONG CINTHIA;;15,00%;2;LUDUEÑA JULIANA;2051;SMF ICE GREENAPPLE LAT 4X6X473;1644,52;3616;Venta modificada el 2026-04-15 16:27:19;TRADITIONAL TRADE;Autoservicio Tradicional;35530,56;REPARTIDOR CBA;290,21;$;2;GRUPO PEÑAFLOR SA;11,352;0;Contado;16/4/2026 15:40;;Smirnoff Ice Flavours;RTD (s);No definido;;;RTD (S);PEÑAFLOR GRUPO OBJETIVO;;;20032;GRIBAUDO ESTEBAN;Gescom;;;True;154545;0;Lista General;Autoservicio Tradicional - C;12516;15/4/2026;2;LESCANO FRANCO DARIO
2353;COLON 150;TRANSITO;15/4/2026;16/4/2026;15/4/2026;FAC-A0001-00042482;Venta;Empresa;35105;24;39468,49;47756,88;HONG CINTHIA;;15,00%;2;LUDUEÑA JULIANA;2051;SMF ICE RED BERRIE LAT 4X6X473;1644,52;3616;Venta modificada el 2026-04-15 16:27:19;TRADITIONAL TRADE;Autoservicio Tradicional;35530,56;REPARTIDOR CBA;290,21;$;2;GRUPO PEÑAFLOR SA;11,352;0;Contado;16/4/2026 15:40;;Smirnoff Ice Flavours;RTD (s);No definido;;;RTD (S);PEÑAFLOR GRUPO OBJETIVO;;;20032;GRIBAUDO ESTEBAN;Gescom;;;True;154545;0;Lista General;Autoservicio Tradicional - C;12516;15/4/2026;2;LESCANO FRANCO DARIO
2357;BELGRANO 601;ARROYITO;15/4/2026;16/4/2026;15/4/2026;FAC-A0001-00042483;Venta;Empresa;74394;6;18294,57;22136,43;HECTOR IVAN HERNANDEZ;;15,00%;2;LUDUEÑA JULIANA;2020;DADA FMORAS N°3 6X750;3049,09;3616;Venta modificada el 2026-04-15 16:27:30;TRADITIONAL TRADE;Autoservicio Tradicional;16146,3;REPARTIDOR CBA;538,08;$;2;GRUPO PEÑAFLOR SA;4,5;0;Contado;16/4/2026 15:40;;Dada;Alto;No definido;;;Vinos del Año;PEÑAFLOR GRUPO OBJETIVO;;;20032;GRIBAUDO ESTEBAN;Gescom;;;True;154546;0;Lista General;Autoservicio Tradicional - B;12516;15/4/2026;2;LESCANO FRANCO DARIO
2357;BELGRANO 601;ARROYITO;15/4/2026;16/4/2026;15/4/2026;FAC-A0001-00042483;Venta;Empresa;42102;24;66978,91;81044,48;HECTOR IVAN HERNANDEZ;;15,00%;2;LUDUEÑA JULIANA;2020;ELEMENTOS MALBEC 6X750 ;2790,79;3616;Venta modificada el 2026-04-15 16:27:30;TRADITIONAL TRADE;Autoservicio Tradicional;56158,08;REPARTIDOR CBA;492,49;$;2;GRUPO PEÑAFLOR SA;18;0;Contado;16/4/2026 15:40;;ELEMENTOS;Alto;No definido;;;Vinos del Año;PEÑAFLOR GRUPO OBJETIVO;;;20032;GRIBAUDO ESTEBAN;Gescom;;;True;154546;0;Lista General;Autoservicio Tradicional - B;12516;15/4/2026;2;LESCANO FRANCO DARIO
2357;BELGRANO 601;ARROYITO;15/4/2026;16/4/2026;15/4/2026;FAC-A0001-00042483;Venta;Empresa;42105;24;66978,91;81044,48;HECTOR IVAN HERNANDEZ;;15,00%;2;LUDUEÑA JULIANA;2020;ELEMENTOS TORRONTES 6X750 ;2790,79;3616;Venta modificada el 2026-04-15 16:27:30;TRADITIONAL TRADE;Autoservicio Tradicional;59113,68;REPARTIDOR CBA;492,49;$;2;GRUPO PEÑAFLOR SA;18;0;Contado;16/4/2026 15:40;;ELEMENTOS;Alto;No definido;;;Vinos del Año;PEÑAFLOR GRUPO OBJETIVO;;;20032;GRIBAUDO ESTEBAN;Gescom;;;True;154546;0;Lista General;Autoservicio Tradicional - B;12516;15/4/2026;2;LESCANO FRANCO DARIO
2357;BELGRANO 601;ARROYITO;15/4/2026;16/4/2026;15/4/2026;FAC-A0001-00042483;Venta;Empresa;35104;24;39468,49;47756,88;HECTOR IVAN HERNANDEZ;;15,00%;2;LUDUEÑA JULIANA;2020;SMF ICE GREENAPPLE LAT 4X6X473;1644,52;3616;Venta modificada el 2026-04-15 16:27:30;TRADITIONAL TRADE;Autoservicio Tradicional;35530,56;REPARTIDOR CBA;290,21;$;2;GRUPO PEÑAFLOR SA;11,352;0;Contado;16/4/2026 15:40;;Smirnoff Ice Flavours;RTD (s);No definido;;;RTD (S);PEÑAFLOR GRUPO OBJETIVO;;;20032;GRIBAUDO ESTEBAN;Gescom;;;True;154546;0;Lista General;Autoservicio Tradicional - B;12516;15/4/2026;2;LESCANO FRANCO DARIO
2357;BELGRANO 601;ARROYITO;15/4/2026;16/4/2026;15/4/2026;FAC-A0001-00042483;Venta;Empresa;35105;24;39468,49;47756,88;HECTOR IVAN HERNANDEZ;;15,00%;2;LUDUEÑA JULIANA;2020;SMF ICE RED BERRIE LAT 4X6X473;1644,52;3616;Venta modificada el 2026-04-15 16:27:30;TRADITIONAL TRADE;Autoservicio Tradicional;35530,56;REPARTIDOR CBA;290,21;$;2;GRUPO PEÑAFLOR SA;11,352;0;Contado;16/4/2026 15:40;;Smirnoff Ice Flavours;RTD (s);No definido;;;RTD (S);PEÑAFLOR GRUPO OBJETIVO;;;20032;GRIBAUDO ESTEBAN;Gescom;;;True;154546;0;Lista General;Autoservicio Tradicional - B;12516;15/4/2026;2;LESCANO FRANCO DARIO
2410;SAN MARTIN 231;DEVOTO;15/4/2026;16/4/2026;15/4/2026;FAC-B0001-00011850;Venta;Empresa;74394;6;18294,57;22136,43;SOCIEDAD COSMOPOLITA DE SOCORROS  MUTUOS;;15,00%;2;LUDUEÑA JULIANA;2050;DADA FMORAS N°3 6X750;3049,09;3616;Venta modificada el 2026-04-15 16:27:40;TRADITIONAL TRADE;Autoservicio Tradicional;16146,3;REPARTIDOR CBA;538,08;$;2;GRUPO PEÑAFLOR SA;4,5;0;Contado;16/4/2026 15:40;;Dada;Alto;No definido;;;Vinos del Año;PEÑAFLOR GRUPO OBJETIVO;;;20032;GRIBAUDO ESTEBAN;Gescom;;;True;154547;0;Lista General;Autoservicio Tradicional - P;12516;15/4/2026;2;LESCANO FRANCO DARIO
2410;SAN MARTIN 231;DEVOTO;15/4/2026;16/4/2026;15/4/2026;FAC-B0001-00011850;Venta;Empresa;42102;24;66978,91;81044,48;SOCIEDAD COSMOPOLITA DE SOCORROS  MUTUOS;;15,00%;2;LUDUEÑA JULIANA;2050;ELEMENTOS MALBEC 6X750 ;2790,79;3616;Venta modificada el 2026-04-15 16:27:40;TRADITIONAL TRADE;Autoservicio Tradicional;56158,08;REPARTIDOR CBA;492,49;$;2;GRUPO PEÑAFLOR SA;18;0;Contado;16/4/2026 15:40;;ELEMENTOS;Alto;No definido;;;Vinos del Año;PEÑAFLOR GRUPO OBJETIVO;;;20032;GRIBAUDO ESTEBAN;Gescom;;;True;154547;0;Lista General;Autoservicio Tradicional - P;12516;15/4/2026;2;LESCANO FRANCO DARIO
2410;SAN MARTIN 231;DEVOTO;15/4/2026;16/4/2026;15/4/2026;FAC-B0001-00011850;Venta;Empresa;42105;24;66978,91;81044,48;SOCIEDAD COSMOPOLITA DE SOCORROS  MUTUOS;;15,00%;2;LUDUEÑA JULIANA;2050;ELEMENTOS TORRONTES 6X750 ;2790,79;3616;Venta modificada el 2026-04-15 16:27:40;TRADITIONAL TRADE;Autoservicio Tradicional;59113,68;REPARTIDOR CBA;492,49;$;2;GRUPO PEÑAFLOR SA;18;0;Contado;16/4/2026 15:40;;ELEMENTOS;Alto;No definido;;;Vinos del Año;PEÑAFLOR GRUPO OBJETIVO;;;20032;GRIBAUDO ESTEBAN;Gescom;;;True;154547;0;Lista General;Autoservicio Tradicional - P;12516;15/4/2026;2;LESCANO FRANCO DARIO
2410;SAN MARTIN 231;DEVOTO;15/4/2026;16/4/2026;15/4/2026;FAC-B0001-00011850;Venta;Empresa;35104;24;39468,49;47756,88;SOCIEDAD COSMOPOLITA DE SOCORROS  MUTUOS;;15,00%;2;LUDUEÑA JULIANA;2050;SMF ICE GREENAPPLE LAT 4X6X473;1644,52;3616;Venta modificada el 2026-04-15 16:27:40;TRADITIONAL TRADE;Autoservicio Tradicional;35530,56;REPARTIDOR CBA;290,21;$;2;GRUPO PEÑAFLOR SA;11,352;0;Contado;16/4/2026 15:40;;Smirnoff Ice Flavours;RTD (s);No definido;;;RTD (S);PEÑAFLOR GRUPO OBJETIVO;;;20032;GRIBAUDO ESTEBAN;Gescom;;;True;154547;0;Lista General;Autoservicio Tradicional - P;12516;15/4/2026;2;LESCANO FRANCO DARIO
2410;SAN MARTIN 231;DEVOTO;15/4/2026;16/4/2026;15/4/2026;FAC-B0001-00011850;Venta;Empresa;35105;24;39468,49;47756,88;SOCIEDAD COSMOPOLITA DE SOCORROS  MUTUOS;;15,00%;2;LUDUEÑA JULIANA;2050;SMF ICE RED BERRIE LAT 4X6X473;1644,52;3616;Venta modificada el 2026-04-15 16:27:40;TRADITIONAL TRADE;Autoservicio Tradicional;35530,56;REPARTIDOR CBA;290,21;$;2;GRUPO PEÑAFLOR SA;11,352;0;Contado;16/4/2026 15:40;;Smirnoff Ice Flavours;RTD (s);No definido;;;RTD (S);PEÑAFLOR GRUPO OBJETIVO;;;20032;GRIBAUDO ESTEBAN;Gescom;;;True;154547;0;Lista General;Autoservicio Tradicional - P;12516;15/4/2026;2;LESCANO FRANCO DARIO
2441;SAN MARTIN 61;DEVOTO;15/4/2026;16/4/2026;15/4/2026;FAC-A0001-00042484;Venta;Empresa;74394;6;18294,57;22136,43;JAMAR S.R.L.;;15,00%;2;LUDUEÑA JULIANA;2050;DADA FMORAS N°3 6X750;3049,09;3616;Venta modificada el 2026-04-15 16:27:53;TRADITIONAL TRADE;Autoservicio Tradicional;16146,3;REPARTIDOR CBA;538,08;$;2;GRUPO PEÑAFLOR SA;4,5;0;Contado;16/4/2026 15:40;;Dada;Alto;No definido;;;Vinos del Año;PEÑAFLOR GRUPO OBJETIVO;;;20032;GRIBAUDO ESTEBAN;Gescom;;;True;154549;0;Lista General;Autoservicio Tradicional - B;12516;15/4/2026;2;LESCANO FRANCO DARIO
2441;SAN MARTIN 61;DEVOTO;15/4/2026;16/4/2026;15/4/2026;FAC-A0001-00042484;Venta;Empresa;42102;24;66978,91;81044,48;JAMAR S.R.L.;;15,00%;2;LUDUEÑA JULIANA;2050;ELEMENTOS MALBEC 6X750 ;2790,79;3616;Venta modificada el 2026-04-15 16:27:53;TRADITIONAL TRADE;Autoservicio Tradicional;56158,08;REPARTIDOR CBA;492,49;$;2;GRUPO PEÑAFLOR SA;18;0;Contado;16/4/2026 15:40;;ELEMENTOS;Alto;No definido;;;Vinos del Año;PEÑAFLOR GRUPO OBJETIVO;;;20032;GRIBAUDO ESTEBAN;Gescom;;;True;154549;0;Lista General;Autoservicio Tradicional - B;12516;15/4/2026;2;LESCANO FRANCO DARIO
2441;SAN MARTIN 61;DEVOTO;15/4/2026;16/4/2026;15/4/2026;FAC-A0001-00042484;Venta;Empresa;42105;24;66978,91;81044,48;JAMAR S.R.L.;;15,00%;2;LUDUEÑA JULIANA;2050;ELEMENTOS TORRONTES 6X750 ;2790,79;3616;Venta modificada el 2026-04-15 16:27:53;TRADITIONAL TRADE;Autoservicio Tradicional;59113,68;REPARTIDOR CBA;492,49;$;2;GRUPO PEÑAFLOR SA;18;0;Contado;16/4/2026 15:40;;ELEMENTOS;Alto;No definido;;;Vinos del Año;PEÑAFLOR GRUPO OBJETIVO;;;20032;GRIBAUDO ESTEBAN;Gescom;;;True;154549;0;Lista General;Autoservicio Tradicional - B;12516;15/4/2026;2;LESCANO FRANCO DARIO
2441;SAN MARTIN 61;DEVOTO;15/4/2026;16/4/2026;15/4/2026;FAC-A0001-00042484;Venta;Empresa;35104;24;39468,49;47756,88;JAMAR S.R.L.;;15,00%;2;LUDUEÑA JULIANA;2050;SMF ICE GREENAPPLE LAT 4X6X473;1644,52;3616;Venta modificada el 2026-04-15 16:27:53;TRADITIONAL TRADE;Autoservicio Tradicional;35530,56;REPARTIDOR CBA;290,21;$;2;GRUPO PEÑAFLOR SA;11,352;0;Contado;16/4/2026 15:40;;Smirnoff Ice Flavours;RTD (s);No definido;;;RTD (S);PEÑAFLOR GRUPO OBJETIVO;;;20032;GRIBAUDO ESTEBAN;Gescom;;;True;154549;0;Lista General;Autoservicio Tradicional - B;12516;15/4/2026;2;LESCANO FRANCO DARIO
2441;SAN MARTIN 61;DEVOTO;15/4/2026;16/4/2026;15/4/2026;FAC-A0001-00042484;Venta;Empresa;35105;24;39468,49;47756,88;JAMAR S.R.L.;;15,00%;2;LUDUEÑA JULIANA;2050;SMF ICE RED BERRIE LAT 4X6X473;1644,52;3616;Venta modificada el 2026-04-15 16:27:53;TRADITIONAL TRADE;Autoservicio Tradicional;35530,56;REPARTIDOR CBA;290,21;$;2;GRUPO PEÑAFLOR SA;11,352;0;Contado;16/4/2026 15:40;;Smirnoff Ice Flavours;RTD (s);No definido;;;RTD (S);PEÑAFLOR GRUPO OBJETIVO;;;20032;GRIBAUDO ESTEBAN;Gescom;;;True;154549;0;Lista General;Autoservicio Tradicional - B;12516;15/4/2026;2;LESCANO FRANCO DARIO
2539;J. L. DE CABRERA 227;LA FRANCIA;15/4/2026;16/4/2026;15/4/2026;FAC-A0001-00042485;Venta;Empresa;74394;6;18294,57;22136,43;ECO GROUP S.R.L  (EN FORMACION;;15,00%;2;LUDUEÑA JULIANA;2041;DADA FMORAS N°3 6X750;3049,09;3616;Venta modificada el 2026-04-15 16:28:04;TRADITIONAL TRADE;Autoservicio Tradicional;16146,3;REPARTIDOR CBA;538,08;$;2;GRUPO PEÑAFLOR SA;4,5;0;Contado;16/4/2026 15:40;;Dada;Alto;No definido;;;Vinos del Año;PEÑAFLOR GRUPO OBJETIVO;;;20032;GRIBAUDO ESTEBAN;Gescom;;;True;154551;0;Lista General;Autoservicio Tradicional - P;12516;15/4/2026;2;LESCANO FRANCO DARIO
2539;J. L. DE CABRERA 227;LA FRANCIA;15/4/2026;16/4/2026;15/4/2026;FAC-A0001-00042485;Venta;Empresa;42102;24;66978,91;81044,48;ECO GROUP S.R.L  (EN FORMACION;;15,00%;2;LUDUEÑA JULIANA;2041;ELEMENTOS MALBEC 6X750 ;2790,79;3616;Venta modificada el 2026-04-15 16:28:04;TRADITIONAL TRADE;Autoservicio Tradicional;56158,08;REPARTIDOR CBA;492,49;$;2;GRUPO PEÑAFLOR SA;18;0;Contado;16/4/2026 15:40;;ELEMENTOS;Alto;No definido;;;Vinos del Año;PEÑAFLOR GRUPO OBJETIVO;;;20032;GRIBAUDO ESTEBAN;Gescom;;;True;154551;0;Lista General;Autoservicio Tradicional - P;12516;15/4/2026;2;LESCANO FRANCO DARIO
2539;J. L. DE CABRERA 227;LA FRANCIA;15/4/2026;16/4/2026;15/4/2026;FAC-A0001-00042485;Venta;Empresa;42105;24;66978,91;81044,48;ECO GROUP S.R.L  (EN FORMACION;;15,00%;2;LUDUEÑA JULIANA;2041;ELEMENTOS TORRONTES 6X750 ;2790,79;3616;Venta modificada el 2026-04-15 16:28:04;TRADITIONAL TRADE;Autoservicio Tradicional;59113,68;REPARTIDOR CBA;492,49;$;2;GRUPO PEÑAFLOR SA;18;0;Contado;16/4/2026 15:40;;ELEMENTOS;Alto;No definido;;;Vinos del Año;PEÑAFLOR GRUPO OBJETIVO;;;20032;GRIBAUDO ESTEBAN;Gescom;;;True;154551;0;Lista General;Autoservicio Tradicional - P;12516;15/4/2026;2;LESCANO FRANCO DARIO
2539;J. L. DE CABRERA 227;LA FRANCIA;15/4/2026;16/4/2026;15/4/2026;FAC-A0001-00042485;Venta;Empresa;35104;24;39468,49;47756,88;ECO GROUP S.R.L  (EN FORMACION;;15,00%;2;LUDUEÑA JULIANA;2041;SMF ICE GREENAPPLE LAT 4X6X473;1644,52;3616;Venta modificada el 2026-04-15 16:28:04;TRADITIONAL TRADE;Autoservicio Tradicional;35530,56;REPARTIDOR CBA;290,21;$;2;GRUPO PEÑAFLOR SA;11,352;0;Contado;16/4/2026 15:40;;Smirnoff Ice Flavours;RTD (s);No definido;;;RTD (S);PEÑAFLOR GRUPO OBJETIVO;;;20032;GRIBAUDO ESTEBAN;Gescom;;;True;154551;0;Lista General;Autoservicio Tradicional - P;12516;15/4/2026;2;LESCANO FRANCO DARIO
2539;J. L. DE CABRERA 227;LA FRANCIA;15/4/2026;16/4/2026;15/4/2026;FAC-A0001-00042485;Venta;Empresa;35105;24;39468,49;47756,88;ECO GROUP S.R.L  (EN FORMACION;;15,00%;2;LUDUEÑA JULIANA;2041;SMF ICE RED BERRIE LAT 4X6X473;1644,52;3616;Venta modificada el 2026-04-15 16:28:04;TRADITIONAL TRADE;Autoservicio Tradicional;35530,56;REPARTIDOR CBA;290,21;$;2;GRUPO PEÑAFLOR SA;11,352;0;Contado;16/4/2026 15:40;;Smirnoff Ice Flavours;RTD (s);No definido;;;RTD (S);PEÑAFLOR GRUPO OBJETIVO;;;20032;GRIBAUDO ESTEBAN;Gescom;;;True;154551;0;Lista General;Autoservicio Tradicional - P;12516;15/4/2026;2;LESCANO FRANCO DARIO
8006;PUBLICA 0;SAN JAVIER;15/4/2026;2/4/2026;15/4/2026;NCR-A0001-00002235;Devolución por Rechazo;Empresa;74210;-3;-10100,62;-12221,75;ARREGUIS CLAUDIA MARCELA;SIN DINERO;9,00%;9;SANCHEZ FERNANDO JAVIER;9005;ALMA MORA MALBEC 6X750;3366,87;3557;;TRADITIONAL TRADE;Almacen/Despensa;-8489,04;CHOFER VILLA DOLORES BEBIDA;332,99;$;2;GRUPO PEÑAFLOR SA;-2,25;0;Contado;15/4/2026 16:48;;Alma Mora;Alto;No definido;;;Vinos del Año;PEÑAFLOR GRUPO OBJETIVO;;;1002;BENITEZ RAUL;Gescom;FAC-A0001-00042219;;True;154585;0;Lista General;Almacen/Despensa - P;;1/1/2000;;
8006;PUBLICA 0;SAN JAVIER;15/4/2026;2/4/2026;15/4/2026;NCR-A0001-00002235;Devolución por Rechazo;Empresa;71704;-3;-7460,35;-9027,03;ARREGUIS CLAUDIA MARCELA;SIN DINERO;9,00%;9;SANCHEZ FERNANDO JAVIER;9005;TRAPICHE ALARIS MALBEC 6X750;2486,78;3557;;TRADITIONAL TRADE;Almacen/Despensa;-6461,37;CHOFER VILLA DOLORES BEBIDA;245,95;$;2;GRUPO PEÑAFLOR SA;-2,25;0;Contado;15/4/2026 16:48;;Alaris;Medio Alto;No definido;;;Vinos del Año;PEÑAFLOR GRUPO OBJETIVO;;;1002;BENITEZ RAUL;Gescom;FAC-A0001-00042219;;True;154585;0;Lista General;Almacen/Despensa - P;;1/1/2000;;
8006;PUBLICA 0;SAN JAVIER;15/4/2026;2/4/2026;15/4/2026;NCR-A0001-00002235;Devolución por Rechazo;Empresa;72859;-3;-7209,3;-8723,26;ARREGUIS CLAUDIA MARCELA;SIN DINERO;9,00%;9;SANCHEZ FERNANDO JAVIER;9005;F.LAS MORAS MALBEC 6X750;2403,1;3557;;TRADITIONAL TRADE;Almacen/Despensa;-5931,72;CHOFER VILLA DOLORES BEBIDA;237,67;$;2;GRUPO PEÑAFLOR SA;-2,25;0;Contado;15/4/2026 16:48;;Finca Las Moras;Medio Alto;No definido;;;Vinos del Año;PEÑAFLOR GRUPO OBJETIVO;;;1002;BENITEZ RAUL;Gescom;FAC-A0001-00042219;;True;154585;0;Lista General;Almacen/Despensa - P;;1/1/2000;;
8006;PUBLICA 0;SAN JAVIER;15/4/2026;2/4/2026;15/4/2026;NCR-A0001-00002235;Devolución por Rechazo;Empresa;80010;-3;-8582,19;-10384,45;ARREGUIS CLAUDIA MARCELA;SIN DINERO;6,00%;9;SANCHEZ FERNANDO JAVIER;9005;LOS ARBOLES SEL MALBEC 6X750;2860,73;3557;;TRADITIONAL TRADE;Almacen/Despensa;-7195,77;CHOFER VILLA DOLORES BEBIDA;182,6;$;2;GRUPO PEÑAFLOR SA;-2,25;0;Contado;15/4/2026 16:48;;Los Arboles;Medio Alto;No definido;;;Vinos del Año;Grupo Peñaflor,PEÑAFLOR GRUPO OBJETIVO;;;1002;BENITEZ RAUL;Gescom;FAC-A0001-00042219;;True;154585;0;Lista General;Almacen/Despensa - P;;1/1/2000;;
8006;PUBLICA 0;SAN JAVIER;15/4/2026;2/4/2026;15/4/2026;NCR-A0001-00002235;Devolución por Rechazo;Empresa;30022;-3;-18554,77;-22451,27;ARREGUIS CLAUDIA MARCELA;SIN DINERO;9,00%;9;SANCHEZ FERNANDO JAVIER;9005;SMIRNOFF RASPBERRY DO 6X700;6184,92;3557;;TRADITIONAL TRADE;Almacen/Despensa;-16062,15;CHOFER VILLA DOLORES BEBIDA;611,7;$;2;GRUPO PEÑAFLOR SA;-2,1;0;Contado;15/4/2026 16:48;;Smirnoff;Standard (S);No definido;;;Vodka;PEÑAFLOR GRUPO OBJETIVO;;;1002;BENITEZ RAUL;Gescom;FAC-A0001-00042219;;True;154585;0;Lista General;Almacen/Despensa - P;;1/1/2000;;
8006;PUBLICA 0;SAN JAVIER;15/4/2026;2/4/2026;15/4/2026;NCR-A0001-00002235;Devolución por Rechazo;Empresa;30020;-3;-18554,77;-22451,27;ARREGUIS CLAUDIA MARCELA;SIN DINERO;9,00%;9;SANCHEZ FERNANDO JAVIER;9005;SMIRNOFF GREEN APPLE DO 6X700;6184,92;3557;;TRADITIONAL TRADE;Almacen/Despensa;-16062,15;CHOFER VILLA DOLORES BEBIDA;611,7;$;2;GRUPO PEÑAFLOR SA;-2,1;0;Contado;15/4/2026 16:48;;Smirnoff;Standard (S);No definido;;;Vodka;PEÑAFLOR GRUPO OBJETIVO;;;1002;BENITEZ RAUL;Gescom;FAC-A0001-00042219;;True;154585;0;Lista General;Almacen/Despensa - P;;1/1/2000;;
8020;CLIMACO LEYES 501;SARMIENTO;15/4/2026;14/4/2026;14/4/2026;FAC-A0001-00042486;Venta;Empresa;30022;6;39482,93;47774,35;ALVAREZ MARIA DEL CARMEN;;6,00%;9;SANCHEZ FERNANDO JAVIER;9005;SMIRNOFF RASPBERRY DO 6X700;6580,49;3603;;TRADITIONAL TRADE;Almacen/Despensa;32124,3;CHOFER VILLA DOLORES BEBIDA;420,03;$;2;GRUPO PEÑAFLOR SA;4,2;0;Contado;;;Smirnoff;Standard (S);No definido;;;Vodka;PEÑAFLOR GRUPO OBJETIVO;;;1002;BENITEZ RAUL;AXUM;;;False;154229;1;Lista General;Almacen/Despensa - A;12471;14/4/2026;BD-003;VILLAFAÑE MARIANO
8020;CLIMACO LEYES 501;SARMIENTO;15/4/2026;14/4/2026;14/4/2026;FAC-A0001-00042486;Venta;Empresa;35105;12;23216,76;28092,28;ALVAREZ MARIA DEL CARMEN;;0,00%;9;SANCHEZ FERNANDO JAVIER;9005;SMF ICE RED BERRIE LAT 4X6X473;1934,73;3603;;TRADITIONAL TRADE;Almacen/Despensa;17765,28;CHOFER VILLA DOLORES BEBIDA;0;$;2;GRUPO PEÑAFLOR SA;5,676;0;Contado;;;Smirnoff Ice Flavours;RTD (s);No definido;;;RTD (S);PEÑAFLOR GRUPO OBJETIVO;;;1002;BENITEZ RAUL;AXUM;;;False;154229;1;Lista General;Almacen/Despensa - A;12471;14/4/2026;BD-003;VILLAFAÑE MARIANO
8020;CLIMACO LEYES 501;SARMIENTO;15/4/2026;14/4/2026;14/4/2026;FAC-A0001-00042486;Venta;Empresa;35104;6;11608,38;14046,14;ALVAREZ MARIA DEL CARMEN;;0,00%;9;SANCHEZ FERNANDO JAVIER;9005;SMF ICE GREENAPPLE LAT 4X6X473;1934,73;3603;;TRADITIONAL TRADE;Almacen/Despensa;8882,64;CHOFER VILLA DOLORES BEBIDA;0;$;2;GRUPO PEÑAFLOR SA;2,838;0;Contado;;;Smirnoff Ice Flavours;RTD (s);No definido;;;RTD (S);PEÑAFLOR GRUPO OBJETIVO;;;1002;BENITEZ RAUL;AXUM;;;False;154229;1;Lista General;Almacen/Despensa - A;12471;14/4/2026;BD-003;VILLAFAÑE MARIANO
8010;ENTRE RUTA 14 Y U.CASTELLANO 0;SAN JAVIER;15/4/2026;16/4/2026;15/4/2026;FAC-A0001-00042487;Venta;Empresa;30022;180;1071079,56;1296006,27;GARAY ELENA DEL VALLE;;15,00%;9;SANCHEZ FERNANDO JAVIER;9005;SMIRNOFF RASPBERRY DO 6X700;5950,44;3613;;TRADITIONAL TRADE;Autoservicio Tradicional;963729;CHOFER VILLA DOLORES BEBIDA;1050,08;$;2;GRUPO PEÑAFLOR SA;126;0;Contado;;;Smirnoff;Standard (S);No definido;;;Vodka;PEÑAFLOR GRUPO OBJETIVO;;;1002;BENITEZ RAUL;AXUM;;;False;154422;1;Lista General;Autoservicio Tradicional - P;12513;1/1/2000;;
1261;ITALIA 154;Villa Dolores;15/4/2026;15/4/2026;15/4/2026;FAC-A0001-00042488;Venta;Empresa;30022;180;1071079,56;1296006,27;ASIS ABRAMO JULIETA;;15,00%;9;SANCHEZ FERNANDO JAVIER;9005;SMIRNOFF RASPBERRY DO 6X700;5950,44;3613;;AUTOSERVICIO;AUTOSERVICIO;963729;CHOFER VILLA DOLORES BEBIDA;1050,08;$;2;GRUPO PEÑAFLOR SA;126;0;Contado;;;Smirnoff;Standard (S);No definido;;;Vodka;PEÑAFLOR GRUPO OBJETIVO;;;1002;BENITEZ RAUL;AXUM;;;False;154423;1;Lista General;AUTOSERVICIO - C;12511;15/4/2026;BD-003;VILLAFAÑE MARIANO
8147;AV PRES ILLIA 680;Villa Dolores;15/4/2026;16/4/2026;15/4/2026;FAC-A0001-00042489;Venta;Empresa;30022;180;1071079,56;1296006,27;LIN XIANJIN;;15,00%;9;SANCHEZ FERNANDO JAVIER;9005;SMIRNOFF RASPBERRY DO 6X700;5950,44;3613;;TRADITIONAL TRADE;Autoservicio Tradicional;963729;CHOFER VILLA DOLORES BEBIDA;1050,08;$;2;GRUPO PEÑAFLOR SA;126;0;Contado;;;Smirnoff;Standard (S);No definido;;;Vodka;PEÑAFLOR GRUPO OBJETIVO;;;1002;BENITEZ RAUL;AXUM;;;False;154424;1;Lista General;Autoservicio Tradicional - P;12511;15/4/2026;BD-003;VILLAFAÑE MARIANO
8197;FELIPE ERDMAN 332;Villa Dolores;15/4/2026;16/4/2026;15/4/2026;FAC-A0001-00042490;Venta;Empresa;30022;180;1071079,56;1296006,27;HUANG JIANPING;;15,00%;9;SANCHEZ FERNANDO JAVIER;9005;SMIRNOFF RASPBERRY DO 6X700;5950,44;3613;;TRADITIONAL TRADE;Autoservicio Tradicional;963729;CHOFER VILLA DOLORES BEBIDA;1050,08;$;2;GRUPO PEÑAFLOR SA;126;0;Contado;;;Smirnoff;Standard (S);No definido;;;Vodka;PEÑAFLOR GRUPO OBJETIVO;;;1002;BENITEZ RAUL;AXUM;;;False;154425;1;Lista General;Autoservicio Tradicional - P;12511;15/4/2026;BD-003;VILLAFAÑE MARIANO
8077;SAN MARTIN 509;VILLA DOLORES;15/4/2026;16/4/2026;15/4/2026;FAC-A0001-00042491;Venta;Empresa;30022;360;2142159,12;2592012,54;AMMANN ARAYA MARIELA BEATRIZ;;15,00%;9;SANCHEZ FERNANDO JAVIER;9005;SMIRNOFF RASPBERRY DO 6X700;5950,44;3613;;MAYORISTAS;MAYORISTAS;1927458;CHOFER VILLA DOLORES BEBIDA;1050,08;$;2;GRUPO PEÑAFLOR SA;252;0;Contado;;;Smirnoff;Standard (S);No definido;;;Vodka;PEÑAFLOR GRUPO OBJETIVO;;;1002;BENITEZ RAUL;AXUM;;;False;154426;1;Lista General;MAYORISTAS - A;12511;15/4/2026;BD-003;VILLAFAÑE MARIANO
7869;RUTA 14 14;LAS RABONAS;15/4/2026;16/4/2026;15/4/2026;FAC-A0001-00042492;Venta;Empresa;30022;120;714053,04;864004,18;MATOS ABEL;;15,00%;9;SANCHEZ FERNANDO JAVIER;9002;SMIRNOFF RASPBERRY DO 6X700;5950,44;3614;;TRADITIONAL TRADE;Autoservicio Tradicional;642486;CHOFER VILLA DOLORES BEBIDA;1050,08;$;2;GRUPO PEÑAFLOR SA;84;0;Contado;;;Smirnoff;Standard (S);No definido;;;Vodka;PEÑAFLOR GRUPO OBJETIVO;;;1002;BENITEZ RAUL;AXUM;;;False;154427;1;Lista General;Autoservicio Tradicional - P;12512;1/1/2000;;
1043;JUAN DE GARAY 2333;Villa Dolores;15/4/2026;15/4/2026;15/4/2026;FAC-A0001-00042493;Venta;Empresa;74146;6;27639,33;33443,59;BENGOLEA MARIAS NELLY;;6,00%;9;SANCHEZ FERNANDO JAVIER;9005;FOND CAVE MALBEC 6X750 ;4606,55;3615;;TRADITIONAL TRADE;Resto de Tradicionales;22058,16;CHOFER VILLA DOLORES BEBIDA;294,04;$;2;GRUPO PEÑAFLOR SA;4,5;0;Contado;;;Fond De Cave;Superior;No definido;;;Vinos del Año;PEÑAFLOR GRUPO OBJETIVO;;;1002;BENITEZ RAUL;AXUM;;;False;154454;1;Lista General;Resto de Tradicionales - C;12511;15/4/2026;BD-003;VILLAFAÑE MARIANO
1043;JUAN DE GARAY 2333;Villa Dolores;15/4/2026;15/4/2026;15/4/2026;FAC-A0001-00042493;Venta;Empresa;74210;6;21284,51;25754,26;BENGOLEA MARIAS NELLY;;6,00%;9;SANCHEZ FERNANDO JAVIER;9005;ALMA MORA MALBEC 6X750;3547,42;3615;;TRADITIONAL TRADE;Resto de Tradicionales;16978,08;CHOFER VILLA DOLORES BEBIDA;226,43;$;2;GRUPO PEÑAFLOR SA;4,5;0;Contado;;;Alma Mora;Alto;No definido;;;Vinos del Año;PEÑAFLOR GRUPO OBJETIVO;;;1002;BENITEZ RAUL;AXUM;;;False;154454;1;Lista General;Resto de Tradicionales - C;12511;15/4/2026;BD-003;VILLAFAÑE MARIANO
1043;JUAN DE GARAY 2333;Villa Dolores;15/4/2026;15/4/2026;15/4/2026;FAC-A0001-00042493;Venta;Empresa;74208;6;21285,25;25755,15;BENGOLEA MARIAS NELLY;;6,00%;9;SANCHEZ FERNANDO JAVIER;9005;ALMA MORA CABSAUV6X750 ;3547,54;3615;;TRADITIONAL TRADE;Resto de Tradicionales;16987,14;CHOFER VILLA DOLORES BEBIDA;226,44;$;2;GRUPO PEÑAFLOR SA;4,5;0;Contado;;;Alma Mora;Alto;No definido;;;Vinos del Año;PEÑAFLOR GRUPO OBJETIVO;;;1002;BENITEZ RAUL;AXUM;;;False;154454;1;Lista General;Resto de Tradicionales - C;12511;15/4/2026;BD-003;VILLAFAÑE MARIANO
1281;ITALIA 160;Villa Dolores;15/4/2026;15/4/2026;15/4/2026;FAC-A0001-00042494;Venta;Empresa;30022;6;39482,93;47774,35;MACIAS MIGUEL ANGEL;;6,00%;9;SANCHEZ FERNANDO JAVIER;9003;SMIRNOFF RASPBERRY DO 6X700;6580,49;3615;;TRADITIONAL TRADE;Carniceria/Granja;32124,3;CHOFER VILLA DOLORES BEBIDA;420,03;$;2;GRUPO PEÑAFLOR SA;4,2;0;Contado;;;Smirnoff;Standard (S);No definido;;;Vodka;PEÑAFLOR GRUPO OBJETIVO;;;1002;BENITEZ RAUL;AXUM;;;False;154455;1;Lista General;Carniceria/Granja - C;12511;15/4/2026;BD-003;VILLAFAÑE MARIANO
1281;ITALIA 160;Villa Dolores;15/4/2026;15/4/2026;15/4/2026;FAC-A0001-00042494;Venta;Empresa;30020;6;39482,93;47774,35;MACIAS MIGUEL ANGEL;;6,00%;9;SANCHEZ FERNANDO JAVIER;9003;SMIRNOFF GREEN APPLE DO 6X700;6580,49;3615;;TRADITIONAL TRADE;Carniceria/Granja;32124,3;CHOFER VILLA DOLORES BEBIDA;420,03;$;2;GRUPO PEÑAFLOR SA;4,2;0;Contado;;;Smirnoff;Standard (S);No definido;;;Vodka;PEÑAFLOR GRUPO OBJETIVO;;;1002;BENITEZ RAUL;AXUM;;;False;154455;1;Lista General;Carniceria/Granja - C;12511;15/4/2026;BD-003;VILLAFAÑE MARIANO
1281;ITALIA 160;Villa Dolores;15/4/2026;15/4/2026;15/4/2026;FAC-A0001-00042494;Venta;Empresa;30131;6;39482,93;47774,35;MACIAS MIGUEL ANGEL;;6,00%;9;SANCHEZ FERNANDO JAVIER;9003;SMIRNOFF TROPICAL FRUITS 6X700;6580,49;3615;;TRADITIONAL TRADE;Carniceria/Granja;32124,3;CHOFER VILLA DOLORES BEBIDA;420,03;$;2;GRUPO PEÑAFLOR SA;4,2;0;Contado;;;Smirnoff;Standard (S);No definido;;;Vodka;PEÑAFLOR GRUPO OBJETIVO;;;1002;BENITEZ RAUL;AXUM;;;False;154455;1;Lista General;Carniceria/Granja - C;12511;15/4/2026;BD-003;VILLAFAÑE MARIANO
1281;ITALIA 160;Villa Dolores;15/4/2026;15/4/2026;15/4/2026;FAC-A0001-00042494;Venta;Empresa;42102;3;8864,86;10726,48;MACIAS MIGUEL ANGEL;;10,00%;9;SANCHEZ FERNANDO JAVIER;9003;ELEMENTOS MALBEC 6X750 ;2954,95;3615;;TRADITIONAL TRADE;Carniceria/Granja;7019,76;CHOFER VILLA DOLORES BEBIDA;328,33;$;2;GRUPO PEÑAFLOR SA;2,25;0;Contado;;;ELEMENTOS;Alto;No definido;;;Vinos del Año;PEÑAFLOR GRUPO OBJETIVO;;;1002;BENITEZ RAUL;AXUM;;;False;154455;1;Lista General;Carniceria/Granja - C;12511;15/4/2026;BD-003;VILLAFAÑE MARIANO
1281;ITALIA 160;Villa Dolores;15/4/2026;15/4/2026;15/4/2026;FAC-A0001-00042494;Venta;Empresa;74395;3;9685,36;11719,28;MACIAS MIGUEL ANGEL;;10,00%;9;SANCHEZ FERNANDO JAVIER;9003;DADA FMORAS N°2 6X750 ;3228,45;3615;;TRADITIONAL TRADE;Carniceria/Granja;7669,5;CHOFER VILLA DOLORES BEBIDA;358,72;$;2;GRUPO PEÑAFLOR SA;2,25;0;Contado;;;Dada;Alto;No definido;;;Vinos del Año;PEÑAFLOR GRUPO OBJETIVO;;;1002;BENITEZ RAUL;AXUM;;;False;154455;1;Lista General;Carniceria/Granja - C;12511;15/4/2026;BD-003;VILLAFAÑE MARIANO
1281;ITALIA 160;Villa Dolores;15/4/2026;15/4/2026;15/4/2026;FAC-A0001-00042494;Venta;Empresa;74393;3;9685,36;11719,28;MACIAS MIGUEL ANGEL;;10,00%;9;SANCHEZ FERNANDO JAVIER;9003;DADA FMORAS N°1 6X750;3228,45;3615;;TRADITIONAL TRADE;Carniceria/Granja;7669,5;CHOFER VILLA DOLORES BEBIDA;358,72;$;2;GRUPO PEÑAFLOR SA;2,25;0;Contado;;;Dada;Alto;No definido;;;Vinos del Año;PEÑAFLOR GRUPO OBJETIVO;;;1002;BENITEZ RAUL;AXUM;;;False;154455;1;Lista General;Carniceria/Granja - C;12511;15/4/2026;BD-003;VILLAFAÑE MARIANO
1281;ITALIA 160;Villa Dolores;15/4/2026;15/4/2026;15/4/2026;FAC-A0001-00042494;Venta;Empresa;80092;6;20409,73;24695,78;MACIAS MIGUEL ANGEL;;10,00%;9;SANCHEZ FERNANDO JAVIER;9003;SAN TELMO SPARK DULCE 6X750;3401,62;3615;;TRADITIONAL TRADE;Carniceria/Granja;16004,82;CHOFER VILLA DOLORES BEBIDA;377,96;$;2;GRUPO PEÑAFLOR SA;4,5;0;Contado;;;#¿NOMBRE?;Champaña Medio;No definido;;-No Definido-;Espumantes;Grupo Peñaflor,PEÑAFLOR GRUPO OBJETIVO;;;1002;BENITEZ RAUL;AXUM;;;False;154455;1;Lista General;Carniceria/Granja - C;12511;15/4/2026;BD-003;VILLAFAÑE MARIANO
1281;ITALIA 160;Villa Dolores;15/4/2026;15/4/2026;15/4/2026;FAC-A0001-00042494;Venta;Empresa;80092;6;20409,73;24695,78;MACIAS MIGUEL ANGEL;;10,00%;9;SANCHEZ FERNANDO JAVIER;9003;SAN TELMO SPARK DULCE 6X750;3401,62;3615;;TRADITIONAL TRADE;Carniceria/Granja;16004,82;CHOFER VILLA DOLORES BEBIDA;377,96;$;2;GRUPO PEÑAFLOR SA;4,5;0;Contado;;;#¿NOMBRE?;Champaña Medio;No definido;;-No Definido-;Espumantes;Grupo Peñaflor,PEÑAFLOR GRUPO OBJETIVO;;;1002;BENITEZ RAUL;AXUM;;;False;154455;1;Lista General;Carniceria/Granja - C;12511;15/4/2026;BD-003;VILLAFAÑE MARIANO
1281;ITALIA 160;Villa Dolores;15/4/2026;15/4/2026;15/4/2026;FAC-A0001-00042494;Venta;Empresa;74840;3;7132,43;8630,23;MACIAS MIGUEL ANGEL;;13,00%;9;SANCHEZ FERNANDO JAVIER;9003;ALARIS D.COSECHA TINTO 6X750;2377,48;3615;;TRADITIONAL TRADE;Carniceria/Granja;6461,37;CHOFER VILLA DOLORES BEBIDA;355,25;$;2;GRUPO PEÑAFLOR SA;0;0;Contado;;;Alaris;Medio Alto;;;;Vinos del Año;PEÑAFLOR GRUPO OBJETIVO;;;1002;BENITEZ RAUL;AXUM;;;False;154455;1;Lista General;Carniceria/Granja - C;12511;15/4/2026;BD-003;VILLAFAÑE MARIANO
1281;ITALIA 160;Villa Dolores;15/4/2026;15/4/2026;15/4/2026;FAC-A0001-00042494;Venta;Empresa;74840;3;6968,46;8431,84;MACIAS MIGUEL ANGEL;;15,00%;9;SANCHEZ FERNANDO JAVIER;9003;ALARIS D.COSECHA TINTO 6X750;2322,82;3615;;TRADITIONAL TRADE;Carniceria/Granja;6461,37;CHOFER VILLA DOLORES BEBIDA;409,91;$;2;GRUPO PEÑAFLOR SA;0;0;Contado;;;Alaris;Medio Alto;;;;Vinos del Año;PEÑAFLOR GRUPO OBJETIVO;;;1002;BENITEZ RAUL;AXUM;;;False;154455;1;Lista General;Carniceria/Granja - C;12511;15/4/2026;BD-003;VILLAFAÑE MARIANO
1281;ITALIA 160;Villa Dolores;15/4/2026;15/4/2026;15/4/2026;FAC-A0001-00042494;Venta;Empresa;74415;3;14432,66;17463,52;MACIAS MIGUEL ANGEL;;10,00%;9;SANCHEZ FERNANDO JAVIER;9003;TRAPICHE RESERVA CABSAU 6X750 ;4810,89;3615;;TRADITIONAL TRADE;Carniceria/Granja;12030,21;CHOFER VILLA DOLORES BEBIDA;534,54;$;2;GRUPO PEÑAFLOR SA;2,25;0;Contado;;;Trapiche Reserva;Superior;No definido;;;Vinos del Año;PEÑAFLOR GRUPO OBJETIVO;;;1002;BENITEZ RAUL;AXUM;;;False;154455;1;Lista General;Carniceria/Granja - C;12511;15/4/2026;BD-003;VILLAFAÑE MARIANO
1196;CENOBIO SOTO 230;Villa Dolores;15/4/2026;15/4/2026;15/4/2026;FAC-A0001-00042495;Venta;Empresa;42102;3;9258,85;11203,21;BARTOLOMEI MARCOS EZEQUIEL;;6,00%;9;SANCHEZ FERNANDO JAVIER;9003;ELEMENTOS MALBEC 6X750 ;3086,28;3615;;TRADITIONAL TRADE;Almacen/Despensa;7019,76;CHOFER VILLA DOLORES BEBIDA;197;$;2;GRUPO PEÑAFLOR SA;2,25;0;Contado;;;ELEMENTOS;Alto;No definido;;;Vinos del Año;PEÑAFLOR GRUPO OBJETIVO;;;1002;BENITEZ RAUL;AXUM;;;False;154465;1;Lista General;Almacen/Despensa - C;12514;1/1/2000;;
1196;CENOBIO SOTO 230;Villa Dolores;15/4/2026;15/4/2026;15/4/2026;FAC-A0001-00042495;Venta;Empresa;72859;3;7446,97;9010,84;BARTOLOMEI MARCOS EZEQUIEL;;6,00%;9;SANCHEZ FERNANDO JAVIER;9003;F.LAS MORAS MALBEC 6X750;2482,32;3615;;TRADITIONAL TRADE;Almacen/Despensa;5931,72;CHOFER VILLA DOLORES BEBIDA;158,45;$;2;GRUPO PEÑAFLOR SA;2,25;0;Contado;;;Finca Las Moras;Medio Alto;No definido;;;Vinos del Año;PEÑAFLOR GRUPO OBJETIVO;;;1002;BENITEZ RAUL;AXUM;;;False;154465;1;Lista General;Almacen/Despensa - C;12514;1/1/2000;;
1196;CENOBIO SOTO 230;Villa Dolores;15/4/2026;15/4/2026;15/4/2026;FAC-A0001-00042495;Venta;Empresa;80010;3;8582,19;10384,45;BARTOLOMEI MARCOS EZEQUIEL;;6,00%;9;SANCHEZ FERNANDO JAVIER;9003;LOS ARBOLES SEL MALBEC 6X750;2860,73;3615;;TRADITIONAL TRADE;Almacen/Despensa;7195,77;CHOFER VILLA DOLORES BEBIDA;182,6;$;2;GRUPO PEÑAFLOR SA;2,25;0;Contado;;;Los Arboles;Medio Alto;No definido;;;Vinos del Año;Grupo Peñaflor,PEÑAFLOR GRUPO OBJETIVO;;;1002;BENITEZ RAUL;AXUM;;;False;154465;1;Lista General;Almacen/Despensa - C;12514;1/1/2000;;
8192;LIBERTADOR URQUIZA 286;VILLA DOLORES;15/4/2026;16/4/2026;15/4/2026;FAC-A0001-00042496;Venta;Empresa;42107;3;9258,85;11203,21;BENGOLEA GILARDI CESAR ESTEBAN ;;6,00%;9;SANCHEZ FERNANDO JAVIER;9005;ELEMENTOS CHARDONNAY 6X750;3086,28;3615;;TRADITIONAL TRADE;Almacen/Despensa;7389,21;CHOFER VILLA DOLORES BEBIDA;197;$;2;GRUPO PEÑAFLOR SA;2,25;0;Contado;;;ELEMENTOS;Alto;No definido;;;Vinos del Año;PEÑAFLOR GRUPO OBJETIVO;;;1002;BENITEZ RAUL;AXUM;;;False;154466;1;Lista General;Almacen/Despensa - B;12514;1/1/2000;;
8192;LIBERTADOR URQUIZA 286;VILLA DOLORES;15/4/2026;16/4/2026;15/4/2026;FAC-A0001-00042496;Venta;Empresa;80010;3;8582,19;10384,45;BENGOLEA GILARDI CESAR ESTEBAN ;;6,00%;9;SANCHEZ FERNANDO JAVIER;9005;LOS ARBOLES SEL MALBEC 6X750;2860,73;3615;;TRADITIONAL TRADE;Almacen/Despensa;7195,77;CHOFER VILLA DOLORES BEBIDA;182,6;$;2;GRUPO PEÑAFLOR SA;2,25;0;Contado;;;Los Arboles;Medio Alto;No definido;;;Vinos del Año;Grupo Peñaflor,PEÑAFLOR GRUPO OBJETIVO;;;1002;BENITEZ RAUL;AXUM;;;False;154466;1;Lista General;Almacen/Despensa - B;12514;1/1/2000;;
8192;LIBERTADOR URQUIZA 286;VILLA DOLORES;15/4/2026;16/4/2026;15/4/2026;FAC-A0001-00042496;Venta;Empresa;14507;3;8652,21;10469,18;BENGOLEA GILARDI CESAR ESTEBAN ;;6,00%;9;SANCHEZ FERNANDO JAVIER;9005;EL BAUTISMO MALBEC 6X750 ;2884,07;3615;;TRADITIONAL TRADE;Almacen/Despensa;7254,48;CHOFER VILLA DOLORES BEBIDA;184,09;$;2;GRUPO PEÑAFLOR SA;2,25;0;Contado;;;El Bautismo;Medio Alto;No definido;;;Vinos del Año;PEÑAFLOR GRUPO OBJETIVO;;;1002;BENITEZ RAUL;AXUM;;;False;154466;1;Lista General;Almacen/Despensa - B;12514;1/1/2000;;
8192;LIBERTADOR URQUIZA 286;VILLA DOLORES;15/4/2026;16/4/2026;15/4/2026;FAC-A0001-00042496;Venta;Empresa;71704;3;7706,3;9324,62;BENGOLEA GILARDI CESAR ESTEBAN ;;6,00%;9;SANCHEZ FERNANDO JAVIER;9005;TRAPICHE ALARIS MALBEC 6X750;2568,77;3615;;TRADITIONAL TRADE;Almacen/Despensa;6461,37;CHOFER VILLA DOLORES BEBIDA;163,96;$;2;GRUPO PEÑAFLOR SA;2,25;0;Contado;;;Alaris;Medio Alto;No definido;;;Vinos del Año;PEÑAFLOR GRUPO OBJETIVO;;;1002;BENITEZ RAUL;AXUM;;;False;154466;1;Lista General;Almacen/Despensa - B;12514;1/1/2000;;
1387;SENOBIO SOTO 210;Villa Dolores;15/4/2026;15/4/2026;15/4/2026;FAC-A0001-00042497;Venta;Empresa;30022;12;69725,18;84367,47;DIAZ MAURICIO;;17,00%;9;SANCHEZ FERNANDO JAVIER;9003;SMIRNOFF RASPBERRY DO 6X700;5810,43;3615;;TRADITIONAL TRADE;Kiosco/Maxikiosco;64248,6;CHOFER VILLA DOLORES BEBIDA;1190,09;$;2;GRUPO PEÑAFLOR SA;8,4;0;Contado;;;Smirnoff;Standard (S);No definido;;;Vodka;PEÑAFLOR GRUPO OBJETIVO;;;1002;BENITEZ RAUL;AXUM;;;False;154481;1;Lista General;Kiosco/Maxikiosco - C;12511;15/4/2026;BD-003;VILLAFAÑE MARIANO
1387;SENOBIO SOTO 210;Villa Dolores;15/4/2026;15/4/2026;15/4/2026;FAC-A0001-00042497;Venta;Empresa;30020;6;34862,59;42183,73;DIAZ MAURICIO;;17,00%;9;SANCHEZ FERNANDO JAVIER;9003;SMIRNOFF GREEN APPLE DO 6X700;5810,43;3615;;TRADITIONAL TRADE;Kiosco/Maxikiosco;32124,3;CHOFER VILLA DOLORES BEBIDA;1190,09;$;2;GRUPO PEÑAFLOR SA;4,2;0;Contado;;;Smirnoff;Standard (S);No definido;;;Vodka;PEÑAFLOR GRUPO OBJETIVO;;;1002;BENITEZ RAUL;AXUM;;;False;154481;1;Lista General;Kiosco/Maxikiosco - C;12511;15/4/2026;BD-003;VILLAFAÑE MARIANO
1387;SENOBIO SOTO 210;Villa Dolores;15/4/2026;15/4/2026;15/4/2026;FAC-A0001-00042497;Venta;Empresa;30135;6;34862,59;42183,73;DIAZ MAURICIO;;17,00%;9;SANCHEZ FERNANDO JAVIER;9003;SMIRNOFF TAMARINDO 6 X 700;5810,43;3615;;TRADITIONAL TRADE;Kiosco/Maxikiosco;32140,38;CHOFER VILLA DOLORES BEBIDA;1190,09;$;2;GRUPO PEÑAFLOR SA;0;0;Contado;;;Smirnoff;Standard (S);No definido;;;Vodka;PEÑAFLOR GRUPO OBJETIVO;;;1002;BENITEZ RAUL;AXUM;;;False;154481;1;Lista General;Kiosco/Maxikiosco - C;12511;15/4/2026;BD-003;VILLAFAÑE MARIANO
30043;BV. 9 DE JULIO 2676;SAN FRANCISCO;16/4/2026;16/4/2026;16/4/2026;FAC-A0006-00062040;Venta;P&P LOGISTICA S.R.L;30135;6;34862,59;43229,61;MORO LILIANA BEATRIZ;;17,00%;8;ALVAREZ VANESA  KAFF;8030;SMIRNOFF TAMARINDO 6 X 700;5810,43;;;TRADITIONAL TRADE;Almacen/Despensa;32140,38;;1190,09;$;2;GRUPO PEÑAFLOR SA;0;0;Contado;16/4/2026 10:08;;Smirnoff;Standard (S);No definido;;;Vodka;PEÑAFLOR GRUPO OBJETIVO;;;20032;GRIBAUDO ESTEBAN;Gescom;;;True;154647;0;Lista General;Almacen/Despensa - A;;1/1/2000;;
30043;BV. 9 DE JULIO 2676;SAN FRANCISCO;16/4/2026;16/4/2026;16/4/2026;FAC-A0006-00062040;Venta;P&P LOGISTICA S.R.L;30020;18;104587,77;129688,83;MORO LILIANA BEATRIZ;;17,00%;8;ALVAREZ VANESA  KAFF;8030;SMIRNOFF GREEN APPLE DO 6X700;5810,43;;;TRADITIONAL TRADE;Almacen/Despensa;96372,9;;1190,09;$;2;GRUPO PEÑAFLOR SA;12,6;0;Contado;16/4/2026 10:08;;Smirnoff;Standard (S);No definido;;;Vodka;PEÑAFLOR GRUPO OBJETIVO;;;20032;GRIBAUDO ESTEBAN;Gescom;;;True;154647;0;Lista General;Almacen/Despensa - A;;1/1/2000;;
297;BV SARMIENTO 1178;LA PARA;16/4/2026;17/4/2026;16/4/2026;FAC-A0006-00062051;Venta;P&P LOGISTICA S.R.L;14594;6;7821,9;9464,5;LUDUEÑA SOFIA DEL CARMEN ;;0,00%;6;PEYRONEL ANDREA;6030;FRIZZE BLUE LATA X473;1303,65;3602;;TRADITIONAL TRADE;Almacen/Despensa;5867,88;ACOSTA FACUNDO;0;$;2;GRUPO PEÑAFLOR SA;2,838;0;Contado;;;;RTD (S);No definido;;;RTD (S);PEÑAFLOR GRUPO OBJETIVO;;;20032;GRIBAUDO ESTEBAN;AXUM;;;False;154693;1;Lista General;Almacen/Despensa - B;12526;16/4/2026;2;LESCANO FRANCO DARIO
3645;SAN MARTIN S/N 1;MARULL;16/4/2026;17/4/2026;16/4/2026;FAC-A0006-00062054;Venta;P&P LOGISTICA S.R.L;42102;12;36247,41;43859,37;MICOL LUIS MARCELO;;8,00%;6;PEYRONEL ANDREA;6031;ELEMENTOS MALBEC 6X750 ;3020,62;3602;;TRADITIONAL TRADE;Almacen/Despensa;28079,04;ACOSTA FACUNDO;262,66;$;2;GRUPO PEÑAFLOR SA;9;0;Contado;;;ELEMENTOS;Alto;No definido;;;Vinos del Año;PEÑAFLOR GRUPO OBJETIVO;;;20032;GRIBAUDO ESTEBAN;AXUM;;;False;154778;1;Lista General;Almacen/Despensa - A;12529;16/4/2026;2;LESCANO FRANCO DARIO
3645;SAN MARTIN S/N 1;MARULL;16/4/2026;17/4/2026;16/4/2026;FAC-A0006-00062054;Venta;P&P LOGISTICA S.R.L;42105;6;18123,71;21929,68;MICOL LUIS MARCELO;;8,00%;6;PEYRONEL ANDREA;6031;ELEMENTOS TORRONTES 6X750 ;3020,62;3602;;TRADITIONAL TRADE;Almacen/Despensa;14778,42;ACOSTA FACUNDO;262,66;$;2;GRUPO PEÑAFLOR SA;4,5;0;Contado;;;ELEMENTOS;Alto;No definido;;;Vinos del Año;PEÑAFLOR GRUPO OBJETIVO;;;20032;GRIBAUDO ESTEBAN;AXUM;;;False;154778;1;Lista General;Almacen/Despensa - A;12529;16/4/2026;2;LESCANO FRANCO DARIO
3645;SAN MARTIN S/N 1;MARULL;16/4/2026;17/4/2026;16/4/2026;FAC-A0006-00062054;Venta;P&P LOGISTICA S.R.L;42107;6;18123,71;21929,68;MICOL LUIS MARCELO;;8,00%;6;PEYRONEL ANDREA;6031;ELEMENTOS CHARDONNAY 6X750;3020,62;3602;;TRADITIONAL TRADE;Almacen/Despensa;14778,42;ACOSTA FACUNDO;262,66;$;2;GRUPO PEÑAFLOR SA;4,5;0;Contado;;;ELEMENTOS;Alto;No definido;;;Vinos del Año;PEÑAFLOR GRUPO OBJETIVO;;;20032;GRIBAUDO ESTEBAN;AXUM;;;False;154778;1;Lista General;Almacen/Despensa - A;12529;16/4/2026;2;LESCANO FRANCO DARIO
3645;SAN MARTIN S/N 1;MARULL;16/4/2026;17/4/2026;16/4/2026;FAC-A0006-00062054;Venta;P&P LOGISTICA S.R.L;72859;6;14577,05;17638,23;MICOL LUIS MARCELO;;8,00%;6;PEYRONEL ANDREA;6031;F.LAS MORAS MALBEC 6X750;2429,51;3602;;TRADITIONAL TRADE;Almacen/Despensa;11863,44;ACOSTA FACUNDO;211,26;$;2;GRUPO PEÑAFLOR SA;4,5;0;Contado;;;Finca Las Moras;Medio Alto;No definido;;;Vinos del Año;PEÑAFLOR GRUPO OBJETIVO;;;20032;GRIBAUDO ESTEBAN;AXUM;;;False;154778;1;Lista General;Almacen/Despensa - A;12529;16/4/2026;2;LESCANO FRANCO DARIO
3645;SAN MARTIN S/N 1;MARULL;16/4/2026;17/4/2026;16/4/2026;FAC-A0006-00062054;Venta;P&P LOGISTICA S.R.L;74167;6;14577,05;17638,23;MICOL LUIS MARCELO;;8,00%;6;PEYRONEL ANDREA;6031;F. LAS MORAS SAUV.BLANC 6X750 ;2429,51;3602;;TRADITIONAL TRADE;Almacen/Despensa;12487,86;ACOSTA FACUNDO;211,26;$;2;GRUPO PEÑAFLOR SA;4,5;0;Contado;;;Alaris;Medio Alto;No definido;;;Vinos del Año;PEÑAFLOR GRUPO OBJETIVO;;;20032;GRIBAUDO ESTEBAN;AXUM;;;False;154778;1;Lista General;Almacen/Despensa - A;12529;16/4/2026;2;LESCANO FRANCO DARIO
3645;SAN MARTIN S/N 1;MARULL;16/4/2026;17/4/2026;16/4/2026;FAC-A0006-00062054;Venta;P&P LOGISTICA S.R.L;74437;6;20832,37;25207,17;MICOL LUIS MARCELO;;8,00%;6;PEYRONEL ANDREA;6031;ALMA MORA BLEND TINTO 6X750;3472,06;3602;;TRADITIONAL TRADE;Almacen/Despensa;16987,14;ACOSTA FACUNDO;301,92;$;2;GRUPO PEÑAFLOR SA;4,5;0;Contado;;;Alma Mora;Alto;No definido;;;Vinos del Año;PEÑAFLOR GRUPO OBJETIVO;;;20032;GRIBAUDO ESTEBAN;AXUM;;;False;154778;1;Lista General;Almacen/Despensa - A;12529;16/4/2026;2;LESCANO FRANCO DARIO
3645;SAN MARTIN S/N 1;MARULL;16/4/2026;17/4/2026;16/4/2026;FAC-A0006-00062054;Venta;P&P LOGISTICA S.R.L;74438;6;20832,37;25207,17;MICOL LUIS MARCELO;;8,00%;6;PEYRONEL ANDREA;6031;ALMA MORA BLEND BLANCO 6X750;3472,06;3602;;TRADITIONAL TRADE;Almacen/Despensa;16987,14;ACOSTA FACUNDO;301,92;$;2;GRUPO PEÑAFLOR SA;4,5;0;Contado;;;Alma Mora;Alto;No definido;;;Vinos del Año;PEÑAFLOR GRUPO OBJETIVO;;;20032;GRIBAUDO ESTEBAN;AXUM;;;False;154778;1;Lista General;Almacen/Despensa - A;12529;16/4/2026;2;LESCANO FRANCO DARIO
3645;SAN MARTIN S/N 1;MARULL;16/4/2026;17/4/2026;16/4/2026;FAC-A0006-00062054;Venta;P&P LOGISTICA S.R.L;70202;6;27051,26;32732,02;MICOL LUIS MARCELO;;8,00%;6;PEYRONEL ANDREA;6031;FOND CAVE CHARD 6X750;4508,54;3602;;TRADITIONAL TRADE;Almacen/Despensa;22058,16;ACOSTA FACUNDO;392,05;$;2;GRUPO PEÑAFLOR SA;4,5;0;Contado;;;Fond De Cave;Superior;No definido;;;Vinos del Año;PEÑAFLOR GRUPO OBJETIVO;;;20032;GRIBAUDO ESTEBAN;AXUM;;;False;154778;1;Lista General;Almacen/Despensa - A;12529;16/4/2026;2;LESCANO FRANCO DARIO
3645;SAN MARTIN S/N 1;MARULL;16/4/2026;17/4/2026;16/4/2026;FAC-A0006-00062054;Venta;P&P LOGISTICA S.R.L;74146;6;27051,26;32732,02;MICOL LUIS MARCELO;;8,00%;6;PEYRONEL ANDREA;6031;FOND CAVE MALBEC 6X750 ;4508,54;3602;;TRADITIONAL TRADE;Almacen/Despensa;22058,16;ACOSTA FACUNDO;392,05;$;2;GRUPO PEÑAFLOR SA;4,5;0;Contado;;;Fond De Cave;Superior;No definido;;;Vinos del Año;PEÑAFLOR GRUPO OBJETIVO;;;20032;GRIBAUDO ESTEBAN;AXUM;;;False;154778;1;Lista General;Almacen/Despensa - A;12529;16/4/2026;2;LESCANO FRANCO DARIO
2655;BV. BELGRANO 377;BALNEARIA;16/4/2026;17/4/2026;15/4/2026;FAC-A0006-00062061;Venta;P&P LOGISTICA S.R.L;42102;6;18517,7;22406,42;CAMPANA NORMA BEATRIZ;;6,00%;6;PEYRONEL ANDREA;6031;ELEMENTOS MALBEC 6X750 ;3086,28;3612;;TRADITIONAL TRADE;Almacen/Despensa;14039,52;DELGADO MAYCO JOAQUIN;197;$;2;GRUPO PEÑAFLOR SA;4,5;0;Contado;;;ELEMENTOS;Alto;No definido;;;Vinos del Año;PEÑAFLOR GRUPO OBJETIVO;;;20032;GRIBAUDO ESTEBAN;AXUM;;;False;154593;1;Lista General;Almacen/Despensa - B;12518;16/4/2026;2;LESCANO FRANCO DARIO
2655;BV. BELGRANO 377;BALNEARIA;16/4/2026;17/4/2026;15/4/2026;FAC-A0006-00062061;Venta;P&P LOGISTICA S.R.L;30023;3;35420,94;42859,34;CAMPANA NORMA BEATRIZ;;0,00%;6;PEYRONEL ANDREA;6031;WHITE HORSE DO 12X750;11806,98;3612;;TRADITIONAL TRADE;Almacen/Despensa;27103,77;DELGADO MAYCO JOAQUIN;0;$;2;GRUPO PEÑAFLOR SA;2,25;0;Contado;;;White Horse;Standard (S);No definido;;;Whisky;PEÑAFLOR GRUPO OBJETIVO;;;20032;GRIBAUDO ESTEBAN;AXUM;;;False;154593;1;Lista General;Almacen/Despensa - B;12518;16/4/2026;2;LESCANO FRANCO DARIO
2630;AV. TRISTAN CORNEJO 114;BALNEARIA;16/4/2026;17/4/2026;16/4/2026;FAC-A0006-00062064;Venta;P&P LOGISTICA S.R.L;74393;6;20231,64;24480,28;CHEN MEI;;6,00%;6;PEYRONEL ANDREA;6031;DADA FMORAS N°1 6X750;3371,94;3612;;TRADITIONAL TRADE;Autoservicio Tradicional;15339;DELGADO MAYCO JOAQUIN;215,23;$;2;GRUPO PEÑAFLOR SA;4,5;0;Contado;;;Dada;Alto;No definido;;;Vinos del Año;PEÑAFLOR GRUPO OBJETIVO;;;20032;GRIBAUDO ESTEBAN;AXUM;;;False;154610;1;Lista General;Autoservicio Tradicional - B;12519;16/4/2026;2;LESCANO FRANCO DARIO
2630;AV. TRISTAN CORNEJO 114;BALNEARIA;16/4/2026;17/4/2026;16/4/2026;FAC-A0006-00062064;Venta;P&P LOGISTICA S.R.L;74505;6;20231,64;24480,28;CHEN MEI;;6,00%;6;PEYRONEL ANDREA;6031;DADA ART CABERNET 6X750 ;3371,94;3612;;TRADITIONAL TRADE;Autoservicio Tradicional;16146,3;DELGADO MAYCO JOAQUIN;215,23;$;2;GRUPO PEÑAFLOR SA;4,5;0;Contado;;;Dada;Alto;No definido;;;Vinos del Año;PEÑAFLOR GRUPO OBJETIVO;;;20032;GRIBAUDO ESTEBAN;AXUM;;;False;154610;1;Lista General;Autoservicio Tradicional - B;12519;16/4/2026;2;LESCANO FRANCO DARIO
2630;AV. TRISTAN CORNEJO 114;BALNEARIA;16/4/2026;17/4/2026;16/4/2026;FAC-A0006-00062064;Venta;P&P LOGISTICA S.R.L;41682;6;28465,02;34442,68;CHEN MEI;;6,00%;6;PEYRONEL ANDREA;6031;DON DAVID MALBEC 6X750;4744,17;3612;;TRADITIONAL TRADE;Autoservicio Tradicional;22717,14;DELGADO MAYCO JOAQUIN;302,82;$;2;GRUPO PEÑAFLOR SA;4,5;0;Contado;;;Don David;Superior;No definido;;;Vinos del Año;PEÑAFLOR GRUPO OBJETIVO;;;20032;GRIBAUDO ESTEBAN;AXUM;;;False;154610;1;Lista General;Autoservicio Tradicional - B;12519;16/4/2026;2;LESCANO FRANCO DARIO
3149;MAIPU ESQ. LAVALLE 1;BALNEARIA;16/4/2026;17/4/2026;16/4/2026;FAC-A0006-00062070;Venta;P&P LOGISTICA S.R.L;74393;3;10115,82;12240,14;MANSILLA EMANUEL JOSE LUIS;;6,00%;6;PEYRONEL ANDREA;6040;DADA FMORAS N°1 6X750;3371,94;3612;;TRADITIONAL TRADE;Almacen/Despensa;7669,5;DELGADO MAYCO JOAQUIN;215,23;$;2;GRUPO PEÑAFLOR SA;2,25;0;Contado;;;Dada;Alto;No definido;;;Vinos del Año;PEÑAFLOR GRUPO OBJETIVO;;;20032;GRIBAUDO ESTEBAN;AXUM;;;False;154625;1;Lista General;Almacen/Despensa - A;12522;16/4/2026;2;LESCANO FRANCO DARIO
3149;MAIPU ESQ. LAVALLE 1;BALNEARIA;16/4/2026;17/4/2026;16/4/2026;FAC-A0006-00062070;Venta;P&P LOGISTICA S.R.L;74814;3;8565,61;10364,39;MANSILLA EMANUEL JOSE LUIS;;6,00%;6;PEYRONEL ANDREA;6040;CAZADOR MALBEC 6X750;2855,2;3612;;TRADITIONAL TRADE;Almacen/Despensa;6835,98;DELGADO MAYCO JOAQUIN;182,25;$;2;GRUPO PEÑAFLOR SA;0;0;Contado;;;;;;;;;PEÑAFLOR GRUPO OBJETIVO;;;20032;GRIBAUDO ESTEBAN;AXUM;;;False;154625;1;Lista General;Almacen/Despensa - A;12522;16/4/2026;2;LESCANO FRANCO DARIO
2239;GUIDO ACTIS 271;BALNEARIA;16/4/2026;17/4/2026;16/4/2026;FAC-A0006-00062075;Venta;P&P LOGISTICA S.R.L;71704;3;7706,3;9324,62;MADUEÑO FLAVIA ROMINA;;6,00%;6;PEYRONEL ANDREA;6031;TRAPICHE ALARIS MALBEC 6X750;2568,77;3612;;TRADITIONAL TRADE;Almacen/Despensa;6461,37;DELGADO MAYCO JOAQUIN;163,96;$;2;GRUPO PEÑAFLOR SA;2,25;0;Contado;;;Alaris;Medio Alto;No definido;;;Vinos del Año;PEÑAFLOR GRUPO OBJETIVO;;;20032;GRIBAUDO ESTEBAN;AXUM;;;False;154661;1;Lista General;Almacen/Despensa - C;12524;16/4/2026;2;LESCANO FRANCO DARIO
2239;GUIDO ACTIS 271;BALNEARIA;16/4/2026;17/4/2026;16/4/2026;FAC-A0006-00062075;Venta;P&P LOGISTICA S.R.L;74393;3;10115,82;12240,14;MADUEÑO FLAVIA ROMINA;;6,00%;6;PEYRONEL ANDREA;6031;DADA FMORAS N°1 6X750;3371,94;3612;;TRADITIONAL TRADE;Almacen/Despensa;7669,5;DELGADO MAYCO JOAQUIN;215,23;$;2;GRUPO PEÑAFLOR SA;2,25;0;Contado;;;Dada;Alto;No definido;;;Vinos del Año;PEÑAFLOR GRUPO OBJETIVO;;;20032;GRIBAUDO ESTEBAN;AXUM;;;False;154661;1;Lista General;Almacen/Despensa - C;12524;16/4/2026;2;LESCANO FRANCO DARIO
2239;GUIDO ACTIS 271;BALNEARIA;16/4/2026;17/4/2026;16/4/2026;FAC-A0006-00062075;Venta;P&P LOGISTICA S.R.L;35105;6;11608,38;14046,14;MADUEÑO FLAVIA ROMINA;;0,00%;6;PEYRONEL ANDREA;6031;SMF ICE RED BERRIE LAT 4X6X473;1934,73;3612;;TRADITIONAL TRADE;Almacen/Despensa;8882,64;DELGADO MAYCO JOAQUIN;0;$;2;GRUPO PEÑAFLOR SA;2,838;0;Contado;;;Smirnoff Ice Flavours;RTD (s);No definido;;;RTD (S);PEÑAFLOR GRUPO OBJETIVO;;;20032;GRIBAUDO ESTEBAN;AXUM;;;False;154661;1;Lista General;Almacen/Despensa - C;12524;16/4/2026;2;LESCANO FRANCO DARIO
981;RIVADAVIA ESQ YRIGOYEN 0;MIRAMAR;16/4/2026;17/4/2026;16/4/2026;FAC-A0006-00062092;Venta;P&P LOGISTICA S.R.L;20251;3;6423,28;7772,17;BAZAN MARCO ANTONIO;;6,00%;6;PEYRONEL ANDREA;6040;SUTER VARIETAL MALBEC 6X750;2141,09;3612;;TRADITIONAL TRADE;Almacen/Despensa;5385,63;DELGADO MAYCO JOAQUIN;136,67;$;2;GRUPO PEÑAFLOR SA;2,25;0;Contado;;;#¿NOMBRE?;Medio;No definido;;;Vinos del Año;PEÑAFLOR GRUPO OBJETIVO;;;20032;GRIBAUDO ESTEBAN;AXUM;;;False;154768;1;Lista General;Almacen/Despensa - A;12530;16/4/2026;2;LESCANO FRANCO DARIO
981;RIVADAVIA ESQ YRIGOYEN 0;MIRAMAR;16/4/2026;17/4/2026;16/4/2026;FAC-A0006-00062092;Venta;P&P LOGISTICA S.R.L;80010;3;8582,19;10384,45;BAZAN MARCO ANTONIO;;6,00%;6;PEYRONEL ANDREA;6040;LOS ARBOLES SEL MALBEC 6X750;2860,73;3612;;TRADITIONAL TRADE;Almacen/Despensa;7195,77;DELGADO MAYCO JOAQUIN;182,6;$;2;GRUPO PEÑAFLOR SA;2,25;0;Contado;;;Los Arboles;Medio Alto;No definido;;;Vinos del Año;Grupo Peñaflor,PEÑAFLOR GRUPO OBJETIVO;;;20032;GRIBAUDO ESTEBAN;AXUM;;;False;154768;1;Lista General;Almacen/Despensa - A;12530;16/4/2026;2;LESCANO FRANCO DARIO
981;RIVADAVIA ESQ YRIGOYEN 0;MIRAMAR;16/4/2026;17/4/2026;16/4/2026;FAC-A0006-00062092;Venta;P&P LOGISTICA S.R.L;72859;3;7446,97;9010,84;BAZAN MARCO ANTONIO;;6,00%;6;PEYRONEL ANDREA;6040;F.LAS MORAS MALBEC 6X750;2482,32;3612;;TRADITIONAL TRADE;Almacen/Despensa;5931,72;DELGADO MAYCO JOAQUIN;158,45;$;2;GRUPO PEÑAFLOR SA;2,25;0;Contado;;;Finca Las Moras;Medio Alto;No definido;;;Vinos del Año;PEÑAFLOR GRUPO OBJETIVO;;;20032;GRIBAUDO ESTEBAN;AXUM;;;False;154768;1;Lista General;Almacen/Despensa - A;12530;16/4/2026;2;LESCANO FRANCO DARIO
2376;RIVADAVIA 282;MIRAMAR;16/4/2026;17/4/2026;16/4/2026;FAC-A0006-00062093;Venta;P&P LOGISTICA S.R.L;71704;3;7706,3;9324,62;PAIGEL NOEMI SARA MARISA;;6,00%;6;PEYRONEL ANDREA;6040;TRAPICHE ALARIS MALBEC 6X750;2568,77;3612;;TRADITIONAL TRADE;Almacen/Despensa;6461,37;DELGADO MAYCO JOAQUIN;163,96;$;2;GRUPO PEÑAFLOR SA;2,25;0;Contado;;;Alaris;Medio Alto;No definido;;;Vinos del Año;PEÑAFLOR GRUPO OBJETIVO;;;20032;GRIBAUDO ESTEBAN;AXUM;;;False;154773;1;Lista General;Almacen/Despensa - B;12530;16/4/2026;2;LESCANO FRANCO DARIO
2376;RIVADAVIA 282;MIRAMAR;16/4/2026;17/4/2026;16/4/2026;FAC-A0006-00062093;Venta;P&P LOGISTICA S.R.L;72859;3;7446,97;9010,84;PAIGEL NOEMI SARA MARISA;;6,00%;6;PEYRONEL ANDREA;6040;F.LAS MORAS MALBEC 6X750;2482,32;3612;;TRADITIONAL TRADE;Almacen/Despensa;5931,72;DELGADO MAYCO JOAQUIN;158,45;$;2;GRUPO PEÑAFLOR SA;2,25;0;Contado;;;Finca Las Moras;Medio Alto;No definido;;;Vinos del Año;PEÑAFLOR GRUPO OBJETIVO;;;20032;GRIBAUDO ESTEBAN;AXUM;;;False;154773;1;Lista General;Almacen/Despensa - B;12530;16/4/2026;2;LESCANO FRANCO DARIO
2376;RIVADAVIA 282;MIRAMAR;16/4/2026;17/4/2026;16/4/2026;FAC-A0006-00062093;Venta;P&P LOGISTICA S.R.L;14583;6;12085,5;14623,46;PAIGEL NOEMI SARA MARISA;;0,00%;6;PEYRONEL ANDREA;6040;FRIZZE EVOL BLUE NEW X1000;2014,25;3612;;TRADITIONAL TRADE;Almacen/Despensa;9066,42;DELGADO MAYCO JOAQUIN;0;$;2;GRUPO PEÑAFLOR SA;6;0;Contado;;;#¿NOMBRE?;RTD (S);No definido;;;RTD (S);PEÑAFLOR GRUPO OBJETIVO;;;20032;GRIBAUDO ESTEBAN;AXUM;;;False;154773;1;Lista General;Almacen/Despensa - B;12530;16/4/2026;2;LESCANO FRANCO DARIO
596;LAS MALVINAS 1232;San Francisco;16/4/2026;17/4/2026;16/4/2026;FAC-A0006-00062108;Venta;P&P LOGISTICA S.R.L;74208;3;10189,75;12329,59;YBAÑEZ ALICIA RAQUEL;;10,00%;8;ALVAREZ VANESA  KAFF;8040;ALMA MORA CABSAUV6X750 ;3396,58;3617;;TRADITIONAL TRADE;Autoservicio Tradicional;8493,57;BLAS ALMADA;377,4;$;2;GRUPO PEÑAFLOR SA;2,25;0;Contado;;;Alma Mora;Alto;No definido;;;Vinos del Año;PEÑAFLOR GRUPO OBJETIVO;;;20032;GRIBAUDO ESTEBAN;AXUM;;;False;154663;1;Lista General;Autoservicio Tradicional - C;12525;16/4/2026;20000;MOLINA JUAN
596;LAS MALVINAS 1232;San Francisco;16/4/2026;17/4/2026;16/4/2026;FAC-A0006-00062108;Venta;P&P LOGISTICA S.R.L;74209;3;10189,75;12329,59;YBAÑEZ ALICIA RAQUEL;;10,00%;8;ALVAREZ VANESA  KAFF;8040;ALMA MORA SYRAH 6X750;3396,58;3617;;TRADITIONAL TRADE;Autoservicio Tradicional;8493,57;BLAS ALMADA;377,4;$;2;GRUPO PEÑAFLOR SA;2,25;0;Contado;;;Alma Mora;Alto;No definido;;;Vinos del Año;PEÑAFLOR GRUPO OBJETIVO;;;20032;GRIBAUDO ESTEBAN;AXUM;;;False;154663;1;Lista General;Autoservicio Tradicional - C;12525;16/4/2026;20000;MOLINA JUAN
596;LAS MALVINAS 1232;San Francisco;16/4/2026;17/4/2026;16/4/2026;FAC-A0006-00062108;Venta;P&P LOGISTICA S.R.L;74393;3;9685,36;11719,28;YBAÑEZ ALICIA RAQUEL;;10,00%;8;ALVAREZ VANESA  KAFF;8040;DADA FMORAS N°1 6X750;3228,45;3617;;TRADITIONAL TRADE;Autoservicio Tradicional;7669,5;BLAS ALMADA;358,72;$;2;GRUPO PEÑAFLOR SA;2,25;0;Contado;;;Dada;Alto;No definido;;;Vinos del Año;PEÑAFLOR GRUPO OBJETIVO;;;20032;GRIBAUDO ESTEBAN;AXUM;;;False;154663;1;Lista General;Autoservicio Tradicional - C;12525;16/4/2026;20000;MOLINA JUAN
596;LAS MALVINAS 1232;San Francisco;16/4/2026;17/4/2026;16/4/2026;FAC-A0006-00062108;Venta;P&P LOGISTICA S.R.L;35105;6;10911,88;13203,37;YBAÑEZ ALICIA RAQUEL;;6,00%;8;ALVAREZ VANESA  KAFF;8040;SMF ICE RED BERRIE LAT 4X6X473;1818,65;3617;;TRADITIONAL TRADE;Autoservicio Tradicional;8882,64;BLAS ALMADA;116,08;$;2;GRUPO PEÑAFLOR SA;2,838;0;Contado;;;Smirnoff Ice Flavours;RTD (s);No definido;;;RTD (S);PEÑAFLOR GRUPO OBJETIVO;;;20032;GRIBAUDO ESTEBAN;AXUM;;;False;154663;1;Lista General;Autoservicio Tradicional - C;12525;16/4/2026;20000;MOLINA JUAN
596;LAS MALVINAS 1232;San Francisco;16/4/2026;17/4/2026;16/4/2026;FAC-A0006-00062109;Venta;P&P LOGISTICA S.R.L;30022;12;69725,18;86459,22;YBAÑEZ ALICIA RAQUEL;;17,00%;8;ALVAREZ VANESA  KAFF;8040;SMIRNOFF RASPBERRY DO 6X700;5810,43;3617;;TRADITIONAL TRADE;Autoservicio Tradicional;64248,6;BLAS ALMADA;1190,09;$;2;GRUPO PEÑAFLOR SA;8,4;0;Contado;;;Smirnoff;Standard (S);No definido;;;Vodka;PEÑAFLOR GRUPO OBJETIVO;;;20032;GRIBAUDO ESTEBAN;AXUM;;;False;154664;1;Lista General;Autoservicio Tradicional - C;12525;16/4/2026;20000;MOLINA JUAN
596;LAS MALVINAS 1232;San Francisco;16/4/2026;17/4/2026;16/4/2026;FAC-A0006-00062109;Venta;P&P LOGISTICA S.R.L;30020;6;34862,59;43229,61;YBAÑEZ ALICIA RAQUEL;;17,00%;8;ALVAREZ VANESA  KAFF;8040;SMIRNOFF GREEN APPLE DO 6X700;5810,43;3617;;TRADITIONAL TRADE;Autoservicio Tradicional;32124,3;BLAS ALMADA;1190,09;$;2;GRUPO PEÑAFLOR SA;4,2;0;Contado;;;Smirnoff;Standard (S);No definido;;;Vodka;PEÑAFLOR GRUPO OBJETIVO;;;20032;GRIBAUDO ESTEBAN;AXUM;;;False;154664;1;Lista General;Autoservicio Tradicional - C;12525;16/4/2026;20000;MOLINA JUAN
596;LAS MALVINAS 1232;San Francisco;16/4/2026;17/4/2026;16/4/2026;FAC-A0006-00062109;Venta;P&P LOGISTICA S.R.L;30135;6;34862,59;43229,61;YBAÑEZ ALICIA RAQUEL;;17,00%;8;ALVAREZ VANESA  KAFF;8040;SMIRNOFF TAMARINDO 6 X 700;5810,43;3617;;TRADITIONAL TRADE;Autoservicio Tradicional;32140,38;BLAS ALMADA;1190,09;$;2;GRUPO PEÑAFLOR SA;0;0;Contado;;;Smirnoff;Standard (S);No definido;;;Vodka;PEÑAFLOR GRUPO OBJETIVO;;;20032;GRIBAUDO ESTEBAN;AXUM;;;False;154664;1;Lista General;Autoservicio Tradicional - C;12525;16/4/2026;20000;MOLINA JUAN
931;PERU 878;SAN FRANCISCO;16/4/2026;17/4/2026;16/4/2026;FAC-A0006-00062111;Venta;P&P LOGISTICA S.R.L;74509;6;13784,82;16679,63;MYRIAM MAGDALENA ALVAREZ;;13,00%;8;ALVAREZ VANESA  KAFF;8040;F. LAS MORAS BCO DULCE 6X750 ;2297,47;3617;;TRADITIONAL TRADE;Almacen/Despensa;11863,44;BLAS ALMADA;343,3;$;2;GRUPO PEÑAFLOR SA;4,5;0;Contado;;;Alaris;Medio Alto;No definido;;;Vinos del Año;PEÑAFLOR GRUPO OBJETIVO;;;20032;GRIBAUDO ESTEBAN;AXUM;;;False;154673;1;Lista General;Almacen/Despensa - B;12525;16/4/2026;20000;MOLINA JUAN
931;PERU 878;SAN FRANCISCO;16/4/2026;17/4/2026;16/4/2026;FAC-A0006-00062111;Venta;P&P LOGISTICA S.R.L;72859;6;14893,94;18021,67;MYRIAM MAGDALENA ALVAREZ;;6,00%;8;ALVAREZ VANESA  KAFF;8040;F.LAS MORAS MALBEC 6X750;2482,32;3617;;TRADITIONAL TRADE;Almacen/Despensa;11863,44;BLAS ALMADA;158,45;$;2;GRUPO PEÑAFLOR SA;4,5;0;Contado;;;Finca Las Moras;Medio Alto;No definido;;;Vinos del Año;PEÑAFLOR GRUPO OBJETIVO;;;20032;GRIBAUDO ESTEBAN;AXUM;;;False;154673;1;Lista General;Almacen/Despensa - B;12525;16/4/2026;20000;MOLINA JUAN
30021;CASTELLI 1642;SAN FRANCISCO;16/4/2026;17/4/2026;16/4/2026;FAC-A0006-00062115;Venta;P&P LOGISTICA S.R.L;42102;24;69342,87;83904,88;CHUN JIN ZHANG;;12,00%;8;ALVAREZ VANESA  KAFF;8040;ELEMENTOS MALBEC 6X750 ;2889,29;3617;;TRADITIONAL TRADE;Autoservicio Tradicional;56158,08;BLAS ALMADA;393,99;$;2;GRUPO PEÑAFLOR SA;18;0;Contado;;;ELEMENTOS;Alto;No definido;;;Vinos del Año;PEÑAFLOR GRUPO OBJETIVO;;;20032;GRIBAUDO ESTEBAN;AXUM;;;False;154708;1;Lista General;Autoservicio Tradicional - P;12531;16/4/2026;20000;MOLINA JUAN
30021;CASTELLI 1642;SAN FRANCISCO;16/4/2026;17/4/2026;16/4/2026;FAC-A0006-00062116;Venta;P&P LOGISTICA S.R.L;42102;24;69342,87;83904,88;CHUN JIN ZHANG;;12,00%;8;ALVAREZ VANESA  KAFF;8040;ELEMENTOS MALBEC 6X750 ;2889,29;3617;;TRADITIONAL TRADE;Autoservicio Tradicional;56158,08;BLAS ALMADA;393,99;$;2;GRUPO PEÑAFLOR SA;18;0;Contado;;;ELEMENTOS;Alto;No definido;;;Vinos del Año;PEÑAFLOR GRUPO OBJETIVO;;;20032;GRIBAUDO ESTEBAN;AXUM;;;False;154709;1;Lista General;Autoservicio Tradicional - P;12531;16/4/2026;20000;MOLINA JUAN
30021;CASTELLI 1642;SAN FRANCISCO;16/4/2026;17/4/2026;16/4/2026;FAC-A0006-00062117;Venta;P&P LOGISTICA S.R.L;42102;12;34671,44;41952,44;CHUN JIN ZHANG;;12,00%;8;ALVAREZ VANESA  KAFF;8040;ELEMENTOS MALBEC 6X750 ;2889,29;3617;;TRADITIONAL TRADE;Autoservicio Tradicional;28079,04;BLAS ALMADA;393,99;$;2;GRUPO PEÑAFLOR SA;9;0;Contado;;;ELEMENTOS;Alto;No definido;;;Vinos del Año;PEÑAFLOR GRUPO OBJETIVO;;;20032;GRIBAUDO ESTEBAN;AXUM;;;False;154710;1;Lista General;Autoservicio Tradicional - P;12531;16/4/2026;20000;MOLINA JUAN
30021;CASTELLI 1642;SAN FRANCISCO;16/4/2026;17/4/2026;16/4/2026;FAC-A0006-00062118;Venta;P&P LOGISTICA S.R.L;42102;24;69342,87;83904,88;CHUN JIN ZHANG;;12,00%;8;ALVAREZ VANESA  KAFF;8040;ELEMENTOS MALBEC 6X750 ;2889,29;3617;;TRADITIONAL TRADE;Autoservicio Tradicional;56158,08;BLAS ALMADA;393,99;$;2;GRUPO PEÑAFLOR SA;18;0;Contado;;;ELEMENTOS;Alto;No definido;;;Vinos del Año;PEÑAFLOR GRUPO OBJETIVO;;;20032;GRIBAUDO ESTEBAN;AXUM;;;False;154711;1;Lista General;Autoservicio Tradicional - P;12531;16/4/2026;20000;MOLINA JUAN
30021;CASTELLI 1642;SAN FRANCISCO;16/4/2026;17/4/2026;16/4/2026;FAC-A0006-00062119;Venta;P&P LOGISTICA S.R.L;42102;24;69342,87;83904,88;CHUN JIN ZHANG;;12,00%;8;ALVAREZ VANESA  KAFF;8040;ELEMENTOS MALBEC 6X750 ;2889,29;3617;;TRADITIONAL TRADE;Autoservicio Tradicional;56158,08;BLAS ALMADA;393,99;$;2;GRUPO PEÑAFLOR SA;18;0;Contado;;;ELEMENTOS;Alto;No definido;;;Vinos del Año;PEÑAFLOR GRUPO OBJETIVO;;;20032;GRIBAUDO ESTEBAN;AXUM;;;False;154712;1;Lista General;Autoservicio Tradicional - P;12531;16/4/2026;20000;MOLINA JUAN
30021;CASTELLI 1642;SAN FRANCISCO;16/4/2026;17/4/2026;16/4/2026;FAC-A0006-00062120;Venta;P&P LOGISTICA S.R.L;42102;24;69342,87;83904,88;CHUN JIN ZHANG;;12,00%;8;ALVAREZ VANESA  KAFF;8040;ELEMENTOS MALBEC 6X750 ;2889,29;3617;;TRADITIONAL TRADE;Autoservicio Tradicional;56158,08;BLAS ALMADA;393,99;$;2;GRUPO PEÑAFLOR SA;18;0;Contado;;;ELEMENTOS;Alto;No definido;;;Vinos del Año;PEÑAFLOR GRUPO OBJETIVO;;;20032;GRIBAUDO ESTEBAN;AXUM;;;False;154713;1;Lista General;Autoservicio Tradicional - P;12531;16/4/2026;20000;MOLINA JUAN
30021;CASTELLI 1642;SAN FRANCISCO;16/4/2026;17/4/2026;16/4/2026;FAC-A0006-00062121;Venta;P&P LOGISTICA S.R.L;42105;12;34671,44;41952,44;CHUN JIN ZHANG;;12,00%;8;ALVAREZ VANESA  KAFF;8040;ELEMENTOS TORRONTES 6X750 ;2889,29;3617;;TRADITIONAL TRADE;Autoservicio Tradicional;29556,84;BLAS ALMADA;393,99;$;2;GRUPO PEÑAFLOR SA;9;0;Contado;;;ELEMENTOS;Alto;No definido;;;Vinos del Año;PEÑAFLOR GRUPO OBJETIVO;;;20032;GRIBAUDO ESTEBAN;AXUM;;;False;154714;1;Lista General;Autoservicio Tradicional - P;12531;16/4/2026;20000;MOLINA JUAN
30021;CASTELLI 1642;SAN FRANCISCO;16/4/2026;17/4/2026;16/4/2026;FAC-A0006-00062121;Venta;P&P LOGISTICA S.R.L;44395;12;34671,44;41952,44;CHUN JIN ZHANG;;12,00%;8;ALVAREZ VANESA  KAFF;8040;ELEMENTOS RED BLEND 6 X 750;2889,29;3617;;TRADITIONAL TRADE;Autoservicio Tradicional;29556,84;BLAS ALMADA;393,99;$;2;GRUPO PEÑAFLOR SA;0;0;Contado;;;ELEMENTOS;Alto;;;;Vinos del Año;PEÑAFLOR GRUPO OBJETIVO;;;20032;GRIBAUDO ESTEBAN;AXUM;;;False;154714;1;Lista General;Autoservicio Tradicional - P;12531;16/4/2026;20000;MOLINA JUAN
30021;CASTELLI 1642;SAN FRANCISCO;16/4/2026;17/4/2026;16/4/2026;FAC-A0006-00062122;Venta;P&P LOGISTICA S.R.L;42101;12;34671,44;41952,44;CHUN JIN ZHANG;;12,00%;8;ALVAREZ VANESA  KAFF;8040;ELEMENTOS CABSAUV 6X750 ;2889,29;3617;;TRADITIONAL TRADE;Autoservicio Tradicional;29556,84;BLAS ALMADA;393,99;$;2;GRUPO PEÑAFLOR SA;9;0;Contado;;;ELEMENTOS;Alto;No definido;;;Vinos del Año;PEÑAFLOR GRUPO OBJETIVO;;;20032;GRIBAUDO ESTEBAN;AXUM;;;False;154715;1;Lista General;Autoservicio Tradicional - P;12531;16/4/2026;20000;MOLINA JUAN
30021;CASTELLI 1642;SAN FRANCISCO;16/4/2026;17/4/2026;16/4/2026;FAC-A0006-00062122;Venta;P&P LOGISTICA S.R.L;42105;12;34671,44;41952,44;CHUN JIN ZHANG;;12,00%;8;ALVAREZ VANESA  KAFF;8040;ELEMENTOS TORRONTES 6X750 ;2889,29;3617;;TRADITIONAL TRADE;Autoservicio Tradicional;29556,84;BLAS ALMADA;393,99;$;2;GRUPO PEÑAFLOR SA;9;0;Contado;;;ELEMENTOS;Alto;No definido;;;Vinos del Año;PEÑAFLOR GRUPO OBJETIVO;;;20032;GRIBAUDO ESTEBAN;AXUM;;;False;154715;1;Lista General;Autoservicio Tradicional - P;12531;16/4/2026;20000;MOLINA JUAN
30021;CASTELLI 1642;SAN FRANCISCO;16/4/2026;17/4/2026;16/4/2026;FAC-A0006-00062123;Venta;P&P LOGISTICA S.R.L;42102;24;69342,87;83904,88;CHUN JIN ZHANG;;12,00%;8;ALVAREZ VANESA  KAFF;8040;ELEMENTOS MALBEC 6X750 ;2889,29;3617;;TRADITIONAL TRADE;Autoservicio Tradicional;56158,08;BLAS ALMADA;393,99;$;2;GRUPO PEÑAFLOR SA;18;0;Contado;;;ELEMENTOS;Alto;No definido;;;Vinos del Año;PEÑAFLOR GRUPO OBJETIVO;;;20032;GRIBAUDO ESTEBAN;AXUM;;;False;154716;1;Lista General;Autoservicio Tradicional - P;12531;16/4/2026;20000;MOLINA JUAN
30021;CASTELLI 1642;SAN FRANCISCO;16/4/2026;17/4/2026;16/4/2026;FAC-A0006-00062124;Venta;P&P LOGISTICA S.R.L;42102;24;69342,87;83904,88;CHUN JIN ZHANG;;12,00%;8;ALVAREZ VANESA  KAFF;8040;ELEMENTOS MALBEC 6X750 ;2889,29;3617;;TRADITIONAL TRADE;Autoservicio Tradicional;56158,08;BLAS ALMADA;393,99;$;2;GRUPO PEÑAFLOR SA;18;0;Contado;;;ELEMENTOS;Alto;No definido;;;Vinos del Año;PEÑAFLOR GRUPO OBJETIVO;;;20032;GRIBAUDO ESTEBAN;AXUM;;;False;154717;1;Lista General;Autoservicio Tradicional - P;12531;16/4/2026;20000;MOLINA JUAN
30021;CASTELLI 1642;SAN FRANCISCO;16/4/2026;17/4/2026;16/4/2026;FAC-A0006-00062125;Venta;P&P LOGISTICA S.R.L;74608;6;23986,09;29023,17;CHUN JIN ZHANG;;12,00%;8;ALVAREZ VANESA  KAFF;8040;ALMA MORA SEL RVE MALBEC 6X750;3997,68;3617;;TRADITIONAL TRADE;Autoservicio Tradicional;20447,82;BLAS ALMADA;545,14;$;2;GRUPO PEÑAFLOR SA;4,5;0;Contado;;;Alma Mora;Superior;No definido;;;Vinos del Año;PEÑAFLOR GRUPO OBJETIVO;;;20032;GRIBAUDO ESTEBAN;AXUM;;;False;154718;1;Lista General;Autoservicio Tradicional - P;12531;16/4/2026;20000;MOLINA JUAN
30021;CASTELLI 1642;SAN FRANCISCO;16/4/2026;17/4/2026;16/4/2026;FAC-A0006-00062125;Venta;P&P LOGISTICA S.R.L;74210;12;39851,86;48220,75;CHUN JIN ZHANG;;12,00%;8;ALVAREZ VANESA  KAFF;8040;ALMA MORA MALBEC 6X750;3320,99;3617;;TRADITIONAL TRADE;Autoservicio Tradicional;33956,16;BLAS ALMADA;452,86;$;2;GRUPO PEÑAFLOR SA;9;0;Contado;;;Alma Mora;Alto;No definido;;;Vinos del Año;PEÑAFLOR GRUPO OBJETIVO;;;20032;GRIBAUDO ESTEBAN;AXUM;;;False;154718;1;Lista General;Autoservicio Tradicional - P;12531;16/4/2026;20000;MOLINA JUAN
30021;CASTELLI 1642;SAN FRANCISCO;16/4/2026;17/4/2026;16/4/2026;FAC-A0006-00062125;Venta;P&P LOGISTICA S.R.L;74786;6;15647,62;18933,62;CHUN JIN ZHANG;;15,00%;8;ALVAREZ VANESA  KAFF;8040;EL BAUTISMO CABERNET 6X750;2607,94;3617;;TRADITIONAL TRADE;Autoservicio Tradicional;14508,96;BLAS ALMADA;460,22;$;2;GRUPO PEÑAFLOR SA;4,5;0;Contado;;;;Vinos Del Año;;;;Vinos del Año;PEÑAFLOR GRUPO OBJETIVO;;;20032;GRIBAUDO ESTEBAN;AXUM;;;False;154718;1;Lista General;Autoservicio Tradicional - P;12531;16/4/2026;20000;MOLINA JUAN
30021;CASTELLI 1642;SAN FRANCISCO;16/4/2026;17/4/2026;16/4/2026;FAC-A0006-00062126;Venta;P&P LOGISTICA S.R.L;74610;6;23986,09;29023,17;CHUN JIN ZHANG;;12,00%;8;ALVAREZ VANESA  KAFF;8040;ALMA MORA SEL RVE BLEND 6X750;3997,68;3617;;TRADITIONAL TRADE;Autoservicio Tradicional;20447,82;BLAS ALMADA;545,14;$;2;GRUPO PEÑAFLOR SA;4,5;0;Contado;;;Alma Mora;Superior;No definido;;;Vinos del Año;PEÑAFLOR GRUPO OBJETIVO;;;20032;GRIBAUDO ESTEBAN;AXUM;;;False;154719;1;Lista General;Autoservicio Tradicional - P;12531;16/4/2026;20000;MOLINA JUAN
30021;CASTELLI 1642;SAN FRANCISCO;16/4/2026;17/4/2026;16/4/2026;FAC-A0006-00062126;Venta;P&P LOGISTICA S.R.L;74609;6;23986,09;29023,17;CHUN JIN ZHANG;;12,00%;8;ALVAREZ VANESA  KAFF;8040;ALMA MORA SEL RVE CABER 6X750;3997,68;3617;;TRADITIONAL TRADE;Autoservicio Tradicional;20447,82;BLAS ALMADA;545,14;$;2;GRUPO PEÑAFLOR SA;4,5;0;Contado;;;Alma Mora;Superior;No definido;;;Vinos del Año;PEÑAFLOR GRUPO OBJETIVO;;;20032;GRIBAUDO ESTEBAN;AXUM;;;False;154719;1;Lista General;Autoservicio Tradicional - P;12531;16/4/2026;20000;MOLINA JUAN
30021;CASTELLI 1642;SAN FRANCISCO;16/4/2026;17/4/2026;16/4/2026;FAC-A0006-00062126;Venta;P&P LOGISTICA S.R.L;74608;6;23986,09;29023,17;CHUN JIN ZHANG;;12,00%;8;ALVAREZ VANESA  KAFF;8040;ALMA MORA SEL RVE MALBEC 6X750;3997,68;3617;;TRADITIONAL TRADE;Autoservicio Tradicional;20447,82;BLAS ALMADA;545,14;$;2;GRUPO PEÑAFLOR SA;4,5;0;Contado;;;Alma Mora;Superior;No definido;;;Vinos del Año;PEÑAFLOR GRUPO OBJETIVO;;;20032;GRIBAUDO ESTEBAN;AXUM;;;False;154719;1;Lista General;Autoservicio Tradicional - P;12531;16/4/2026;20000;MOLINA JUAN
30021;CASTELLI 1642;SAN FRANCISCO;16/4/2026;17/4/2026;16/4/2026;FAC-A0006-00062127;Venta;P&P LOGISTICA S.R.L;74504;6;18940,26;22917,71;CHUN JIN ZHANG;;12,00%;8;ALVAREZ VANESA  KAFF;8040;DADA ART MALBEC 6X750;3156,71;3617;;TRADITIONAL TRADE;Autoservicio Tradicional;16146,3;BLAS ALMADA;430,46;$;2;GRUPO PEÑAFLOR SA;4,5;0;Contado;;;Dada;Alto;No definido;;;Vinos del Año;PEÑAFLOR GRUPO OBJETIVO;;;20032;GRIBAUDO ESTEBAN;AXUM;;;False;154720;1;Lista General;Autoservicio Tradicional - P;12531;16/4/2026;20000;MOLINA JUAN
30021;CASTELLI 1642;SAN FRANCISCO;16/4/2026;17/4/2026;16/4/2026;FAC-A0006-00062127;Venta;P&P LOGISTICA S.R.L;74569;6;18940,26;22917,71;CHUN JIN ZHANG;;12,00%;8;ALVAREZ VANESA  KAFF;8040;DADA N°8 CHOCOLATE 6X750 ;3156,71;3617;;TRADITIONAL TRADE;Autoservicio Tradicional;16146,3;BLAS ALMADA;430,46;$;2;GRUPO PEÑAFLOR SA;4,5;0;Contado;;;Dada;Alto;No definido;;;Vinos del Año;PEÑAFLOR GRUPO OBJETIVO;;;20032;GRIBAUDO ESTEBAN;AXUM;;;False;154720;1;Lista General;Autoservicio Tradicional - P;12531;16/4/2026;20000;MOLINA JUAN
30021;CASTELLI 1642;SAN FRANCISCO;16/4/2026;17/4/2026;16/4/2026;FAC-A0006-00062127;Venta;P&P LOGISTICA S.R.L;74146;6;25875,12;31308,89;CHUN JIN ZHANG;;12,00%;8;ALVAREZ VANESA  KAFF;8040;FOND CAVE MALBEC 6X750 ;4312,52;3617;;TRADITIONAL TRADE;Autoservicio Tradicional;22058,16;BLAS ALMADA;588,07;$;2;GRUPO PEÑAFLOR SA;4,5;0;Contado;;;Fond De Cave;Superior;No definido;;;Vinos del Año;PEÑAFLOR GRUPO OBJETIVO;;;20032;GRIBAUDO ESTEBAN;AXUM;;;False;154720;1;Lista General;Autoservicio Tradicional - P;12531;16/4/2026;20000;MOLINA JUAN
30021;CASTELLI 1642;SAN FRANCISCO;16/4/2026;17/4/2026;16/4/2026;FAC-A0006-00062128;Venta;P&P LOGISTICA S.R.L;74437;6;19926,61;24111,2;CHUN JIN ZHANG;;12,00%;8;ALVAREZ VANESA  KAFF;8040;ALMA MORA BLEND TINTO 6X750;3321,1;3617;;TRADITIONAL TRADE;Autoservicio Tradicional;16987,14;BLAS ALMADA;452,88;$;2;GRUPO PEÑAFLOR SA;4,5;0;Contado;;;Alma Mora;Alto;No definido;;;Vinos del Año;PEÑAFLOR GRUPO OBJETIVO;;;20032;GRIBAUDO ESTEBAN;AXUM;;;False;154721;1;Lista General;Autoservicio Tradicional - P;12531;16/4/2026;20000;MOLINA JUAN
30021;CASTELLI 1642;SAN FRANCISCO;16/4/2026;17/4/2026;16/4/2026;FAC-A0006-00062128;Venta;P&P LOGISTICA S.R.L;14507;6;16199,88;19601,86;CHUN JIN ZHANG;;12,00%;8;ALVAREZ VANESA  KAFF;8040;EL BAUTISMO MALBEC 6X750 ;2699,98;3617;;TRADITIONAL TRADE;Autoservicio Tradicional;14508,96;BLAS ALMADA;368,18;$;2;GRUPO PEÑAFLOR SA;4,5;0;Contado;;;El Bautismo;Medio Alto;No definido;;;Vinos del Año;PEÑAFLOR GRUPO OBJETIVO;;;20032;GRIBAUDO ESTEBAN;AXUM;;;False;154721;1;Lista General;Autoservicio Tradicional - P;12531;16/4/2026;20000;MOLINA JUAN
30021;CASTELLI 1642;SAN FRANCISCO;16/4/2026;17/4/2026;16/4/2026;FAC-A0006-00062128;Venta;P&P LOGISTICA S.R.L;74510;6;13943,27;16871,35;CHUN JIN ZHANG;;12,00%;8;ALVAREZ VANESA  KAFF;8040;F. LAS MORAS ROSADO 6X750 ;2323,88;3617;;TRADITIONAL TRADE;Autoservicio Tradicional;12487,86;BLAS ALMADA;316,89;$;2;GRUPO PEÑAFLOR SA;4,5;0;Contado;;;Alaris;Medio Alto;No definido;;;Vinos del Año;PEÑAFLOR GRUPO OBJETIVO;;;20032;GRIBAUDO ESTEBAN;AXUM;;;False;154721;1;Lista General;Autoservicio Tradicional - P;12531;16/4/2026;20000;MOLINA JUAN
30021;CASTELLI 1642;SAN FRANCISCO;16/4/2026;17/4/2026;16/4/2026;FAC-A0006-00062128;Venta;P&P LOGISTICA S.R.L;42103;6;17335,72;20976,22;CHUN JIN ZHANG;;12,00%;8;ALVAREZ VANESA  KAFF;8040;ELEMENTOS SYRAH 6X750 ;2889,29;3617;;TRADITIONAL TRADE;Autoservicio Tradicional;14778,42;BLAS ALMADA;393,99;$;2;GRUPO PEÑAFLOR SA;4,5;0;Contado;;;ELEMENTOS;Alto;No definido;;;Vinos del Año;PEÑAFLOR GRUPO OBJETIVO;;;20032;GRIBAUDO ESTEBAN;AXUM;;;False;154721;1;Lista General;Autoservicio Tradicional - P;12531;16/4/2026;20000;MOLINA JUAN
30021;CASTELLI 1642;SAN FRANCISCO;16/4/2026;17/4/2026;16/4/2026;FAC-A0006-00062129;Venta;P&P LOGISTICA S.R.L;42104;6;17335,72;20976,22;CHUN JIN ZHANG;;12,00%;8;ALVAREZ VANESA  KAFF;8040;ELEMENTOS TANNAT 6X750 ;2889,29;3617;;TRADITIONAL TRADE;Autoservicio Tradicional;14778,42;BLAS ALMADA;393,99;$;2;GRUPO PEÑAFLOR SA;4,5;0;Contado;;;ELEMENTOS;Alto;No definido;;;Vinos del Año;PEÑAFLOR GRUPO OBJETIVO;;;20032;GRIBAUDO ESTEBAN;AXUM;;;False;154722;1;Lista General;Autoservicio Tradicional - P;12531;16/4/2026;20000;MOLINA JUAN
30021;CASTELLI 1642;SAN FRANCISCO;16/4/2026;17/4/2026;16/4/2026;FAC-A0006-00062129;Venta;P&P LOGISTICA S.R.L;44314;6;17335,72;20976,22;CHUN JIN ZHANG;;12,00%;8;ALVAREZ VANESA  KAFF;8040;ELEMENTOS ROSADO TORRONT 6X750 ;2889,29;3617;;TRADITIONAL TRADE;Autoservicio Tradicional;14778,42;BLAS ALMADA;393,99;$;2;GRUPO PEÑAFLOR SA;4,5;0;Contado;;;ELEMENTOS;Alto;No definido;;;Vinos del Año;PEÑAFLOR GRUPO OBJETIVO;;;20032;GRIBAUDO ESTEBAN;AXUM;;;False;154722;1;Lista General;Autoservicio Tradicional - P;12531;16/4/2026;20000;MOLINA JUAN
30021;CASTELLI 1642;SAN FRANCISCO;16/4/2026;17/4/2026;16/4/2026;FAC-A0006-00062129;Venta;P&P LOGISTICA S.R.L;42101;12;34671,44;41952,44;CHUN JIN ZHANG;;12,00%;8;ALVAREZ VANESA  KAFF;8040;ELEMENTOS CABSAUV 6X750 ;2889,29;3617;;TRADITIONAL TRADE;Autoservicio Tradicional;29556,84;BLAS ALMADA;393,99;$;2;GRUPO PEÑAFLOR SA;9;0;Contado;;;ELEMENTOS;Alto;No definido;;;Vinos del Año;PEÑAFLOR GRUPO OBJETIVO;;;20032;GRIBAUDO ESTEBAN;AXUM;;;False;154722;1;Lista General;Autoservicio Tradicional - P;12531;16/4/2026;20000;MOLINA JUAN
797;AV. DEL LIBERTADOR NORTE 651;SAN FRANCISCO;16/4/2026;17/4/2026;16/4/2026;FAC-A0006-00062130;Venta;P&P LOGISTICA S.R.L;35105;12;23216,76;28092,28;JUAN CARLOS VICTOR ARNAUDO;;0,00%;8;ALVAREZ VANESA  KAFF;8040;SMF ICE RED BERRIE LAT 4X6X473;1934,73;3617;;TRADITIONAL TRADE;Almacen/Despensa;17765,28;BLAS ALMADA;0;$;2;GRUPO PEÑAFLOR SA;5,676;0;Contado;;;Smirnoff Ice Flavours;RTD (s);No definido;;;RTD (S);PEÑAFLOR GRUPO OBJETIVO;;;20032;GRIBAUDO ESTEBAN;AXUM;;;False;154725;1;Lista General;Almacen/Despensa - B;12531;16/4/2026;20000;MOLINA JUAN
797;AV. DEL LIBERTADOR NORTE 651;SAN FRANCISCO;16/4/2026;17/4/2026;16/4/2026;FAC-A0006-00062130;Venta;P&P LOGISTICA S.R.L;35104;24;46433,52;56184,56;JUAN CARLOS VICTOR ARNAUDO;;0,00%;8;ALVAREZ VANESA  KAFF;8040;SMF ICE GREENAPPLE LAT 4X6X473;1934,73;3617;;TRADITIONAL TRADE;Almacen/Despensa;35530,56;BLAS ALMADA;0;$;2;GRUPO PEÑAFLOR SA;11,352;0;Contado;;;Smirnoff Ice Flavours;RTD (s);No definido;;;RTD (S);PEÑAFLOR GRUPO OBJETIVO;;;20032;GRIBAUDO ESTEBAN;AXUM;;;False;154725;1;Lista General;Almacen/Despensa - B;12531;16/4/2026;20000;MOLINA JUAN
797;AV. DEL LIBERTADOR NORTE 651;SAN FRANCISCO;16/4/2026;17/4/2026;16/4/2026;FAC-A0006-00062131;Venta;P&P LOGISTICA S.R.L;35107;24;46317,29;56043,92;JUAN CARLOS VICTOR ARNAUDO;;5,00%;8;ALVAREZ VANESA  KAFF;8040;GORDON´S TONIC 4X6X473;1929,89;3617;;TRADITIONAL TRADE;Almacen/Despensa;37306,8;BLAS ALMADA;101,57;$;2;GRUPO PEÑAFLOR SA;11,352;0;Contado;;;Gordon´s;RTD (S);No definido;;;RTD (S);PEÑAFLOR GRUPO OBJETIVO;;;20032;GRIBAUDO ESTEBAN;AXUM;;;False;154726;1;Lista General;Almacen/Despensa - B;12531;16/4/2026;20000;MOLINA JUAN
797;AV. DEL LIBERTADOR NORTE 651;SAN FRANCISCO;16/4/2026;17/4/2026;16/4/2026;FAC-A0006-00062131;Venta;P&P LOGISTICA S.R.L;35105;12;23216,76;28092,28;JUAN CARLOS VICTOR ARNAUDO;;0,00%;8;ALVAREZ VANESA  KAFF;8040;SMF ICE RED BERRIE LAT 4X6X473;1934,73;3617;;TRADITIONAL TRADE;Almacen/Despensa;17765,28;BLAS ALMADA;0;$;2;GRUPO PEÑAFLOR SA;5,676;0;Contado;;;Smirnoff Ice Flavours;RTD (s);No definido;;;RTD (S);PEÑAFLOR GRUPO OBJETIVO;;;20032;GRIBAUDO ESTEBAN;AXUM;;;False;154726;1;Lista General;Almacen/Despensa - B;12531;16/4/2026;20000;MOLINA JUAN
797;AV. DEL LIBERTADOR NORTE 651;SAN FRANCISCO;16/4/2026;17/4/2026;16/4/2026;FAC-A0006-00062133;Venta;P&P LOGISTICA S.R.L;14583;18;34443,68;41676,85;JUAN CARLOS VICTOR ARNAUDO;;5,00%;8;ALVAREZ VANESA  KAFF;8040;FRIZZE EVOL BLUE NEW X1000;1913,54;3617;;TRADITIONAL TRADE;Almacen/Despensa;27199,26;BLAS ALMADA;100,71;$;2;GRUPO PEÑAFLOR SA;18;0;Contado;;;#¿NOMBRE?;RTD (S);No definido;;;RTD (S);PEÑAFLOR GRUPO OBJETIVO;;;20032;GRIBAUDO ESTEBAN;AXUM;;;False;154735;1;Lista General;Almacen/Despensa - B;12531;16/4/2026;20000;MOLINA JUAN
1039;ROSARIO DE SANTA FE 1979;SAN FRANCISCO;16/4/2026;17/4/2026;16/4/2026;FAC-A0006-00062134;Venta;P&P LOGISTICA S.R.L;72867;3;19065,12;23068,79;ALTO.VEA.PASE S.A.S.;;6,00%;8;ALVAREZ VANESA  KAFF;8040;FOND CAVE RVA MALBEC 6X750;6355,04;3617;;TRADITIONAL TRADE;Autoservicio Tradicional;15671,79;BLAS ALMADA;405,64;$;2;GRUPO PEÑAFLOR SA;2,25;0;Contado;;;Fond De Cave;Premium;No definido;;;Vino de Guarda;PEÑAFLOR GRUPO OBJETIVO;;;20032;GRIBAUDO ESTEBAN;AXUM;;;False;154736;1;Lista General;Autoservicio Tradicional - P;12531;16/4/2026;20000;MOLINA JUAN
1039;ROSARIO DE SANTA FE 1979;SAN FRANCISCO;16/4/2026;17/4/2026;16/4/2026;FAC-A0006-00062134;Venta;P&P LOGISTICA S.R.L;41682;3;14232,51;17221,34;ALTO.VEA.PASE S.A.S.;;6,00%;8;ALVAREZ VANESA  KAFF;8040;DON DAVID MALBEC 6X750;4744,17;3617;;TRADITIONAL TRADE;Autoservicio Tradicional;11358,57;BLAS ALMADA;302,82;$;2;GRUPO PEÑAFLOR SA;2,25;0;Contado;;;Don David;Superior;No definido;;;Vinos del Año;PEÑAFLOR GRUPO OBJETIVO;;;20032;GRIBAUDO ESTEBAN;AXUM;;;False;154736;1;Lista General;Autoservicio Tradicional - P;12531;16/4/2026;20000;MOLINA JUAN
30056;LIBERTADOR NORTE 1606;SAN FRANCISCO;16/4/2026;17/4/2026;16/4/2026;FAC-A0006-00062135;Venta;P&P LOGISTICA S.R.L;72859;3;7446,97;9010,84;CONIGLIO DIEGO ALFONSO ;;6,00%;8;ALVAREZ VANESA  KAFF;8040;F.LAS MORAS MALBEC 6X750;2482,32;3617;;TRADITIONAL TRADE;Almacen/Despensa;5931,72;BLAS ALMADA;158,45;$;2;GRUPO PEÑAFLOR SA;2,25;0;Contado;;;Finca Las Moras;Medio Alto;No definido;;;Vinos del Año;PEÑAFLOR GRUPO OBJETIVO;;;20032;GRIBAUDO ESTEBAN;AXUM;;;False;154741;1;Lista General;Almacen/Despensa - P;12531;16/4/2026;20000;MOLINA JUAN
30056;LIBERTADOR NORTE 1606;SAN FRANCISCO;16/4/2026;17/4/2026;16/4/2026;FAC-A0006-00062135;Venta;P&P LOGISTICA S.R.L;72857;3;7446,97;9010,84;CONIGLIO DIEGO ALFONSO ;;6,00%;8;ALVAREZ VANESA  KAFF;8040;F.LAS MORAS CABSAU 6X750 ;2482,32;3617;;TRADITIONAL TRADE;Almacen/Despensa;6243,93;BLAS ALMADA;158,45;$;2;GRUPO PEÑAFLOR SA;2,25;0;Contado;;;Finca Las Moras;Medio Alto;No definido;;;Vinos del Año;PEÑAFLOR GRUPO OBJETIVO;;;20032;GRIBAUDO ESTEBAN;AXUM;;;False;154741;1;Lista General;Almacen/Despensa - P;12531;16/4/2026;20000;MOLINA JUAN
30056;LIBERTADOR NORTE 1606;SAN FRANCISCO;16/4/2026;17/4/2026;16/4/2026;FAC-A0006-00062135;Venta;P&P LOGISTICA S.R.L;74735;3;7446,97;9010,84;CONIGLIO DIEGO ALFONSO ;;6,00%;8;ALVAREZ VANESA  KAFF;8040;F LAS MORAS RED BLEND  6X 750;2482,32;3617;;TRADITIONAL TRADE;Almacen/Despensa;6243,93;BLAS ALMADA;158,45;$;2;GRUPO PEÑAFLOR SA;0;0;Contado;;;;Medio Alto;;;;Vinos del Año;PEÑAFLOR GRUPO OBJETIVO;;;20032;GRIBAUDO ESTEBAN;AXUM;;;False;154741;1;Lista General;Almacen/Despensa - P;12531;16/4/2026;20000;MOLINA JUAN
30010;LAMADRID 2295;SAN FRANCISCO;16/4/2026;17/4/2026;16/4/2026;FAC-A0006-00062136;Venta;P&P LOGISTICA S.R.L;80004;3;6620,94;8011,33;PRUNELLO LEONARDO ANDRES;;6,00%;8;ALVAREZ VANESA  KAFF;8040;SAN TELMO MALBEC X750;2206,98;3617;;TRADITIONAL TRADE;Almacen/Despensa;5551,35;BLAS ALMADA;140,87;$;2;GRUPO PEÑAFLOR SA;2,25;0;Contado;;;;Medio;No definido;;;Vinos del Año;Grupo Peñaflor,PEÑAFLOR GRUPO OBJETIVO;;;20032;GRIBAUDO ESTEBAN;AXUM;;;False;154742;1;Lista General;Almacen/Despensa - B;12531;16/4/2026;20000;MOLINA JUAN
30010;LAMADRID 2295;SAN FRANCISCO;16/4/2026;17/4/2026;16/4/2026;FAC-A0006-00062136;Venta;P&P LOGISTICA S.R.L;74438;3;10642,62;12877,57;PRUNELLO LEONARDO ANDRES;;6,00%;8;ALVAREZ VANESA  KAFF;8040;ALMA MORA BLEND BLANCO 6X750;3547,54;3617;;TRADITIONAL TRADE;Almacen/Despensa;8493,57;BLAS ALMADA;226,44;$;2;GRUPO PEÑAFLOR SA;2,25;0;Contado;;;Alma Mora;Alto;No definido;;;Vinos del Año;PEÑAFLOR GRUPO OBJETIVO;;;20032;GRIBAUDO ESTEBAN;AXUM;;;False;154742;1;Lista General;Almacen/Despensa - B;12531;16/4/2026;20000;MOLINA JUAN
309;AV. DE LA UNIVERSIDAD 1973;San Francisco;16/4/2026;17/4/2026;16/4/2026;FAC-A0006-00062143;Venta;P&P LOGISTICA S.R.L;30002;1;25497,53;30852,01;CONIGLIO FERRERO Y MARSILLOU MARTEK S.R.L.;;3,00%;8;ALVAREZ VANESA  KAFF;8040;JW RED 12X1000 UK;25497,53;3617;;TRADITIONAL TRADE;Autoservicio Tradicional;20717,3;BLAS ALMADA;788,58;$;2;GRUPO PEÑAFLOR SA;1;0;Contado;;;JW;Standard (S);No definido;;;Whisky;PEÑAFLOR GRUPO OBJETIVO;;;20032;GRIBAUDO ESTEBAN;AXUM;;;False;154760;1;Lista General;Autoservicio Tradicional - C;12531;16/4/2026;20000;MOLINA JUAN
309;AV. DE LA UNIVERSIDAD 1973;San Francisco;16/4/2026;17/4/2026;16/4/2026;FAC-A0006-00062144;Venta;P&P LOGISTICA S.R.L;72867;3;18253,84;22087,14;CONIGLIO FERRERO Y MARSILLOU MARTEK S.R.L.;;10,00%;8;ALVAREZ VANESA  KAFF;8040;FOND CAVE RVA MALBEC 6X750;6084,61;3617;;TRADITIONAL TRADE;Autoservicio Tradicional;15671,79;BLAS ALMADA;676,07;$;2;GRUPO PEÑAFLOR SA;2,25;0;Contado;;;Fond De Cave;Premium;No definido;;;Vino de Guarda;PEÑAFLOR GRUPO OBJETIVO;;;20032;GRIBAUDO ESTEBAN;AXUM;;;False;154761;1;Lista General;Autoservicio Tradicional - C;12531;16/4/2026;20000;MOLINA JUAN
309;AV. DE LA UNIVERSIDAD 1973;San Francisco;16/4/2026;17/4/2026;16/4/2026;FAC-A0006-00062144;Venta;P&P LOGISTICA S.R.L;70201;6;26463,19;32020,46;CONIGLIO FERRERO Y MARSILLOU MARTEK S.R.L.;;10,00%;8;ALVAREZ VANESA  KAFF;8040;FOND CAVE CABSAU 6X750;4410,53;3617;;TRADITIONAL TRADE;Autoservicio Tradicional;22058,16;BLAS ALMADA;490,06;$;2;GRUPO PEÑAFLOR SA;4,5;0;Contado;;;Fond De Cave;Superior;No definido;;;Vinos del Año;PEÑAFLOR GRUPO OBJETIVO;;;20032;GRIBAUDO ESTEBAN;AXUM;;;False;154761;1;Lista General;Autoservicio Tradicional - C;12531;16/4/2026;20000;MOLINA JUAN
309;AV. DE LA UNIVERSIDAD 1973;San Francisco;16/4/2026;17/4/2026;16/4/2026;FAC-A0006-00062144;Venta;P&P LOGISTICA S.R.L;74146;6;26463,19;32020,46;CONIGLIO FERRERO Y MARSILLOU MARTEK S.R.L.;;10,00%;8;ALVAREZ VANESA  KAFF;8040;FOND CAVE MALBEC 6X750 ;4410,53;3617;;TRADITIONAL TRADE;Autoservicio Tradicional;22058,16;BLAS ALMADA;490,06;$;2;GRUPO PEÑAFLOR SA;4,5;0;Contado;;;Fond De Cave;Superior;No definido;;;Vinos del Año;PEÑAFLOR GRUPO OBJETIVO;;;20032;GRIBAUDO ESTEBAN;AXUM;;;False;154761;1;Lista General;Autoservicio Tradicional - C;12531;16/4/2026;20000;MOLINA JUAN
309;AV. DE LA UNIVERSIDAD 1973;San Francisco;16/4/2026;17/4/2026;16/4/2026;FAC-A0006-00062144;Venta;P&P LOGISTICA S.R.L;60017;6;11992,11;14510,45;CONIGLIO FERRERO Y MARSILLOU MARTEK S.R.L.;;6,00%;8;ALVAREZ VANESA  KAFF;8040;ANTARES IPA LATA 6X473 (NEW);1998,68;3617;;TRADITIONAL TRADE;Autoservicio Tradicional;10054,86;BLAS ALMADA;127,58;$;2;GRUPO PEÑAFLOR SA;0;0;Contado;;;#¿NOMBRE?;CERVEZA ARTESANAL;No definido;;-No Definido-;CERVEZA ARTESANAL;PEÑAFLOR GRUPO OBJETIVO;;;20032;GRIBAUDO ESTEBAN;AXUM;;;False;154761;1;Lista General;Autoservicio Tradicional - C;12531;16/4/2026;20000;MOLINA JUAN
30014;SAENZ PEÑA 770;SAN FRANCISCO;16/4/2026;17/4/2026;16/4/2026;FAC-A0006-00062151;Venta;P&P LOGISTICA S.R.L;74393;6;19370,72;23438,57;ALICIA RAQUEL YBAÑEZ;;10,00%;8;ALVAREZ VANESA  KAFF;8030;DADA FMORAS N°1 6X750;3228,45;3617;;TRADITIONAL TRADE;Autoservicio Tradicional;15339;BLAS ALMADA;358,72;$;2;GRUPO PEÑAFLOR SA;4,5;0;Contado;;;Dada;Alto;No definido;;;Vinos del Año;PEÑAFLOR GRUPO OBJETIVO;;;20032;GRIBAUDO ESTEBAN;AXUM;;;False;154790;1;Lista General;Autoservicio Tradicional - P;12531;16/4/2026;20000;MOLINA JUAN
30014;SAENZ PEÑA 770;SAN FRANCISCO;16/4/2026;17/4/2026;16/4/2026;FAC-A0006-00062151;Venta;P&P LOGISTICA S.R.L;74394;6;19370,72;23438,57;ALICIA RAQUEL YBAÑEZ;;10,00%;8;ALVAREZ VANESA  KAFF;8030;DADA FMORAS N°3 6X750;3228,45;3617;;TRADITIONAL TRADE;Autoservicio Tradicional;16146,3;BLAS ALMADA;358,72;$;2;GRUPO PEÑAFLOR SA;4,5;0;Contado;;;Dada;Alto;No definido;;;Vinos del Año;PEÑAFLOR GRUPO OBJETIVO;;;20032;GRIBAUDO ESTEBAN;AXUM;;;False;154790;1;Lista General;Autoservicio Tradicional - P;12531;16/4/2026;20000;MOLINA JUAN
30014;SAENZ PEÑA 770;SAN FRANCISCO;16/4/2026;17/4/2026;16/4/2026;FAC-A0006-00062151;Venta;P&P LOGISTICA S.R.L;74569;6;19370,72;23438,57;ALICIA RAQUEL YBAÑEZ;;10,00%;8;ALVAREZ VANESA  KAFF;8030;DADA N°8 CHOCOLATE 6X750 ;3228,45;3617;;TRADITIONAL TRADE;Autoservicio Tradicional;16146,3;BLAS ALMADA;358,72;$;2;GRUPO PEÑAFLOR SA;4,5;0;Contado;;;Dada;Alto;No definido;;;Vinos del Año;PEÑAFLOR GRUPO OBJETIVO;;;20032;GRIBAUDO ESTEBAN;AXUM;;;False;154790;1;Lista General;Autoservicio Tradicional - P;12531;16/4/2026;20000;MOLINA JUAN
30014;SAENZ PEÑA 770;SAN FRANCISCO;16/4/2026;17/4/2026;16/4/2026;FAC-A0006-00062151;Venta;P&P LOGISTICA S.R.L;42107;6;17729,71;21452,95;ALICIA RAQUEL YBAÑEZ;;10,00%;8;ALVAREZ VANESA  KAFF;8030;ELEMENTOS CHARDONNAY 6X750;2954,95;3617;;TRADITIONAL TRADE;Autoservicio Tradicional;14778,42;BLAS ALMADA;328,33;$;2;GRUPO PEÑAFLOR SA;4,5;0;Contado;;;ELEMENTOS;Alto;No definido;;;Vinos del Año;PEÑAFLOR GRUPO OBJETIVO;;;20032;GRIBAUDO ESTEBAN;AXUM;;;False;154790;1;Lista General;Autoservicio Tradicional - P;12531;16/4/2026;20000;MOLINA JUAN
30014;SAENZ PEÑA 770;SAN FRANCISCO;16/4/2026;17/4/2026;16/4/2026;FAC-A0006-00062152;Venta;P&P LOGISTICA S.R.L;20251;6;12299,9;14882,88;ALICIA RAQUEL YBAÑEZ;;10,00%;8;ALVAREZ VANESA  KAFF;8030;SUTER VARIETAL MALBEC 6X750;2049,98;3617;;TRADITIONAL TRADE;Autoservicio Tradicional;10771,26;BLAS ALMADA;227,78;$;2;GRUPO PEÑAFLOR SA;4,5;0;Contado;;;#¿NOMBRE?;Medio;No definido;;;Vinos del Año;PEÑAFLOR GRUPO OBJETIVO;;;20032;GRIBAUDO ESTEBAN;AXUM;;;False;154791;1;Lista General;Autoservicio Tradicional - P;12531;16/4/2026;20000;MOLINA JUAN
30014;SAENZ PEÑA 770;SAN FRANCISCO;16/4/2026;17/4/2026;16/4/2026;FAC-A0006-00062152;Venta;P&P LOGISTICA S.R.L;14507;6;16568,06;20047,36;ALICIA RAQUEL YBAÑEZ;;10,00%;8;ALVAREZ VANESA  KAFF;8030;EL BAUTISMO MALBEC 6X750 ;2761,34;3617;;TRADITIONAL TRADE;Autoservicio Tradicional;14508,96;BLAS ALMADA;306,82;$;2;GRUPO PEÑAFLOR SA;4,5;0;Contado;;;El Bautismo;Medio Alto;No definido;;;Vinos del Año;PEÑAFLOR GRUPO OBJETIVO;;;20032;GRIBAUDO ESTEBAN;AXUM;;;False;154791;1;Lista General;Autoservicio Tradicional - P;12531;16/4/2026;20000;MOLINA JUAN
30014;SAENZ PEÑA 770;SAN FRANCISCO;16/4/2026;17/4/2026;16/4/2026;FAC-A0006-00062152;Venta;P&P LOGISTICA S.R.L;74437;6;20379,49;24659,19;ALICIA RAQUEL YBAÑEZ;;10,00%;8;ALVAREZ VANESA  KAFF;8030;ALMA MORA BLEND TINTO 6X750;3396,58;3617;;TRADITIONAL TRADE;Autoservicio Tradicional;16987,14;BLAS ALMADA;377,4;$;2;GRUPO PEÑAFLOR SA;4,5;0;Contado;;;Alma Mora;Alto;No definido;;;Vinos del Año;PEÑAFLOR GRUPO OBJETIVO;;;20032;GRIBAUDO ESTEBAN;AXUM;;;False;154791;1;Lista General;Autoservicio Tradicional - P;12531;16/4/2026;20000;MOLINA JUAN
30014;SAENZ PEÑA 770;SAN FRANCISCO;16/4/2026;17/4/2026;16/4/2026;FAC-A0006-00062152;Venta;P&P LOGISTICA S.R.L;74146;6;26463,19;32020,46;ALICIA RAQUEL YBAÑEZ;;10,00%;8;ALVAREZ VANESA  KAFF;8030;FOND CAVE MALBEC 6X750 ;4410,53;3617;;TRADITIONAL TRADE;Autoservicio Tradicional;22058,16;BLAS ALMADA;490,06;$;2;GRUPO PEÑAFLOR SA;4,5;0;Contado;;;Fond De Cave;Superior;No definido;;;Vinos del Año;PEÑAFLOR GRUPO OBJETIVO;;;20032;GRIBAUDO ESTEBAN;AXUM;;;False;154791;1;Lista General;Autoservicio Tradicional - P;12531;16/4/2026;20000;MOLINA JUAN
400;DOCTOR RIYERO ESQ MITRE 0;Obispo Trejo;16/4/2026;17/4/2026;14/4/2026;FAC-B0006-00013191;Venta;P&P LOGISTICA S.R.L;35105;12;23216,76;28092,28;GARAY SOLEDAD ANDREA;;0,00%;6;PEYRONEL ANDREA;6021;SMF ICE RED BERRIE LAT 4X6X473;1934,73;3602;;TRADITIONAL TRADE;Kiosco/Maxikiosco;17765,28;ACOSTA FACUNDO;0;$;2;GRUPO PEÑAFLOR SA;5,676;0;Contado;;;Smirnoff Ice Flavours;RTD (s);No definido;;;RTD (S);PEÑAFLOR GRUPO OBJETIVO;;;20032;GRIBAUDO ESTEBAN;AXUM;;;False;154147;1;Lista General;Kiosco/Maxikiosco - C;12507;15/4/2026;20000;MOLINA JUAN
2674;SAN JOSE 446;BALNEARIA;16/4/2026;17/4/2026;15/4/2026;FAC-B0006-00013202;Venta;P&P LOGISTICA S.R.L;35104;6;11608,38;14046,14;SANJUAN CARLOS JOAQUIN;;0,00%;6;PEYRONEL ANDREA;6031;SMF ICE GREENAPPLE LAT 4X6X473;1934,73;3612;;TRADITIONAL TRADE;Almacen/Despensa;8882,64;DELGADO MAYCO JOAQUIN;0;$;2;GRUPO PEÑAFLOR SA;2,838;0;Contado;;;Smirnoff Ice Flavours;RTD (s);No definido;;;RTD (S);PEÑAFLOR GRUPO OBJETIVO;;;20032;GRIBAUDO ESTEBAN;AXUM;;;False;154479;1;Lista General;Almacen/Despensa - B;12518;16/4/2026;2;LESCANO FRANCO DARIO
1017;GARIBALDI 55;SAN FRANCISCO;16/4/2026;17/4/2026;16/4/2026;FAC-B0006-00013206;Venta;P&P LOGISTICA S.R.L;30134;3;32255,55;39029,22;LESTA LUCAS JOEL;;0,00%;8;ALVAREZ VANESA  KAFF;8040;GORDON´S PINK GIN 6X700;10751,85;3617;;TRADITIONAL TRADE;Vinoteca;24681,63;BLAS ALMADA;0;$;2;GRUPO PEÑAFLOR SA;0;0;Contado;;;#¿NOMBRE?;Standard (S);No definido;;-No Definido-;Gin;PEÑAFLOR GRUPO OBJETIVO;;;20032;GRIBAUDO ESTEBAN;AXUM;;;False;154765;1;Lista General;Vinoteca - B;12531;16/4/2026;20000;MOLINA JUAN
1017;GARIBALDI 55;SAN FRANCISCO;16/4/2026;17/4/2026;16/4/2026;FAC-B0006-00013206;Venta;P&P LOGISTICA S.R.L;14583;6;11481,23;13892,28;LESTA LUCAS JOEL;;5,00%;8;ALVAREZ VANESA  KAFF;8040;FRIZZE EVOL BLUE NEW X1000;1913,54;3617;;TRADITIONAL TRADE;Vinoteca;9066,42;BLAS ALMADA;100,71;$;2;GRUPO PEÑAFLOR SA;6;0;Contado;;;#¿NOMBRE?;RTD (S);No definido;;;RTD (S);PEÑAFLOR GRUPO OBJETIVO;;;20032;GRIBAUDO ESTEBAN;AXUM;;;False;154765;1;Lista General;Vinoteca - B;12531;16/4/2026;20000;MOLINA JUAN
30033;URQUIZA 962;SAN FRANCISCO;16/4/2026;15/4/2026;16/4/2026;NCR-A0006-00008688;Devolución por Rechazo;P&P LOGISTICA S.R.L;44297;-6;-37755,77;-45684,49;MARTINICH VIVIANA RITA ;Error de Armado: Diferencia de unidades;10,00%;8;ALVAREZ VANESA  KAFF;8020;DON DAVID RESERVA CAB.SAUV X750;6292,63;3599;;TRADITIONAL TRADE;Autoservicio Tradicional;-32415,12;BLAS ALMADA;699,18;$;2;GRUPO PEÑAFLOR SA;-4,5;0;Contado;16/4/2026 07:54;;;Premium;No definido;;;Vino de Guarda;PEÑAFLOR GRUPO OBJETIVO;;;20032;GRIBAUDO ESTEBAN;Gescom;FAC-A0006-00061901;;True;154597;0;Lista General;Autoservicio Tradicional - P;;1/1/2000;;
30033;URQUIZA 962;SAN FRANCISCO;16/4/2026;15/4/2026;16/4/2026;NCR-A0006-00008689;Devolución por Rechazo;P&P LOGISTICA S.R.L;74377;-6;-37755,77;-45684,49;MARTINICH VIVIANA RITA ;Error de Armado: Diferencia de unidades;10,00%;8;ALVAREZ VANESA  KAFF;8020;PAZ DE FLM CAB FRANC 6X750;6292,63;3599;;TRADITIONAL TRADE;Autoservicio Tradicional;-32415,12;BLAS ALMADA;699,18;$;2;GRUPO PEÑAFLOR SA;-4,5;0;Contado;16/4/2026 07:54;;;Premium;No definido;;;Vino de Guarda;PEÑAFLOR GRUPO OBJETIVO;;;20032;GRIBAUDO ESTEBAN;Gescom;FAC-A0006-00061905;;True;154598;0;Lista General;Autoservicio Tradicional - P;;1/1/2000;;
